"characteristic","spec","beta_ma","se_ma","p_ma","beta_int","se_int","p_int","F_ma","F_int","n_obs"
"log_pop_1960","OLS",0.0216234815346004,0.0121987449316594,0.077316770419725,-0.0220583868248212,0.0129395603902339,0.0892880262803751,NA,NA,309
"log_pop_1960","IV-Both",0.0428210727328242,0.0323901522361047,0.187168752080325,-0.0183864006056135,0.0281744564284813,0.514522989689239,6.88676450741578,11.2555536839468,309
"rurshr_1960","OLS",0.0192322990068969,0.0121582141347006,0.114751347066023,0.0281974329468361,0.0118847571300071,0.018301580221678,NA,NA,309
"rurshr_1960","IV-Both",0.0312616873787372,0.0332365050749397,0.347683030771301,0.0138769568896734,0.0221980933540569,0.532357979460426,7.6099709491231,14.8490698131827,309
"dist_to_BA","OLS",0.0214704522985738,0.0121928617545669,0.0792803751906354,0.0126372667864102,0.0140197881360782,0.36811005500352,NA,NA,309
"dist_to_BA","IV-Both",0.0561807332349515,0.0349892442397608,0.109408373591313,0.00840336572008059,0.0291562787538379,0.773380193837968,7.30523706339556,14.5993042039653,309
