"theta","ols_beta","ols_se","iv_beta","iv_se","first_stage_F","n_obs"
1,0.13756418276061,0.0742366734371713,0.35707115589138,0.195709594231982,14.6249785333901,311
2,0.0672725751761743,0.033683350495427,0.155791073645677,0.0849355458923023,16.0927095384521,311
3,0.0426466555186124,0.0207406639539505,0.090399060940597,0.0513356318065202,16.8930284574921,311
4.55,0.0246613387551234,0.0123120860729202,0.0518102350450201,0.0310619278625434,16.1672590521109,311
6,0.0161562304882641,0.00861000706628047,0.0358773717144857,0.0227114369768682,14.7818286973827,311
8.11,0.0101973936649684,0.005874364478419,0.0243851905581711,0.0163837213339094,13.3626670965253,311
10,0.00745662861209196,0.00455251898454693,0.0186241657152104,0.0130723857891184,12.7785246357228,311
12,0.0057131194549905,0.00367681158030026,0.014619787226308,0.0107322160495638,12.5304526793386,311
