"theta","ols_beta","ols_se","iv_beta","iv_se","first_stage_F","n_obs"
1,0.116665406628874,0.0788601166112385,0.371682417410044,0.248435538985607,10.0813092998426,309
2,0.0598414340956092,0.0347872958057551,0.151972762016479,0.0980999245359808,12.2861311006738,309
3,0.0379257157276005,0.0209939399253699,0.0835141499433367,0.056409326929652,13.6796634235634,309
4.55,0.0217407301296844,0.0122665011365106,0.0457113512151601,0.0330898435473742,13.5933881938252,309
6,0.0142306794632357,0.00855653618243661,0.0306386423368342,0.0239487199744493,12.7916656091085,309
8.11,0.00898235655833377,0.00585103310700214,0.0202282151305284,0.0171623452269929,11.9750473999289,309
10,0.00657040276501442,0.00454252504320501,0.0152701178877185,0.0136543264627922,11.6400068070065,309
12,0.0050461453653607,0.00367256097539996,0.0119425543356957,0.0112026342599169,11.4753794017359,309
