"characteristic","spec","beta_ma","se_ma","p_ma","beta_int","se_int","p_int","F_ma","F_int","n_obs"
"log_pop_1960","OLS",0.0216234815346004,0.0121987449316594,0.077316770419725,-0.0220583868248212,0.0129395603902339,0.0892880262803751,NA,NA,309
"log_pop_1960","IV-Both",0.0428210727328242,0.0323901522361047,0.187168752080325,-0.0183864006056135,0.0281744564284813,0.514522989689239,6.88676450741578,11.2555536839468,309
"rurshr_1960","OLS",0.0192322990068969,0.0121582141347006,0.114751347066023,0.0281974329468361,0.0118847571300071,0.018301580221678,NA,NA,309
"rurshr_1960","IV-Both",0.0312616873787372,0.0332365050749397,0.347683030771301,0.0138769568896734,0.0221980933540569,0.532357979460426,7.6099709491231,14.8490698131827,309
"dist_to_BA","OLS",0.0217259970657489,0.0121369947837385,0.0744587699329038,0.0132357785209153,0.0146837772609857,0.368110055003555,NA,NA,309
"dist_to_BA","IV-Both",0.0563506620789435,0.0349191086629272,0.107640338858787,0.00880135628859633,0.0305371449857208,0.773380193837949,7.30523706339553,14.6333502540879,309
