"design","backbone_r2","sd_z","sd_zrec","F_rec_robust","r2_mu_on_controls","S_perm"
"band",0.971810737766144,2.43981266705585,0.411410797624342,0.505694556507957,0.242130631848295,100
"threshold",0.931794239519324,2.43981266705585,0.637866386869341,0.220215266697063,0.248771824357389,100
"capsub",0.990971885503458,2.43981266705585,0.234808279464982,2.8224656481426,0.261214163463459,100
