"panel","outcome","schedule","label","ols_est","ols_se","ols_p","iv_lp_est","iv_lp_se","iv_lp_p","iv_h_est","iv_h_se","iv_h_p","iv_b_est","iv_b_se","iv_b_p","iv_lp_F","iv_h_F","iv_b_F","n_obs"
"A","chg_log_nestab_85_54","s2","Mfg.\ establishments",0.052190641391848,0.0292359216580791,0.0752464485203069,0.0802558432274503,0.22325227106534,0.719485200968066,0.130678778156795,0.0906124203779606,0.150296742399397,0.123136979231307,0.0836211933866618,0.141918839401408,6.30734024677049,43.0774215016115,26.3748904040437,310
"A","chg_log_valprod_85_54","s2","Mfg.\ production value",0.121282723854818,0.0600081245999119,0.044156788448082,0.768568783968214,0.409469320365029,0.0614901813427802,0.296190597716898,0.167618339842515,0.0782359416460353,0.366844582902615,0.157338339307226,0.020385570001044,6.30734024677049,43.0774215016115,26.3748904040437,310
"A","chg_log_massal_85_54","s2","Mfg.\ wage mass",0.148331262017197,0.0635484827137743,0.0202504443825472,0.679802677863677,0.492134859943797,0.168207635243583,0.407777139504587,0.196055462040102,0.0383856922425414,0.44417117655301,0.183047188963023,0.0158346795923101,5.50999614823936,43.1992779422109,25.8483484451135,309
"B","chg_log_nexp_88_60","s1","Ag.\ farms",-0.00892344312712917,0.00908016475010818,0.326563024589735,0.062904439647086,0.0660681886633763,0.341840379779145,0.0382210378261117,0.0784550492768568,0.626508913348561,0.0587171324756629,0.0537233496226897,0.275330684688463,28.358234303442,4.35641318973844,18.5910085293579,297
"B","chg_log_areatot_ha_88_60","s1","Ag.\ farmed area",-0.0015156094719761,0.0132240348010566,0.908834221848625,0.0462495772143486,0.0612360034639773,0.450707721765182,0.128078910147302,0.123209389117921,0.299436832563138,0.0601311546042487,0.0523122470489389,0.251320821243796,28.358234303442,4.35641318973844,18.5910085293579,297
