"spec_id","spec_label","ma_est","ma_se","ma_p","ma_F","chg_rail_est","chg_rail_se","chg_road_est","chg_road_se","lost_rail_est","lost_rail_se","gain_road_est","gain_road_se","n_obs"
"(1)","Baseline (Table 9 spec)",0.0457113512151867,0.0330898435473721,0.168177750741631,13.5933881938254,NA,NA,NA,NA,NA,NA,NA,NA,309
"(2)","+ Δrail km, Δroad km",0.0276994377930948,0.0314444813833929,0.379091595298499,16.184862324601,0.00129662931317485,0.000395781190269662,-0.000136054099028951,0.000114845711717194,NA,NA,NA,NA,306
"(3)","+ Lost-all-rails, Gained-first-road",0.052431614301219,0.0316056535574955,0.0981959669456874,15.3305781858872,NA,NA,NA,NA,0.101737050994452,0.114727211550544,-0.0565702721517217,0.064048923710426,306
"(4)","All local Z_i jointly",0.0211312649764573,0.0309395338693953,0.495157277495676,17.540857226849,0.00153382826908184,0.000369098986369136,-0.000121913964548577,0.000113095257957871,0.208770243471289,0.112892347891388,-0.0423156088268316,0.0612361111891756,306
