"spec","estimate","std_err","t_value","p_value","n_obs","first_stage_F"
"OLS",0.0385901035980785,0.0170037536145796,2.26950498535748,0.02417682416172,237,NA
"IV-LP",0.0739392238896783,0.0500021624835927,1.47872052361616,0.14060130117188,237,19.83424113244
"IV-Hypo",0.191896956069407,0.240807121990468,0.796890700255129,0.4263471994433,237,1.7180315261196
"IV-Both",0.0870071546945241,0.0408355495616952,2.13067181973569,0.0341917476441711,237,11.8422834010715
