"panel","label","ols_est","ols_se","ols_p","iv_lp_est","iv_lp_se","iv_lp_p","iv_h_est","iv_h_se","iv_h_p","iv_b_est","iv_b_se","iv_b_p","iv_lp_F","iv_h_F","iv_b_F","n_obs"
"A","Alt. theta = 8.11",0.0101973936649684,0.005874364478419,0.0836022870209577,0.0212468724524329,0.0219765602769648,0.334421670458731,0.0301565462476439,0.0318891296402325,0.345076186616986,0.0243851905581711,0.0163837213339094,0.1376978175184,15.7374053684186,7.93230372937263,13.3626670965253,311
"B","Hypo = LCP-MST (main)",0.0246613387551225,0.0123120860729202,0.0460716577533108,0.0455977482707399,0.0398648349407398,0.253611771051744,0.0693615959105222,0.0684034965062092,0.311393995412928,0.0518102350450096,0.0310619278625401,0.0963624302528063,22.1240648551298,6.86977460035288,16.1672590521111,311
"B","Hypo = Euclidean-MST",0.0246613387551225,0.0123120860729202,0.0460716577533108,0.0455977482707399,0.0398648349407398,0.253611771051744,0.451480360753,0.458104195488593,0.325150047883855,0.0703445513643909,0.0395507187321917,0.0763160984210281,22.1240648551298,0.996648502983498,12.1123206537915,311
"B","Hypo = LCP (bilateral)",0.0246613387551225,0.0123120860729202,0.0460716577533108,0.0455977482707399,0.0398648349407398,0.253611771051744,-0.0757274364448986,0.119403595512653,0.526422839754326,0.0267199386146827,0.0334445581569398,0.424959606610588,22.1240648551298,3.48934817788259,13.5730505152141,311
"B","Hypo = Euclidean (bilateral)",0.0246613387551225,0.0123120860729202,0.0460716577533108,0.0455977482707399,0.0398648349407398,0.253611771051744,0.0356993696743617,0.0755986510970961,0.637110287926346,0.0434912089928188,0.0361980335973947,0.230509602424062,22.1240648551298,7.26273471358961,13.1465227767572,311
"C","Placebo subsample (N=237)",0.0317946461329991,0.0134775846057881,0.0191688933709415,0.0626106614404473,0.0410828603886628,0.128898314882535,0.195296452997576,0.181512807670183,0.283097368369589,0.0773102382365265,0.0357979282224519,0.0318493294698168,19.83424113244,1.7180315261196,11.8422834010715,237
"C","Full sample (for reference)",0.0246613387551225,0.0123120860729202,0.0460716577533108,0.0455977482707399,0.0398648349407398,0.253611771051744,0.0693615959105222,0.0684034965062092,0.311393995412928,0.0518102350450096,0.0310619278625401,0.0963624302528063,22.1240648551298,6.86977460035288,16.1672590521111,311
