"spec_id","spec_label","ma_est","ma_se","ma_p","ma_F","chg_rail_est","chg_rail_se","chg_road_est","chg_road_se","lost_rail_est","lost_rail_se","gain_road_est","gain_road_se","n_obs"
"(1)","Baseline (Table 9 spec)",0.0518102350450096,0.0310619278625401,0.0963624302528063,16.1672590521111,NA,NA,NA,NA,NA,NA,NA,NA,311
"(2)","+ Δrail km, Δroad km",0.0347454927680866,0.0301860726380886,0.250643154430305,18.6083435309491,0.00127693353555983,0.00038533093965617,-0.000138204756972895,0.000109245356437903,NA,NA,NA,NA,308
"(3)","+ Lost-all-rails, Gained-first-road",0.0584669975560276,0.0303196363743531,0.0547673307720646,17.895120310034,NA,NA,NA,NA,0.0925082504134828,0.116041638852827,-0.0518261978297466,0.0642458291608459,308
"(4)","All local Z_i jointly",0.0294430997301426,0.0297593115726181,0.323293567153399,20.2360839348142,0.00149456349668153,0.000359876996653675,-0.000128106832654124,0.000107916077645653,0.195224602954086,0.11302661343974,-0.0368789616399052,0.0612596903800437,308
"(1cs)","Baseline, common km-measure sample (CSV only)",0.0621371812301125,0.0311445286390792,0.0469397774945515,16.169261310839,NA,NA,NA,NA,NA,NA,NA,NA,308
