"panel","label","ols_est","ols_se","ols_p","iv_lp_est","iv_lp_se","iv_lp_p","iv_h_est","iv_h_se","iv_h_p","iv_b_est","iv_b_se","iv_b_p","iv_lp_F","iv_h_F","iv_b_F","n_obs"
"A","Alt. theta = 8.11",0.00898235655833377,0.00585103310700214,0.125798437325502,0.0186161533917729,0.022719963435514,0.413225540000975,0.0235269508204856,0.0346300755394644,0.49742324845067,0.0202282151305284,0.0171623452269929,0.239478933324842,14.6211537317128,6.50406470119959,11.9750473999289,309
"B","Hypo = LCP-MST (main)",0.021740730129684,0.0122665011365105,0.077352051399866,0.0415843510534754,0.0416724418282275,0.319141465472162,0.0593705708157197,0.0815772300392008,0.467315579524226,0.0457113512151867,0.0330898435473721,0.168177750741631,19.3196052864558,4.94845469763061,13.5933881938254,309
"B","Hypo = Euclidean-MST",0.021740730129684,0.0122665011365105,0.077352051399866,0.0415843510534754,0.0416724418282275,0.319141465472162,0.73067553336932,1.31319206575492,0.578345564133539,0.0620318938179935,0.041604405457426,0.137017433045827,19.3196052864558,0.325784271383295,10.1832295333506,309
"B","Hypo = LCP (bilateral)",0.021740730129684,0.0122665011365105,0.077352051399866,0.0415843510534754,0.0416724418282275,0.319141465472162,-0.107598172162901,0.143959838408272,0.455398675333898,0.0185965700034559,0.0350209356461242,0.595804025588358,19.3196052864558,2.96067769537882,11.8805226884792,309
"B","Hypo = Euclidean (bilateral)",0.021740730129684,0.0122665011365105,0.077352051399866,0.0415843510534754,0.0416724418282275,0.319141465472162,0.0328052925638008,0.0733216950444302,0.654898747597618,0.0393571368878183,0.0371454023971119,0.290207894528434,19.3196052864558,7.68160310837326,12.0035973627635,309
"C","Placebo subsample (N=235)",0.0268209699908244,0.0131612621540278,0.042732790732897,0.0583578858994346,0.0414172555017972,0.16020872676913,0.171366164656542,0.235752917677557,0.468049638157968,0.0670411165109749,0.0363028335673216,0.0661011434053539,17.8365063156365,0.90562858145894,10.2101992229091,235
"C","Full sample (for reference)",0.021740730129684,0.0122665011365105,0.077352051399866,0.0415843510534754,0.0416724418282275,0.319141465472162,0.0593705708157197,0.0815772300392008,0.467315579524226,0.0457113512151867,0.0330898435473721,0.168177750741631,19.3196052864558,4.94845469763061,13.5933881938254,309
