"schedule","label","ols_est","ols_se","ols_p","iv_lp_est","iv_lp_se","iv_lp_p","iv_h_est","iv_h_se","iv_h_p","iv_b_est","iv_b_se","iv_b_p","iv_lp_F","iv_h_F","iv_b_F","corr_treat_s0","n_obs"
"s0","Medium density (500 t/day, baseline)",0.0246613387551234,0.0123120860729202,0.0460716577533029,0.0455977482707085,0.0398648349407348,0.253611771052012,0.0693615959104425,0.0684034965061783,0.311393995413266,0.0518102350450201,0.0310619278625434,0.0963624302527748,22.1240648551296,6.86977460035326,16.1672590521109,1,311
"s1","High density (1{,}000 t/day)",0.012198165921893,0.00982790526157959,0.215506934985315,0.0277590126106271,0.0295753479642375,0.348695785646051,0.0204868482622604,0.0568781667569365,0.718958957147926,0.0262604812356288,0.0239426541289124,0.273602274883139,28.7272055129697,6.07286090557497,19.5960602501811,0.974421148901314,311
"s2","Low density (100 t/day)",0.0439500517067254,0.018671326388184,0.0192212829153704,0.086336924618416,0.103005038641744,0.402593826181434,0.0875171978929248,0.0506439661301943,0.0849981533958446,0.087341681366869,0.0446707898528363,0.0514810517881837,6.21479450478936,42.6309429139806,26.0489632221196,0.902006902609372,311
