"spec","estimate","std_err","t_value","p_value","n_obs","first_stage_F"
"OLS",0.0347249253298267,0.0168549117895105,2.06022587145413,0.0405272875176099,235,NA
"IV-LP",0.0699243033786372,0.050294646693453,1.390293161911,0.165813614670776,235,17.8365063156365
"IV-Hypo",0.173352704221847,0.319184176358596,0.543111836556364,0.587590432279428,235,0.90562858145894
"IV-Both",0.0778714437666424,0.0413347494425453,1.88392199824224,0.0608650723037276,235,10.2101992229091
