origen,page,n_orden,localidad,campo,valor_crudo,evidencia,recorte,estado,resuelto_por
2.0-duda,v3_p02,497,Bajo Hondo,departamento,Cnel. de Mar. L.N.Rosales,depto abreviado; lectura combinada de recortes: 'Cnel. de Mar. L.N.Rosales',,resuelto,dudas_resueltas.csv
2.0-duda,v3_p02,828,Balneario Mar de Ajó Norte,localidad,Balneario Mar de Ajó Norte,texto comprimido en letra chica; confirmar nombre exacto,,resuelto,dudas_resueltas.csv
2.0-duda,v3_p06,564,Denhny,localidad,Denhny,lectura incierta; podría ser 'Denny'/'Denhny',,resuelto,dudas_resueltas.csv
2.0-duda,v3_p08,768,Erezcano,localidad,Erezcano,última letra ambigua (o/e); inicial E confirmada por alineación de columna,,resuelto,dudas_resueltas.csv
2.0-duda,v3_p12,763,La Pastora,mujeres,,"celda 'mujeres' vacía/no impresa en la fuente (última fila de la página); total=236, varones=141 visibles",,resuelto,dudas_resueltas.csv
2.0-duda,v3_p14,598,Lia Calel,localidad,Lia Calel,primera palabra incierta (¿Lia/Lin?); depto Tres Arroyos,,resuelto,dudas_resueltas.csv
2.0-duda,v4_p05,2,Córdoba,varones,283871,celda borroneada en el escaneo; mejor lectura 283.871 (consistente con total 586.015 - mujeres 302.144); confirmar,,resuelto,dudas_resueltas.csv
2.0-duda,v4_p08,130,Irivilli,localidad,Irivilli,lectura verbatim 'Irivilli' (final incierto); grafía moderna 'Inriville' -> Georef Paso 3,,resuelto,decisiones.csv
2.0-duda,v4_p19,223,Villa Eloísa,localidad,Villa Eloísa,"impreso 'Elofsa' (la í sale como f); lectura 'Villa Eloísa' (Iriondo, Santa Fe)",,resuelto,dudas_resueltas.csv
2.0-duda,v5_p02,303,Caza Pava,localidad,Caza Pava,"nombre incierto (Santo Tomé, Corrientes); verificar",,resuelto,dudas_resueltas.csv
2.0-duda,v5_p08,254,Yofré,localidad,Yofré,"impreso parece 'Tofré' pero orden alfabético (entre Yeruá y Yuquerí) -> 'Yofré' (Y); Mercedes, Corrientes",,resuelto,dudas_resueltas.csv
2.0-duda,v7_p07,229,Miraflores,total,587,primer dígito borroso (5/9); leído 587; suma varones+mujeres (284+303) confirma 587,,resuelto,dudas_resueltas.csv
2.0-duda,v7_p07,378,Palta de Aparzo,localidad,Palta de Aparzo,"l/t ambiguo; leído ""Palta""; topónimo real de Humahuaca es ""Palca de Aparzo"" (diferir a Paso 3)",,resuelto,dudas_resueltas.csv
2.0-duda,v7_p03,65,Chumbicha,varones,1092,leído 1.092; re-lectura imagen (FRENAR) = 1.091 → 1091+1097=2188=total OK; corregir en Paso 2.1 (decisiones.csv),,resuelto,decisiones.csv
2.0-duda,v7_p08,38,Perico,varones,2018,leído 2.018; re-lectura imagen (FRENAR) = 2.038 → 2038+2087=4125=total OK; corregir en Paso 2.1 (decisiones.csv),,resuelto,decisiones.csv
2.0-duda,v8_p05,46,Zonda,departamento,Venticinco de Mayo,"impreso VERBATIM ""Venticinco de Mayo"" (falta la i); mismo depto San Juan ""Veinticinco de Mayo"" → unificar en 1B",,resuelto,dudas_resueltas.csv
2.1-suma,v3_p03,909,Calderón,total/varones/mujeres,105/66/33,v+m=99 delta=6,,resuelto,decisiones.csv:2.3
2.1-suma,v3_p08,204,Francisco Madero,total/varones/mujeres,1871/957/916,v+m=1873 delta=-2,,resuelto,decisiones.csv:2.3
2.1-suma,v3_p11,307,Irala,total/varones/mujeres,1112/631/451,v+m=1082 delta=30,,resuelto,decisiones.csv:2.3
2.1-incompleto,v3_p12,763,La Pastora,numerico,236/141/,celda numerica vacia (confirmar en imagen),,resuelto,decisiones.csv:2.3
2.1-suma,v3_p14,342,Luan Toro,total/varones/mujeres,918/520/418,v+m=938 delta=-20,,resuelto,decisiones.csv:2.3
2.1-suma,v3_p14,462,Mamaguita,total/varones/mujeres,508/342/266,v+m=608 delta=-100,,resuelto,decisiones.csv:2.3
2.1-suma,v3_p16,671,Ortiz de Rozas,total/varones/mujeres,323/182/142,v+m=324 delta=-1,,resuelto,decisiones.csv:2.3
2.1-suma,v3_p22,262,Villa Gessell,total/varones/mujeres,1374/762/512,v+m=1274 delta=100,,resuelto,decisiones.csv:2.3
2.1-suma,v4_p06,558,El Fuertecito,total/varones/mujeres,578/303/271,v+m=574 delta=4,,resuelto,decisiones.csv:2.3
2.1-suma,v4_p07,313,Grutly,total/varones/mujeres,1349/712/537,v+m=1249 delta=100,,resuelto,decisiones.csv:2.3
2.1-suma,v4_p11,388,Lucio V. López,total/varones/mujeres,1057/592/455,v+m=1047 delta=10,,resuelto,decisiones.csv:2.3
2.1-suma,v4_p17,41,Sunchales,total/varones/mujeres,7890/3946/3934,v+m=7880 delta=10,,resuelto,decisiones.csv:2.3
2.1-suma,v5_p02,234,Colonia Hocker,total/varones/mujeres,410/222/156,v+m=378 delta=32,,resuelto,decisiones.csv:2.3
2.1-suma,v5_p06,259,Saenz Valiente,total/varones/mujeres,333/160/153,v+m=313 delta=20,,resuelto,decisiones.csv:2.3
2.1-suma,v6_p06,140,Simbolar,total/varones/mujeres,525/337/288,v+m=625 delta=-100,,resuelto,decisiones.csv:2.3
2.1-suma,v6_p06,202,Sumamao,total/varones/mujeres,305/157/228,v+m=385 delta=-80,,resuelto,decisiones.csv:2.3
2.1-suma,v7_p03,65,Chumbicha,total/varones/mujeres,2188/1092/1097,v+m=2189 delta=-1,,resuelto,decisiones.csv:2.3
2.1-suma,v7_p08,38,Perico,total/varones/mujeres,4125/2018/2087,v+m=4105 delta=20,,resuelto,decisiones.csv:2.3
2.2-sin_match,v3_p01,459,Aldea Romana,localidad,Aldea Romana,wiki=sin_match:,,resuelto,regla:diferido-paso3
2.2-sin_match,v3_p01,825,Alegre,localidad,Alegre,wiki=sin_match: Alegre https://es.wikipedia.org/wiki/Alegre,,resuelto,regla:diferido-paso3
2.2-sin_match,v3_p01,808,Alférez de San Martín,localidad,Alférez de San Martín,wiki=sin_match:,,resuelto,regla:diferido-paso3
2.2-sin_match,v3_p01,818,Alta Vista,localidad,Alta Vista,wiki=sin_match: Alta Vista https://es.wikipedia.org/wiki/Alta_Vista,,resuelto,regla:diferido-paso3
2.2-sin_match,v3_p01,116,Ameghino,localidad,Ameghino,wiki=sin_match: Ameghino (cráter) https://es.wikipedia.org/wiki/Ameghino_(cr%C3%A1ter),,resuelto,regla:diferido-paso3
2.2-aproximado,v3_p02,699,Arroyo de los Huesos,localidad,Arroyo de los Huesos,wiki=aproximado: Arroyo de los Humos https://es.wikipedia.org/wiki/Arroyo_de_los_Humos,,resuelto,revision_aproximados.csv:verbatim_paso3
2.2-aproximado,v3_p02,909,Atilio Pesagno,localidad,Atilio Pesagno,wiki=aproximado: Atilio Pessagno (juez) https://es.wikipedia.org/wiki/Atilio_Pessagno_(juez),,resuelto,decisiones.csv
2.2-sin_match,v3_p02,838,Atreucó,localidad,Atreucó,wiki=sin_match: Atreucó https://es.wikipedia.org/wiki/Atreuc%C3%B3,,resuelto,regla:diferido-paso3
2.2-sin_match,v3_p02,868,Atucha,localidad,Atucha,wiki=sin_match: Atucha https://es.wikipedia.org/wiki/Atucha,,resuelto,regla:diferido-paso3
2.2-aproximado,v3_p02,651,Avestrus,localidad,Avestrus,wiki=aproximado: Avestruz (Buenos Aires) https://es.wikipedia.org/wiki/Avestruz_(Buenos_Aires),,resuelto,decisiones.csv
2.2-sin_match,v3_p02,552,Azcuénaga,localidad,Azcuénaga,wiki=sin_match: Azcuénaga (Buenos Aires) https://es.wikipedia.org/wiki/Azcu%C3%A9naga_(Buenos_Aires),,resuelto,regla:diferido-paso3
2.2-sin_match,v3_p02,554,Balneario Claromecó,localidad,Balneario Claromecó,wiki=sin_match:,,resuelto,regla:diferido-paso3
2.2-sin_match,v3_p02,828,Balneario Mar de Ajó Norte,localidad,Balneario Mar de Ajó Norte,wiki=sin_match:,,resuelto,regla:diferido-paso3
2.2-sin_match,v3_p02,245,Bartolomé Bavio,localidad,Bartolomé Bavio,wiki=sin_match: Bartolomé Bavio https://es.wikipedia.org/wiki/Bartolom%C3%A9_Bavio,,resuelto,regla:diferido-paso3
2.2-aproximado,v3_p03,846,Berrahondo,localidad,Berrahondo,wiki=aproximado: Berrondo https://es.wikipedia.org/wiki/Berrondo,,resuelto,revision_aproximados.csv:verbatim_paso3
2.2-sin_match,v3_p03,263,Berutti,localidad,Berutti,wiki=sin_match: Berutti https://es.wikipedia.org/wiki/Berutti,,resuelto,regla:diferido-paso3
2.2-sin_match,v3_p03,855,Boeuf,localidad,Boeuf,wiki=sin_match: Alexis Bœuf https://es.wikipedia.org/wiki/Alexis_B%C5%93uf,,resuelto,regla:diferido-paso3
2.2-sin_match,v3_p03,49,Bolívar,localidad,Bolívar,wiki=sin_match: Bolívar https://es.wikipedia.org/wiki/Bol%C3%ADvar,,resuelto,regla:diferido-paso3
2.2-aproximado,v3_p03,546,Campo Sallee,localidad,Campo Sallee,wiki=aproximado: Campos Salles https://es.wikipedia.org/wiki/Campos_Salles,,resuelto,decisiones.csv
2.2-aproximado,v3_p04,282,Carabelas,localidad,Carabelas,wiki=aproximado: Carabela https://es.wikipedia.org/wiki/Carabela,,resuelto,revision_aproximados.csv:verbatim_paso3
2.2-sin_match,v3_p04,272,Carlos N. Naón,localidad,Carlos N. Naón,wiki=sin_match: Carlos Antonio López https://es.wikipedia.org/wiki/Carlos_Antonio_L%C3%B3pez,,resuelto,regla:diferido-paso3
2.2-sin_match,v3_p04,329,Cazón,localidad,Cazón,wiki=sin_match: Cazón https://es.wikipedia.org/wiki/Caz%C3%B3n,,resuelto,regla:diferido-paso3
2.2-sin_match,v3_p04,751,Cereales,localidad,Cereales,wiki=sin_match: Cereales (La Pampa) https://es.wikipedia.org/wiki/Cereales_(La_Pampa),,resuelto,regla:diferido-paso3
2.2-sin_match,v3_p04,683,Cerro de los Leones,localidad,Cerro de los Leones,wiki=sin_match:,,resuelto,regla:diferido-paso3
2.2-aproximado,v3_p04,684,Cerro Sotuyo,localidad,Cerro Sotuyo,wiki=aproximado: Cerro Domuyo https://es.wikipedia.org/wiki/Cerro_Domuyo,,resuelto,revision_aproximados.csv:verbatim_paso3
2.2-aproximado,v3_p04,565,Claudio Molina,localidad,Claudio Molina,wiki=aproximado: Claudia Molina https://es.wikipedia.org/wiki/Claudia_Molina,,resuelto,revision_aproximados.csv:verbatim_paso3
2.2-sin_match,v3_p04,504,Colonia Hogar Ricardo Gutiérrez,localidad,Colonia Hogar Ricardo Gutiérrez,wiki=sin_match:,,resuelto,regla:diferido-paso3
2.2-sin_match,v3_p04,905,Colonia La Merced,localidad,Colonia La Merced,wiki=sin_match:,,resuelto,regla:diferido-paso3
2.2-sin_match,v3_p05,887,Colonia Philippson,localidad,Colonia Philippson,wiki=sin_match:,,resuelto,regla:diferido-paso3
2.2-sin_match,v3_p05,704,Colonia San José,localidad,Colonia San José,wiki=sin_match: Colonia San José https://es.wikipedia.org/wiki/Colonia_San_Jos%C3%A9,,resuelto,regla:diferido-paso3
2.2-sin_match,v3_p05,258,Colonia San Miguel Arcángel,localidad,Colonia San Miguel Arcángel,wiki=sin_match: Colonia San Miguel Arcángel https://es.wikipedia.org/wiki/Colonia_San_Miguel_Arc%C3%A1ngel,,resuelto,regla:diferido-paso3
2.2-sin_match,v3_p05,712,Colonia Velaz,localidad,Colonia Velaz,wiki=sin_match: Colonia Veracruz https://es.wikipedia.org/wiki/Colonia_Veracruz,,resuelto,regla:diferido-paso3
2.2-aproximado,v3_p05,117,Cte. Nicanor Otamendi,localidad,Cte. Nicanor Otamendi,wiki=aproximado: Cmte Nicanor Otamendi https://es.wikipedia.org/wiki/Cmte_Nicanor_Otamendi,,resuelto,revision_aproximados.csv:verbatim_paso3
2.2-sin_match,v3_p05,840,Condarco,localidad,Condarco,wiki=sin_match: Condado de Bornos https://es.wikipedia.org/wiki/Condado_de_Bornos,,resuelto,regla:diferido-paso3
2.2-aproximado,v3_p05,856,Corazzi,localidad,Corazzi,wiki=aproximado: Corazón https://es.wikipedia.org/wiki/Coraz%C3%B3n,,resuelto,revision_aproximados.csv:verbatim_paso3
2.2-sin_match,v3_p05,783,Corbett,localidad,Corbett,wiki=sin_match: Jim Corbett https://es.wikipedia.org/wiki/Jim_Corbett,,resuelto,regla:diferido-paso3
2.2-sin_match,v3_p05,803,Coronel Falcón,localidad,Coronel Falcón,wiki=sin_match: Coronel Alfonso Monje (SP 82-1) https://es.wikipedia.org/wiki/Coronel_Alfonso_Monje_(SP_82-1),,resuelto,regla:diferido-paso3
2.2-sin_match,v3_p05,312,Coronel Granada,localidad,Coronel Granada,wiki=sin_match: Coronel Granada https://es.wikipedia.org/wiki/Coronel_Granada,,resuelto,regla:diferido-paso3
2.2-sin_match,v3_p05,615,Coronel Isleño,localidad,Coronel Isleño,wiki=sin_match:,,resuelto,regla:diferido-paso3
2.2-sin_match,v3_p05,288,Coronel Mom,localidad,Coronel Mom,wiki=sin_match: Coronel Mom https://es.wikipedia.org/wiki/Coronel_Mom,,resuelto,regla:diferido-paso3
2.2-sin_match,v3_p05,765,Coronel Rodolfo Bunge,localidad,Coronel Rodolfo Bunge,wiki=sin_match:,,resuelto,regla:diferido-paso3
2.2-sin_match,v3_p05,323,Cortines,localidad,Cortines,wiki=sin_match: Cortines https://es.wikipedia.org/wiki/Cortines,,resuelto,regla:diferido-paso3
2.2-sin_match,v3_p05,839,Cotita,localidad,Cotita,wiki=sin_match: Costa Rica https://es.wikipedia.org/wiki/Costa_Rica,,resuelto,regla:diferido-paso3
2.2-sin_match,v3_p05,679,Cuatro de Noviembre,localidad,Cuatro de Noviembre,wiki=sin_match:,,resuelto,regla:diferido-paso3
2.2-sin_match,v3_p05,646,Cuculú,localidad,Cuculú,wiki=sin_match: Cuculus canorus https://es.wikipedia.org/wiki/Cuculus_canorus,,resuelto,regla:diferido-paso3
2.2-sin_match,v3_p05,469,Cucha-Cucha,localidad,Cucha-Cucha,wiki=sin_match:,,resuelto,regla:diferido-paso3
2.2-sin_match,v3_p06,353,Curumalán,localidad,Curumalán,wiki=sin_match: Curumaní https://es.wikipedia.org/wiki/Curuman%C3%AD,,resuelto,regla:diferido-paso3
2.2-sin_match,v3_p06,776,Chamaicó,localidad,Chamaicó,wiki=sin_match: Chamanismo https://es.wikipedia.org/wiki/Chamanismo,,resuelto,regla:diferido-paso3
2.2-aproximado,v3_p06,729,Chapaleofú,localidad,Chapaleofú,wiki=aproximado: Chapaleufu https://es.wikipedia.org/wiki/Chapaleufu,,resuelto,decisiones.csv
2.2-sin_match,v3_p06,849,Choique,localidad,Choique,wiki=sin_match: Choique https://es.wikipedia.org/wiki/Choique,,resuelto,regla:diferido-paso3
2.2-sin_match,v3_p06,465,Damián Maisonave,localidad,Damián Maisonave,wiki=sin_match: Damián Maisonave https://es.wikipedia.org/wiki/Dami%C3%A1n_Maisonave,,resuelto,regla:diferido-paso3
2.2-aproximado,v3_p06,108,Darragueira,localidad,Darragueira,wiki=aproximado: Darregueira https://es.wikipedia.org/wiki/Darregueira,,resuelto,decisiones.csv
2.2-sin_match,v3_p06,402,Defferrari,localidad,Defferrari,wiki=sin_match: César de Ferrari https://es.wikipedia.org/wiki/C%C3%A9sar_de_Ferrari,,resuelto,regla:diferido-paso3
2.2-sin_match,v3_p06,564,Denhny,localidad,Denhny,wiki=sin_match: Kat Dennings https://es.wikipedia.org/wiki/Kat_Dennings,,resuelto,regla:diferido-paso3
2.2-sin_match,v3_p06,439,Doce de Octubre,localidad,Doce de Octubre,wiki=sin_match: Doce de Octubre https://es.wikipedia.org/wiki/Doce_de_Octubre,,resuelto,regla:diferido-paso3
2.2-sin_match,v3_p06,858,Dr. Domingo Harósteguy,localidad,Dr. Domingo Harósteguy,wiki=sin_match:,,resuelto,regla:diferido-paso3
2.2-sin_match,v3_p06,767,D'Orbigny,localidad,D'Orbigny,wiki=sin_match: D'Orbigny https://es.wikipedia.org/wiki/D%27Orbigny,,resuelto,regla:diferido-paso3
2.2-sin_match,v3_p07,762,Duhau,localidad,Duhau,wiki=sin_match: Luis Duhau https://es.wikipedia.org/wiki/Luis_Duhau,,resuelto,regla:diferido-paso3
2.2-aproximado,v3_p07,769,Durañona,localidad,Durañona,wiki=aproximado: Duratón (Segovia) https://es.wikipedia.org/wiki/Durat%C3%B3n_(Segovia),,resuelto,revision_aproximados.csv:verbatim_paso3
2.2-sin_match,v3_p07,431,Durcudoy,localidad,Durcudoy,wiki=sin_match: Köksal Durusoy https://es.wikipedia.org/wiki/K%C3%B6ksal_Durusoy,,resuelto,regla:diferido-paso3
2.2-sin_match,v3_p07,866,Dussaud,localidad,Dussaud,wiki=sin_match: René Dussaud https://es.wikipedia.org/wiki/Ren%C3%A9_Dussaud,,resuelto,regla:diferido-paso3
2.2-sin_match,v3_p07,639,El Jabalí,localidad,El Jabalí,wiki=sin_match: El Jabalí https://es.wikipedia.org/wiki/El_Jabal%C3%AD,,resuelto,regla:diferido-paso3
2.2-sin_match,v3_p07,533,Elordi,localidad,Elordi,wiki=sin_match: Jacob Elordi https://es.wikipedia.org/wiki/Jacob_Elordi,,resuelto,regla:diferido-paso3
2.2-sin_match,v3_p07,86,Empalme San Vicente,localidad,Empalme San Vicente,wiki=sin_match:,,resuelto,regla:diferido-paso3
2.2-sin_match,v3_p07,900,Encina,localidad,Encina,wiki=sin_match: Encina https://es.wikipedia.org/wiki/Encina,,resuelto,regla:diferido-paso3
2.2-sin_match,v3_p07,606,Enrique Fynn,localidad,Enrique Fynn,wiki=sin_match: Enrique Fynn https://es.wikipedia.org/wiki/Enrique_Fynn,,resuelto,regla:diferido-paso3
2.2-sin_match,v3_p08,661,Erize,localidad,Erize,wiki=sin_match: Erize https://es.wikipedia.org/wiki/Erize,,resuelto,regla:diferido-paso3
2.2-sin_match,v3_p08,328,Espigas,localidad,Espigas,wiki=sin_match: Espigas (Buenos Aires) https://es.wikipedia.org/wiki/Espigas_(Buenos_Aires),,resuelto,regla:diferido-paso3
2.2-sin_match,v3_p08,663,Esther,localidad,Esther,wiki=sin_match: Esther https://es.wikipedia.org/wiki/Esther,,resuelto,regla:diferido-paso3
2.2-aproximado,v3_p08,722,Estomba,localidad,Estomba,wiki=aproximado: Estômbar https://es.wikipedia.org/wiki/Est%C3%B4mbar,,resuelto,revision_aproximados.csv:typo_transcripcion
2.2-sin_match,v3_p08,902,Fatraló,localidad,Fatraló,wiki=sin_match: Faraón https://es.wikipedia.org/wiki/Fara%C3%B3n,,resuelto,regla:diferido-paso3
2.2-aproximado,v3_p08,295,Ferré,localidad,Ferré,wiki=aproximado: Ferréz https://es.wikipedia.org/wiki/Ferr%C3%A9z,,resuelto,revision_aproximados.csv:verbatim_paso3
2.2-sin_match,v3_p08,589,Francisco Murature,localidad,Francisco Murature,wiki=sin_match: Francisco Murature https://es.wikipedia.org/wiki/Francisco_Murature,,resuelto,regla:diferido-paso3
2.2-sin_match,v3_p08,696,Fuerte Argentino,localidad,Fuerte Argentino,wiki=sin_match: Fuerte Argentino https://es.wikipedia.org/wiki/Fuerte_Argentino,,resuelto,regla:diferido-paso3
2.2-sin_match,v3_p09,830,García del Río,localidad,García del Río,wiki=sin_match: García del Río (Buenos Aires) https://es.wikipedia.org/wiki/Garc%C3%ADa_del_R%C3%ADo_(Buenos_Aires),,resuelto,regla:diferido-paso3
2.2-sin_match,v3_p09,73,Gral. Alvarado (Miramar),localidad,Gral. Alvarado (Miramar),wiki=sin_match:,,resuelto,regla:diferido-paso3
2.2-aproximado,v3_p09,458,General Arias,localidad,General Arias,wiki=aproximado: General Artigas (Paraguay) https://es.wikipedia.org/wiki/General_Artigas_(Paraguay),,resuelto,revision_aproximados.csv:verbatim_paso3
2.2-sin_match,v3_p09,84,General Belgrano,localidad,General Belgrano,wiki=sin_match: General Belgrano https://es.wikipedia.org/wiki/General_Belgrano,,resuelto,regla:diferido-paso3
2.2-sin_match,v3_p09,80,Gral. Juan Madariaga,localidad,Gral. Juan Madariaga,wiki=sin_match:,,resuelto,regla:diferido-paso3
2.2-sin_match,v3_p09,336,General Manuel J. Campos,localidad,General Manuel J. Campos,wiki=sin_match: General Manuel J. Campos https://es.wikipedia.org/wiki/General_Manuel_J._Campos,,resuelto,regla:diferido-paso3
2.2-sin_match,v3_p09,186,General O'Brien,localidad,General O'Brien,wiki=sin_match: General O'Brien https://es.wikipedia.org/wiki/General_O%27Brien,,resuelto,regla:diferido-paso3
2.2-sin_match,v3_p09,633,General Rondeau,localidad,General Rondeau,wiki=sin_match: General Rondeau (1828) https://es.wikipedia.org/wiki/General_Rondeau_(1828),,resuelto,regla:diferido-paso3
2.2-sin_sugerencia,v3_p09,7,General San Martín,localidad,General San Martín,wiki=sin_sugerencia:,,resuelto,regla:diferido-paso3
2.2-sin_match,v3_p09,7,General San Martín,localidad,General San Martín,wiki=sin_match: General San Martín https://es.wikipedia.org/wiki/General_San_Mart%C3%ADn,,resuelto,regla:diferido-paso3
2.2-sin_match,v3_p09,13,General Sarmiento,localidad,General Sarmiento,wiki=sin_match: General Sarmiento https://es.wikipedia.org/wiki/General_Sarmiento,,resuelto,regla:diferido-paso3
2.2-sin_match,v3_p09,81,General Viamonte,localidad,General Viamonte,wiki=sin_match: General Viamonte https://es.wikipedia.org/wiki/General_Viamonte,,resuelto,regla:diferido-paso3
2.2-sin_match,v3_p09,681,Girodías,localidad,Girodías,wiki=sin_match: Girodias https://es.wikipedia.org/wiki/Girodias,,resuelto,regla:diferido-paso3
2.2-sin_match,v3_p09,530,Girondo,localidad,Girondo,wiki=sin_match: Girondo (Buenos Aires) https://es.wikipedia.org/wiki/Girondo_(Buenos_Aires),,resuelto,regla:diferido-paso3
2.2-sin_match,v3_p10,752,Gobernador Ayala,localidad,Gobernador Ayala,wiki=sin_match: Gobernador de Yaracuy https://es.wikipedia.org/wiki/Gobernador_de_Yaracuy,,resuelto,regla:diferido-paso3
2.2-sin_match,v3_p10,885,Gómez de la Vega,localidad,Gómez de la Vega,wiki=sin_match: Gomez de la Vega https://es.wikipedia.org/wiki/Gomez_de_la_Vega,,resuelto,regla:diferido-paso3
2.2-sin_match,v3_p10,93,González Chaves,localidad,González Chaves,wiki=sin_match: Abel González Chávez https://es.wikipedia.org/wiki/Abel_Gonz%C3%A1lez_Ch%C3%A1vez,,resuelto,regla:diferido-paso3
2.2-sin_match,v3_p10,886,González Risos,localidad,González Risos,wiki=sin_match: Consuelo González Ramos https://es.wikipedia.org/wiki/Consuelo_Gonz%C3%A1lez_Ramos,,resuelto,regla:diferido-paso3
2.2-sin_match,v3_p10,876,Gregorio Villafañe,localidad,Gregorio Villafañe,wiki=sin_match:,,resuelto,regla:diferido-paso3
2.2-sin_match,v3_p10,326,Grumbein,localidad,Grumbein,wiki=sin_match: Grumesnil https://es.wikipedia.org/wiki/Grumesnil,,resuelto,regla:diferido-paso3
2.2-sin_match,v3_p10,400,Guanaco,localidad,Guanaco,wiki=sin_match: Guanaco https://es.wikipedia.org/wiki/Guanaco,,resuelto,regla:diferido-paso3
2.2-sin_match,v3_p10,724,Guido Spano,localidad,Guido Spano,wiki=sin_match: Guido Spano https://es.wikipedia.org/wiki/Guido_Spano,,resuelto,regla:diferido-paso3
2.2-sin_match,v3_p10,678,Gunther,localidad,Gunther,wiki=sin_match: Gunther https://es.wikipedia.org/wiki/Gunther,,resuelto,regla:diferido-paso3
2.2-sin_match,v3_p10,156,Hinojo,localidad,Hinojo,wiki=sin_match: Hinojo https://es.wikipedia.org/wiki/Hinojo,,resuelto,regla:diferido-paso3
2.2-sin_match,v3_p10,461,Hortensia,localidad,Hortensia,wiki=sin_match: Hortensia https://es.wikipedia.org/wiki/Hortensia,,resuelto,regla:diferido-paso3
2.2-sin_match,v3_p10,850,Huelén,localidad,Huelén,wiki=sin_match: Huelén https://es.wikipedia.org/wiki/Huel%C3%A9n,,resuelto,regla:diferido-paso3
2.2-aproximado,v3_p10,595,Huetel,localidad,Huetel,wiki=aproximado: Huete https://es.wikipedia.org/wiki/Huete,,resuelto,revision_aproximados.csv:verbatim_paso3
2.2-aproximado,v3_p10,851,Húsares,localidad,Húsares,wiki=aproximado: Húsar https://es.wikipedia.org/wiki/H%C3%BAsar,,resuelto,revision_aproximados.csv:verbatim_paso3
2.2-sin_match,v3_p11,811,Igarzábal,localidad,Igarzábal,wiki=sin_match: Rocío Igarzábal https://es.wikipedia.org/wiki/Roc%C3%ADo_Igarz%C3%A1bal,,resuelto,regla:diferido-paso3
2.2-sin_match,v3_p11,401,Ingeniero Balbín,localidad,Ingeniero Balbín,wiki=sin_match: Ingeniero Balbín https://es.wikipedia.org/wiki/Ingeniero_Balb%C3%ADn,,resuelto,regla:diferido-paso3
2.2-sin_match,v3_p11,650,Ingeniero Silveyra,localidad,Ingeniero Silveyra,wiki=sin_match:,,resuelto,regla:diferido-paso3
2.2-sin_match,v3_p11,582,Ingeniero Williams,localidad,Ingeniero Williams,wiki=sin_match:,,resuelto,regla:diferido-paso3
2.2-sin_match,v3_p11,690,Iraizoz,localidad,Iraizoz,wiki=sin_match: Iráizoz https://es.wikipedia.org/wiki/Ir%C3%A1izoz,,resuelto,regla:diferido-paso3
2.2-sin_match,v3_p11,412,Iraola,localidad,Iraola,wiki=sin_match: Iraola (desambiguación) https://es.wikipedia.org/wiki/Iraola_(desambiguaci%C3%B3n),,resuelto,regla:diferido-paso3
2.2-sin_match,v3_p11,454,Irene,localidad,Irene,wiki=sin_match: Irene https://es.wikipedia.org/wiki/Irene,,resuelto,regla:diferido-paso3
2.2-sin_match,v3_p11,472,Islas,localidad,Islas,wiki=sin_match: Islas https://es.wikipedia.org/wiki/Islas,,resuelto,regla:diferido-paso3
2.2-sin_match,v3_p11,725,Ivanowsky,localidad,Ivanowsky,wiki=sin_match: Mirko Ivanovski https://es.wikipedia.org/wiki/Mirko_Ivanovski,,resuelto,regla:diferido-paso3
2.2-sin_match,v3_p11,147,Jáuregui,localidad,Jáuregui,wiki=sin_match: Jáuregui https://es.wikipedia.org/wiki/J%C3%A1uregui,,resuelto,regla:diferido-paso3
2.2-sin_match,v3_p11,193,José A. Guisasola,localidad,José A. Guisasola,wiki=sin_match: José A. Guisasola https://es.wikipedia.org/wiki/Jos%C3%A9_A._Guisasola,,resuelto,regla:diferido-paso3
2.2-sin_match,v3_p11,415,José B. Casas,localidad,José B. Casas,wiki=sin_match: José B. Casas https://es.wikipedia.org/wiki/Jos%C3%A9_B._Casas,,resuelto,regla:diferido-paso3
2.2-aproximado,v3_p11,614,José Ferrari,localidad,José Ferrari,wiki=aproximado: José Ferrarini https://es.wikipedia.org/wiki/Jos%C3%A9_Ferrarini,,resuelto,revision_aproximados.csv:verbatim_paso3
2.2-sin_match,v3_p11,113,José M. Blanco,localidad,José M. Blanco,wiki=sin_match: José Bianco https://es.wikipedia.org/wiki/Jos%C3%A9_Bianco,,resuelto,regla:diferido-paso3
2.2-sin_match,v3_p11,642,José M. Micheo,localidad,José M. Micheo,wiki=sin_match: José Michelena https://es.wikipedia.org/wiki/Jos%C3%A9_Michelena,,resuelto,regla:diferido-paso3
2.2-sin_match,v3_p11,617,José Santos Arévalo,localidad,José Santos Arévalo,wiki=sin_match: José Santos Arévalo (Buenos Aires) https://es.wikipedia.org/wiki/Jos%C3%A9_Santos_Ar%C3%A9valo_(Buenos_Aires),,resuelto,regla:diferido-paso3
2.2-sin_match,v3_p11,158,Juan B. Alberdi,localidad,Juan B. Alberdi,wiki=sin_match: Juan B. Alberdi https://es.wikipedia.org/wiki/Juan_B._Alberdi,,resuelto,regla:diferido-paso3
2.2-sin_match,v3_p11,500,Juan Blaquier,localidad,Juan Blaquier,wiki=sin_match: Juan Flaquer Fábregues https://es.wikipedia.org/wiki/Juan_Flaquer_F%C3%A1bregues,,resuelto,regla:diferido-paso3
2.2-aproximado,v3_p11,404,Juan E. Barra,localidad,Juan E. Barra,wiki=aproximado: Juan B. Barra https://es.wikipedia.org/wiki/Juan_B._Barra,,resuelto,decisiones.csv
2.2-sin_match,v3_p12,418,Juan J. Almeyra,localidad,Juan J. Almeyra,wiki=sin_match:,,resuelto,regla:diferido-paso3
2.2-sin_match,v3_p12,136,Juan N. Fernández,localidad,Juan N. Fernández,wiki=sin_match: Juan N. Fernández https://es.wikipedia.org/wiki/Juan_N._Fern%C3%A1ndez,,resuelto,regla:diferido-paso3
2.2-sin_match,v3_p12,588,Julio Arditi,localidad,Julio Arditi,wiki=sin_match: Julio Ardiles Gray https://es.wikipedia.org/wiki/Julio_Ardiles_Gray,,resuelto,regla:diferido-paso3
2.2-sin_match,v3_p12,907,Kenny,localidad,Kenny,wiki=sin_match: Kenny https://es.wikipedia.org/wiki/Kenny,,resuelto,regla:diferido-paso3
2.2-aproximado,v3_p12,820,Kilómetro 125,localidad,Kilómetro 125,wiki=aproximado: Kilómetro 117 https://es.wikipedia.org/wiki/Kil%C3%B3metro_117,,resuelto,revision_aproximados.csv:verbatim_paso3
2.2-aproximado,v3_p12,532,Kilómetro 158,localidad,Kilómetro 158,wiki=aproximado: Kilómetro 658 https://es.wikipedia.org/wiki/Kil%C3%B3metro_658,,resuelto,revision_aproximados.csv:verbatim_paso3
2.2-sin_match,v3_p12,815,Krabbe,localidad,Krabbe,wiki=sin_match: Tim Krabbé https://es.wikipedia.org/wiki/Tim_Krabb%C3%A9,,resuelto,regla:diferido-paso3
2.2-aproximado,v3_p12,294,La Barrancosa,localidad,La Barrancosa,wiki=aproximado: La Barranca https://es.wikipedia.org/wiki/La_Barranca,,resuelto,revision_aproximados.csv:verbatim_paso3
2.2-sin_match,v3_p12,426,Lago Epecuén,localidad,Lago Epecuén,wiki=sin_match: Lago Epecuén https://es.wikipedia.org/wiki/Lago_Epecu%C3%A9n,,resuelto,regla:diferido-paso3
2.2-sin_match,v3_p12,781,La Japonesa,localidad,La Japonesa,wiki=sin_match: La Japonesa (Camille con traje japonés) https://es.wikipedia.org/wiki/La_Japonesa_(Camille_con_traje_japon%C3%A9s),,resuelto,regla:diferido-paso3
2.2-sin_match,v3_p12,728,La Nevada,localidad,La Nevada,wiki=sin_match: La nevada https://es.wikipedia.org/wiki/La_nevada,,resuelto,regla:diferido-paso3
2.2-sin_match,v3_p12,373,La Nueva Plata,localidad,La Nueva Plata,wiki=sin_match:,,resuelto,regla:diferido-paso3
2.2-aproximado,v3_p13,557,La Pastoril,localidad,La Pastoril,wiki=aproximado: La Pastoría https://es.wikipedia.org/wiki/La_Pastor%C3%ADa,,resuelto,revision_aproximados.csv:verbatim_paso3
2.2-sin_match,v3_p13,608,La Paz Chica,localidad,La Paz Chica,wiki=sin_match:,,resuelto,regla:diferido-paso3
2.2-sin_match,v3_p13,593,La Porteña,localidad,La Porteña,wiki=sin_match: La Porteña https://es.wikipedia.org/wiki/La_Porte%C3%B1a,,resuelto,regla:diferido-paso3
2.2-sin_match,v3_p13,797,La Primavera,localidad,La Primavera,wiki=sin_match: La Primavera https://es.wikipedia.org/wiki/La_Primavera,,resuelto,regla:diferido-paso3
2.2-sin_match,v3_p13,743,Las Hermanas,localidad,Las Hermanas,wiki=sin_match: Las hermanas (serie de televisión) https://es.wikipedia.org/wiki/Las_hermanas_(serie_de_televisi%C3%B3n),,resuelto,regla:diferido-paso3
2.2-sin_match,v3_p13,847,Las Juanitas,localidad,Las Juanitas,wiki=sin_match: Las Juanitas (Buenos Aires) https://es.wikipedia.org/wiki/Las_Juanitas_(Buenos_Aires),,resuelto,regla:diferido-paso3
2.2-aproximado,v3_p13,645,Las Mostazas,localidad,Las Mostazas,wiki=aproximado: Las Montañas (San Cristóbal de La Laguna) https://es.wikipedia.org/wiki/Las_Monta%C3%B1as_(San_Crist%C3%B3bal_de_La_Laguna),,resuelto,revision_aproximados.csv:verbatim_paso3
2.2-sin_match,v3_p13,720,Las Palmas,localidad,Las Palmas,wiki=sin_match: Las Palmas (A-52) https://es.wikipedia.org/wiki/Las_Palmas_(A-52),,resuelto,regla:diferido-paso3
2.2-sin_match,v3_p13,854,Las Parvas,localidad,Las Parvas,wiki=sin_match: Las parvas (Martín Malharro) https://es.wikipedia.org/wiki/Las_parvas_(Mart%C3%ADn_Malharro),,resuelto,regla:diferido-paso3
2.2-aproximado,v3_p13,891,Las Vaquerías,localidad,Las Vaquerías,wiki=aproximado: Las Alquerías https://es.wikipedia.org/wiki/Las_Alquer%C3%ADas,,resuelto,revision_aproximados.csv:verbatim_paso3
2.2-sin_match,v3_p13,707,La Zanja,localidad,La Zanja,wiki=sin_match: La zanja https://es.wikipedia.org/wiki/La_zanja,,resuelto,regla:diferido-paso3
2.2-aproximado,v3_p13,894,Lertora,localidad,Lertora,wiki=aproximado: Lectura https://es.wikipedia.org/wiki/Lectura,,resuelto,revision_aproximados.csv:verbatim_paso3
2.2-aproximado,v3_p14,363,Limay-Mahuída,localidad,Limay-Mahuída,wiki=aproximado: Limay Mahuida https://es.wikipedia.org/wiki/Limay_Mahuida,,resuelto,revision_aproximados.csv:defer_paso3_puntuacion
2.2-sin_match,v3_p14,598,Lia Calel,localidad,Lia Calel,wiki=sin_match: La Calera (Chile) https://es.wikipedia.org/wiki/La_Calera_(Chile),,resuelto,regla:diferido-paso3
2.2-sin_match,v3_p14,662,Los Laureles,localidad,Los Laureles,wiki=sin_match: Los Laureles https://es.wikipedia.org/wiki/Los_Laureles,,resuelto,regla:diferido-paso3
2.2-sin_match,v3_p14,785,Maguirre,localidad,Maguirre,wiki=sin_match: Mary Maguire https://es.wikipedia.org/wiki/Mary_Maguire,,resuelto,regla:diferido-paso3
2.2-sin_match,v3_p14,462,Mamaguita,localidad,Mamaguita,wiki=sin_match: Mamaguita https://es.wikipedia.org/wiki/Mamaguita,,resuelto,regla:diferido-paso3
2.2-sin_match,v3_p14,545,Manuel J. García,localidad,Manuel J. García,wiki=sin_match: Manuel J. García https://es.wikipedia.org/wiki/Manuel_J._Garc%C3%ADa,,resuelto,regla:diferido-paso3
2.2-sin_match,v3_p14,220,Manuel Ocampo,localidad,Manuel Ocampo,wiki=sin_match: Manuel Ocampo https://es.wikipedia.org/wiki/Manuel_Ocampo,,resuelto,regla:diferido-paso3
2.2-aproximado,v3_p14,888,Manzone,localidad,Manzone,wiki=aproximado: Manzana https://es.wikipedia.org/wiki/Manzana,,resuelto,revision_aproximados.csv:verbatim_paso3
2.2-aproximado,v3_p14,770,Mapis,localidad,Mapis,wiki=aproximado: Mapa https://es.wikipedia.org/wiki/Mapa,,resuelto,revision_aproximados.csv:verbatim_paso3
2.2-aproximado,v3_p15,266,Mariano M. Alfonso,localidad,Mariano M. Alfonso,wiki=aproximado: Mariano H. Alfonzo https://es.wikipedia.org/wiki/Mariano_H._Alfonzo,,resuelto,decisiones.csv
2.2-sin_match,v3_p15,573,Mari Lauquen,localidad,Mari Lauquen,wiki=sin_match: Marilu Bueno https://es.wikipedia.org/wiki/Marilu_Bueno,,resuelto,regla:diferido-paso3
2.2-sin_match,v3_p15,772,Martín Fierro,localidad,Martín Fierro,wiki=sin_match: Martín Fierro https://es.wikipedia.org/wiki/Mart%C3%ADn_Fierro,,resuelto,regla:diferido-paso3
2.2-sin_match,v3_p15,551,M. Colman,localidad,M. Colman,wiki=sin_match: M-Clan https://es.wikipedia.org/wiki/M-Clan,,resuelto,regla:diferido-paso3
2.2-sin_match,v3_p15,658,Miramonte,localidad,Miramonte,wiki=sin_match: Ariel Miramontes https://es.wikipedia.org/wiki/Ariel_Miramontes,,resuelto,regla:diferido-paso3
2.2-sin_match,v3_p15,837,Moores,localidad,Moores,wiki=sin_match: Moorestown https://es.wikipedia.org/wiki/Moorestown,,resuelto,regla:diferido-paso3
2.2-sin_match,v3_p16,793,Napostá,localidad,Napostá,wiki=sin_match: Napster https://es.wikipedia.org/wiki/Napster,,resuelto,regla:diferido-paso3
2.2-aproximado,v3_p16,884,Necol,localidad,Necol,wiki=aproximado: Necoclí https://es.wikipedia.org/wiki/Necocl%C3%AD,,resuelto,revision_aproximados.csv:verbatim_paso3
2.2-sin_match,v3_p16,240,O'Higgins,localidad,O'Higgins,wiki=sin_match: O'Higgins https://es.wikipedia.org/wiki/O%27Higgins,,resuelto,regla:diferido-paso3
2.2-sin_match,v3_p16,664,Ombucta,localidad,Ombucta,wiki=sin_match: Omurtag https://es.wikipedia.org/wiki/Omurtag,,resuelto,regla:diferido-paso3
2.2-sin_match,v3_p16,671,Ortiz de Rozas,localidad,Ortiz de Rozas,wiki=sin_match: Ortiz de Rozas https://es.wikipedia.org/wiki/Ortiz_de_Rozas,,resuelto,regla:diferido-paso3
2.2-aproximado,v3_p16,717,Paraguil,localidad,Paraguil,wiki=aproximado: Paraguay https://es.wikipedia.org/wiki/Paraguay,,resuelto,revision_aproximados.csv:verbatim_paso3
2.2-aproximado,v3_p17,843,Paso Mayer,localidad,Paso Mayer,wiki=aproximado: Paso Mayor https://es.wikipedia.org/wiki/Paso_Mayor,,resuelto,decisiones.csv
2.2-sin_sugerencia,v3_p17,873,Pasteur,localidad,Pasteur,wiki=sin_sugerencia:,,resuelto,regla:diferido-paso3
2.2-sin_match,v3_p17,873,Pasteur,localidad,Pasteur,wiki=sin_match: Louis Pasteur https://es.wikipedia.org/wiki/Louis_Pasteur,,resuelto,regla:diferido-paso3
2.2-sin_match,v3_p17,668,Pedro P. Lasalle,localidad,Pedro P. Lasalle,wiki=sin_match:,,resuelto,regla:diferido-paso3
2.2-sin_match,v3_p17,906,Pehuelches,localidad,Pehuelches,wiki=sin_match: Pehuelches https://es.wikipedia.org/wiki/Pehuelches,,resuelto,regla:diferido-paso3
2.2-aproximado,v3_p17,882,Pehuenco,localidad,Pehuenco,wiki=aproximado: Pehuen-Có https://es.wikipedia.org/wiki/Pehuen-C%C3%B3,,resuelto,decisiones.csv
2.2-aproximado,v3_p17,744,Pelicura,localidad,Pelicura,wiki=aproximado: Película https://es.wikipedia.org/wiki/Pel%C3%ADcula,,resuelto,revision_aproximados.csv:verbatim_paso3
2.2-aproximado,v3_p17,602,Pichi-Huinca,localidad,Pichi-Huinca,wiki=aproximado: Pichi Huinca https://es.wikipedia.org/wiki/Pichi_Huinca,,resuelto,revision_aproximados.csv:typo_transcripcion
2.2-aproximado,v3_p17,747,Plaza Montero,localidad,Plaza Montero,wiki=aproximado: Plaza Botero https://es.wikipedia.org/wiki/Plaza_Botero,,resuelto,revision_aproximados.csv:verbatim_paso3
2.2-sin_match,v3_p17,738,Pozos Kanki,localidad,Pozos Kanki,wiki=sin_match: Vicente Pazos Kanki https://es.wikipedia.org/wiki/Vicente_Pazos_Kanki,,resuelto,regla:diferido-paso3
2.2-sin_match,v3_p17,841,Pradere,localidad,Pradere,wiki=sin_match: Pradejón https://es.wikipedia.org/wiki/Pradej%C3%B3n,,resuelto,regla:diferido-paso3
2.2-sin_match,v3_p18,809,Presidente Quintana,localidad,Presidente Quintana,wiki=sin_match: Presidente de la Junta Nacional de Gobierno de Chile https://es.wikipedia.org/wiki/Presidente_de_la_Junta_Nacional_de_Gobierno_de_Chile,,resuelto,regla:diferido-paso3
2.2-sin_match,v3_p18,631,Pueblitos,localidad,Pueblitos,wiki=sin_match: Pueblitos (Nuevo México) https://es.wikipedia.org/wiki/Pueblitos_(Nuevo_M%C3%A9xico),,resuelto,regla:diferido-paso3
2.2-sin_match,v3_p18,502,Puelches,localidad,Puelches,wiki=sin_match: Puelches https://es.wikipedia.org/wiki/Puelches,,resuelto,regla:diferido-paso3
2.2-sin_match,v3_p18,126,Puerto Belgrano,localidad,Puerto Belgrano,wiki=sin_match: Puerto Belgrano https://es.wikipedia.org/wiki/Puerto_Belgrano,,resuelto,regla:diferido-paso3
2.2-sin_match,v3_p18,45,Puerto de la Plata,localidad,Puerto de la Plata,wiki=sin_match: Puerto de La Plata https://es.wikipedia.org/wiki/Puerto_de_La_Plata,,resuelto,regla:diferido-paso3
2.2-sin_match,v3_p18,553,Punta Indio,localidad,Punta Indio,wiki=sin_match: Punta Indio https://es.wikipedia.org/wiki/Punta_Indio,,resuelto,regla:diferido-paso3
2.2-aproximado,v3_p18,163,Quemú-Quemú,localidad,Quemú-Quemú,wiki=aproximado: Quemú Quemú https://es.wikipedia.org/wiki/Quem%C3%BA_Quem%C3%BA,,resuelto,revision_aproximados.csv:defer_paso3_puntuacion
2.2-sin_match,v3_p18,660,Quiñihual,localidad,Quiñihual,wiki=sin_match: Quirihuela https://es.wikipedia.org/wiki/Quirihuela,,resuelto,regla:diferido-paso3
2.2-sin_match,v3_p18,731,Ramón J. Neild,localidad,Ramón J. Neild,wiki=sin_match:,,resuelto,regla:diferido-paso3
2.2-aproximado,v3_p18,416,Ramón Otero,localidad,Ramón Otero,wiki=aproximado: Ramos Otero https://es.wikipedia.org/wiki/Ramos_Otero,,resuelto,decisiones.csv
2.2-sin_match,v3_p18,540,Remecó,localidad,Remecó,wiki=sin_match: Rémécourt https://es.wikipedia.org/wiki/R%C3%A9m%C3%A9court,,resuelto,regla:diferido-paso3
2.2-sin_match,v3_p18,816,Rivadeo,localidad,Rivadeo,wiki=sin_match: Rivadeo https://es.wikipedia.org/wiki/Rivadeo,,resuelto,regla:diferido-paso3
2.2-sin_match,v3_p19,522,Roberto J. Payró,localidad,Roberto J. Payró,wiki=sin_match: Roberto J. Payró https://es.wikipedia.org/wiki/Roberto_J._Payr%C3%B3,,resuelto,regla:diferido-paso3
2.2-sin_match,v3_p19,896,Rolito,localidad,Rolito,wiki=sin_match: Rolinga https://es.wikipedia.org/wiki/Rolinga,,resuelto,regla:diferido-paso3
2.2-aproximado,v3_p19,895,Román Báez,localidad,Román Báez,wiki=aproximado: Román Gámez https://es.wikipedia.org/wiki/Rom%C3%A1n_G%C3%A1mez,,resuelto,revision_aproximados.csv:verbatim_paso3
2.2-aproximado,v3_p19,389,Roosvelt,localidad,Roosvelt,wiki=aproximado: Roosevelt https://es.wikipedia.org/wiki/Roosevelt,,resuelto,decisiones.csv
2.2-sin_match,v3_p19,237,San Agustín,localidad,San Agustín,wiki=sin_match: San Agustín https://es.wikipedia.org/wiki/San_Agust%C3%ADn,,resuelto,regla:diferido-paso3
2.2-sin_match,v3_p20,525,San Mauricio,localidad,San Mauricio,wiki=sin_match: San Mauricio https://es.wikipedia.org/wiki/San_Mauricio,,resuelto,regla:diferido-paso3
2.2-sin_match,v3_p20,378,San Patricio,localidad,San Patricio,wiki=sin_match: San Patricio https://es.wikipedia.org/wiki/San_Patricio,,resuelto,regla:diferido-paso3
2.2-sin_match,v3_p20,43,San Pedro,localidad,San Pedro,wiki=sin_match: San Pedro https://es.wikipedia.org/wiki/San_Pedro,,resuelto,regla:diferido-paso3
2.2-sin_match,v3_p20,501,Santa Teresita,localidad,Santa Teresita,wiki=sin_match: Santa Teresita https://es.wikipedia.org/wiki/Santa_Teresita,,resuelto,regla:diferido-paso3
2.2-sin_match,v3_p20,621,Santiago Larré,localidad,Santiago Larré,wiki=sin_match: Santiago Larre https://es.wikipedia.org/wiki/Santiago_Larre,,resuelto,regla:diferido-paso3
2.2-sin_match,v3_p21,513,Spurr,localidad,Spurr,wiki=sin_match: Spurr (cráter) https://es.wikipedia.org/wiki/Spurr_(cr%C3%A1ter),,resuelto,regla:diferido-paso3
2.2-sin_match,v3_p21,693,Stegman,localidad,Stegman,wiki=sin_match: Millie Stegman https://es.wikipedia.org/wiki/Millie_Stegman,,resuelto,regla:diferido-paso3
2.2-sin_match,v3_p21,890,Tacuarí,localidad,Tacuarí,wiki=sin_match: Tacuarí https://es.wikipedia.org/wiki/Tacuar%C3%AD,,resuelto,regla:diferido-paso3
2.2-sin_match,v3_p21,733,Tambo Nuevo,localidad,Tambo Nuevo,wiki=sin_match:,,resuelto,regla:diferido-paso3
2.2-sin_match,v3_p21,665,Tatay,localidad,Tatay,wiki=sin_match: Tata Young https://es.wikipedia.org/wiki/Tata_Young,,resuelto,regla:diferido-paso3
2.2-sin_match,v3_p21,480,Tte. Gral. Emilio Mitre,localidad,Tte. Gral. Emilio Mitre,wiki=sin_match:,,resuelto,regla:diferido-paso3
2.2-sin_match,v3_p21,18,Tigre,localidad,Tigre,wiki=sin_match: Tigre https://es.wikipedia.org/wiki/Tigre,,resuelto,regla:diferido-paso3
2.2-sin_match,v3_p21,575,Tomás M. Anchorena,localidad,Tomás M. Anchorena,wiki=sin_match: Tomás M. Anchorena https://es.wikipedia.org/wiki/Tom%C3%A1s_M._Anchorena,,resuelto,regla:diferido-paso3
2.2-sin_match,v3_p21,9,3 de Febrero,localidad,3 de Febrero,wiki=sin_match: 3 de febrero https://es.wikipedia.org/wiki/3_de_febrero,,resuelto,regla:diferido-paso3
2.2-aproximado,v3_p21,823,Trongé,localidad,Trongé,wiki=aproximado: Tronget https://es.wikipedia.org/wiki/Tronget,,resuelto,revision_aproximados.csv:typo_transcripcion
2.2-sin_match,v3_p21,705,Tuyutí,localidad,Tuyutí,wiki=sin_match: Tuluníes https://es.wikipedia.org/wiki/Tulun%C3%ADes,,resuelto,regla:diferido-paso3
2.2-sin_match,v3_p22,354,Urquiza,localidad,Urquiza,wiki=sin_match: Urquiza https://es.wikipedia.org/wiki/Urquiza,,resuelto,regla:diferido-paso3
2.2-sin_match,v3_p22,794,Víboras,localidad,Víboras,wiki=sin_match: Víboras https://es.wikipedia.org/wiki/V%C3%ADboras,,resuelto,regla:diferido-paso3
2.2-sin_match,v3_p22,488,Vieytes,localidad,Vieytes,wiki=sin_match: Vieytes (Buenos Aires) https://es.wikipedia.org/wiki/Vieytes_(Buenos_Aires),,resuelto,regla:diferido-paso3
2.2-aproximado,v3_p22,262,Villa Gessell,localidad,Villa Gessell,wiki=aproximado: Villa Gesell https://es.wikipedia.org/wiki/Villa_Gesell,,resuelto,decisiones.csv
2.2-sin_match,v3_p22,215,Villa Numancia,localidad,Villa Numancia,wiki=sin_match:,,resuelto,regla:diferido-paso3
2.2-aproximado,v3_p22,364,Villa Sauce,localidad,Villa Sauce,wiki=aproximado: Villa Sauze https://es.wikipedia.org/wiki/Villa_Sauze,,resuelto,decisiones.csv
2.2-sin_match,v3_p23,583,Zapiola,localidad,Zapiola,wiki=sin_match: Zapiola (Buenos Aires) https://es.wikipedia.org/wiki/Zapiola_(Buenos_Aires),,resuelto,regla:diferido-paso3
2.2-aproximado,v4_p01,594,Agua de Ramón,localidad,Agua de Ramón,wiki=aproximado: Aguas de Ramon https://es.wikipedia.org/wiki/Aguas_de_Ramon,,resuelto,revision_aproximados.csv:verbatim_paso3
2.2-aproximado,v4_p01,381,Albarrellos,localidad,Albarrellos,wiki=aproximado: Albarellos (Argentina) https://es.wikipedia.org/wiki/Albarellos_(Argentina),,resuelto,revision_aproximados.csv:verbatim_paso3
2.2-aproximado,v4_p01,702,Altautina,localidad,Altautina,wiki=aproximado: Altarcina https://es.wikipedia.org/wiki/Altarcina,,resuelto,revision_aproximados.csv:verbatim_paso3
2.2-aproximado,v4_p01,574,Anizacate,localidad,Anizacate,wiki=aproximado: Anisacate https://es.wikipedia.org/wiki/Anisacate,,resuelto,revision_aproximados.csv:verbatim_paso3
2.2-sin_match,v4_p01,757,Arroyo Alvarez,localidad,Arroyo Alvarez,wiki=sin_match: Arroyo del Alférez https://es.wikipedia.org/wiki/Arroyo_del_Alf%C3%A9rez,,resuelto,regla:diferido-paso3
2.2-aproximado,v4_p02,450,Ascochingas,localidad,Ascochingas,wiki=aproximado: Ascochinga https://es.wikipedia.org/wiki/Ascochinga,,resuelto,revision_aproximados.csv:verbatim_paso3
2.2-sin_match,v4_p02,666,Asunta,localidad,Asunta,wiki=sin_match: La Asunta https://es.wikipedia.org/wiki/La_Asunta,,resuelto,regla:diferido-paso3
2.2-aproximado,v4_p02,390,Bajo Chico,localidad,Bajo Chico,wiki=aproximado: Bajo Chaco https://es.wikipedia.org/wiki/Bajo_Chaco,,resuelto,revision_aproximados.csv:verbatim_paso3
2.2-aproximado,v4_p02,474,Baver y Sigel,localidad,Baver y Sigel,wiki=aproximado: Bauer y Sigel https://es.wikipedia.org/wiki/Bauer_y_Sigel,,resuelto,revision_aproximados.csv:verbatim_paso3
2.2-aproximado,v4_p02,12,Bell-Ville,localidad,Bell-Ville,wiki=aproximado: Bell Ville https://es.wikipedia.org/wiki/Bell_Ville,,resuelto,revision_aproximados.csv:defer_paso3_puntuacion
2.2-aproximado,v4_p02,161,Brinkman,localidad,Brinkman,wiki=aproximado: Brinkmann https://es.wikipedia.org/wiki/Brinkmann,,resuelto,revision_aproximados.csv:verbatim_paso3
2.2-sin_match,v4_p03,643,Candelaria Norte,localidad,Candelaria Norte,wiki=sin_match: Candelaria Martes https://es.wikipedia.org/wiki/Candelaria_Martes,,resuelto,regla:diferido-paso3
2.2-sin_match,v4_p03,413,Canteras el Sauce,localidad,Canteras el Sauce,wiki=sin_match: Canteras El Sauce https://es.wikipedia.org/wiki/Canteras_El_Sauce,,resuelto,regla:diferido-paso3
2.2-sin_match,v4_p03,701,Cañada de Alvarez,localidad,Cañada de Alvarez,wiki=sin_match:,,resuelto,regla:diferido-paso3
2.2-aproximado,v4_p03,730,Cañada del Río Pinto,localidad,Cañada del Río Pinto,wiki=aproximado: Cañada de Río Pinto https://es.wikipedia.org/wiki/Ca%C3%B1ada_de_R%C3%ADo_Pinto,,resuelto,revision_aproximados.csv:verbatim_paso3
2.2-sin_match,v4_p03,124,Cañada Verde,localidad,Cañada Verde,wiki=sin_match: Cañada Verde https://es.wikipedia.org/wiki/Ca%C3%B1ada_Verde,,resuelto,regla:diferido-paso3
2.2-sin_match,v4_p03,480,Cap. de la Sgrda. Familia,localidad,Cap. de la Sgrda. Familia,wiki=sin_match:,,resuelto,regla:diferido-paso3
2.2-sin_match,v4_p03,584,Capilla del Carmen,localidad,Capilla del Carmen,wiki=sin_match: Capilla del Carmen https://es.wikipedia.org/wiki/Capilla_del_Carmen,,resuelto,regla:diferido-paso3
2.2-sin_match,v4_p03,722,Capilla del Romero,localidad,Capilla del Romero,wiki=sin_match:,,resuelto,regla:diferido-paso3
2.2-sin_match,v4_p03,772,Casaffousth,localidad,Casaffousth,wiki=sin_match: Carlos Cassaffousth https://es.wikipedia.org/wiki/Carlos_Cassaffousth,,resuelto,regla:diferido-paso3
2.2-sin_match,v4_p04,498,Cello,localidad,Cello,wiki=sin_match: Cello https://es.wikipedia.org/wiki/Cello,,resuelto,regla:diferido-paso3
2.2-sin_match,v4_p04,299,Centeno,localidad,Centeno,wiki=sin_match: Centeno https://es.wikipedia.org/wiki/Centeno,,resuelto,regla:diferido-paso3
2.2-sin_match,v4_p04,745,Ciénaga de Allende,localidad,Ciénaga de Allende,wiki=sin_match:,,resuelto,regla:diferido-paso3
2.2-aproximado,v4_p04,300,Classon,localidad,Classon,wiki=aproximado: Clason https://es.wikipedia.org/wiki/Clason,,resuelto,revision_aproximados.csv:verbatim_paso3
2.2-sin_match,v4_p04,400,Clucellas,localidad,Clucellas,wiki=sin_match: Clucellas https://es.wikipedia.org/wiki/Clucellas,,resuelto,regla:diferido-paso3
2.2-sin_match,v4_p04,723,Colonia Coyunda,localidad,Colonia Coyunda,wiki=sin_match:,,resuelto,regla:diferido-paso3
2.2-aproximado,v4_p04,611,Colonia 10 de Julio,localidad,Colonia 10 de Julio,wiki=aproximado: Colonia 18 de Julio https://es.wikipedia.org/wiki/Colonia_18_de_Julio,,resuelto,revision_aproximados.csv:verbatim_paso3
2.2-sin_match,v4_p04,644,Colonia el Carmen,localidad,Colonia el Carmen,wiki=sin_match:,,resuelto,regla:diferido-paso3
2.2-sin_match,v4_p04,127,Colonia Ella,localidad,Colonia Ella,wiki=sin_match: Colonia Ella https://es.wikipedia.org/wiki/Colonia_Ella,,resuelto,regla:diferido-paso3
2.2-sin_match,v4_p04,425,Colonia la Tordilla,localidad,Colonia la Tordilla,wiki=sin_match:,,resuelto,regla:diferido-paso3
2.2-sin_match,v4_p04,541,Colonia O'Higgins,localidad,Colonia O'Higgins,wiki=sin_match:,,resuelto,regla:diferido-paso3
2.2-aproximado,v4_p04,669,Colonia Waltelina,localidad,Colonia Waltelina,wiki=aproximado: Colonia Valtelina https://es.wikipedia.org/wiki/Colonia_Valtelina,,resuelto,revision_aproximados.csv:verbatim_paso3
2.2-sin_match,v4_p04,191,Concepción del Tío,localidad,Concepción del Tío,wiki=sin_match: Concepción del Tío https://es.wikipedia.org/wiki/Concepci%C3%B3n_del_T%C3%ADo,,resuelto,regla:diferido-paso3
2.2-sin_match,v4_p05,408,Coronel Domínguez,localidad,Coronel Domínguez,wiki=sin_match: Coronel Domínguez https://es.wikipedia.org/wiki/Coronel_Dom%C3%ADnguez,,resuelto,regla:diferido-paso3
2.2-sin_match,v4_p05,774,Cotagaita,localidad,Cotagaita,wiki=sin_match: Cotagaita https://es.wikipedia.org/wiki/Cotagaita,,resuelto,regla:diferido-paso3
2.2-sin_match,v4_p05,718,Cruz Chica,localidad,Cruz Chica,wiki=sin_match: La Cruz (Chile) https://es.wikipedia.org/wiki/La_Cruz_(Chile),,resuelto,regla:diferido-paso3
2.2-sin_match,v4_p05,603,Curapaligüe,localidad,Curapaligüe,wiki=sin_match: Curapaligüe https://es.wikipedia.org/wiki/Curapalig%C3%BCe,,resuelto,regla:diferido-paso3
2.2-sin_match,v4_p05,738,Chañaritos,localidad,Chañaritos,wiki=sin_match: Los Chañaritos (Río Segundo) https://es.wikipedia.org/wiki/Los_Cha%C3%B1aritos_(R%C3%ADo_Segundo),,resuelto,regla:diferido-paso3
2.2-sin_match,v4_p05,285,Chateaubriand,localidad,Chateaubriand,wiki=sin_match: Chateaubriand https://es.wikipedia.org/wiki/Chateaubriand,,resuelto,regla:diferido-paso3
2.2-aproximado,v4_p05,716,Chuchiras,localidad,Chuchiras,wiki=aproximado: Chuchera https://es.wikipedia.org/wiki/Chuchera,,resuelto,revision_aproximados.csv:verbatim_paso3
2.2-sin_match,v4_p05,557,Chuña,localidad,Chuña,wiki=sin_match: Chuña https://es.wikipedia.org/wiki/Chu%C3%B1a,,resuelto,regla:diferido-paso3
2.2-sin_match,v4_p06,732,De la Serna,localidad,De la Serna,wiki=sin_match: De la Serna https://es.wikipedia.org/wiki/De_la_Serna,,resuelto,regla:diferido-paso3
2.2-sin_match,v4_p06,759,Desvío las Mojarras,localidad,Desvío las Mojarras,wiki=sin_match: Desvío Las Mojarras https://es.wikipedia.org/wiki/Desv%C3%ADo_Las_Mojarras,,resuelto,regla:diferido-paso3
2.2-sin_match,v4_p06,667,Desvío Km. 691,localidad,Desvío Km. 691,wiki=sin_match: Desvío Km 9 https://es.wikipedia.org/wiki/Desv%C3%ADo_Km_9,,resuelto,regla:diferido-paso3
2.2-sin_match,v4_p06,682,El Cano,localidad,El Cano,wiki=sin_match: El Cano https://es.wikipedia.org/wiki/El_Cano,,resuelto,regla:diferido-paso3
2.2-sin_match,v4_p06,705,El Chacho,localidad,El Chacho,wiki=sin_match: El Chacho https://es.wikipedia.org/wiki/El_Chacho,,resuelto,regla:diferido-paso3
2.2-sin_match,v4_p06,62,El Trébol,localidad,El Trébol,wiki=sin_match: El Trébol https://es.wikipedia.org/wiki/El_Tr%C3%A9bol,,resuelto,regla:diferido-paso3
2.2-sin_match,v4_p06,146,Empalme V. Constitución,localidad,Empalme V. Constitución,wiki=sin_match:,,resuelto,regla:diferido-paso3
2.2-sin_match,v4_p06,703,Esther,localidad,Esther,wiki=sin_match: Esther https://es.wikipedia.org/wiki/Esther,,resuelto,regla:diferido-paso3
2.2-sin_match,v4_p07,676,Fragueyro,localidad,Fragueyro,wiki=sin_match: Fougueyrolles https://es.wikipedia.org/wiki/Fougueyrolles,,resuelto,regla:diferido-paso3
2.2-sin_match,v4_p07,697,Fray Cayetano Rodríguez,localidad,Fray Cayetano Rodríguez,wiki=sin_match: Fray Cayetano Rodríguez https://es.wikipedia.org/wiki/Fray_Cayetano_Rodr%C3%ADguez,,resuelto,regla:diferido-paso3
2.2-sin_match,v4_p07,192,Froilán Palacios,localidad,Froilán Palacios,wiki=sin_match:,,resuelto,regla:diferido-paso3
2.2-sin_match,v4_p07,232,Gaboto,localidad,Gaboto,wiki=sin_match: Gaboto https://es.wikipedia.org/wiki/Gaboto,,resuelto,regla:diferido-paso3
2.2-sin_match,v4_p07,540,Garibaldi,localidad,Garibaldi,wiki=sin_match: Garibaldi (banda) https://es.wikipedia.org/wiki/Garibaldi_(banda),,resuelto,regla:diferido-paso3
2.2-sin_match,v4_p07,710,General Soler,localidad,General Soler,wiki=sin_match: General Sherman (árbol) https://es.wikipedia.org/wiki/General_Sherman_(%C3%A1rbol),,resuelto,regla:diferido-paso3
2.2-sin_match,v4_p07,419,Golondrina,localidad,Golondrina,wiki=sin_match: Golondrina https://es.wikipedia.org/wiki/Golondrina,,resuelto,regla:diferido-paso3
2.2-sin_match,v4_p08,511,Gutemberg,localidad,Gutemberg,wiki=sin_match: Gutemberg https://es.wikipedia.org/wiki/Gutemberg,,resuelto,regla:diferido-paso3
2.2-sin_match,v4_p08,175,Holmberg,localidad,Holmberg,wiki=sin_match: Holmberg https://es.wikipedia.org/wiki/Holmberg,,resuelto,regla:diferido-paso3
2.2-sin_match,v4_p08,92,Humberto 1º,localidad,Humberto 1º,wiki=sin_match: Humberto Suazo https://es.wikipedia.org/wiki/Humberto_Suazo,,resuelto,regla:diferido-paso3
2.2-aproximado,v4_p08,525,Iglesias Viejas,localidad,Iglesias Viejas,"wiki=aproximado: Iglesia vieja (Tonalá, Chiapas) https://es.wikipedia.org/wiki/Iglesia_vieja_(Tonal%C3%A1,_Chiapas)",,resuelto,revision_aproximados.csv:defer_paso3_wiki_ruido
2.2-sin_match,v4_p08,467,Ingeniero Chanourdié,localidad,Ingeniero Chanourdié,wiki=sin_match: Ingeniero Chanourdie https://es.wikipedia.org/wiki/Ingeniero_Chanourdie,,resuelto,regla:diferido-paso3
2.2-aproximado,v4_p08,130,Irivilli,localidad,Irivilli,wiki=aproximado: Inriville https://es.wikipedia.org/wiki/Inriville,,resuelto,revision_aproximados.csv:verbatim_paso3
2.2-aproximado,v4_p08,617,Jaime Peter,localidad,Jaime Peter,wiki=aproximado: Jaime Peters https://es.wikipedia.org/wiki/Jaime_Peters,,resuelto,revision_aproximados.csv:verbatim_paso3
2.2-aproximado,v4_p08,775,Jean Maire,localidad,Jean Maire,wiki=aproximado: Jean Mairet https://es.wikipedia.org/wiki/Jean_Mairet,,resuelto,revision_aproximados.csv:verbatim_paso3
2.2-sin_match,v4_p08,358,J. B. Molina,localidad,J. B. Molina,wiki=sin_match: J. B. Molina https://es.wikipedia.org/wiki/J._B._Molina,,resuelto,regla:diferido-paso3
2.2-sin_match,v4_p08,536,Juárez Celman,localidad,Juárez Celman,wiki=sin_match: Juárez Celman https://es.wikipedia.org/wiki/Ju%C3%A1rez_Celman,,resuelto,regla:diferido-paso3
2.2-aproximado,v4_p08,567,Kilómetro 711,localidad,Kilómetro 711,wiki=aproximado: Kilómetro 11 https://es.wikipedia.org/wiki/Kil%C3%B3metro_11,,resuelto,revision_aproximados.csv:verbatim_paso3
2.2-sin_match,v4_p09,492,La Buena Parada,localidad,La Buena Parada,wiki=sin_match:,,resuelto,regla:diferido-paso3
2.2-sin_match,v4_p09,162,La Calera,localidad,La Calera,wiki=sin_match: La Calera https://es.wikipedia.org/wiki/La_Calera,,resuelto,regla:diferido-paso3
2.2-sin_match,v4_p09,377,La Cautiva,localidad,La Cautiva,wiki=sin_match: La Cautiva https://es.wikipedia.org/wiki/La_Cautiva,,resuelto,regla:diferido-paso3
2.2-sin_match,v4_p09,338,La Granja,localidad,La Granja,wiki=sin_match: La Granja https://es.wikipedia.org/wiki/La_Granja,,resuelto,regla:diferido-paso3
2.2-sin_match,v4_p09,660,La Isla de San Antonio,localidad,La Isla de San Antonio,wiki=sin_match:,,resuelto,regla:diferido-paso3
2.2-sin_match,v4_p09,295,La Laguna,localidad,La Laguna,wiki=sin_match: La Laguna https://es.wikipedia.org/wiki/La_Laguna,,resuelto,regla:diferido-paso3
2.2-sin_match,v4_p09,753,La Nacional,localidad,La Nacional,wiki=sin_match: La Nacional (Costa Rica) https://es.wikipedia.org/wiki/La_Nacional_(Costa_Rica),,resuelto,regla:diferido-paso3
2.2-sin_match,v4_p09,599,La Pampa,localidad,La Pampa,wiki=sin_match: La Pampa https://es.wikipedia.org/wiki/La_Pampa,,resuelto,regla:diferido-paso3
2.2-aproximado,v4_p10,758,Las Averías,localidad,Las Averías,wiki=aproximado: Las Erías https://es.wikipedia.org/wiki/Las_Er%C3%ADas,,resuelto,revision_aproximados.csv:verbatim_paso3
2.2-sin_match,v4_p10,752,Las Palmas,localidad,Las Palmas,wiki=sin_match: Las Palmas (A-52) https://es.wikipedia.org/wiki/Las_Palmas_(A-52),,resuelto,regla:diferido-paso3
2.2-sin_match,v4_p10,711,Los Alfalfares,localidad,Los Alfalfares,wiki=sin_match:,,resuelto,regla:diferido-paso3
2.2-sin_match,v4_p11,670,Los Cometierra,localidad,Los Cometierra,wiki=sin_match:,,resuelto,regla:diferido-paso3
2.2-sin_match,v4_p11,582,Los Jagüeles,localidad,Los Jagüeles,wiki=sin_match:,,resuelto,regla:diferido-paso3
2.2-sin_match,v4_p11,773,Los Pozos,localidad,Los Pozos,wiki=sin_match: Los Pozos https://es.wikipedia.org/wiki/Los_Pozos,,resuelto,regla:diferido-paso3
2.2-aproximado,v4_p11,198,Los Saladillos,localidad,Los Saladillos,wiki=aproximado: Los Alamillos https://es.wikipedia.org/wiki/Los_Alamillos,,resuelto,revision_aproximados.csv:verbatim_paso3
2.2-sin_match,v4_p11,674,Los Sauces,localidad,Los Sauces,wiki=sin_match: Los Sauces https://es.wikipedia.org/wiki/Los_Sauces,,resuelto,regla:diferido-paso3
2.2-aproximado,v4_p11,537,Luxardo,localidad,Luxardo,wiki=aproximado: Lunfardo https://es.wikipedia.org/wiki/Lunfardo,,resuelto,revision_aproximados.csv:verbatim_paso3
2.2-sin_match,v4_p12,652,Marini,localidad,Marini,wiki=sin_match: Marinilla https://es.wikipedia.org/wiki/Marinilla,,resuelto,regla:diferido-paso3
2.2-sin_match,v4_p12,317,Médanos de las Cañas,localidad,Médanos de las Cañas,wiki=sin_match:,,resuelto,regla:diferido-paso3
2.2-sin_match,v4_p12,734,Modestino Pizarro,localidad,Modestino Pizarro,wiki=sin_match:,,resuelto,regla:diferido-paso3
2.2-sin_match,v4_p12,743,Ninalquín,localidad,Ninalquín,wiki=sin_match: Niall Quinn https://es.wikipedia.org/wiki/Niall_Quinn,,resuelto,regla:diferido-paso3
2.2-sin_match,v4_p12,607,Nono,localidad,Nono,wiki=sin_match: Nono https://es.wikipedia.org/wiki/Nono,,resuelto,regla:diferido-paso3
2.2-aproximado,v4_p13,52,Onativo,localidad,Onativo,wiki=aproximado: Oncativo https://es.wikipedia.org/wiki/Oncativo,,resuelto,revision_aproximados.csv:typo_transcripcion
2.2-sin_match,v4_p13,327,Pasco,localidad,Pasco,wiki=sin_match: Pasco https://es.wikipedia.org/wiki/Pasco,,resuelto,regla:diferido-paso3
2.2-aproximado,v4_p13,751,Pedro E. Funes,localidad,Pedro E. Funes,wiki=aproximado: Pedro L. Funes https://es.wikipedia.org/wiki/Pedro_L._Funes,,resuelto,revision_aproximados.csv:verbatim_paso3
2.2-aproximado,v4_p13,671,Pichanas,localidad,Pichanas,wiki=aproximado: Pichanal https://es.wikipedia.org/wiki/Pichanal,,resuelto,revision_aproximados.csv:verbatim_paso3
2.2-aproximado,v4_p13,746,Piedrita Blanca,localidad,Piedrita Blanca,wiki=aproximado: Piedra Blanca (República Dominicana) https://es.wikipedia.org/wiki/Piedra_Blanca_(Rep%C3%BAblica_Dominicana),,resuelto,revision_aproximados.csv:defer_paso3_wiki_ruido
2.2-sin_match,v4_p13,472,Pinoén,localidad,Pinoén,wiki=sin_match: Pinocho (película de 1940) https://es.wikipedia.org/wiki/Pinocho_(pel%C3%ADcula_de_1940),,resuelto,regla:diferido-paso3
2.2-sin_match,v4_p13,30,Posta de San Martín,localidad,Posta de San Martín,wiki=sin_match:,,resuelto,regla:diferido-paso3
2.2-sin_match,v4_p13,646,Pozo de la Loma,localidad,Pozo de la Loma,wiki=sin_match:,,resuelto,regla:diferido-paso3
2.2-sin_match,v4_p13,761,Pozo del Chañar,localidad,Pozo del Chañar,wiki=sin_match:,,resuelto,regla:diferido-paso3
2.2-sin_match,v4_p14,663,Pretot Freyre,localidad,Pretot Freyre,wiki=sin_match:,,resuelto,regla:diferido-paso3
2.2-aproximado,v4_p14,382,Pueblo Brito,localidad,Pueblo Brito,wiki=aproximado: Pueblo Brugo https://es.wikipedia.org/wiki/Pueblo_Brugo,,resuelto,revision_aproximados.csv:typo_transcripcion
2.2-sin_match,v4_p14,104,Puerto San Martín,localidad,Puerto San Martín,wiki=sin_match: Puerto San Martín https://es.wikipedia.org/wiki/Puerto_San_Mart%C3%ADn,,resuelto,regla:diferido-paso3
2.2-sin_match,v4_p14,591,Ramón J. Cárcano,localidad,Ramón J. Cárcano,wiki=sin_match: Ramón J. Cárcano https://es.wikipedia.org/wiki/Ram%C3%B3n_J._C%C3%A1rcano,,resuelto,regla:diferido-paso3
2.2-sin_match,v4_p14,23,Reinaldo Cullen,localidad,Reinaldo Cullen,wiki=sin_match:,,resuelto,regla:diferido-paso3
2.2-aproximado,v4_p15,728,Ruiz Díaz de Guzmán,localidad,Ruiz Díaz de Guzmán,wiki=aproximado: Ruy Díaz de Guzmán https://es.wikipedia.org/wiki/Ruy_D%C3%ADaz_de_Guzm%C3%A1n,,resuelto,revision_aproximados.csv:verbatim_paso3
2.2-sin_match,v4_p15,741,Rumiyaco,localidad,Rumiyaco,wiki=sin_match: Rumiación https://es.wikipedia.org/wiki/Rumiaci%C3%B3n,,resuelto,regla:diferido-paso3
2.2-sin_match,v4_p15,487,Saguier,localidad,Saguier,wiki=sin_match: Saguier https://es.wikipedia.org/wiki/Saguier,,resuelto,regla:diferido-paso3
2.2-sin_sugerencia,v4_p15,210,San Agustín,localidad,San Agustín,wiki=sin_sugerencia:,,resuelto,regla:diferido-paso3
2.2-sin_match,v4_p15,210,San Agustín,localidad,San Agustín,wiki=sin_match: San Agustín https://es.wikipedia.org/wiki/San_Agust%C3%ADn,,resuelto,regla:diferido-paso3
2.2-sin_match,v4_p15,648,San Ambrosio,localidad,San Ambrosio,wiki=sin_match: San Ambrosio https://es.wikipedia.org/wiki/San_Ambrosio,,resuelto,regla:diferido-paso3
2.2-sin_match,v4_p15,95,Sancti Spíritu,localidad,Sancti Spíritu,wiki=sin_match: Sancti Spíritu https://es.wikipedia.org/wiki/Sancti_Sp%C3%ADritu,,resuelto,regla:diferido-paso3
2.2-sin_match,v4_p15,302,San Francisco de Sta. Fe,localidad,San Francisco de Sta. Fe,wiki=sin_match:,,resuelto,regla:diferido-paso3
2.2-aproximado,v4_p16,411,San Marcos Sierra,localidad,San Marcos Sierra,wiki=aproximado: San Marcos Sierras https://es.wikipedia.org/wiki/San_Marcos_Sierras,,resuelto,revision_aproximados.csv:verbatim_paso3
2.2-aproximado,v4_p16,275,S. Martín de las Escobas,localidad,S. Martín de las Escobas,wiki=aproximado: San Martín de las Escobas https://es.wikipedia.org/wiki/San_Mart%C3%ADn_de_las_Escobas,,resuelto,revision_aproximados.csv:verbatim_paso3
2.2-sin_match,v4_p16,230,San Pedro,localidad,San Pedro,wiki=sin_match: San Pedro https://es.wikipedia.org/wiki/San_Pedro,,resuelto,regla:diferido-paso3
2.2-sin_match,v4_p16,296,Sta. Clara de Buena Vista,localidad,Sta. Clara de Buena Vista,wiki=sin_match:,,resuelto,regla:diferido-paso3
2.2-sin_match,v4_p17,181,Sta. Rosa de Calamuchita,localidad,Sta. Rosa de Calamuchita,wiki=sin_match:,,resuelto,regla:diferido-paso3
2.2-sin_match,v4_p17,132,Sta. Rosa del Río Primero,localidad,Sta. Rosa del Río Primero,wiki=sin_match:,,resuelto,regla:diferido-paso3
2.2-aproximado,v4_p17,368,Sa Pereyra,localidad,Sa Pereyra,wiki=aproximado: Sa Pereira https://es.wikipedia.org/wiki/Sa_Pereira,,resuelto,revision_aproximados.csv:verbatim_paso3
2.2-sin_match,v4_p17,297,Saturnino M. Laspiur,localidad,Saturnino M. Laspiur,wiki=sin_match: Saturnino M. Laspiur https://es.wikipedia.org/wiki/Saturnino_M._Laspiur,,resuelto,regla:diferido-paso3
2.2-aproximado,v4_p17,402,Sebastián el Cano,localidad,Sebastián el Cano,wiki=aproximado: Sebastián Elcano (Córdoba) https://es.wikipedia.org/wiki/Sebasti%C3%A1n_Elcano_(C%C3%B3rdoba),,resuelto,revision_aproximados.csv:defer_paso3_puntuacion
2.2-aproximado,v4_p17,709,Tala Cruz,localidad,Tala Cruz,wiki=aproximado: Taio Cruz https://es.wikipedia.org/wiki/Taio_Cruz,,resuelto,revision_aproximados.csv:verbatim_paso3
2.2-aproximado,v4_p17,556,Tala Norte,localidad,Tala Norte,wiki=aproximado: Tano Norte (distrito) https://es.wikipedia.org/wiki/Tano_Norte_(distrito),,resuelto,revision_aproximados.csv:defer_paso3_wiki_ruido
2.2-aproximado,v4_p18,72,Teodolina,localidad,Teodolina,wiki=aproximado: Teodelina https://es.wikipedia.org/wiki/Teodelina,,resuelto,revision_aproximados.csv:verbatim_paso3
2.2-sin_match,v4_p18,755,Totoralejos,localidad,Totoralejos,wiki=sin_match:,,resuelto,regla:diferido-paso3
2.2-sin_match,v4_p18,714,Tres Arboles,localidad,Tres Arboles,wiki=sin_match: Tres Arboles https://es.wikipedia.org/wiki/Tres_Arboles,,resuelto,regla:diferido-paso3
2.2-sin_match,v4_p18,573,Villa Candelaria,localidad,Villa Candelaria,wiki=sin_match: Villa Candelaria Norte https://es.wikipedia.org/wiki/Villa_Candelaria_Norte,,resuelto,regla:diferido-paso3
2.2-aproximado,v4_p18,530,Villa del Lago,localidad,Villa del Lago,wiki=aproximado: Valle del Lago https://es.wikipedia.org/wiki/Valle_del_Lago,,resuelto,revision_aproximados.csv:verbatim_paso3
2.2-sin_match,v4_p19,48,Villa Diego,localidad,Villa Diego,wiki=sin_match: Villa Diego https://es.wikipedia.org/wiki/Villa_Diego,,resuelto,regla:diferido-paso3
2.2-sin_match,v4_p19,441,Villa Las Rosas,localidad,Villa Las Rosas,wiki=sin_match:,,resuelto,regla:diferido-paso3
2.2-sin_match,v4_p19,763,Villa Río Grande,localidad,Villa Río Grande,wiki=sin_match: Valle del Río Grande https://es.wikipedia.org/wiki/Valle_del_R%C3%ADo_Grande,,resuelto,regla:diferido-paso3
2.2-sin_match,v4_p19,633,V. Rosario del Saladillo,localidad,V. Rosario del Saladillo,wiki=sin_match:,,resuelto,regla:diferido-paso3
2.2-sin_match,v4_p19,454,Yoscina,localidad,Yoscina,wiki=sin_match: Yoshi Tatsu https://es.wikipedia.org/wiki/Yoshi_Tatsu,,resuelto,regla:diferido-paso3
2.2-aproximado,v5_p01,192,Altamirano Sud,localidad,Altamirano Sud,wiki=aproximado: Altamirano Sur https://es.wikipedia.org/wiki/Altamirano_Sur,,resuelto,revision_aproximados.csv:verbatim_paso3
2.2-sin_match,v5_p01,290,Apipé,localidad,Apipé,wiki=sin_match: Apipé https://es.wikipedia.org/wiki/Apip%C3%A9,,resuelto,regla:diferido-paso3
2.2-sin_match,v5_p01,27,Apóstoles,localidad,Apóstoles,wiki=sin_match: Apóstoles (Argentina) https://es.wikipedia.org/wiki/Ap%C3%B3stoles_(Argentina),,resuelto,regla:diferido-paso3
2.2-sin_match,v5_p01,242,Arroyo Clé,localidad,Arroyo Clé,wiki=sin_match: Arroyo Clé (localidad) https://es.wikipedia.org/wiki/Arroyo_Cl%C3%A9_(localidad),,resuelto,regla:diferido-paso3
2.2-sin_match,v5_p01,245,Baibiene,localidad,Baibiene,wiki=sin_match: Santiago Baibiene https://es.wikipedia.org/wiki/Santiago_Baibiene,,resuelto,regla:diferido-paso3
2.2-sin_match,v5_p01,222,Berduc,localidad,Berduc,wiki=sin_match: Berducedo https://es.wikipedia.org/wiki/Berducedo,,resuelto,regla:diferido-paso3
2.2-aproximado,v5_p01,193,Caa-Yarí,localidad,Caa-Yarí,wiki=aproximado: Caa Yarí https://es.wikipedia.org/wiki/Caa_Yar%C3%AD,,resuelto,revision_aproximados.csv:defer_paso3_puntuacion
2.2-sin_match,v5_p01,164,Calabacillas,localidad,Calabacillas,wiki=sin_match: Calabacillas https://es.wikipedia.org/wiki/Calabacillas,,resuelto,regla:diferido-paso3
2.2-sin_match,v5_p01,248,Cañaditas,localidad,Cañaditas,wiki=sin_match: Cañaditas https://es.wikipedia.org/wiki/Ca%C3%B1aditas,,resuelto,regla:diferido-paso3
2.2-aproximado,v5_p01,169,Capiovy,localidad,Capiovy,wiki=aproximado: Capioví https://es.wikipedia.org/wiki/Capiov%C3%AD,,resuelto,revision_aproximados.csv:verbatim_paso3
2.2-sin_match,v5_p02,303,Caza Pava,localidad,Caza Pava,wiki=sin_match: Caza (avión) https://es.wikipedia.org/wiki/Caza_(avi%C3%B3n),,resuelto,regla:diferido-paso3
2.2-sin_match,v5_p02,145,Colonia Caseros,localidad,Colonia Caseros,wiki=sin_match: Colonia Las Rosas https://es.wikipedia.org/wiki/Colonia_Las_Rosas,,resuelto,regla:diferido-paso3
2.2-aproximado,v5_p02,282,Colonia Hughes,localidad,Colonia Hughes,wiki=aproximado: Colonia Hugues https://es.wikipedia.org/wiki/Colonia_Hugues,,resuelto,revision_aproximados.csv:verbatim_paso3
2.2-sin_match,v5_p02,185,Colonia Porvenir,localidad,Colonia Porvenir,wiki=sin_match: Colonia El Porvenir (Querétaro) https://es.wikipedia.org/wiki/Colonia_El_Porvenir_(Quer%C3%A9taro),,resuelto,regla:diferido-paso3
2.2-sin_match,v5_p02,300,Colonia San Ernesto,localidad,Colonia San Ernesto,wiki=sin_match:,,resuelto,regla:diferido-paso3
2.2-aproximado,v5_p02,285,Cuay Grande,localidad,Cuay Grande,wiki=aproximado: Cayo Grande (Los Roques) https://es.wikipedia.org/wiki/Cayo_Grande_(Los_Roques),,resuelto,revision_aproximados.csv:defer_paso3_wiki_ruido
2.2-sin_match,v5_p02,266,Cuchilla Redonda,localidad,Cuchilla Redonda,wiki=sin_match:,,resuelto,regla:diferido-paso3
2.2-aproximado,v5_p02,6,Curuzú-Cuatiá,localidad,Curuzú-Cuatiá,wiki=aproximado: Curuzú Cuatiá https://es.wikipedia.org/wiki/Curuz%C3%BA_Cuati%C3%A1,,resuelto,revision_aproximados.csv:defer_paso3_puntuacion
2.2-sin_match,v5_p02,143,Desvío Parada Pucheta,localidad,Desvío Parada Pucheta,wiki=sin_match:,,resuelto,regla:diferido-paso3
2.2-sin_match,v5_p02,148,Don Cristóbal,localidad,Don Cristóbal,wiki=sin_match: Don Cristóbal Primero https://es.wikipedia.org/wiki/Don_Crist%C3%B3bal_Primero,,resuelto,regla:diferido-paso3
2.2-sin_match,v5_p03,258,Ensenada Grande,localidad,Ensenada Grande,wiki=sin_match: Ensenada Gardner https://es.wikipedia.org/wiki/Ensenada_Gardner,,resuelto,regla:diferido-paso3
2.2-sin_match,v5_p03,297,Escriña,localidad,Escriña,wiki=sin_match: Escriña https://es.wikipedia.org/wiki/Escri%C3%B1a,,resuelto,regla:diferido-paso3
2.2-sin_match,v5_p03,124,Fábrica Colón,localidad,Fábrica Colón,wiki=sin_match: Fabricación del acero https://es.wikipedia.org/wiki/Fabricaci%C3%B3n_del_acero,,resuelto,regla:diferido-paso3
2.2-sin_match,v5_p03,191,Faustino M. Parera,localidad,Faustino M. Parera,wiki=sin_match: Faustino M. Parera Pastor Britos https://es.wikipedia.org/wiki/Faustino_M._Parera_Pastor_Britos,,resuelto,regla:diferido-paso3
2.2-sin_match,v5_p03,122,Gobernador Gral. López,localidad,Gobernador Gral. López,wiki=sin_match:,,resuelto,regla:diferido-paso3
2.2-sin_match,v5_p03,67,Gobernador Ingeniero Valentín Virasoro,localidad,Gobernador Ingeniero Valentín Virasoro,wiki=sin_match: Gobernador Ingeniero Valentín Virasoro https://es.wikipedia.org/wiki/Gobernador_Ingeniero_Valent%C3%ADn_Virasoro,,resuelto,regla:diferido-paso3
2.2-sin_match,v5_p03,89,Gobernador J.E. Martínez,localidad,Gobernador J.E. Martínez,wiki=sin_match:,,resuelto,regla:diferido-paso3
2.2-sin_match,v5_p03,117,Gobernador Racedo,localidad,Gobernador Racedo,wiki=sin_match:,,resuelto,regla:diferido-paso3
2.2-sin_match,v5_p03,274,González Calderón,localidad,González Calderón,wiki=sin_match: González Calderón https://es.wikipedia.org/wiki/Gonz%C3%A1lez_Calder%C3%B3n,,resuelto,regla:diferido-paso3
2.2-sin_match,v5_p03,6,Goya,localidad,Goya,wiki=sin_match: Goya https://es.wikipedia.org/wiki/Goya,,resuelto,regla:diferido-paso3
2.2-sin_match,v5_p03,272,Hernándes,localidad,Hernándes,wiki=sin_match: Hernán (desambiguación) https://es.wikipedia.org/wiki/Hern%C3%A1n_(desambiguaci%C3%B3n),,resuelto,regla:diferido-paso3
2.2-sin_match,v5_p04,199,Ingenio 1er. Correntino,localidad,Ingenio 1er. Correntino,wiki=sin_match:,,resuelto,regla:diferido-paso3
2.2-sin_match,v5_p04,179,Invernada de Itacuararé,localidad,Invernada de Itacuararé,wiki=sin_match:,,resuelto,regla:diferido-paso3
2.2-sin_match,v5_p04,160,Irasusta,localidad,Irasusta,wiki=sin_match: Erika Irusta https://es.wikipedia.org/wiki/Erika_Irusta,,resuelto,regla:diferido-paso3
2.2-sin_match,v5_p04,181,Isabel Victoria,localidad,Isabel Victoria,wiki=sin_match:,,resuelto,regla:diferido-paso3
2.2-aproximado,v5_p04,231,Itacuararé,localidad,Itacuararé,wiki=aproximado: Itacaruaré https://es.wikipedia.org/wiki/Itacaruar%C3%A9,,resuelto,revision_aproximados.csv:verbatim_paso3
2.2-aproximado,v5_p04,100,Itá-Ibaté,localidad,Itá-Ibaté,wiki=aproximado: Itá Ibaté https://es.wikipedia.org/wiki/It%C3%A1_Ibat%C3%A9,,resuelto,revision_aproximados.csv:defer_paso3_puntuacion
2.2-sin_match,v5_p04,65,Juan B. Arruabarrena,localidad,Juan B. Arruabarrena,wiki=sin_match: Juan B. Arruabarrena https://es.wikipedia.org/wiki/Juan_B._Arruabarrena,,resuelto,regla:diferido-paso3
2.2-sin_match,v5_p04,283,Juan Jorge,localidad,Juan Jorge,wiki=sin_match: Juan Jorge Amaya https://es.wikipedia.org/wiki/Juan_Jorge_Amaya,,resuelto,regla:diferido-paso3
2.2-sin_match,v5_p04,209,La Capilla,localidad,La Capilla,wiki=sin_match: La Capilla https://es.wikipedia.org/wiki/La_Capilla,,resuelto,regla:diferido-paso3
2.2-sin_match,v5_p04,252,La Esmeralda,localidad,La Esmeralda,wiki=sin_match: La Esmeralda https://es.wikipedia.org/wiki/La_Esmeralda,,resuelto,regla:diferido-paso3
2.2-sin_match,v5_p04,224,Laso,localidad,Laso,wiki=sin_match: Unai Laso https://es.wikipedia.org/wiki/Unai_Laso,,resuelto,regla:diferido-paso3
2.2-sin_sugerencia,v5_p04,155,Lib. Gral. San Martín,localidad,Lib. Gral. San Martín,wiki=sin_sugerencia:,,resuelto,regla:diferido-paso3
2.2-sin_match,v5_p04,155,Lib. Gral. San Martín,localidad,Lib. Gral. San Martín,wiki=sin_match:,,resuelto,regla:diferido-paso3
2.2-sin_match,v5_p04,296,Lomas de Galarza,localidad,Lomas de Galarza,wiki=sin_match:,,resuelto,regla:diferido-paso3
2.2-sin_match,v5_p05,304,Machadiño,localidad,Machadiño,wiki=sin_match: Déiver Machado https://es.wikipedia.org/wiki/D%C3%A9iver_Machado,,resuelto,regla:diferido-paso3
2.2-sin_match,v5_p05,146,Malvinas,localidad,Malvinas,wiki=sin_match: Malvinas https://es.wikipedia.org/wiki/Malvinas,,resuelto,regla:diferido-paso3
2.2-sin_match,v5_p05,198,Manuel Belgrano (San Antonio),localidad,Manuel Belgrano (San Antonio),wiki=sin_match:,,resuelto,regla:diferido-paso3
2.2-sin_match,v5_p05,78,Manuel F. Mantilla,localidad,Manuel F. Mantilla,wiki=sin_match: Manuel Mantilla https://es.wikipedia.org/wiki/Manuel_Mantilla,,resuelto,regla:diferido-paso3
2.2-sin_match,v5_p05,166,Mártires,localidad,Mártires,wiki=sin_match: Mártires https://es.wikipedia.org/wiki/M%C3%A1rtires,,resuelto,regla:diferido-paso3
2.2-aproximado,v5_p05,80,Miguel Lanús,localidad,Miguel Lanús,wiki=aproximado: Miguel Layún https://es.wikipedia.org/wiki/Miguel_Lay%C3%BAn,,resuelto,revision_aproximados.csv:verbatim_paso3
2.2-sin_match,v5_p05,291,Miñones,localidad,Miñones,wiki=sin_match: Miñones https://es.wikipedia.org/wiki/Mi%C3%B1ones,,resuelto,regla:diferido-paso3
2.2-sin_sugerencia,v5_p05,158,Nueve de Julio,localidad,Nueve de Julio,wiki=sin_sugerencia:,,resuelto,regla:diferido-paso3
2.2-sin_match,v5_p05,158,Nueve de Julio,localidad,Nueve de Julio,wiki=sin_match: Nueve de Julio https://es.wikipedia.org/wiki/Nueve_de_Julio,,resuelto,regla:diferido-paso3
2.2-sin_sugerencia,v5_p05,276,Olegario V. Andrade,localidad,Olegario V. Andrade,wiki=sin_sugerencia:,,resuelto,regla:diferido-paso3
2.2-sin_match,v5_p05,276,Olegario V. Andrade,localidad,Olegario V. Andrade,wiki=sin_match: Olegario V. Andrade https://es.wikipedia.org/wiki/Olegario_V._Andrade,,resuelto,regla:diferido-paso3
2.2-aproximado,v5_p05,171,Ombucito,localidad,Ombucito,wiki=aproximado: Ombucillo https://es.wikipedia.org/wiki/Ombucillo,,resuelto,revision_aproximados.csv:verbatim_paso3
2.2-sin_match,v5_p05,244,Paraje San Isidro,localidad,Paraje San Isidro,wiki=sin_match: Parque de San Isidro (Burgos) https://es.wikipedia.org/wiki/Parque_de_San_Isidro_(Burgos),,resuelto,regla:diferido-paso3
2.2-aproximado,v5_p05,293,Paso Florentín,localidad,Paso Florentín,wiki=aproximado: Pago Florentino https://es.wikipedia.org/wiki/Pago_Florentino,,resuelto,revision_aproximados.csv:verbatim_paso3
2.2-sin_match,v5_p05,279,Pedernal,localidad,Pedernal,wiki=sin_match: Pedernal https://es.wikipedia.org/wiki/Pedernal,,resuelto,regla:diferido-paso3
2.2-sin_match,v5_p05,275,Piloto Avila,localidad,Piloto Avila,wiki=sin_match: Piloto aviador https://es.wikipedia.org/wiki/Piloto_aviador,,resuelto,regla:diferido-paso3
2.2-sin_match,v5_p06,197,Playadito,localidad,Playadito,wiki=sin_match: Platanitos https://es.wikipedia.org/wiki/Platanitos,,resuelto,regla:diferido-paso3
2.2-sin_match,v5_p06,281,Primero de Mayo,localidad,Primero de Mayo,wiki=sin_match: Primero de Mayo https://es.wikipedia.org/wiki/Primero_de_Mayo,,resuelto,regla:diferido-paso3
2.2-aproximado,v5_p06,218,Pueblo Bellock,localidad,Pueblo Bellock,wiki=aproximado: Pueblo Bellocq https://es.wikipedia.org/wiki/Pueblo_Bellocq,,resuelto,revision_aproximados.csv:verbatim_paso3
2.2-sin_match,v5_p06,260,Pueblo Cazés,localidad,Pueblo Cazés,wiki=sin_match: Pueblo Cazes https://es.wikipedia.org/wiki/Pueblo_Cazes,,resuelto,regla:diferido-paso3
2.2-sin_match,v5_p06,202,Pueblo San Martín (Pto. Curtiembre),localidad,Pueblo San Martín (Pto. Curtiembre),wiki=sin_match:,,resuelto,regla:diferido-paso3
2.2-sin_match,v5_p06,115,Puerto Gisela,localidad,Puerto Gisela,wiki=sin_match: Puerto Vilelas https://es.wikipedia.org/wiki/Puerto_Vilelas,,resuelto,regla:diferido-paso3
2.2-sin_match,v5_p06,254,Puerto Londero,localidad,Puerto Londero,wiki=sin_match: Puerto Loberos https://es.wikipedia.org/wiki/Puerto_Loberos,,resuelto,regla:diferido-paso3
2.2-sin_match,v5_p06,167,Puerto Naranjito,localidad,Puerto Naranjito,wiki=sin_match:,,resuelto,regla:diferido-paso3
2.2-sin_match,v5_p06,112,Puerto Panambí,localidad,Puerto Panambí,wiki=sin_match: Puerto Panambí https://es.wikipedia.org/wiki/Puerto_Panamb%C3%AD,,resuelto,regla:diferido-paso3
2.2-sin_match,v5_p06,237,Puerto Rosario,localidad,Puerto Rosario,wiki=sin_match: Puerto Rosario https://es.wikipedia.org/wiki/Puerto_Rosario,,resuelto,regla:diferido-paso3
2.2-aproximado,v5_p06,227,Punta Grande,localidad,Punta Grande,wiki=aproximado: Puente Grande https://es.wikipedia.org/wiki/Puente_Grande,,resuelto,revision_aproximados.csv:verbatim_paso3
2.2-sin_match,v5_p06,259,Saenz Valiente,localidad,Saenz Valiente,wiki=sin_match: Juan Sáenz Valiente https://es.wikipedia.org/wiki/Juan_S%C3%A1enz_Valiente,,resuelto,regla:diferido-paso3
2.2-sin_match,v5_p06,216,San Cosme,localidad,San Cosme,wiki=sin_match: San Cosme https://es.wikipedia.org/wiki/San_Cosme,,resuelto,regla:diferido-paso3
2.2-sin_match,v5_p07,123,San Pedro,localidad,San Pedro,wiki=sin_match: San Pedro https://es.wikipedia.org/wiki/San_Pedro,,resuelto,regla:diferido-paso3
2.2-sin_match,v5_p07,39,Sauce,localidad,Sauce,wiki=sin_match: Sauce https://es.wikipedia.org/wiki/Sauce,,resuelto,regla:diferido-paso3
2.2-aproximado,v5_p07,264,Sauce Pintos,localidad,Sauce Pintos,wiki=aproximado: Sauce Pinto https://es.wikipedia.org/wiki/Sauce_Pinto,,resuelto,revision_aproximados.csv:verbatim_paso3
2.2-sin_match,v5_p07,172,Valle María,localidad,Valle María,wiki=sin_match: Valle María https://es.wikipedia.org/wiki/Valle_Mar%C3%ADa,,resuelto,regla:diferido-paso3
2.2-sin_match,v5_p07,271,Veinte de Setiembre,localidad,Veinte de Setiembre,wiki=sin_match: Veinte de Setiembre https://es.wikipedia.org/wiki/Veinte_de_Setiembre,,resuelto,regla:diferido-paso3
2.2-sin_match,v5_p07,134,Veinticinco de Mayo,localidad,Veinticinco de Mayo,wiki=sin_match: Veinticinco de Mayo https://es.wikipedia.org/wiki/Veinticinco_de_Mayo,,resuelto,regla:diferido-paso3
2.2-sin_match,v5_p08,86,Villa Clara,localidad,Villa Clara,wiki=sin_match: Villa Clara https://es.wikipedia.org/wiki/Villa_Clara,,resuelto,regla:diferido-paso3
2.2-sin_match,v5_p08,29,Villa Federal,localidad,Villa Federal,wiki=sin_match: Villa General Arias https://es.wikipedia.org/wiki/Villa_General_Arias,,resuelto,regla:diferido-paso3
2.2-sin_match,v5_p08,42,Villa General Ramírez,localidad,Villa General Ramírez,wiki=sin_match:,,resuelto,regla:diferido-paso3
2.2-sin_match,v5_p08,68,Villa Larroque,localidad,Villa Larroque,wiki=sin_match: Villa Larroque https://es.wikipedia.org/wiki/Villa_Larroque,,resuelto,regla:diferido-paso3
2.2-sin_match,v5_p08,111,Villa Piedras Blancas,localidad,Villa Piedras Blancas,wiki=sin_match:,,resuelto,regla:diferido-paso3
2.2-sin_match,v5_p08,196,Villa San Marcial (Gob. Urquiza),localidad,Villa San Marcial (Gob. Urquiza),wiki=sin_match:,,resuelto,regla:diferido-paso3
2.2-aproximado,v5_p08,173,Yabebiry,localidad,Yabebiry,wiki=aproximado: Yabebyry https://es.wikipedia.org/wiki/Yabebyry,,resuelto,revision_aproximados.csv:verbatim_paso3
2.2-aproximado,v5_p08,150,Yataití Calle,localidad,Yataití Calle,wiki=aproximado: Yatay Tí Calle https://es.wikipedia.org/wiki/Yatay_T%C3%AD_Calle,,resuelto,revision_aproximados.csv:verbatim_paso3
2.2-sin_match,v5_p08,294,Yeruá,localidad,Yeruá,wiki=sin_match: Yeruá https://es.wikipedia.org/wiki/Yeru%C3%A1,,resuelto,regla:diferido-paso3
2.2-aproximado,v5_p08,142,Yuquerí,localidad,Yuquerí,wiki=aproximado: Yunquera https://es.wikipedia.org/wiki/Yunquera,,resuelto,revision_aproximados.csv:verbatim_paso3
2.2-sin_match,v6_p01,183,Aerolito,localidad,Aerolito,wiki=sin_match: Aerolito https://es.wikipedia.org/wiki/Aerolito,,resuelto,regla:diferido-paso3
2.2-sin_match,v6_p01,278,Agustina Libarona,localidad,Agustina Libarona,wiki=sin_match:,,resuelto,regla:diferido-paso3
2.2-sin_match,v6_p01,284,Amamá,localidad,Amamá,wiki=sin_match: Amama (película) https://es.wikipedia.org/wiki/Amama_(pel%C3%ADcula),,resuelto,regla:diferido-paso3
2.2-sin_match,v6_p01,272,Baez,localidad,Baez,wiki=sin_match: Baez https://es.wikipedia.org/wiki/Baez,,resuelto,regla:diferido-paso3
2.2-sin_match,v6_p01,244,Barrialito,localidad,Barrialito,wiki=sin_match: Barrio del Alto (Puebla) https://es.wikipedia.org/wiki/Barrio_del_Alto_(Puebla),,resuelto,regla:diferido-paso3
2.2-sin_match,v6_p01,280,Bobadal,localidad,Bobadal,wiki=sin_match: Bobadal https://es.wikipedia.org/wiki/Bobadal,,resuelto,regla:diferido-paso3
2.2-sin_match,v6_p01,215,Cardozo,localidad,Cardozo,wiki=sin_match: Neri Cardozo https://es.wikipedia.org/wiki/Neri_Cardozo,,resuelto,regla:diferido-paso3
2.2-aproximado,v6_p01,238,Cejolao,localidad,Cejolao,wiki=aproximado: Cajolá https://es.wikipedia.org/wiki/Cajol%C3%A1,,resuelto,revision_aproximados.csv:verbatim_paso3
2.2-sin_match,v6_p01,160,Clodomiro Díaz,localidad,Clodomiro Díaz,wiki=sin_match: Clodomiro Díaz https://es.wikipedia.org/wiki/Clodomiro_D%C3%ADaz,,resuelto,regla:diferido-paso3
2.2-sin_match,v6_p01,100,Colonia José Mármol,localidad,Colonia José Mármol,wiki=sin_match:,,resuelto,regla:diferido-paso3
2.2-sin_match,v6_p01,91,Colonias Unidas,localidad,Colonias Unidas,wiki=sin_match: Colonias Unidas (localidad) https://es.wikipedia.org/wiki/Colonias_Unidas_(localidad),,resuelto,regla:diferido-paso3
2.2-sin_match,v6_p02,42,Colonia Villafañe,localidad,Colonia Villafañe,wiki=sin_match:,,resuelto,regla:diferido-paso3
2.2-aproximado,v6_p02,271,Ciervo Petizo,localidad,Ciervo Petizo,wiki=aproximado: Ciervo Petiso https://es.wikipedia.org/wiki/Ciervo_Petiso,,resuelto,revision_aproximados.csv:verbatim_paso3
2.2-sin_match,v6_p02,239,Coronel Manuel L. Rico,localidad,Coronel Manuel L. Rico,wiki=sin_match:,,resuelto,regla:diferido-paso3
2.2-sin_match,v6_p02,184,Desvío Bruchard,localidad,Desvío Bruchard,wiki=sin_match:,,resuelto,regla:diferido-paso3
2.2-sin_match,v6_p02,230,Doña Luisa,localidad,Doña Luisa,wiki=sin_match: Doña Susana https://es.wikipedia.org/wiki/Do%C3%B1a_Susana,,resuelto,regla:diferido-paso3
2.2-sin_match,v6_p02,26,El Colorado,localidad,El Colorado,wiki=sin_match: El Colorado (Formosa) https://es.wikipedia.org/wiki/El_Colorado_(Formosa),,resuelto,regla:diferido-paso3
2.2-aproximado,v6_p02,162,El Malacara,localidad,El Malacara,wiki=aproximado: El Malacate https://es.wikipedia.org/wiki/El_Malacate,,resuelto,revision_aproximados.csv:verbatim_paso3
2.2-aproximado,v6_p02,237,El Pértigo,localidad,El Pértigo,wiki=aproximado: El Perdigón https://es.wikipedia.org/wiki/El_Perdig%C3%B3n,,resuelto,revision_aproximados.csv:verbatim_paso3
2.2-sin_match,v6_p02,201,El Pintado,localidad,El Pintado,wiki=sin_match: El Pintado https://es.wikipedia.org/wiki/El_Pintado,,resuelto,regla:diferido-paso3
2.2-sin_match,v6_p02,171,Estación Los Tigres,localidad,Estación Los Tigres,wiki=sin_match:,,resuelto,regla:diferido-paso3
2.2-sin_match,v6_p02,214,Fortín Aguilar,localidad,Fortín Aguilar,wiki=sin_match:,,resuelto,regla:diferido-paso3
2.2-sin_match,v6_p02,275,Fortín Cardoso,localidad,Fortín Cardoso,wiki=sin_match:,,resuelto,regla:diferido-paso3
2.2-sin_match,v6_p03,139,Garza,localidad,Garza,wiki=sin_match: Garza https://es.wikipedia.org/wiki/Garza,,resuelto,regla:diferido-paso3
2.2-sin_match,v6_p03,14,Gral. José de San Martín,localidad,Gral. José de San Martín,wiki=sin_match:,,resuelto,regla:diferido-paso3
2.2-aproximado,v6_p03,159,Girardet,localidad,Girardet,wiki=aproximado: Girardot https://es.wikipedia.org/wiki/Girardot,,resuelto,revision_aproximados.csv:verbatim_paso3
2.2-sin_match,v6_p03,170,Granadero Gatica,localidad,Granadero Gatica,wiki=sin_match:,,resuelto,regla:diferido-paso3
2.2-sin_match,v6_p03,247,Haase,localidad,Haase,wiki=sin_match: Hugo Haase https://es.wikipedia.org/wiki/Hugo_Haase,,resuelto,regla:diferido-paso3
2.2-sin_match,v6_p03,150,Hoyón,localidad,Hoyón,wiki=sin_match: Hoyo negro https://es.wikipedia.org/wiki/Hoyo_negro,,resuelto,regla:diferido-paso3
2.2-aproximado,v6_p03,273,Huayamampa,localidad,Huayamampa,wiki=aproximado: Huayupampa (Lima) https://es.wikipedia.org/wiki/Huayupampa_(Lima),,resuelto,revision_aproximados.csv:defer_paso3_wiki_ruido
2.2-sin_match,v6_p03,258,Ingeniero Ezcurra,localidad,Ingeniero Ezcurra,wiki=sin_match:,,resuelto,regla:diferido-paso3
2.2-sin_match,v6_p03,158,Itín,localidad,Itín,wiki=sin_match: Itín https://es.wikipedia.org/wiki/It%C3%ADn,,resuelto,regla:diferido-paso3
2.2-aproximado,v6_p03,185,Juncal Grande,localidad,Juncal Grande,wiki=aproximado: Junta Grande https://es.wikipedia.org/wiki/Junta_Grande,,resuelto,revision_aproximados.csv:typo_transcripcion
2.2-sin_match,v6_p03,132,Km. 100 Nav. Río Bermejo,localidad,Km. 100 Nav. Río Bermejo,wiki=sin_match:,,resuelto,regla:diferido-paso3
2.2-aproximado,v6_p03,223,Kilómetro 213,localidad,Kilómetro 213,wiki=aproximado: Kilómetro 31 https://es.wikipedia.org/wiki/Kil%C3%B3metro_31,,resuelto,revision_aproximados.csv:verbatim_paso3
2.2-sin_match,v6_p03,245,La Brea,localidad,La Brea,wiki=sin_match: La Brea (serie de televisión) https://es.wikipedia.org/wiki/La_Brea_(serie_de_televisi%C3%B3n),,resuelto,regla:diferido-paso3
2.2-aproximado,v6_p04,282,Las Abras,localidad,Las Abras,wiki=aproximado: Las Cabras https://es.wikipedia.org/wiki/Las_Cabras,,resuelto,revision_aproximados.csv:verbatim_paso3
2.2-sin_match,v6_p04,27,Las Palmas,localidad,Las Palmas,wiki=sin_match: Las Palmas (A-52) https://es.wikipedia.org/wiki/Las_Palmas_(A-52),,resuelto,regla:diferido-paso3
2.2-aproximado,v6_p04,12,Las Termas,localidad,Las Termas,wiki=aproximado: Las Heras (Santa Cruz) https://es.wikipedia.org/wiki/Las_Heras_(Santa_Cruz),,resuelto,revision_aproximados.csv:defer_paso3_wiki_ruido
2.2-sin_match,v6_p04,136,Las Tinajas,localidad,Las Tinajas,wiki=sin_match: Las Tinajas https://es.wikipedia.org/wiki/Las_Tinajas,,resuelto,regla:diferido-paso3
2.2-sin_match,v6_p04,190,La Tapa,localidad,La Tapa,wiki=sin_match: La tapadera (serie de televisión) https://es.wikipedia.org/wiki/La_tapadera_(serie_de_televisi%C3%B3n),,resuelto,regla:diferido-paso3
2.2-aproximado,v6_p04,212,Los Linares,localidad,Los Linares,wiki=aproximado: Los Vinagres https://es.wikipedia.org/wiki/Los_Vinagres,,resuelto,revision_aproximados.csv:verbatim_paso3
2.2-aproximado,v6_p04,151,Los Matacos,localidad,Los Matacos,wiki=aproximado: Los Haticos https://es.wikipedia.org/wiki/Los_Haticos,,resuelto,revision_aproximados.csv:verbatim_paso3
2.2-sin_match,v6_p04,270,Llajta Mauca,localidad,Llajta Mauca,wiki=sin_match:,,resuelto,regla:diferido-paso3
2.2-aproximado,v6_p04,222,Mailín,localidad,Mailín,wiki=aproximado: Mai Lin https://es.wikipedia.org/wiki/Mai_Lin,,resuelto,revision_aproximados.csv:defer_paso3_puntuacion
2.2-aproximado,v6_p04,262,Malota,localidad,Malota,wiki=aproximado: Malta https://es.wikipedia.org/wiki/Malta,,resuelto,revision_aproximados.csv:verbatim_paso3
2.2-sin_match,v6_p04,197,Mal Paso,localidad,Mal Paso,wiki=sin_match: Mal Paso (Aguada) https://es.wikipedia.org/wiki/Mal_Paso_(Aguada),,resuelto,regla:diferido-paso3
2.2-sin_match,v6_p04,276,Melero,localidad,Melero,wiki=sin_match: Daniel Melero https://es.wikipedia.org/wiki/Daniel_Melero,,resuelto,regla:diferido-paso3
2.2-aproximado,v6_p05,120,Mesón de Pierro,localidad,Mesón de Pierro,wiki=aproximado: Mesón de Fierro https://es.wikipedia.org/wiki/Mes%C3%B3n_de_Fierro,,resuelto,revision_aproximados.csv:typo_transcripcion
2.2-aproximado,v6_p05,277,Miel de Palo,localidad,Miel de Palo,wiki=aproximado: Miel de palma https://es.wikipedia.org/wiki/Miel_de_palma,,resuelto,revision_aproximados.csv:verbatim_paso3
2.2-sin_match,v6_p05,152,Misión Fco. Tacaaglé,localidad,Misión Fco. Tacaaglé,wiki=sin_match:,,resuelto,regla:diferido-paso3
2.2-sin_match,v6_p05,43,Misión San Fco. de Laishí,localidad,Misión San Fco. de Laishí,wiki=sin_match:,,resuelto,regla:diferido-paso3
2.2-sin_match,v6_p05,268,Oetling,localidad,Oetling,wiki=sin_match: Elena Oetling https://es.wikipedia.org/wiki/Elena_Oetling,,resuelto,regla:diferido-paso3
2.2-sin_match,v6_p05,124,Otumpa,localidad,Otumpa,wiki=sin_match: Otumpa https://es.wikipedia.org/wiki/Otumpa,,resuelto,regla:diferido-paso3
2.2-sin_match,v6_p05,209,Pampa Florida,localidad,Pampa Florida,wiki=sin_match:,,resuelto,regla:diferido-paso3
2.2-aproximado,v6_p05,205,Pozo del Indio,localidad,Pozo del Indio,wiki=aproximado: Paso del Indio https://es.wikipedia.org/wiki/Paso_del_Indio,,resuelto,revision_aproximados.csv:verbatim_paso3
2.2-aproximado,v6_p05,130,Pozo Grande,localidad,Pozo Grande,wiki=aproximado: Paco Grande https://es.wikipedia.org/wiki/Paco_Grande,,resuelto,revision_aproximados.csv:verbatim_paso3
2.2-aproximado,v6_p05,257,Pozo Herrera,localidad,Pozo Herrera,wiki=aproximado: Paco Herrera https://es.wikipedia.org/wiki/Paco_Herrera,,resuelto,revision_aproximados.csv:verbatim_paso3
2.2-sin_match,v6_p05,7,Pcia. Roque Saenz Peña,localidad,Pcia. Roque Saenz Peña,wiki=sin_match:,,resuelto,regla:diferido-paso3
2.2-sin_match,v6_p05,131,Presidente Irigoyen,localidad,Presidente Irigoyen,wiki=sin_match:,,resuelto,regla:diferido-paso3
2.2-sin_match,v6_p06,259,Punta Corral,localidad,Punta Corral,wiki=sin_match: Punta Morrell https://es.wikipedia.org/wiki/Punta_Morrell,,resuelto,regla:diferido-paso3
2.2-sin_match,v6_p06,233,Quebracho Coto,localidad,Quebracho Coto,wiki=sin_match: Quebracho Colorado https://es.wikipedia.org/wiki/Quebracho_Colorado,,resuelto,regla:diferido-paso3
2.2-aproximado,v6_p06,161,Ramírez de Velasco,localidad,Ramírez de Velasco,wiki=aproximado: Ramírez de Velazco https://es.wikipedia.org/wiki/Ram%C3%ADrez_de_Velazco,,resuelto,revision_aproximados.csv:verbatim_paso3
2.2-aproximado,v6_p06,57,Riacho He He,localidad,Riacho He He,wiki=aproximado: Riacho He-Hé https://es.wikipedia.org/wiki/Riacho_He-H%C3%A9,,resuelto,revision_aproximados.csv:defer_paso3_puntuacion
2.2-aproximado,v6_p06,219,Sabagasta,localidad,Sabagasta,wiki=aproximado: Sañogasta https://es.wikipedia.org/wiki/Sa%C3%B1ogasta,,resuelto,revision_aproximados.csv:verbatim_paso3
2.2-sin_match,v6_p06,71,Samuhú,localidad,Samuhú,wiki=sin_match: Samuhú https://es.wikipedia.org/wiki/Samuh%C3%BA,,resuelto,regla:diferido-paso3
2.2-sin_match,v6_p06,164,San Antonio de Copo,localidad,San Antonio de Copo,wiki=sin_match: San Antonio de Cortés https://es.wikipedia.org/wiki/San_Antonio_de_Cort%C3%A9s,,resuelto,regla:diferido-paso3
2.2-sin_sugerencia,v6_p06,126,San Pedro,localidad,San Pedro,wiki=sin_sugerencia:,,resuelto,regla:diferido-paso3
2.2-sin_match,v6_p06,126,San Pedro,localidad,San Pedro,wiki=sin_match: San Pedro https://es.wikipedia.org/wiki/San_Pedro,,resuelto,regla:diferido-paso3
2.2-sin_match,v6_p07,107,Tacañitas,localidad,Tacañitas,wiki=sin_match: Tacañitas https://es.wikipedia.org/wiki/Taca%C3%B1itas,,resuelto,regla:diferido-paso3
2.2-sin_match,v6_p07,250,Teniente Brown,localidad,Teniente Brown,wiki=sin_match:,,resuelto,regla:diferido-paso3
2.2-sin_match,v6_p07,256,Tipiro,localidad,Tipiro,wiki=sin_match: Tipitapa https://es.wikipedia.org/wiki/Tipitapa,,resuelto,regla:diferido-paso3
2.2-sin_match,v6_p07,279,Tobas,localidad,Tobas,wiki=sin_match: Tobas https://es.wikipedia.org/wiki/Tobas,,resuelto,regla:diferido-paso3
2.2-sin_match,v6_p07,193,Urutaú,localidad,Urutaú,wiki=sin_match: Urutaú https://es.wikipedia.org/wiki/Uruta%C3%BA,,resuelto,regla:diferido-paso3
2.2-sin_match,v6_p07,182,Velaz,localidad,Velaz,wiki=sin_match: Lorena Velázquez https://es.wikipedia.org/wiki/Lorena_Vel%C3%A1zquez,,resuelto,regla:diferido-paso3
2.2-aproximado,v6_p07,180,Vicentini,localidad,Vicentini,wiki=aproximado: Vicentico https://es.wikipedia.org/wiki/Vicentico,,resuelto,revision_aproximados.csv:verbatim_paso3
2.2-sin_match,v6_p07,196,Villa Brana,localidad,Villa Brana,wiki=sin_match: Villabrázaro https://es.wikipedia.org/wiki/Villabr%C3%A1zaro,,resuelto,regla:diferido-paso3
2.2-sin_match,v6_p07,122,Villa Escobar Navegación Río Bermejo,localidad,Villa Escobar Navegación Río Bermejo,wiki=sin_match:,,resuelto,regla:diferido-paso3
2.2-sin_match,v6_p07,266,Villa Guasayán,localidad,Villa Guasayán,wiki=sin_match:,,resuelto,regla:diferido-paso3
2.2-sin_match,v6_p07,254,Villa Matoque,localidad,Villa Matoque,wiki=sin_match: Villa Moquehue https://es.wikipedia.org/wiki/Villa_Moquehue,,resuelto,regla:diferido-paso3
2.2-aproximado,v6_p07,145,Villa Robles,localidad,Villa Robles,wiki=aproximado: Villa Roulet https://es.wikipedia.org/wiki/Villa_Roulet,,resuelto,revision_aproximados.csv:verbatim_paso3
2.2-sin_match,v6_p07,89,Zanjón,localidad,Zanjón,wiki=sin_match: Zanjón https://es.wikipedia.org/wiki/Zanj%C3%B3n,,resuelto,regla:diferido-paso3
2.2-aproximado,v7_p01,216,Acambuco,localidad,Acambuco,wiki=aproximado: Arcabuco https://es.wikipedia.org/wiki/Arcabuco,,resuelto,revision_aproximados.csv:verbatim_paso3
2.2-sin_match,v7_p01,146,Agua Dulce,localidad,Agua Dulce,wiki=sin_match: Agua dulce https://es.wikipedia.org/wiki/Agua_dulce,,resuelto,regla:diferido-paso3
2.2-aproximado,v7_p01,362,Agunyo,localidad,Agunyo,wiki=aproximado: Agudo (Ciudad Real) https://es.wikipedia.org/wiki/Agudo_(Ciudad_Real),,resuelto,revision_aproximados.csv:defer_paso3_wiki_ruido
2.2-sin_match,v7_p01,212,Amaichá del Valle,localidad,Amaichá del Valle,wiki=sin_match: Amaicha del Valle https://es.wikipedia.org/wiki/Amaicha_del_Valle,,resuelto,regla:diferido-paso3
2.2-aproximado,v7_p01,305,Arároz,localidad,Arároz,wiki=aproximado: Arroz https://es.wikipedia.org/wiki/Arroz,,resuelto,revision_aproximados.csv:typo_transcripcion
2.2-sin_match,v7_p01,331,Arauco,localidad,Arauco,wiki=sin_match: Arauco https://es.wikipedia.org/wiki/Arauco,,resuelto,regla:diferido-paso3
2.2-aproximado,v7_p01,370,Bajo Grande,localidad,Bajo Grande,wiki=aproximado: Bado Grande https://es.wikipedia.org/wiki/Bado_Grande,,resuelto,revision_aproximados.csv:verbatim_paso3
2.2-sin_match,v7_p02,226,Balcosna,localidad,Balcosna,wiki=sin_match: Balcosna https://es.wikipedia.org/wiki/Balcosna,,resuelto,regla:diferido-paso3
2.2-aproximado,v7_p02,317,Cangrejilla,localidad,Cangrejilla,wiki=aproximado: Cangrejillos https://es.wikipedia.org/wiki/Cangrejillos,,resuelto,revision_aproximados.csv:verbatim_paso3
2.2-sin_match,v7_p02,187,Capayán,localidad,Capayán,wiki=sin_match: Capayán (Catamarca) https://es.wikipedia.org/wiki/Capay%C3%A1n_(Catamarca),,resuelto,regla:diferido-paso3
2.2-sin_match,v7_p02,372,Capitán J. Page,localidad,Capitán J. Page,wiki=sin_match: Capitanía general de Cuba https://es.wikipedia.org/wiki/Capitan%C3%ADa_general_de_Cuba,,resuelto,regla:diferido-paso3
2.2-aproximado,v7_p02,428,Carahuasi,localidad,Carahuasi,wiki=aproximado: Carauari https://es.wikipedia.org/wiki/Carauari,,resuelto,revision_aproximados.csv:verbatim_paso3
2.2-sin_match,v7_p02,222,Carrizal,localidad,Carrizal,wiki=sin_match: Carrizal https://es.wikipedia.org/wiki/Carrizal,,resuelto,regla:diferido-paso3
2.2-sin_match,v7_p02,3,Catamarca,localidad,Catamarca,wiki=sin_match: Catamarca https://es.wikipedia.org/wiki/Catamarca,,resuelto,regla:diferido-paso3
2.2-sin_match,v7_p02,341,Cebollar,localidad,Cebollar,wiki=sin_match: Cebollitas (serie de televisión) https://es.wikipedia.org/wiki/Cebollitas_(serie_de_televisi%C3%B3n),,resuelto,regla:diferido-paso3
2.2-sin_match,v7_p02,151,Cevil Pozo,localidad,Cevil Pozo,wiki=sin_match:,,resuelto,regla:diferido-paso3
2.2-sin_match,v7_p02,304,Cevil Redondo,localidad,Cevil Redondo,wiki=sin_match: Cevil Redondo https://es.wikipedia.org/wiki/Cevil_Redondo,,resuelto,regla:diferido-paso3
2.2-aproximado,v7_p02,350,Cienaguillas,localidad,Cienaguillas,wiki=aproximado: Cieneguillas (Argentina) https://es.wikipedia.org/wiki/Cieneguillas_(Argentina),,resuelto,revision_aproximados.csv:verbatim_paso3
2.2-sin_match,v7_p03,414,Comandante Leal,localidad,Comandante Leal,wiki=sin_match: Comandante Salvador https://es.wikipedia.org/wiki/Comandante_Salvador,,resuelto,regla:diferido-paso3
2.2-sin_match,v7_p03,153,Cnel. Juan Solá Morillo,localidad,Cnel. Juan Solá Morillo,wiki=sin_match:,,resuelto,regla:diferido-paso3
2.2-sin_match,v7_p03,418,Corral de Isaac,localidad,Corral de Isaac,wiki=sin_match:,,resuelto,regla:diferido-paso3
2.2-sin_match,v7_p03,422,Crossmayo,localidad,Crossmayo,wiki=sin_match: Crossmaglen https://es.wikipedia.org/wiki/Crossmaglen,,resuelto,regla:diferido-paso3
2.2-sin_match,v7_p03,168,Chañar,localidad,Chañar,wiki=sin_match: Chañar https://es.wikipedia.org/wiki/Cha%C3%B1ar,,resuelto,regla:diferido-paso3
2.2-sin_match,v7_p03,399,Chelcos,localidad,Chelcos,wiki=sin_match: Chelonioidea https://es.wikipedia.org/wiki/Chelonioidea,,resuelto,regla:diferido-paso3
2.2-sin_match,v7_p03,257,Chicligasta,localidad,Chicligasta,wiki=sin_match:,,resuelto,regla:diferido-paso3
2.2-sin_match,v7_p03,293,Dr. Facundo Zuviría,localidad,Dr. Facundo Zuviría,wiki=sin_match:,,resuelto,regla:diferido-paso3
2.2-sin_match,v7_p03,246,Dragones,localidad,Dragones,wiki=sin_match: Dragones https://es.wikipedia.org/wiki/Dragones,,resuelto,regla:diferido-paso3
2.2-sin_match,v7_p04,181,El Molino,localidad,El Molino,wiki=sin_match: El Molino https://es.wikipedia.org/wiki/El_Molino,,resuelto,regla:diferido-paso3
2.2-aproximado,v7_p04,310,El Morano,localidad,El Morano,wiki=aproximado: El Molino (cabaré) https://es.wikipedia.org/wiki/El_Molino_(cabar%C3%A9),,resuelto,revision_aproximados.csv:defer_paso3_wiki_ruido
2.2-sin_match,v7_p04,178,El Naranjo,localidad,El Naranjo,wiki=sin_match: El Naranjo https://es.wikipedia.org/wiki/El_Naranjo,,resuelto,regla:diferido-paso3
2.2-sin_match,v7_p04,288,El Potrero,localidad,El Potrero,wiki=sin_match: El Potrero https://es.wikipedia.org/wiki/El_Potrero,,resuelto,regla:diferido-paso3
2.2-sin_match,v7_p04,298,El Recreo,localidad,El Recreo,wiki=sin_match: El Recreo https://es.wikipedia.org/wiki/El_Recreo,,resuelto,regla:diferido-paso3
2.2-aproximado,v7_p04,408,El Taco,localidad,El Taco,wiki=aproximado: El Tabo https://es.wikipedia.org/wiki/El_Tabo,,resuelto,revision_aproximados.csv:verbatim_paso3
2.2-aproximado,v7_p04,183,Estación Masán,localidad,Estación Masán,wiki=aproximado: Estación Mazán https://es.wikipedia.org/wiki/Estaci%C3%B3n_Maz%C3%A1n,,resuelto,revision_aproximados.csv:verbatim_paso3
2.2-sin_match,v7_p04,363,Esteban de Urizar,localidad,Esteban de Urizar,wiki=sin_match: Esteban de Urizar y Arespacochaga https://es.wikipedia.org/wiki/Esteban_de_Urizar_y_Arespacochaga,,resuelto,regla:diferido-paso3
2.2-sin_match,v7_p04,96,Gastona,localidad,Gastona,wiki=sin_match: Gastón Ávila https://es.wikipedia.org/wiki/Gast%C3%B3n_%C3%81vila,,resuelto,regla:diferido-paso3
2.2-sin_match,v7_p04,398,General Alvarado,localidad,General Alvarado,wiki=sin_match: General Alvarado https://es.wikipedia.org/wiki/General_Alvarado,,resuelto,regla:diferido-paso3
2.2-sin_match,v7_p04,19,General Martín Miguel de Güemes,localidad,General Martín Miguel de Güemes,wiki=sin_match:,,resuelto,regla:diferido-paso3
2.2-sin_match,v7_p04,308,Gobernador Piedrabuena,localidad,Gobernador Piedrabuena,wiki=sin_match: Gobernador Piedrabuena https://es.wikipedia.org/wiki/Gobernador_Piedrabuena,,resuelto,regla:diferido-paso3
2.2-sin_match,v7_p04,279,Golpes,localidad,Golpes,wiki=sin_match: Golpes Bajos https://es.wikipedia.org/wiki/Golpes_Bajos,,resuelto,regla:diferido-paso3
2.2-sin_match,v7_p05,402,Huasa Pampa Sud,localidad,Huasa Pampa Sud,wiki=sin_match:,,resuelto,regla:diferido-paso3
2.2-sin_match,v7_p05,30,Ingenio La Esperanza,localidad,Ingenio La Esperanza,wiki=sin_match:,,resuelto,regla:diferido-paso3
2.2-aproximado,v7_p05,106,Ingenio Lules,localidad,Ingenio Lules,wiki=aproximado: Ingenio Leales https://es.wikipedia.org/wiki/Ingenio_Leales,,resuelto,revision_aproximados.csv:verbatim_paso3
2.2-sin_match,v7_p05,14,Ingenio Santa Ana,localidad,Ingenio Santa Ana,wiki=sin_match: Ingenio Santa Bárbara https://es.wikipedia.org/wiki/Ingenio_Santa_B%C3%A1rbara,,resuelto,regla:diferido-paso3
2.2-sin_match,v7_p05,410,Ipisca,localidad,Ipisca,wiki=sin_match: Ipiales https://es.wikipedia.org/wiki/Ipiales,,resuelto,regla:diferido-paso3
2.2-sin_match,v7_p05,306,Jerónimo Matorras,localidad,Jerónimo Matorras,wiki=sin_match:,,resuelto,regla:diferido-paso3
2.2-sin_match,v7_p05,45,Joaquín V. González,localidad,Joaquín V. González,wiki=sin_match: Joaquín V. González https://es.wikipedia.org/wiki/Joaqu%C3%ADn_V._Gonz%C3%A1lez,,resuelto,regla:diferido-paso3
2.2-sin_match,v7_p05,228,La Caldera,localidad,La Caldera,wiki=sin_match: La Caldera https://es.wikipedia.org/wiki/La_Caldera,,resuelto,regla:diferido-paso3
2.2-sin_match,v7_p05,259,La Ciénaga,localidad,La Ciénaga,wiki=sin_match: La Ciénaga https://es.wikipedia.org/wiki/La_Ci%C3%A9naga,,resuelto,regla:diferido-paso3
2.2-sin_match,v7_p05,119,La Fronterita,localidad,La Fronterita,wiki=sin_match: La Fronterita https://es.wikipedia.org/wiki/La_Fronterita,,resuelto,regla:diferido-paso3
2.2-sin_match,v7_p05,352,La Jarilla,localidad,La Jarilla,wiki=sin_match: La Jarilla https://es.wikipedia.org/wiki/La_Jarilla,,resuelto,regla:diferido-paso3
2.2-sin_match,v7_p05,67,La Madrid,localidad,La Madrid,wiki=sin_match: La Madrid https://es.wikipedia.org/wiki/La_Madrid,,resuelto,regla:diferido-paso3
2.2-sin_match,v7_p05,396,La Puerta de San José,localidad,La Puerta de San José,wiki=sin_match: La Puerta de San José https://es.wikipedia.org/wiki/La_Puerta_de_San_Jos%C3%A9,,resuelto,regla:diferido-paso3
2.2-sin_match,v7_p05,88,La Ramada,localidad,La Ramada,wiki=sin_match: La Ramada https://es.wikipedia.org/wiki/La_Ramada,,resuelto,regla:diferido-paso3
2.2-sin_match,v7_p06,397,Las Cañas,localidad,Las Cañas,wiki=sin_match: Las Cañas https://es.wikipedia.org/wiki/Las_Ca%C3%B1as,,resuelto,regla:diferido-paso3
2.2-sin_match,v7_p06,173,Las Lajitas,localidad,Las Lajitas,wiki=sin_match: Las Lajitas https://es.wikipedia.org/wiki/Las_Lajitas,,resuelto,regla:diferido-paso3
2.2-sin_match,v7_p06,100,Las Pirquitas,localidad,Las Pirquitas,wiki=sin_match: Las Pirquitas https://es.wikipedia.org/wiki/Las_Pirquitas,,resuelto,regla:diferido-paso3
2.2-sin_match,v7_p06,235,La Viña,localidad,La Viña,wiki=sin_match: La Viña https://es.wikipedia.org/wiki/La_Vi%C3%B1a,,resuelto,regla:diferido-paso3
2.2-sin_match,v7_p06,127,Leales,localidad,Leales,wiki=sin_match: Los leales (obra de teatro) https://es.wikipedia.org/wiki/Los_leales_(obra_de_teatro),,resuelto,regla:diferido-paso3
2.2-sin_match,v7_p06,234,Leocadio Paz,localidad,Leocadio Paz,wiki=sin_match: Leocadio Marín https://es.wikipedia.org/wiki/Leocadio_Mar%C3%ADn,,resuelto,regla:diferido-paso3
2.2-sin_match,v7_p06,261,León,localidad,León,wiki=sin_match: León https://es.wikipedia.org/wiki/Le%C3%B3n,,resuelto,regla:diferido-paso3
2.2-sin_match,v7_p06,47,León Rouges,localidad,León Rouges,wiki=sin_match: León Rouges https://es.wikipedia.org/wiki/Le%C3%B3n_Rouges,,resuelto,regla:diferido-paso3
2.2-sin_match,v7_p06,31,Lib. Gral. San Martín,localidad,Lib. Gral. San Martín,wiki=sin_match:,,resuelto,regla:diferido-paso3
2.2-sin_match,v7_p06,353,Los Aguirres,localidad,Los Aguirres,wiki=sin_match:,,resuelto,regla:diferido-paso3
2.2-sin_match,v7_p06,190,Los Palacios,localidad,Los Palacios,wiki=sin_match: Los Palacios https://es.wikipedia.org/wiki/Los_Palacios,,resuelto,regla:diferido-paso3
2.2-sin_match,v7_p06,221,Lumbreras,localidad,Lumbreras,wiki=sin_match: César Lumbreras https://es.wikipedia.org/wiki/C%C3%A9sar_Lumbreras,,resuelto,regla:diferido-paso3
2.2-sin_match,v7_p06,208,Maconitas,localidad,Maconitas,wiki=sin_match: Menonita https://es.wikipedia.org/wiki/Menonita,,resuelto,regla:diferido-paso3
2.2-sin_match,v7_p07,421,Manuel Elordi,localidad,Manuel Elordi,wiki=sin_match: Manuele Mori https://es.wikipedia.org/wiki/Manuele_Mori,,resuelto,regla:diferido-paso3
2.2-sin_match,v7_p07,415,Martínez del Tineo,localidad,Martínez del Tineo,wiki=sin_match: Juan Victorino Martínez de Tineo https://es.wikipedia.org/wiki/Juan_Victorino_Mart%C3%ADnez_de_Tineo,,resuelto,regla:diferido-paso3
2.2-sin_match,v7_p07,342,Maucasén,localidad,Maucasén,wiki=sin_match: Macarena (Sevilla) https://es.wikipedia.org/wiki/Macarena_(Sevilla),,resuelto,regla:diferido-paso3
2.2-sin_match,v7_p07,132,Medinas,localidad,Medinas,wiki=sin_match: Medinas https://es.wikipedia.org/wiki/Medinas,,resuelto,regla:diferido-paso3
2.2-sin_match,v7_p07,12,Metán,localidad,Metán,wiki=sin_match: Metán https://es.wikipedia.org/wiki/Met%C3%A1n,,resuelto,regla:diferido-paso3
2.2-aproximado,v7_p07,254,Mina Pirquita,localidad,Mina Pirquita,wiki=aproximado: Mina Pirquitas https://es.wikipedia.org/wiki/Mina_Pirquitas,,resuelto,revision_aproximados.csv:verbatim_paso3
2.2-aproximado,v7_p07,345,Mixta,localidad,Mixta,wiki=aproximado: Mixtape https://es.wikipedia.org/wiki/Mixtape,,resuelto,revision_aproximados.csv:defer_paso3_wiki_ruido
2.2-aproximado,v7_p07,312,Mojotoro,localidad,Mojotoro,wiki=aproximado: Montoro https://es.wikipedia.org/wiki/Montoro,,resuelto,revision_aproximados.csv:verbatim_paso3
2.2-aproximado,v7_p07,125,Monte Rico,localidad,Monte Rico,wiki=aproximado: Montefrío https://es.wikipedia.org/wiki/Montefr%C3%ADo,,resuelto,revision_aproximados.csv:verbatim_paso3
2.2-aproximado,v7_p07,163,Muñquín,localidad,Muñquín,wiki=aproximado: Mutquín https://es.wikipedia.org/wiki/Mutqu%C3%ADn,,resuelto,revision_aproximados.csv:typo_transcripcion
2.2-aproximado,v7_p07,313,Nasareno,localidad,Nasareno,wiki=aproximado: Nazarenos (secta cristiana) https://es.wikipedia.org/wiki/Nazarenos_(secta_cristiana),,resuelto,revision_aproximados.csv:verbatim_paso3
2.2-sin_match,v7_p07,169,Ntra.Sra. de Talavera,localidad,Ntra.Sra. de Talavera,wiki=sin_match:,,resuelto,regla:diferido-paso3
2.2-aproximado,v7_p07,382,Noquebe,localidad,Noquebe,wiki=aproximado: Noquear https://es.wikipedia.org/wiki/Noquear,,resuelto,revision_aproximados.csv:verbatim_paso3
2.2-aproximado,v7_p07,364,Padre Lozana,localidad,Padre Lozana,wiki=aproximado: Padre Lozano https://es.wikipedia.org/wiki/Padre_Lozano,,resuelto,revision_aproximados.csv:verbatim_paso3
2.2-sin_match,v7_p07,275,Palomitas,localidad,Palomitas,wiki=sin_match: Palomitas (programa de televisión) https://es.wikipedia.org/wiki/Palomitas_(programa_de_televisi%C3%B3n),,resuelto,regla:diferido-paso3
2.2-aproximado,v7_p07,378,Palta de Aparzo,localidad,Palta de Aparzo,wiki=aproximado: Palca de Aparzo https://es.wikipedia.org/wiki/Palca_de_Aparzo,,resuelto,revision_aproximados.csv:defer_paso3
2.2-sin_match,v7_p08,58,Pedro G. Méndes,localidad,Pedro G. Méndes,wiki=sin_match: Pedro Mendes (futbolista nacido en 1990) https://es.wikipedia.org/wiki/Pedro_Mendes_(futbolista_nacido_en_1990),,resuelto,regla:diferido-paso3
2.2-sin_match,v7_p08,135,Pomán,localidad,Pomán,wiki=sin_match: Pomán https://es.wikipedia.org/wiki/Pom%C3%A1n,,resuelto,regla:diferido-paso3
2.2-aproximado,v7_p08,74,Poso del Alto,localidad,Poso del Alto,wiki=aproximado: Pozo del Alto https://es.wikipedia.org/wiki/Pozo_del_Alto,,resuelto,revision_aproximados.csv:verbatim_paso3
2.2-aproximado,v7_p08,22,Pueblo Ledesma,localidad,Pueblo Ledesma,wiki=aproximado: Pablo Ledesma https://es.wikipedia.org/wiki/Pablo_Ledesma,,resuelto,revision_aproximados.csv:verbatim_paso3
2.2-aproximado,v7_p08,400,Puente de Plata,localidad,Puente de Plata,wiki=aproximado: Puente de Lata https://es.wikipedia.org/wiki/Puente_de_Lata,,resuelto,revision_aproximados.csv:verbatim_paso3
2.2-aproximado,v7_p08,380,Puerto La Paz,localidad,Puerto La Paz,wiki=aproximado: Puerto Capaz https://es.wikipedia.org/wiki/Puerto_Capaz,,resuelto,revision_aproximados.csv:verbatim_paso3
2.2-aproximado,v7_p08,337,Puesto del Marquéz,localidad,Puesto del Marquéz,wiki=aproximado: Puesto del Marqués https://es.wikipedia.org/wiki/Puesto_del_Marqu%C3%A9s,,resuelto,revision_aproximados.csv:verbatim_paso3
2.2-aproximado,v7_p08,383,Puesto Grande,localidad,Puesto Grande,wiki=aproximado: Puente Grande https://es.wikipedia.org/wiki/Puente_Grande,,resuelto,revision_aproximados.csv:verbatim_paso3
2.2-sin_match,v7_p08,252,Punta de Los Llanos,localidad,Punta de Los Llanos,wiki=sin_match: Punta de los Llanos https://es.wikipedia.org/wiki/Punta_de_los_Llanos,,resuelto,regla:diferido-paso3
2.2-sin_match,v7_p08,75,Ranchillos,localidad,Ranchillos,wiki=sin_match: Rancho Los Putos https://es.wikipedia.org/wiki/Rancho_Los_Putos,,resuelto,regla:diferido-paso3
2.2-sin_match,v7_p08,389,Rosario del Dorado,localidad,Rosario del Dorado,wiki=sin_match:,,resuelto,regla:diferido-paso3
2.2-aproximado,v7_p08,262,Rumi-Punco,localidad,Rumi-Punco,wiki=aproximado: Rumi Punco https://es.wikipedia.org/wiki/Rumi_Punco,,resuelto,revision_aproximados.csv:defer_paso3_puntuacion
2.2-sin_match,v7_p09,98,San Antonio de la Paz,localidad,San Antonio de la Paz,wiki=sin_match: San Antonio de La Paz https://es.wikipedia.org/wiki/San_Antonio_de_La_Paz,,resuelto,regla:diferido-paso3
2.2-sin_match,v7_p09,255,San José de Escalchi,localidad,San José de Escalchi,wiki=sin_match:,,resuelto,regla:diferido-paso3
2.2-sin_match,v7_p09,140,San José de Fray Mamerto Esquiú,localidad,San José de Fray Mamerto Esquiú,wiki=sin_match: San Jose (Fray Mamerto Esquiú) https://es.wikipedia.org/wiki/San_Jose_(Fray_Mamerto_Esqui%C3%BA),,resuelto,regla:diferido-paso3
2.2-sin_match,v7_p09,99,San Pablo,localidad,San Pablo,wiki=sin_match: San Pablo https://es.wikipedia.org/wiki/San_Pablo,,resuelto,regla:diferido-paso3
2.2-sin_sugerencia,v7_p09,340,San Pedro,localidad,San Pedro,wiki=sin_sugerencia:,,resuelto,regla:diferido-paso3
2.2-sin_sugerencia,v7_p09,340,San Pedro,localidad,San Pedro,wiki=sin_sugerencia:,,resuelto,regla:diferido-paso3
2.2-sin_match,v7_p09,340,San Pedro,localidad,San Pedro,wiki=sin_match: San Pedro https://es.wikipedia.org/wiki/San_Pedro,,resuelto,regla:diferido-paso3
2.2-aproximado,v7_p09,327,San Solano,localidad,San Solano,wiki=aproximado: San Rolando https://es.wikipedia.org/wiki/San_Rolando,,resuelto,revision_aproximados.csv:verbatim_paso3
2.2-sin_match,v7_p10,205,Santa Rita de Catuna,localidad,Santa Rita de Catuna,wiki=sin_match: Santa Rita de Catuna https://es.wikipedia.org/wiki/Santa_Rita_de_Catuna,,resuelto,regla:diferido-paso3
2.2-aproximado,v7_p10,333,Saucelito,localidad,Saucelito,wiki=aproximado: Saucesito https://es.wikipedia.org/wiki/Saucesito,,resuelto,revision_aproximados.csv:verbatim_paso3
2.2-aproximado,v7_p10,277,Senador Péres,localidad,Senador Péres,wiki=aproximado: Senador Perez https://es.wikipedia.org/wiki/Senador_Perez,,resuelto,revision_aproximados.csv:verbatim_paso3
2.2-sin_match,v7_p10,325,Sey,localidad,Sey,wiki=sin_match: Sey https://es.wikipedia.org/wiki/Sey,,resuelto,regla:diferido-paso3
2.2-aproximado,v7_p10,330,Tala Pampa,localidad,Tala Pampa,wiki=aproximado: Talapampa https://es.wikipedia.org/wiki/Talapampa,,resuelto,revision_aproximados.csv:defer_paso3_puntuacion
2.2-sin_match,v7_p10,271,Taruca Pampa,localidad,Taruca Pampa,wiki=sin_match:,,resuelto,regla:diferido-paso3
2.2-aproximado,v7_p10,419,Telaritos,localidad,Telaritos,wiki=aproximado: TeleXitos https://es.wikipedia.org/wiki/TeleXitos,,resuelto,revision_aproximados.csv:verbatim_paso3
2.2-sin_match,v7_p11,250,Toloche,localidad,Toloche,wiki=sin_match: Tolochenaz https://es.wikipedia.org/wiki/Tolochenaz,,resuelto,regla:diferido-paso3
2.2-aproximado,v7_p11,403,Tuisón,localidad,Tuisón,wiki=aproximado: Tucson https://es.wikipedia.org/wiki/Tucson,,resuelto,revision_aproximados.csv:verbatim_paso3
2.2-sin_match,v7_p11,361,Veintitrés de Agosto,localidad,Veintitrés de Agosto,wiki=sin_match:,,resuelto,regla:diferido-paso3
2.2-sin_match,v7_p11,24,Vespucio,localidad,Vespucio,wiki=sin_match: Vespucio Norte (estación) https://es.wikipedia.org/wiki/Vespucio_Norte_(estaci%C3%B3n),,resuelto,regla:diferido-paso3
2.2-sin_match,v7_p11,113,Villa Bustos,localidad,Villa Bustos,wiki=sin_match: Villa Bustos https://es.wikipedia.org/wiki/Villa_Bustos,,resuelto,regla:diferido-paso3
2.2-sin_match,v7_p11,395,Villa Chepes,localidad,Villa Chepes,wiki=sin_match: Villacreces https://es.wikipedia.org/wiki/Villacreces,,resuelto,regla:diferido-paso3
2.2-sin_match,v7_p11,138,Villa Nva. de Monte Rico,localidad,Villa Nva. de Monte Rico,wiki=sin_match:,,resuelto,regla:diferido-paso3
2.2-aproximado,v7_p11,230,Vipos,localidad,Vipos,wiki=aproximado: Viposia https://es.wikipedia.org/wiki/Viposia,,resuelto,revision_aproximados.csv:verbatim_paso3
2.2-sin_match,v7_p11,239,Yuchán,localidad,Yuchán,wiki=sin_match: Yuchán https://es.wikipedia.org/wiki/Yuch%C3%A1n,,resuelto,regla:diferido-paso3
2.2-sin_match,v8_p01,47,Algarrobal,localidad,Algarrobal,wiki=sin_match: Algarrobal https://es.wikipedia.org/wiki/Algarrobal,,resuelto,regla:diferido-paso3
2.2-sin_match,v8_p01,92,Algarrobo Verde,localidad,Algarrobo Verde,wiki=sin_match:,,resuelto,regla:diferido-paso3
2.2-aproximado,v8_p01,161,Cienegüita,localidad,Cienegüita,wiki=aproximado: Cienaguita https://es.wikipedia.org/wiki/Cienaguita,,resuelto,revision_aproximados.csv:verbatim_paso3
2.2-aproximado,v8_p01,89,Cochagual,localidad,Cochagual,wiki=aproximado: Conchagua https://es.wikipedia.org/wiki/Conchagua,,resuelto,revision_aproximados.csv:verbatim_paso3
2.2-sin_match,v8_p01,37,Colonia Alvear Oeste,localidad,Colonia Alvear Oeste,wiki=sin_match:,,resuelto,regla:diferido-paso3
2.2-aproximado,v8_p01,50,Costa del Araujo,localidad,Costa del Araujo,wiki=aproximado: Costa de Araujo https://es.wikipedia.org/wiki/Costa_de_Araujo,,resuelto,revision_aproximados.csv:verbatim_paso3
2.2-sin_match,v8_p02,109,Divisoria,localidad,Divisoria,wiki=sin_match: Divisoria de aguas https://es.wikipedia.org/wiki/Divisoria_de_aguas,,resuelto,regla:diferido-paso3
2.2-sin_match,v8_p02,196,El Gigante,localidad,El Gigante,wiki=sin_match: El Gigante https://es.wikipedia.org/wiki/El_Gigante,,resuelto,regla:diferido-paso3
2.2-sin_match,v8_p02,48,El Resguardo,localidad,El Resguardo,wiki=sin_match: El resguardo de tabacos https://es.wikipedia.org/wiki/El_resguardo_de_tabacos,,resuelto,regla:diferido-paso3
2.2-sin_match,v8_p02,153,El Volcán,localidad,El Volcán,wiki=sin_match: El Volcán https://es.wikipedia.org/wiki/El_Volc%C3%A1n,,resuelto,regla:diferido-paso3
2.2-sin_match,v8_p02,143,Hipólito Irigoyen,localidad,Hipólito Irigoyen,wiki=sin_match: Hipólito Irigoyen (dirigente de fútbol) https://es.wikipedia.org/wiki/Hip%C3%B3lito_Irigoyen_(dirigente_de_f%C3%BAtbol),,resuelto,regla:diferido-paso3
2.2-sin_match,v8_p02,137,Ingeniero Balloffet,localidad,Ingeniero Balloffet,wiki=sin_match:,,resuelto,regla:diferido-paso3
2.2-sin_match,v8_p02,24,Jáchal,localidad,Jáchal,wiki=sin_match: Jáchal https://es.wikipedia.org/wiki/J%C3%A1chal,,resuelto,regla:diferido-paso3
2.2-sin_match,v8_p02,189,Jarrilla,localidad,Jarrilla,wiki=sin_match: Jarrell Brantley https://es.wikipedia.org/wiki/Jarrell_Brantley,,resuelto,regla:diferido-paso3
2.2-aproximado,v8_p02,57,La Bebida,localidad,La Bebida,wiki=aproximado: La Cebada (Chile) https://es.wikipedia.org/wiki/La_Cebada_(Chile),,resuelto,revision_aproximados.csv:defer_paso3_wiki_ruido
2.2-aproximado,v8_p02,194,La Botija,localidad,La Botija,wiki=aproximado: La botera https://es.wikipedia.org/wiki/La_botera,,resuelto,revision_aproximados.csv:verbatim_paso3
2.2-sin_match,v8_p02,195,La Ciénaga,localidad,La Ciénaga,wiki=sin_match: La Ciénaga https://es.wikipedia.org/wiki/La_Ci%C3%A9naga,,resuelto,regla:diferido-paso3
2.2-sin_match,v8_p02,34,La Colonia,localidad,La Colonia,wiki=sin_match: La Colonia https://es.wikipedia.org/wiki/La_Colonia,,resuelto,regla:diferido-paso3
2.2-aproximado,v8_p03,121,Las Cortaderas,localidad,Las Cortaderas,wiki=aproximado: Las Cantaderas https://es.wikipedia.org/wiki/Las_Cantaderas,,resuelto,revision_aproximados.csv:verbatim_paso3
2.2-sin_match,v8_p03,71,Las Malvinas,localidad,Las Malvinas,wiki=sin_match: Las Malvinas https://es.wikipedia.org/wiki/Las_Malvinas,,resuelto,regla:diferido-paso3
2.2-sin_match,v8_p03,102,Médano de Oro,localidad,Médano de Oro,wiki=sin_match: Médano de Oro https://es.wikipedia.org/wiki/M%C3%A9dano_de_Oro,,resuelto,regla:diferido-paso3
2.2-sin_match,v8_p03,126,Nueve de Julio,localidad,Nueve de Julio,wiki=sin_match: Nueve de Julio https://es.wikipedia.org/wiki/Nueve_de_Julio,,resuelto,regla:diferido-paso3
2.2-sin_match,v8_p03,82,Pampa del Chañar,localidad,Pampa del Chañar,wiki=sin_match:,,resuelto,regla:diferido-paso3
2.2-sin_match,v8_p04,184,Pozo del Tala,localidad,Pozo del Tala,wiki=sin_match: Pozo del Alto https://es.wikipedia.org/wiki/Pozo_del_Alto,,resuelto,regla:diferido-paso3
2.2-aproximado,v8_p04,180,Retamito,localidad,Retamito,wiki=aproximado: Retamo (Chile) https://es.wikipedia.org/wiki/Retamo_(Chile),,resuelto,revision_aproximados.csv:defer_paso3_wiki_ruido
2.2-sin_match,v8_p04,152,Rincón del Este,localidad,Rincón del Este,wiki=sin_match:,,resuelto,regla:diferido-paso3
2.2-sin_match,v8_p04,97,Rodolfo Iselin (La Llave),localidad,Rodolfo Iselin (La Llave),wiki=sin_match:,,resuelto,regla:diferido-paso3
2.2-sin_match,v8_p04,147,San Pablo,localidad,San Pablo,wiki=sin_match: San Pablo https://es.wikipedia.org/wiki/San_Pablo,,resuelto,regla:diferido-paso3
2.2-sin_match,v8_p04,199,Talacasto,localidad,Talacasto,wiki=sin_match: Talia Castellano https://es.wikipedia.org/wiki/Talia_Castellano,,resuelto,regla:diferido-paso3
2.2-sin_match,v8_p05,41,Ullún,localidad,Ullún,wiki=sin_match: Ullensaker https://es.wikipedia.org/wiki/Ullensaker,,resuelto,regla:diferido-paso3
2.2-sin_match,v8_p05,60,Villa Junín,localidad,Villa Junín,wiki=sin_match: Villa de Junín https://es.wikipedia.org/wiki/Villa_de_Jun%C3%ADn,,resuelto,regla:diferido-paso3
2.2-aproximado,v8_p05,43,Villa La Paz,localidad,Villa La Paz,wiki=aproximado: Villalapaz https://es.wikipedia.org/wiki/Villalapaz,,resuelto,revision_aproximados.csv:defer_paso3_puntuacion
2.2-sin_match,v8_p05,27,Villa Malargüe,localidad,Villa Malargüe,wiki=sin_match: Villa Talar (Buenos Aires) https://es.wikipedia.org/wiki/Villa_Talar_(Buenos_Aires),,resuelto,regla:diferido-paso3
2.2-aproximado,v8_p05,162,Villa Praga,localidad,Villa Praga,wiki=aproximado: Villa Prat https://es.wikipedia.org/wiki/Villa_Prat,,resuelto,revision_aproximados.csv:verbatim_paso3
2.2-sin_match,v8_p05,35,Villa Tupungato,localidad,Villa Tupungato,wiki=sin_match:,,resuelto,regla:diferido-paso3
2.2-sin_sugerencia,v8_p05,86,Villa 25 de Mayo,localidad,Villa 25 de Mayo,wiki=sin_sugerencia:,,resuelto,regla:diferido-paso3
2.2-aproximado,v9_1_2_p01,51,Alejandro Stefanelli,localidad,Alejandro Stefanelli,wiki=aproximado: Alejandro Stefenelli https://es.wikipedia.org/wiki/Alejandro_Stefenelli,,resuelto,revision_aproximados.csv:verbatim_paso3
2.2-aproximado,v9_1_2_p01,62,Alto Río Senguerr,localidad,Alto Río Senguerr,wiki=aproximado: Alto Río Senguer https://es.wikipedia.org/wiki/Alto_R%C3%ADo_Senguer,,resuelto,revision_aproximados.csv:verbatim_paso3
2.2-sin_match,v9_1_2_p01,143,Auca Mahuída,localidad,Auca Mahuída,wiki=sin_match: Auca Mahuida https://es.wikipedia.org/wiki/Auca_Mahuida,,resuelto,regla:diferido-paso3
2.2-sin_match,v9_1_2_p01,5,Bariloche,localidad,Bariloche,wiki=sin_match: Bariloche https://es.wikipedia.org/wiki/Bariloche,,resuelto,regla:diferido-paso3
2.2-sin_match,v9_1_2_p01,157,Barrio Laprida y Manantial Rosales,localidad,Barrio Laprida y Manantial Rosales,wiki=sin_match:,,resuelto,regla:diferido-paso3
2.2-sin_match,v9_1_2_p01,116,Centro Río Mayo,localidad,Centro Río Mayo,wiki=sin_match:,,resuelto,regla:diferido-paso3
2.2-sin_match,v9_1_2_p01,89,Cervantes,localidad,Cervantes,wiki=sin_match: Cervantes https://es.wikipedia.org/wiki/Cervantes,,resuelto,regla:diferido-paso3
2.2-aproximado,v9_1_2_p01,125,Colan-Conhué,localidad,Colan-Conhué,wiki=aproximado: Colan Conhué https://es.wikipedia.org/wiki/Colan_Conhu%C3%A9,,resuelto,revision_aproximados.csv:defer_paso3_puntuacion
2.2-sin_match,v9_1_2_p01,88,Colonia Catriel,localidad,Colonia Catriel,wiki=sin_match:,,resuelto,regla:diferido-paso3
2.2-sin_match,v9_1_2_p01,38,Colonia Las Heras,localidad,Colonia Las Heras,wiki=sin_match: Colonia Las Heras https://es.wikipedia.org/wiki/Colonia_Las_Heras,,resuelto,regla:diferido-paso3
2.2-aproximado,v9_1_2_p01,106,Cona Niyeo,localidad,Cona Niyeo,wiki=aproximado: Cona Niyeu https://es.wikipedia.org/wiki/Cona_Niyeu,,resuelto,revision_aproximados.csv:verbatim_paso3
2.2-sin_match,v9_1_2_p01,91,El Corcovado,localidad,El Corcovado,wiki=sin_match: El Corcovado https://es.wikipedia.org/wiki/El_Corcovado,,resuelto,regla:diferido-paso3
2.2-sin_match,v9_1_2_p02,120,Coronel Eugenio del Busto,localidad,Coronel Eugenio del Busto,wiki=sin_match:,,resuelto,regla:diferido-paso3
2.2-aproximado,v9_1_2_p02,58,Coronel Gómez,localidad,Coronel Gómez,wiki=aproximado: Coronel Homer https://es.wikipedia.org/wiki/Coronel_Homer,,resuelto,revision_aproximados.csv:verbatim_paso3
2.2-aproximado,v9_1_2_p02,10,Cutral-Có,localidad,Cutral-Có,wiki=aproximado: Cutral Co https://es.wikipedia.org/wiki/Cutral_Co,,resuelto,revision_aproximados.csv:defer_paso3_puntuacion
2.2-aproximado,v9_1_2_p02,129,Challacó,localidad,Challacó,wiki=aproximado: Challa https://es.wikipedia.org/wiki/Challa,,resuelto,revision_aproximados.csv:verbatim_paso3
2.2-aproximado,v9_1_2_p02,30,Choele-Choel,localidad,Choele-Choel,wiki=aproximado: Choele Choel https://es.wikipedia.org/wiki/Choele_Choel,,resuelto,revision_aproximados.csv:defer_paso3_puntuacion
2.2-sin_match,v9_1_2_p02,49,Cholita,localidad,Cholita,wiki=sin_match: Cholita https://es.wikipedia.org/wiki/Cholita,,resuelto,regla:diferido-paso3
2.2-aproximado,v9_1_2_p02,31,Chos-Malal,localidad,Chos-Malal,wiki=aproximado: Chos Malal https://es.wikipedia.org/wiki/Chos_Malal,,resuelto,revision_aproximados.csv:defer_paso3_puntuacion
2.2-sin_match,v9_1_2_p02,83,Darwin,localidad,Darwin,wiki=sin_match: Darwin (Australia) https://es.wikipedia.org/wiki/Darwin_(Australia),,resuelto,regla:diferido-paso3
2.2-sin_match,v9_1_2_p02,46,General E. Godoy,localidad,General E. Godoy,wiki=sin_match:,,resuelto,regla:diferido-paso3
2.2-sin_match,v9_1_2_p03,32,Kilómetro 8 (Petroquímica),localidad,Kilómetro 8 (Petroquímica),wiki=sin_match:,,resuelto,regla:diferido-paso3
2.2-aproximado,v9_1_2_p03,117,Llao-Llao,localidad,Llao-Llao,wiki=aproximado: Llao Llao https://es.wikipedia.org/wiki/Llao_Llao,,resuelto,revision_aproximados.csv:defer_paso3_puntuacion
2.2-aproximado,v9_1_2_p03,87,Ministro Ramos Mejía,localidad,Ministro Ramos Mejía,wiki=aproximado: Ministro Ramos Mexía https://es.wikipedia.org/wiki/Ministro_Ramos_Mex%C3%ADa,,resuelto,revision_aproximados.csv:verbatim_paso3
2.2-aproximado,v9_1_2_p03,104,Picún-Leufú,localidad,Picún-Leufú,wiki=aproximado: Picún Leufú https://es.wikipedia.org/wiki/Pic%C3%BAn_Leuf%C3%BA,,resuelto,revision_aproximados.csv:defer_paso3_puntuacion
2.2-aproximado,v9_1_2_p03,151,Pichi-Mahuída,localidad,Pichi-Mahuída,wiki=aproximado: Pichi Mahuida https://es.wikipedia.org/wiki/Pichi_Mahuida,,resuelto,revision_aproximados.csv:defer_paso3_puntuacion
2.2-sin_match,v9_1_2_p04,154,Planta Compresora Conesa,localidad,Planta Compresora Conesa,wiki=sin_match:,,resuelto,regla:diferido-paso3
2.2-sin_match,v9_1_2_p04,54,Playa Bonita,localidad,Playa Bonita,wiki=sin_match: Playa Bonita https://es.wikipedia.org/wiki/Playa_Bonita,,resuelto,regla:diferido-paso3
2.2-sin_match,v9_1_2_p04,134,Puerto Coyle,localidad,Puerto Coyle,wiki=sin_match: Puerto Cortés https://es.wikipedia.org/wiki/Puerto_Cort%C3%A9s,,resuelto,regla:diferido-paso3
2.2-sin_match,v9_1_2_p04,132,San Pedro,localidad,San Pedro,wiki=sin_match: San Pedro https://es.wikipedia.org/wiki/San_Pedro,,resuelto,regla:diferido-paso3
2.2-aproximado,v9_1_2_p05,26,Yacimiento Río Turbio,localidad,Yacimiento Río Turbio,wiki=aproximado: Yacimientos Rio Turbio https://es.wikipedia.org/wiki/Yacimientos_Rio_Turbio,,resuelto,revision_aproximados.csv:verbatim_paso3
2.2-sin_match,v9_1_2_p05,147,Yacimiento Petrolífero Solano,localidad,Yacimiento Petrolífero Solano,wiki=sin_match:,,resuelto,regla:diferido-paso3
