page,n_orden,localidad_canon,provincia_georef,departamento_canon,depto_moderno_esperado,estado,georef_capa,georef_id,georef_nombre,georef_depto,lat,lon,dist_km,candidatos
v3_p01,359,Abbott,Buenos Aires,Monte,Monte,auto_ok,localidades-censales,06547010,Abbott,Monte,-35.2825062106661,-58.8042619084922,,
v3_p01,396,Abramo,La Pampa,Hucal,Hucal,auto_ok,localidades-censales,42077010,Abramo,Hucal,-37.8965474069378,-63.8504184397164,,
v3_p01,299,Acevedo,Buenos Aires,Pergamino,Pergamino,auto_ok,localidades-censales,06623010,Acevedo,Pergamino,-33.75282198809,-60.4407030706623,,
v3_p01,446,Achupallas,Buenos Aires,Alberti,Alberti,auto_ok,localidades-censales,06021050,Achupallas,Alberti,-35.1099832760929,-60.0702952268873,,
v3_p01,659,Adela,Buenos Aires,Chascomús,Chascomús | Lezama,auto_ok,localidades-censales,06218070,Adela,Chascomús,-35.6838826714468,-57.9540988609169,,
v3_p01,89,Adolfo Alsina,Buenos Aires,Adolfo Alsina,Adolfo Alsina,flag_sin_match,,,,,,,,
v3_p01,491,Adolfo Van Praet,La Pampa,Realicó,Realicó,auto_ok,localidades-censales,42133010,Adolfo Van Praet,Realicó,-35.0166598839877,-64.0353328853315,,
v3_p01,737,Agote,Buenos Aires,Mercedes,Mercedes,flag_sin_match,,,,,,,,
v3_p01,313,Agustina,Buenos Aires,Junín,Junín,auto_ok,localidades-censales,06413010,Agustina,Junín,-34.4582726791436,-61.0688753867702,,
v3_p01,264,Agustín Roca,Buenos Aires,Junín,Junín,auto_ok,localidades-censales,06413030,Agustí­n Roca,Junín,-34.5073536019499,-60.8645295130111,,
v3_p01,577,Agustoni,La Pampa,Maracó,Maracó,auto_ok,localidades-censales,42105010,Agustoni,Maracó,-35.782134713243,-63.3915547536784,,
v3_p01,702,Alagón,Buenos Aires,Pehuajó,Pehuajó,flag_bahra,asentamientos,06609A01,Alagón,Pehuajó,-35.94509319585,-61.9688525107017,,Alagón/Pehuajó [06609A01]
v3_p01,807,Albariño,Buenos Aires,Pehuajó,Pehuajó,flag_bahra,asentamientos,06609A02,Albariño,Pehuajó,-36.0480222220381,-62.1234671895864,,Albariño/Pehuajó [06609A02]
v3_p01,99,Alberti,Buenos Aires,Alberti,Alberti,auto_ok,localidades-censales,06021010,Alberti,Alberti,-35.0315781364413,-60.2802968721172,,
v3_p01,459,Aldea Romana,Buenos Aires,Bahía Blanca,Bahía Blanca,flag_sin_match,,,,,,,,
v3_p01,825,Alegre,Buenos Aires,General Paz,General Paz,flag_bahra,asentamientos,06343A00,Alegre,General Paz,-35.4542736846659,-58.2667754127794,,Alegre/General Paz [06343A00]
v3_p01,808,Alférez de San Martín,Buenos Aires,Bahía Blanca,Bahía Blanca,flag_variante_bahra,asentamientos,06056A00,Alférez San Martín,Bahía Blanca,-38.6322534697841,-62.5283465245574,,Alférez San Martín/Bahía Blanca [06056A00]
v3_p01,271,Algarrobo,Buenos Aires,Villarino,Villarino,flag_variante_bahra,asentamientos,06875A05,Chosoico Algarrobo,Villarino,-38.742375827627,-63.1064899408672,,Chosoico Algarrobo/Villarino [06875A05]; El Algarrobo/Villarino [06875A13]
v3_p01,775,Algarrobo del Águila,La Pampa,Chical-Có,Chical Co,auto_ok,localidades-censales,42063010,Algarrobo del Águila,Chical Co,-36.3980716241504,-67.1444547482128,,
v3_p01,14,Almirante Brown,Buenos Aires,Almirante Brown,Almirante Brown,auto_ok,localidades-censales,06028010,Almirante Brown,Almirante Brown,-34.8354386860517,-58.3743891773161,,
v3_p01,176,Alpachiri,La Pampa,Guatraché,Guatraché,auto_ok,localidades-censales,42070010,Alpachiri,Guatraché,-37.3768674386048,-63.7731776809478,,
v3_p01,260,Alsina,Buenos Aires,Baradero,Baradero,flag_variante,,06070040,Villa Alsina,Baradero,-33.9079400599979,-59.3902618533058,,Villa Alsina/Baradero [06070040]
v3_p01,285,Alta Italia,La Pampa,Realicó,Realicó,auto_ok,localidades-censales,42133020,Alta Italia,Realicó,-35.3343919134369,-64.1170932349818,,
v3_p01,757,Altamira,Buenos Aires,Mercedes,Mercedes,flag_bahra,asentamientos,06532A00,Altamira,Mercedes,-34.6698829334103,-59.3675264022242,,Altamira/Mercedes [06532A00]
v3_p01,675,Altamirano,Buenos Aires,Brandsen,Brandsen,auto_ok,localidades-censales,06119010,Altamirano,Brandsen,-35.3615828022139,-58.1504868159157,,
v3_p01,818,Alta Vista,Buenos Aires,Saavedra,Saavedra,flag_bahra,asentamientos,06700A02,Alta Vista,Saavedra,-37.64860827151,-62.7002283128282,,Alta Vista/Saavedra [06700A02]
v3_p01,879,Altona,Buenos Aires,Tapalqué,Tapalqué,flag_bahra,asentamientos,06798A00,Altona,Tapalqué,-36.4746603214967,-60.1223310527292,,Altona/Tapalqué [06798A00]
v3_p01,318,Alvarez de Toledo,Buenos Aires,Saladillo,Saladillo,auto_ok,localidades-censales,06707010,Álvarez de Toledo,Saladillo,-35.6373586967143,-59.6301691617551,,
v3_p01,516,Alvarez Jonte,Buenos Aires,Magdalena,Magdalena | Punta Indio,auto_ok,localidades-censales,06655010,Álvarez Jonte,Punta Indio,-35.3227800092544,-57.4490768504218,,
v3_p01,897,Amalia,Buenos Aires,9 de Julio,9 de Julio,flag_variante_bahra,asentamientos,06588A15,La Amalia,9 de Julio,-35.4845567232439,-61.0224530194461,,La Amalia/9 de Julio [06588A15]
v3_p01,116,Ameghino,Buenos Aires,General Pinto,General Pinto | Florentino Ameghino,flag_variante,,06277020,Florentino Ameghino,Florentino Ameghino,-34.8454591706333,-62.4671090818902,,Florentino Ameghino/Florentino Ameghino [06277020]
v3_p01,814,Anasagasti,Buenos Aires,Navarro,Navarro,flag_bahra,asentamientos,06574A00,Anasagasti,Navarro,-35.0080062362697,-59.3904243134437,,Anasagasti/Navarro [06574A00]
v3_p01,622,Andant,Buenos Aires,Caseros,Daireaux,auto_ok,localidades-censales,06231010,Andant,Daireaux,-36.5603570671048,-62.1362798197113,,
v3_p01,764,Anderson,Buenos Aires,25 de Mayo,25 de Mayo,flag_bahra,asentamientos,06854A00,Anderson,25 de Mayo,-35.279817034263,-60.261324578481,,Anderson/25 de Mayo [06854A00]
v3_p01,221,Anguil,La Pampa,Capital,Capital,auto_ok,localidades-censales,42021010,Anguil,Capital,-36.5268644862348,-64.0116588281903,,
v3_p01,443,Antonio Carboni,Buenos Aires,Lobos,Lobos,auto_ok,localidades-censales,06483010,Antonio Carboni,Lobos,-35.2009190830879,-59.3461818009966,,
v3_p01,754,Anzoategui,La Pampa,Caleu-Caleu,Caleu Caleu,auto_ok,localidades-censales,42014010,Anzoátegui,Caleu Caleu,-38.9630526765691,-63.8608882456791,,
v3_p01,394,Aparicio,Buenos Aires,Coronel Dorrego,Coronel Dorrego | Monte Hermoso,auto_ok,localidades-censales,06189010,Aparicio,Coronel Dorrego,-38.6224732524339,-60.8834808947984,,
v3_p01,750,Arano,Buenos Aires,Adolfo Alsina,Adolfo Alsina,flag_bahra,asentamientos,06007A00,Arano,Adolfo Alsina,-37.0476827510242,-63.2670589969032,,Arano/Adolfo Alsina [06007A00]
v3_p01,269,Arata,La Pampa,Trenel,Trenel,auto_ok,localidades-censales,42147010,Arata,Trenel,-35.6390158670272,-64.3563831729334,,
v3_p01,574,Araujo,Buenos Aires,25 de Mayo,25 de Mayo,flag_bahra,asentamientos,06854A01,Araujo,25 de Mayo,-35.305156634524,-60.3276459376765,,Araujo/25 de Mayo [06854A01]
v3_p02,385,Arboledas,Buenos Aires,Caseros,Daireaux,auto_ok,localidades-censales,06231020,Arboledas,Daireaux,-36.8822997214104,-61.4896571349008,,
v3_p02,230,Arenaza,Buenos Aires,Lincoln,Lincoln,auto_ok,localidades-censales,06469010,Arenaza,Lincoln,-34.9851543205711,-61.7742778784521,,
v3_p02,726,Argerich,Buenos Aires,Villarino,Villarino,auto_ok,localidades-censales,06875010,Argerich,Villarino,-38.771639397797,-62.6034862501489,,
v3_p02,609,Ariel,Buenos Aires,Azul,Azul,auto_ok,localidades-censales,06049010,Ariel,Azul,-36.5316623802492,-59.9223269682285,,
v3_p02,57,Arrecifes,Buenos Aires,Bartolomé Mitre,Arrecifes | Capitán Sarmiento,auto_ok,localidades-censales,06077010,Arrecifes,Arrecifes,-34.0674580737828,-60.1086943504546,,
v3_p02,162,Arribeños,Buenos Aires,General Arenales,General Arenales,auto_ok,localidades-censales,06294010,Arribeños,General Arenales,-34.2083674707326,-61.3553624012071,,
v3_p02,338,Arroyo Corto,Buenos Aires,Saavedra,Saavedra,auto_ok,localidades-censales,06700010,Arroyo Corto,Saavedra,-37.5148390227664,-62.3123670345414,,
v3_p02,634,Arroyo de la Cruz,Buenos Aires,Exaltación de la Cruz,Exaltación de la Cruz,auto_ok,localidades-censales,06266010,Arroyo de la Cruz,Exaltación de la Cruz,-34.3330015099151,-59.1147032706688,,
v3_p02,586,Arroyo del Medio,Buenos Aires,Pergamino,Pergamino,flag_bahra,asentamientos,06623A00,Arroyo del Medio,Pergamino,-33.586240168229,-60.7745254435805,,Arroyo del Medio/Pergamino [06623A00]
v3_p02,699,Arroyo de los Huesos,Buenos Aires,Azul,Azul,flag_bahra,asentamientos,06049A00,Arroyo de los Huesos,Azul,-37.0213639698331,-59.5631036699805,,Arroyo de los Huesos/Azul [06049A00]
v3_p02,871,Arroyo Dulce,Buenos Aires,Pergamino,Pergamino,flag_depto,,06714010,Arroyo Dulce,Salto,-34.1024332833136,-60.4061551794069,53,Arroyo Dulce/Salto [06714010]
v3_p02,236,Arroyo Dulce,Buenos Aires,Salto,Salto,auto_ok,localidades-censales,06714010,Arroyo Dulce,Salto,-34.1024332833136,-60.4061551794069,,
v3_p02,447,Arroyo Venado,Buenos Aires,Guaminí,Guaminí,auto_ok,localidades-censales,06399010,Arroyo Venado,Guaminí,-37.0848963014223,-62.5384200380807,,
v3_p02,623,Asamblea,Buenos Aires,Bragado,Bragado,auto_ok,localidades-censales,06112010,Asamblea,Bragado,-35.2268722732427,-60.4185470430294,,
v3_p02,168,Ascensión,Buenos Aires,General Arenales,General Arenales,auto_ok,localidades-censales,06294020,Ascensión,General Arenales,-34.2308165779778,-61.1034210115308,,
v3_p02,703,Asturias,Buenos Aires,Pehuajó,Pehuajó,flag_bahra,asentamientos,06609A05,Asturias,Pehuajó,-36.1723451313634,-61.8753897120717,,Asturias/Pehuajó [06609A05]
v3_p02,539,Atalaya,Buenos Aires,Magdalena,Magdalena | Punta Indio,auto_ok,localidades-censales,06505010,Atalaya,Magdalena,-35.0248701462886,-57.5325581296761,,
v3_p02,427,Ataliva Roca,La Pampa,Utracán,Utracán,auto_ok,localidades-censales,42154010,Ataliva Roca,Utracán,-37.0318022920022,-64.2852643446283,,
v3_p02,909,Atilio Pesagno,Buenos Aires,Chascomús,Chascomús | Lezama,flag_variante_bahra,asentamientos,06466A01,Atilio Pessagno,Lezama,-35.8036321826338,-57.7899841113392,,Atilio Pessagno/Lezama [06466A01]
v3_p02,838,Atreucó,La Pampa,Atreucó,Atreucó,flag_bahra,asentamientos,42007A00,Atreucó,Atreucó,-37.1291220067299,-63.8144849127153,,Atreucó/Atreucó [42007A00]
v3_p02,868,Atucha,Buenos Aires,Zárate,Zárate,flag_bahra,asentamientos,06882A00,Atucha,Zárate,-33.9756292087778,-59.2003448286026,,Atucha/Zárate [06882A00]
v3_p02,5,Avellaneda,Buenos Aires,Avellaneda,Avellaneda,auto_ok,localidades-censales,06035010,Avellaneda,Avellaneda,-34.6660332617204,-58.3497677273389,,
v3_p02,651,Avestruz,Buenos Aires,Adolfo Alsina,Adolfo Alsina,flag_bahra,asentamientos,06007A02,Avestruz,Adolfo Alsina,-37.6598302011386,-63.355271610296,,Avestruz/Adolfo Alsina [06007A02]
v3_p02,61,Ayacucho,Buenos Aires,Ayacucho,Ayacucho,auto_ok,localidades-censales,06042010,Ayacucho,Ayacucho,-37.1527598158637,-58.4883878541555,,
v3_p02,552,Azcuénaga,Buenos Aires,San Andrés de Giles,San Andrés de Giles,auto_ok,localidades-censales,06728010,Azcuénaga,San Andrés de Giles,-34.3657923040767,-59.3756451998692,,
v3_p02,473,Azopardo,Buenos Aires,Puán,Puán,auto_ok,localidades-censales,06651010,Azopardo,Puán,-37.7015199457139,-62.9005022933119,,
v3_p02,397,Azucena,Buenos Aires,Tandil,Tandil,auto_ok,localidades-censales,06791060,Azucena,Tandil,-37.4878117862567,-59.2912711474013,,
v3_p02,31,Azul,Buenos Aires,Azul,Azul,auto_ok,localidades-censales,06049020,Azul,Azul,-36.7774578361562,-59.8634454883445,,
v3_p02,706,Bacacay,Buenos Aires,9 de Julio,9 de Julio,flag_bahra,asentamientos,06588A00,Bacacay,9 de Julio,-35.6512772936555,-61.0272543873973,,Bacacay/9 de Julio [06588A00]
v3_p02,15,Bahía Blanca,Buenos Aires,Bahía Blanca,Bahía Blanca,auto_ok,localidades-censales,06056010,Bahía Blanca,Bahía Blanca,-38.7175489907773,-62.2654155252819,,
v3_p02,694,Bahía San Blas,Buenos Aires,Patagones,Patagones,auto_ok,localidades-censales,06602010,Bahí­a San Blas,Patagones,-40.5538720511237,-62.2346860564006,,
v3_p02,187,Baigorrita,Buenos Aires,General Viamonte,General Viamonte,auto_ok,localidades-censales,06385010,Baigorrita,General Viamonte,-34.747784125842,-60.9883717712491,,
v3_p02,497,Bajo Hondo,Buenos Aires,Coronel de Marina Leonardo Rosales,Coronel de Marina Leonardo Rosales | Monte Hermoso,auto_ok,localidades-censales,06182010,Bajo Hondo,Coronel de Marina Leonardo Rosales,-38.7627932127508,-61.9205918985195,,
v3_p02,877,Balsa,Buenos Aires,Lincoln,Lincoln,flag_bahra,asentamientos,06469A00,Balsa,Lincoln,-34.8116347774941,-61.6595945561869,,Balsa/Lincoln [06469A00]
v3_p02,554,Balneario Claromecó,Buenos Aires,Tres Arroyos,Tres Arroyos,flag_sin_match,,,,,,,,
v3_p02,828,Balneario Mar de Ajó Norte,Buenos Aires,General Lavalle,General Lavalle | La Costa,flag_sin_match,,,,,,,,
v3_p02,41,Balcarce,Buenos Aires,Balcarce,Balcarce,auto_ok,localidades-censales,06063010,Balcarce,Balcarce,-37.8463818448826,-58.2555392250194,,
v3_p02,296,Banderaló,Buenos Aires,General Villegas,General Villegas,flag_bahra,localidades,06392010,Banderaló,General Villegas,-35.0148684045152,-63.3759618191184,,Banderaló/General Villegas [06392010]
v3_p02,72,Baradero,Buenos Aires,Baradero,Baradero,auto_ok,localidades-censales,06070010,Baradero,Baradero,-33.8120545894866,-59.5046802348512,,
v3_p02,550,Barker,Buenos Aires,Juárez,Benito Juárez,auto_ok,localidades-censales,06084010,Barker,Benito Juárez,-37.6396956007695,-59.3911978075624,,
v3_p02,245,Bartolomé Bavio,Buenos Aires,Magdalena,Magdalena | Punta Indio,auto_ok,localidades-censales,06505020,Bartolomé Bavio,Magdalena,-35.079770213927,-57.7471055306171,,
v3_p03,761,Barrow,Buenos Aires,Tres Arroyos,Tres Arroyos,flag_sin_match,,,,,,,,
v3_p03,569,Bathurst,Buenos Aires,Coronel Suárez,Coronel Suárez,flag_bahra,asentamientos,06203A01,Bathurst,Coronel Suárez,-37.5760445107288,-61.8193643137468,,Bathurst/Coronel Suárez [06203A01]
v3_p03,857,Baudrix,Buenos Aires,Alberti,Alberti,flag_bahra,asentamientos,06021A00,Baudrix,Alberti,-35.2399237350338,-60.3024150518394,,Baudrix/Alberti [06021A00]
v3_p03,238,Bayauca,Buenos Aires,Lincoln,Lincoln,auto_ok,localidades-censales,06469020,Bayauca,Lincoln,-34.8710511337121,-61.2895451446375,,
v3_p03,55,Belén de Escobar,Buenos Aires,Escobar,Escobar,flag_bahra,localidades,0625201001,Belén de Escobar,Escobar,-34.3454707314612,-58.7928104368433,,Belén de Escobar/Escobar [0625201001]
v3_p03,443,Bellocq,Buenos Aires,Carlos Casares,Carlos Casares,auto_ok,localidades-censales,06147010,Bellocq,Carlos Casares,-35.9166020863319,-61.5341080736114,,
v3_p03,780,Benítez,Buenos Aires,Chivilcoy,Chivilcoy,auto_ok,localidades-censales,06224080,Benítez,Chivilcoy,-34.9669790631044,-60.1273005512641,,
v3_p03,846,Berrahondo,Buenos Aires,Tornquist,Tornquist,flag_variante_bahra,asentamientos,06819A00,Berraondo,Tornquist,-38.4152392086822,-62.8189962852817,,Berraondo/Tornquist [06819A00]
v3_p03,366,Berdier,Buenos Aires,Salto,Salto,auto_ok,localidades-censales,06714020,Berdier,Salto,-34.3977665512714,-60.2596256162029,,
v3_p03,27,Berisso,Buenos Aires,Berisso,Berisso,auto_ok,localidades-censales,06098010,Berisso,Berisso,-34.8807254387813,-57.8688677457687,,
v3_p03,538,Bermúdez,Buenos Aires,Lincoln,Lincoln,auto_ok,localidades-censales,06469100,Bermúdez,Lincoln,-34.6958240368065,-61.3289872216879,,
v3_p03,242,Bernardo Larroudé,La Pampa,Chapaleufú,Chapaleufú,auto_ok,localidades-censales,42056010,Bernardo Larroude,Chapaleufú,-35.0259882387012,-63.5827320858488,,
v3_p03,174,Bernasconi,La Pampa,Hucal,Hucal,auto_ok,localidades-censales,42077020,Bernasconi,Hucal,-37.9022778251595,-63.7429775377978,,
v3_p03,263,Berutti,Buenos Aires,Trenque Lauquen,Trenque Lauquen,auto_ok,localidades-censales,06826010,Berutti,Trenque Lauquen,-35.8525692100468,-62.5123231186888,,
v3_p03,347,Blaquier,Buenos Aires,General Pinto,General Pinto | Florentino Ameghino,auto_ok,localidades-censales,06277010,Blaquier,Florentino Ameghino,-34.636164298947,-62.4776596645133,,
v3_p03,549,Blanca Grande,Buenos Aires,Olavarría,Olavarría,flag_variante_bahra,asentamientos,06595A15,Laguna Blanca Grande,Olavarría,-36.4761941243008,-60.8969088030338,,Laguna Blanca Grande/Olavarría [06595A15]
v3_p03,842,Blandengues,Buenos Aires,Junín,Junín,flag_bahra,asentamientos,06413A00,Blandengues,Junín,-34.5419000481254,-61.2529720498407,,Blandengues/Junín [06413A00]
v3_p03,893,Blas Durañona,Buenos Aires,25 de Mayo,25 de Mayo,flag_bahra,asentamientos,06854A03,Blas Durañona,25 de Mayo,-35.4801708802145,-60.1351993155068,,Blas Durañona/25 de Mayo [06854A03]
v3_p03,635,Bocayuva,Buenos Aires,Pellegrini,Pellegrini | Salliqueló | Tres Lomas,auto_ok,localidades-censales,06616010,Bocayuva,Pellegrini,-36.2056381315745,-63.0753032895216,,
v3_p03,855,Boeuf,La Pampa,Conhello,Conhelo,flag_bahra,asentamientos,42035A00,Boeuf,Conhelo,-35.9614565190777,-64.4418440791695,,Boeuf/Conhelo [42035A00]
v3_p03,49,Bolívar,Buenos Aires,Bolívar,Bolívar,flag_variante,,06105060,San Carlos de Bolívar,Bolívar,-36.2298730869971,-61.1138994036572,,San Carlos de Bolívar/Bolívar [06105060]
v3_p03,827,Bonifacio,Buenos Aires,Guaminí,Guaminí,flag_sin_match,,,,,,,,
v3_p03,254,Bordenave,Buenos Aires,Puán,Puán,auto_ok,localidades-censales,06651020,Bordenave,Puán,-37.802796391209,-63.0384654571547,,
v3_p03,795,Bordeu,Buenos Aires,Bahía Blanca,Bahía Blanca,flag_variante_bahra,localidades,0605601004,Villa Bordeau,Bahía Blanca,-38.693558630756,-62.3350174250385,,Villa Bordeau/Bahía Blanca [0605601004]
v3_p03,521,Bosch,Buenos Aires,Balcarce,Balcarce,flag_bahra,asentamientos,06063A00,Bosch,Balcarce,-37.6468617350962,-58.2395587338111,,Bosch/Balcarce [06063A00]
v3_p03,40,Bragado,Buenos Aires,Bragado,Bragado,auto_ok,localidades-censales,06112020,Bragado,Bragado,-35.1155552588278,-60.4897339093707,,
v3_p03,172,Cabildo,Buenos Aires,Bahía Blanca,Bahía Blanca,auto_ok,localidades-censales,06056020,Cabildo,Bahía Blanca,-38.4851176778623,-61.8937811442982,,
v3_p03,145,Cacharí,Buenos Aires,Azul,Azul,auto_ok,localidades-censales,06049030,Cacharí,Azul,-36.3767030049524,-59.5046056501002,,
v3_p03,648,Cachirulo,La Pampa,Toay,Toay,auto_ok,localidades-censales,42140005,Cachirulo,Toay,-36.7476695099668,-64.3678561303517,,
v3_p03,409,Cadret,Buenos Aires,Carlos Casares,Carlos Casares,auto_ok,localidades-censales,06147020,Cadret,Carlos Casares,-35.7710874699556,-61.3356838592444,,
v3_p03,909,Calderón,Buenos Aires,Bahía Blanca,Bahía Blanca,flag_depto,,06182070,Calderón,Coronel de Marina Leonardo Rosales,-38.722079306181,-62.0567918547382,41,Calderón/Coronel de Marina Leonardo Rosales [06182070]
v3_p03,689,Calderón,Buenos Aires,Coronel de Marina Leonardo Rosales,Coronel de Marina Leonardo Rosales | Monte Hermoso,auto_ok,localidades-censales,06182070,Calderón,Coronel de Marina Leonardo Rosales,-38.722079306181,-62.0567918547382,,
v3_p03,199,Caleufú,La Pampa,Rancul,Rancul,auto_ok,localidades-censales,42126010,Caleufú,Rancul,-35.5944989864308,-64.558562903335,,
v3_p03,536,Calfucurá,Buenos Aires,Mar Chiquita,Mar Chiquita,flag_bahra,asentamientos,06518A00,Calfucurá,Mar Chiquita,-37.4856416021458,-57.4361101224263,,Calfucurá/Mar Chiquita [06518A00]
v3_p03,625,Calvo,Buenos Aires,Coronel Dorrego,Coronel Dorrego | Monte Hermoso,flag_bahra,asentamientos,06189A00,Calvo,Coronel Dorrego,-38.7643528525285,-61.4173323420948,,Calvo/Coronel Dorrego [06189A00]
v3_p03,845,Cambaceres,Buenos Aires,9 de Julio,9 de Julio,flag_bahra,asentamientos,06588A01,Cambaceres,9 de Julio,-35.5541778907709,-61.1250534825703,,Cambaceres/9 de Julio [06588A01]
v3_p03,339,Camet,Buenos Aires,General Pueyrredón,General Pueyrredón,flag_bahra,localidades,0635711001,Camet,General Pueyrredón,-37.9401411938582,-57.5499424869415,,Camet/General Pueyrredón [0635711001]
v3_p03,38,Campana,Buenos Aires,Campana,Campana,auto_ok,localidades-censales,06126020,Campana,Campana,-34.1632276907392,-58.9591641997717,,
v3_p03,546,Campo Salles,Buenos Aires,San Nicolás,San Nicolás,flag_variante_bahra,localidades,0676305001,Campos Salles,San Nicolás,-33.401672448024,-60.2374682244366,,Campos Salles/San Nicolás [0676305001]
v3_p03,479,Cangallo,Buenos Aires,Ayacucho,Ayacucho,flag_bahra,asentamientos,06042A00,Cangallo,Ayacucho,-37.2159524101424,-58.6825043373854,,Cangallo/Ayacucho [06042A00]
v3_p03,697,Canónigo Gorriti,Buenos Aires,Adolfo Alsina,Adolfo Alsina,flag_bahra,asentamientos,06007A04,Canónigo Gorriti,Adolfo Alsina,-37.5477298351751,-63.2446425317421,,Canónigo Gorriti/Adolfo Alsina [06007A04]
v3_p04,304,Cañada Seca,Buenos Aires,General Villegas,General Villegas,auto_ok,localidades-censales,06392030,Cañada Seca,General Villegas,-34.4167125907158,-62.9607627025692,,
v3_p04,70,Cañuelas,Buenos Aires,Cañuelas,Cañuelas,auto_ok,localidades-censales,06134040,Cañuelas,Cañuelas,-35.0537825523544,-58.7620353075768,,
v3_p04,121,Capilla del Señor,Buenos Aires,Exaltación de la Cruz,Exaltación de la Cruz,auto_ok,localidades-censales,06266050,Capilla del Señor,Exaltación de la Cruz,-34.2872438941071,-59.1020207384735,,
v3_p04,721,Capitán Castro,Buenos Aires,Pehuajó,Pehuajó,auto_ok,localidades-censales,06609010,Capitán Castro,Pehuajó,-35.9123079894038,-62.2249643908645,,
v3_p04,83,Capitán Sarmiento,Buenos Aires,Bartolomé Mitre,Arrecifes | Capitán Sarmiento,auto_ok,localidades-censales,06140010,Capitán Sarmiento,Capitán Sarmiento,-34.1711412650938,-59.7936095270191,,
v3_p04,282,Carabelas,Buenos Aires,Rojas,Rojas,flag_variante,,06686020,Las Carabelas,Rojas,-34.0378755376697,-60.8671031431106,,Las Carabelas/Rojas [06686020]
v3_p04,492,Cardenal Cagliero,Buenos Aires,Patagones,Patagones,auto_ok,localidades-censales,06602020,Cardenal Cagliero,Patagones,-40.6515803457429,-62.7548938337685,,
v3_p04,335,Carlos Beguerie,Buenos Aires,Roque Pérez,Roque Pérez,auto_ok,localidades-censales,06693010,Carlos Beguerie,Roque Pérez,-35.4855718840867,-59.0997837058714,,
v3_p04,67,Carlos Casares,Buenos Aires,Carlos Casares,Carlos Casares,auto_ok,localidades-censales,06147030,Carlos Casares,Carlos Casares,-35.6224974038479,-61.3654517691007,,
v3_p04,330,Carlos Keen,Buenos Aires,Luján,Luján,auto_ok,localidades-censales,06497010,Carlos Keen,Luján,-34.4873879896829,-59.219081540557,,
v3_p04,272,Carlos N. Naón,Buenos Aires,9 de Julio,9 de Julio,flag_sin_match,,,,,,,,
v3_p04,173,Carlos Pellegrini,Buenos Aires,Pellegrini,Pellegrini | Salliqueló | Tres Lomas,flag_sin_match,,,,,,,,
v3_p04,403,Carlos Salas,Buenos Aires,Lincoln,Lincoln,auto_ok,localidades-censales,06469030,Carlos Salas,Lincoln,-35.3913662871435,-61.9949102331933,,
v3_p04,129,Carlos Tejedor,Buenos Aires,Carlos Tejedor,Carlos Tejedor,auto_ok,localidades-censales,06154010,Carlos Tejedor,Carlos Tejedor,-35.3915357848245,-62.4198031983956,,
v3_p04,94,Carmen de Areco,Buenos Aires,Carmen de Areco,Carmen de Areco,auto_ok,localidades-censales,06161010,Carmen de Areco,Carmen de Areco,-34.3766064269391,-59.8226958860968,,
v3_p04,78,Carmen de Patagones,Buenos Aires,Patagones,Patagones,auto_ok,localidades-censales,06602030,Carmen de Patagones,Patagones,-40.7937589318925,-62.9813902264886,,
v3_p04,386,Carro Quemado,La Pampa,Loventué,Loventué,auto_ok,localidades-censales,42098010,Carro Quemado,Loventué,-36.4749290295312,-65.344596790041,,
v3_p04,746,Casalins,Buenos Aires,Pila,Pila,auto_ok,localidades-censales,06630020,Casalins,Pila,-36.314358671522,-58.5519892020608,,
v3_p04,179,Casbas,Buenos Aires,Guaminí,Guaminí,auto_ok,localidades-censales,06399020,Casbas,Guaminí,-36.757649027575,-62.5043426648986,,
v3_p04,449,Cascada,Buenos Aires,Coronel Suárez,Coronel Suárez,auto_ok,localidades-censales,06203010,Cascada,Coronel Suárez,-37.2923902591232,-62.2972094097209,,
v3_p04,778,Casey,Buenos Aires,Guaminí,Guaminí,flag_bahra,asentamientos,06399A02,Casey,Guaminí,-36.6856316827107,-62.3517614116796,,Casey/Guaminí [06399A02]
v3_p04,146,Castelli,Buenos Aires,Castelli,Castelli,auto_ok,localidades-censales,06168010,Castelli,Castelli,-36.0909119355864,-57.8075587532052,,
v3_p04,306,Castilla,Buenos Aires,Chacabuco,Chacabuco,auto_ok,localidades-censales,06210050,Castilla,Chacabuco,-34.6133062542013,-59.9061262332783,,
v3_p04,195,Catriló,La Pampa,Catriló,Catriló,auto_ok,localidades-censales,42028010,Catriló,Catriló,-36.4066975622777,-63.4232484858219,,
v3_p04,329,Cazón,Buenos Aires,Saladillo,Saladillo,auto_ok,localidades-censales,06707020,Cazon,Saladillo,-35.5750405901603,-59.6628995876888,,
v3_p04,591,Ceballos,La Pampa,Chapaleufú,Chapaleufú,auto_ok,localidades-censales,42056020,Ceballos,Chapaleufú,-35.2908176457173,-63.7768247252113,,
v3_p04,819,Centenario,Buenos Aires,Carlos Casares,Carlos Casares,flag_bahra,asentamientos,06147A00,Centenario,Carlos Casares,-35.8362079843959,-61.4332754340625,,Centenario/Carlos Casares [06147A00]
v3_p04,853,Centro Guerrero,Buenos Aires,Castelli,Castelli,auto_ok,localidades-censales,06168020,Centro Guerrero,Castelli,-36.0543706674152,-57.8170575578428,,
v3_p04,751,Cereales,La Pampa,Atreucó,Atreucó,flag_bahra,asentamientos,42007A01,Cereales,Atreucó,-36.8141584152301,-63.8563932480154,,Cereales/Atreucó [42007A01]
v3_p04,629,Cerrito,Buenos Aires,Rivadavia,Rivadavia,flag_bahra,asentamientos,06679A01,Cerrito,Rivadavia,-35.4629476534034,-62.8523382572328,,Cerrito/Rivadavia [06679A01]
v3_p04,683,Cerro de los Leones,Buenos Aires,Tandil,Tandil,flag_sin_match,,,,,,,,
v3_p04,684,Cerro Sotuyo,Buenos Aires,Olavarría,Olavarría,flag_bahra,asentamientos,06595A04,Cerro Sotuyo,Olavarría,-36.962382995753,-60.1106315396358,,Cerro Sotuyo/Olavarría [06595A04]
v3_p04,274,Claraz,Buenos Aires,Necochea,Necochea,auto_ok,localidades-censales,06581010,Claraz,Necochea,-37.8904000795262,-59.2886294059281,,
v3_p04,565,Claudio Molina,Buenos Aires,Tres Arroyos,Tres Arroyos,flag_bahra,asentamientos,06833A00,Claudio Molina,Tres Arroyos,-38.0896536914963,-60.3493214906532,,Claudio Molina/Tres Arroyos [06833A00]
v3_p04,833,Cobo,Buenos Aires,Mar Chiquita,Mar Chiquita,flag_bahra,asentamientos,06518A01,Cobo,Mar Chiquita,-37.8026298417936,-57.6291503621637,,Cobo/Mar Chiquita [06518A01]
v3_p04,748,Coliqueo,Buenos Aires,Chacabuco,Chacabuco,flag_bahra,asentamientos,06210A00,Coliqueo,Chacabuco,-34.6622215933512,-60.541248353923,,Coliqueo/Chacabuco [06210A00]
v3_p04,60,Colón,Buenos Aires,Colón,Colón,auto_ok,localidades-censales,06175010,Colón,Colón,-33.8970987034335,-61.0995386590334,,
v3_p04,185,Colonia Barón,La Pampa,Quemú-Quemú,Quemú Quemú,auto_ok,localidades-censales,42119010,Colonia Barón,Quemú Quemú,-36.1535720720363,-63.8550842711475,,
v3_p04,504,Colonia Hogar Ricardo Gutiérrez,Buenos Aires,Marcos Paz,Marcos Paz,flag_sin_match,,,,,,,,
v3_p04,905,Colonia La Merced,Buenos Aires,Villarino,Villarino,flag_sin_match,,,,,,,,
v3_p05,810,Colonia Lapin,Buenos Aires,Adolfo Alsina,Adolfo Alsina,flag_bahra,asentamientos,06007A06,Colonia Lapin,Adolfo Alsina,-37.3722191828525,-63.0538035678501,,Colonia Lapin/Adolfo Alsina [06007A06]
v3_p05,779,Colonia Mauricio,Buenos Aires,Carlos Casares,Carlos Casares,auto_ok,localidades-censales,06147040,Colonia Mauricio,Carlos Casares,-35.5243348591657,-61.4370152297164,,
v3_p05,887,Colonia Philippson,Buenos Aires,Adolfo Alsina,Adolfo Alsina,flag_bahra,asentamientos,06007A08,Colonia Philippson,Adolfo Alsina,-37.3424213129412,-63.1609548541594,,Colonia Philippson/Adolfo Alsina [06007A08]
v3_p05,704,Colonia San José,La Pampa,Quemú-Quemú,Quemú Quemú,auto_ok,localidades-censales,42119020,Colonia San José,Quemú Quemú,-36.117461587481,-63.9031979433786,,
v3_p05,435,Colonia San Miguel,Buenos Aires,Olavarría,Olavarría,auto_ok,localidades-censales,06595050,Colonia San Miguel,Olavarría,-36.9501331009748,-60.1100161497349,,
v3_p05,258,Colonia San Miguel Arcángel,Buenos Aires,Adolfo Alsina,Adolfo Alsina,auto_ok,localidades-censales,06007020,Colonia San Miguel Arcángel,Adolfo Alsina,-37.4497730840701,-63.1177116197039,,
v3_p05,515,Colonia Santa María,La Pampa,Utracán,Utracán,auto_ok,localidades-censales,42154030,Colonia Santa María,Utracán,-37.4947549798165,-64.2241228064151,,
v3_p05,319,Colonia Seré,Buenos Aires,Carlos Tejedor,Carlos Tejedor,auto_ok,localidades-censales,06154020,Colonia Seré,Carlos Tejedor,-35.436445515524,-62.7277873563898,,
v3_p05,410,Colonia 25 de Mayo,La Pampa,Puelén,Puelén,flag_sin_match,,,,,,,,
v3_p05,712,Colonia Velaz,Buenos Aires,San Pedro,San Pedro,flag_bahra,asentamientos,06770A04,Colonia Vélaz,San Pedro,-33.8091750288299,-60.0283022472472,,Colonia Vélaz/San Pedro [06770A04]
v3_p05,541,Comandante Giribone,Buenos Aires,Chascomús,Chascomús | Lezama,flag_bahra,asentamientos,06218A02,Comandante Giribone,Chascomús,-35.6190543612838,-57.6850315028198,,Comandante Giribone/Chascomús [06218A02]
v3_p05,117,Cte. Nicanor Otamendi,Buenos Aires,General Alvarado,General Alvarado,flag_sin_match,,,,,,,,
v3_p05,219,Comodoro Py,Buenos Aires,Bragado,Bragado,auto_ok,localidades-censales,06112030,Comodoro Py,Bragado,-35.3224758404375,-60.5213696707723,,
v3_p05,840,Condarco,Buenos Aires,Rivadavia,Rivadavia,flag_bahra,asentamientos,06679A03,Condarco,Rivadavia,-35.2729986392237,-63.0670754991434,,Condarco/Rivadavia [06679A03]
v3_p05,191,Conesa,Buenos Aires,San Nicolás,San Nicolás,auto_ok,localidades-censales,06763020,Conesa,San Nicolás,-33.595699623325,-60.3557706104973,,
v3_p05,114,Conhello,La Pampa,Conhello,Conhelo,flag_variante,,42035010,Conhelo,Conhelo,-35.9995689953088,-64.5975236782054,,Conhelo/Conhelo [42035010]
v3_p05,232,Copetonas,Buenos Aires,Tres Arroyos,Tres Arroyos,auto_ok,localidades-censales,06833030,Copetonas,Tres Arroyos,-38.724724163884,-60.4469652061013,,
v3_p05,856,Corazzi,Buenos Aires,Trenque Lauquen,Trenque Lauquen,flag_bahra,asentamientos,06826A05,Corazzi,Trenque Lauquen,-36.2102810629728,-62.4015883778845,,Corazzi/Trenque Lauquen [06826A05]
v3_p05,783,Corbett,Buenos Aires,9 de Julio,9 de Julio,flag_bahra,asentamientos,06588A03,Corbett,9 de Julio,-35.8403204468808,-60.9982756937731,,Corbett/9 de Julio [06588A03]
v3_p05,872,Coronel Boerr,Buenos Aires,Las Flores,Las Flores,auto_ok,localidades-censales,06455010,Coronel Boerr,Las Flores,-35.9414440334215,-59.0693547287839,,
v3_p05,109,Coronel Brandsen,Buenos Aires,Brandsen,Brandsen,auto_ok,localidades-censales,06119050,Coronel Brandsen,Brandsen,-35.1679239311576,-58.2373977679137,,
v3_p05,68,Coronel Dorrego,Buenos Aires,Coronel Dorrego,Coronel Dorrego | Monte Hermoso,auto_ok,localidades-censales,06189030,Coronel Dorrego,Coronel Dorrego,-38.7166239148323,-61.2884948879698,,
v3_p05,803,Coronel Falcón,Buenos Aires,Coronel Pringles,Coronel Pringles,flag_bahra,asentamientos,06196A01,Coronel Falcón,Coronel Pringles,-38.6046563525221,-61.7001656751556,,Coronel Falcón/Coronel Pringles [06196A01]
v3_p05,312,Coronel Granada,Buenos Aires,General Pinto,General Pinto | Florentino Ameghino,auto_ok,localidades-censales,06351050,Coronel Granada,General Pinto,-34.7901060331523,-62.2010092578546,,
v3_p05,457,Coronel Hilario Lagos,La Pampa,Chapaleufú,Chapaleufú,auto_ok,localidades-censales,42056030,Coronel Hilario Lagos,Chapaleufú,-35.0240429774699,-63.9121818751175,,
v3_p05,615,Coronel Isleño,Buenos Aires,Salto,Salto,flag_bahra,asentamientos,06714A01,Coronel Isleño,Salto,-34.4230470247817,-60.4049790006463,,Coronel Isleño/Salto [06714A01]
v3_p05,288,Coronel Mom,Buenos Aires,Alberti,Alberti,flag_sin_match,,,,,,,,
v3_p05,52,Coronel Pringles,Buenos Aires,Coronel Pringles,Coronel Pringles,auto_ok,localidades-censales,06196010,Coronel Pringles,Coronel Pringles,-37.9788088725912,-61.3567519838836,,
v3_p05,765,Coronel Rodolfo Bunge,Buenos Aires,Juárez,Benito Juárez,flag_bahra,asentamientos,06084A00,Coronel Rodolfo Bunge,Benito Juárez,-37.573060131079,-60.1376602260236,,Coronel Rodolfo Bunge/Benito Juárez [06084A00]
v3_p05,899,Coronel Seguí,Buenos Aires,Alberti,Alberti,auto_ok,localidades-censales,06021020,Coronel Seguí,Alberti,-34.8675697341925,-60.391831362721,,
v3_p05,69,Coronel Suárez,Buenos Aires,Coronel Suárez,Coronel Suárez,auto_ok,localidades-censales,06203020,Coronel Suárez,Coronel Suárez,-37.4585806162675,-61.9329171751099,,
v3_p05,124,Coronel Vidal,Buenos Aires,Mar Chiquita,Mar Chiquita,auto_ok,localidades-censales,06518010,Coronel Vidal,Mar Chiquita,-37.4466279420061,-57.7294079612685,,
v3_p05,323,Cortines,Buenos Aires,Luján,Luján,flag_bahra,localidades,0649706002,Cortines,Luján,-34.556551592138,-59.2039851566143,,Cortines/Luján [0649706002]
v3_p05,839,Cotita,La Pampa,Hucal,Hucal,flag_bahra,asentamientos,42077A01,Cotita,Hucal,-37.7249124217496,-64.0629628461873,,Cotita/Hucal [42077A01]
v3_p05,520,Covello,Buenos Aires,Tapalqué,Tapalqué,flag_bahra,asentamientos,06798A02,Covello,Tapalqué,-36.2232542251047,-59.7277893178436,,Covello/Tapalqué [06798A02]
v3_p05,421,Cristiano Muerto,Buenos Aires,San Cayetano,San Cayetano,auto_ok,localidades-censales,06742040,Cristiano Muerto,San Cayetano,-38.6478350781612,-59.6061797822875,,
v3_p05,503,Crotto,Buenos Aires,Tapalqué,Tapalqué,auto_ok,localidades-censales,06798010,Crotto,Tapalqué,-36.5764116959176,-60.1722050294761,,
v3_p05,679,Cuatro de Noviembre,Buenos Aires,Rojas,Rojas,flag_sin_match,,,,,,,,
v3_p05,646,Cuculú,Buenos Aires,San Andrés de Giles,San Andrés de Giles,flag_variante,,06728020,Cucullú,San Andrés de Giles,-34.4444648721718,-59.3615579372671,,Cucullú/San Andrés de Giles [06728020]
v3_p05,469,Cucha-Cucha,Buenos Aires,Chacabuco,Chacabuco,flag_bahra,asentamientos,06210A03,Cucha Cucha,Chacabuco,-34.6220032094369,-60.4083094333416,,Cucha Cucha/Chacabuco [06210A03]
v3_p06,624,Cuchillo-Co,La Pampa,Lihuel-Calel,Lihuel Calel,auto_ok,localidades-censales,42084010,Cuchillo Co,Lihuel Calel,-38.3344077620834,-64.6429708247297,,
v3_p06,406,Curarú,Buenos Aires,Carlos Tejedor,Carlos Tejedor,auto_ok,localidades-censales,06154030,Curarú,Carlos Tejedor,-35.6408427379706,-62.1945835034824,,
v3_p06,353,Curumalán,Buenos Aires,Coronel Suárez,Coronel Suárez,flag_variante,,06203030,Curamalal,Coronel Suárez,-37.4838873061271,-62.1043498687485,,Curamalal/Coronel Suárez [06203030]
v3_p06,39,Chacabuco,Buenos Aires,Chacabuco,Chacabuco,auto_ok,localidades-censales,06210010,Chacabuco,Chacabuco,-34.642035475954,-60.4712581328409,,
v3_p06,448,Chacharramendi,La Pampa,Utracán,Utracán,auto_ok,localidades-censales,42154020,Chacharramendi,Utracán,-37.3320361211578,-65.6515976216054,,
v3_p06,776,Chamaicó,La Pampa,Rancul,Rancul,flag_bahra,asentamientos,42126A01,Chamaicó,Rancul,-35.0497783257181,-64.949014395044,,Chamaicó/Rancul [42126A01]
v3_p06,865,Chancay,Buenos Aires,General Viamonte,General Viamonte,flag_bahra,asentamientos,06385A01,Chancay,General Viamonte,-35.0419686945084,-61.2524471303015,,Chancay/General Viamonte [06385A01]
v3_p06,181,Chapadmalal,Buenos Aires,General Pueyrredón,General Pueyrredón,auto_ok,localidades-censales,06357080,Chapadmalal,General Pueyrredón,-38.1765041069769,-57.6520177990214,,
v3_p06,729,Chapaleofú,Buenos Aires,Rauch,Rauch,flag_bahra,asentamientos,06672A01,Chapaleofú,Rauch,-36.6401302908568,-59.1486745066808,,Chapaleofú/Rauch [06672A01]
v3_p06,494,Charlone,Buenos Aires,General Villegas,General Villegas,flag_variante,,06392050,Coronel Charlone,General Villegas,-34.6739917900064,-63.369070074086,,Coronel Charlone/General Villegas [06392050]
v3_p06,56,Chascomús,Buenos Aires,Chascomús,Chascomús | Lezama,auto_ok,localidades-censales,06218010,Chascomús,Chascomús,-35.5770527211859,-58.0084623060577,,
v3_p06,616,Chasicó,Buenos Aires,Tornquist,Tornquist,auto_ok,localidades-censales,06819010,Chasicó,Tornquist,-38.3372109882985,-62.6428045534167,,
v3_p06,860,Chenaut,Buenos Aires,Exaltación de la Cruz,Exaltación de la Cruz,flag_bahra,asentamientos,06266A00,Chenaut,Exaltación de la Cruz,-34.2476848793198,-59.2173325945662,,Chenaut/Exaltación de la Cruz [06266A00]
v3_p06,534,Chiclana,Buenos Aires,Pehuajó,Pehuajó,auto_ok,localidades-censales,06609100,Chiclana,Pehuajó,-35.7314972091167,-61.7421584049501,,
v3_p06,356,Chillar,Buenos Aires,Azul,Azul,auto_ok,localidades-censales,06049040,Chillar,Azul,-37.312779171528,-59.9852225680494,,
v3_p06,32,Chivilcoy,Buenos Aires,Chivilcoy,Chivilcoy,auto_ok,localidades-censales,06224010,Chivilcoy,Chivilcoy,-34.8968623417202,-60.0190641653169,,
v3_p06,849,Choique,Buenos Aires,Tornquist,Tornquist,flag_bahra,asentamientos,06819A02,Choique,Tornquist,-38.4696801313183,-62.6958205857434,,Choique/Tornquist [06819A02]
v3_p06,95,Daireaux,Buenos Aires,Caseros,Daireaux,auto_ok,localidades-censales,06231030,Daireaux,Daireaux,-36.5995860057332,-61.7475320123337,,
v3_p06,465,Damián Maisonave,La Pampa,Realicó,Realicó,auto_ok,localidades-censales,42133030,Damián Maisonave,Realicó,-35.0414406129008,-64.3859667565326,,
v3_p06,108,Darragueira,Buenos Aires,Puán,Puán,flag_variante,,06651030,Darregueira,Puán,-37.6894133756582,-63.1611119559898,,Darregueira/Puán [06651030]
v3_p06,471,De Bary,Buenos Aires,Pellegrini,Pellegrini | Salliqueló | Tres Lomas,auto_ok,localidades-censales,06616020,De Bary,Pellegrini,-36.3405841571626,-63.2594747117297,,
v3_p06,402,Defferrari,Buenos Aires,San Cayetano,San Cayetano,flag_bahra,asentamientos,06742A02,Defferrari,San Cayetano,-38.3018521074945,-59.3868896740131,,Defferrari/San Cayetano [06742A02]
v3_p06,493,De la Canal,Buenos Aires,Tandil,Tandil,auto_ok,localidades-censales,06791010,De la Canal,Tandil,-37.1262751004275,-59.1057649521363,,
v3_p06,210,De la Garma,Buenos Aires,González Chaves,Adolfo Gonzales Chaves,auto_ok,localidades-censales,06014020,De La Garma,Adolfo Gonzales Chaves,-37.9665584521229,-60.4168474097614,,
v3_p06,216,Del Carril,Buenos Aires,Saladillo,Saladillo,auto_ok,localidades-censales,06707030,Del Carril,Saladillo,-35.5079245076848,-59.5136614986617,,
v3_p06,828,Delgado,Buenos Aires,General Arenales,General Arenales,flag_bahra,asentamientos,06294A02,Delgado,General Arenales,-34.1673892721366,-61.2491887742712,,Delgado/General Arenales [06294A02]
v3_p06,594,Delfín Huergo,Buenos Aires,Adolfo Alsina,Adolfo Alsina,auto_ok,localidades-censales,06007030,Delfín Huergo,Adolfo Alsina,-37.3198600465141,-63.2331011514303,,
v3_p06,314,Del Valle,Buenos Aires,25 de Mayo,25 de Mayo,auto_ok,localidades-censales,06854020,Del Valle,25 de Mayo,-35.8973453887603,-60.7316089512944,,
v3_p06,387,Del Viso,Buenos Aires,Pilar,Pilar | Malvinas Argentinas,flag_bahra,localidades,0663804001,Del Viso,Pilar,-34.4502158741149,-58.7986321054863,,Del Viso/Pilar [0663804001]
v3_p06,564,Dennhy,Buenos Aires,9 de Julio,9 de Julio,flag_variante,,06588070,Dennehy,9 de Julio,-35.342609874895,-60.7468764112969,,Dennehy/9 de Julio [06588070]
v3_p06,640,Dieciseis de Julio,Buenos Aires,Azul,Azul,flag_sin_match,,,,,,,,
v3_p06,745,Diego Gaynor,Buenos Aires,Exaltación de la Cruz,Exaltación de la Cruz,auto_ok,localidades-censales,06266060,Diego Gaynor,Exaltación de la Cruz,-34.2868836985301,-59.2222242977661,,
v3_p06,243,Doblas,La Pampa,Atreucó,Atreucó,auto_ok,localidades-censales,42007010,Doblas,Atreucó,-37.1504833036367,-64.0114571460834,,
v3_p06,439,Doce de Octubre,Buenos Aires,9 de Julio,9 de Julio,flag_sin_match,,,,,,,,
v3_p06,858,Dr. Domingo Harósteguy,Buenos Aires,Las Flores,Las Flores,flag_bahra,asentamientos,06455A02,Dr. Domingo Harósteguy,Las Flores,-36.1500536857308,-59.2676781166469,,Dr. Domingo Harósteguy/Las Flores [06455A02]
v3_p06,48,Dolores,Buenos Aires,Dolores,Dolores,auto_ok,localidades-censales,06238010,Dolores,Dolores,-36.3153676069646,-57.6755454308423,,
v3_p06,297,Domselaar,Buenos Aires,San Vicente,San Vicente | Presidente Perón,flag_bahra,localidades,0677802003,Domselaar,San Vicente,-35.0738937822194,-58.2904583823958,,Domselaar/San Vicente [0677802003]
v3_p06,903,Don Cipriano,Buenos Aires,Chascomús,Chascomús | Lezama,auto_ok,localidades-censales,06218080,Don Cipriano,Chascomús,-35.4944528741481,-57.7706451188406,,
v3_p06,767,D'Orbigny,Buenos Aires,Coronel Suárez,Coronel Suárez,auto_ok,localidades-censales,06203040,D'Orbigny,Coronel Suárez,-37.676551866332,-61.707970624441,,
v3_p06,670,Dorila,La Pampa,Maracó,Maracó,auto_ok,localidades-censales,42105020,Dorila,Maracó,-35.7751410100173,-63.7160281089593,,
v3_p06,844,Dos Hermanos,Buenos Aires,General Pinto,General Pinto | Florentino Ameghino,flag_bahra,asentamientos,06351A01,Dos Hermanos,General Pinto,-34.4729274548073,-62.0936478657583,,Dos Hermanos/General Pinto [06351A01]
v3_p07,824,Drabble,Buenos Aires,General Villegas,General Villegas,flag_bahra,asentamientos,06392A03,Drabble,General Villegas,-34.9189662527212,-62.7646443323342,,Drabble/General Villegas [06392A03]
v3_p07,786,Drysdale,Buenos Aires,Carlos Tejedor,Carlos Tejedor,flag_bahra,asentamientos,06154A01,Drysdale,Carlos Tejedor,-35.3041132218291,-62.6446397042579,,Drysdale/Carlos Tejedor [06154A01]
v3_p07,869,Ducos,Buenos Aires,Saavedra,Saavedra,flag_bahra,asentamientos,06700A04,Ducós,Saavedra,-37.4568346898287,-62.4242412765107,,Ducós/Saavedra [06700A04]
v3_p07,171,Dudignac,Buenos Aires,9 de Julio,9 de Julio,auto_ok,localidades-censales,06588040,Dudignac,9 de Julio,-35.649186496441,-60.7025081738844,,
v3_p07,417,Dufaur,Buenos Aires,Saavedra,Saavedra,auto_ok,localidades-censales,06700020,Dufaur,Saavedra,-37.9448918853929,-62.2869140520945,,
v3_p07,315,Duggan,Buenos Aires,San Antonio de Areco,San Antonio de Areco,auto_ok,localidades-censales,06735010,Duggan,San Antonio de Areco,-34.2071973030208,-59.6357055338083,,
v3_p07,762,Duhau,Buenos Aires,Trenque Lauquen,Trenque Lauquen,flag_bahra,asentamientos,06826A06,Duhau,Trenque Lauquen,-36.1114967195394,-62.2777994204437,,Duhau/Trenque Lauquen [06826A06]
v3_p07,769,Durañona,Buenos Aires,Olavarría,Olavarría,flag_bahra,asentamientos,06595A07,Durañona,Olavarría,-37.2516091098717,-60.5043648964245,,Durañona/Olavarría [06595A07]
v3_p07,431,Durcudoy,Buenos Aires,Puán,Puán,flag_sin_match,,,,,,,,
v3_p07,866,Dussaud,Buenos Aires,General Pinto,General Pinto | Florentino Ameghino,flag_bahra,asentamientos,06351A02,Dussaud,General Pinto,-34.7934224073151,-61.7788978613878,,Dussaud/General Pinto [06351A02]
v3_p07,301,Eduardo Castex,La Pampa,Conhello,Conhelo,auto_ok,localidades-censales,42035020,Eduardo Castex,Conhelo,-35.9160013059254,-64.2955955151707,,
v3_p07,852,Eduardo Costa,Buenos Aires,General Pinto,General Pinto | Florentino Ameghino,flag_bahra,asentamientos,06277A01,Eduardo Costa,Florentino Ameghino,-34.8190217217661,-62.3384536355225,,Eduardo Costa/Florentino Ameghino [06277A01]
v3_p07,477,Egaña,Buenos Aires,Rauch,Rauch,flag_bahra,asentamientos,06672A05,Egaña,Rauch,-36.9622023477748,-59.0968708448964,,Egaña/Rauch [06672A05]
v3_p07,698,El Arbolito,Buenos Aires,Colón,Colón,flag_sin_match,,,,,,,,
v3_p07,867,El Día,Buenos Aires,General Villegas,General Villegas,flag_bahra,asentamientos,06392A04,El Día,General Villegas,-34.7379021755568,-62.8328772617937,,El Día/General Villegas [06392A04]
v3_p07,509,El Divisorio,Buenos Aires,Coronel Pringles,Coronel Pringles,auto_ok,localidades-censales,06196020,El Divisorio,Coronel Pringles,-38.3237183376666,-61.4450423393234,,
v3_p07,322,El Dorado,Buenos Aires,Leandro N. Alem,Leandro N. Alem,auto_ok,localidades-censales,06462020,El Dorado,Leandro N. Alem,-34.6528608747523,-61.5829085058874,,
v3_p07,639,El Jabalí,Buenos Aires,9 de Julio,9 de Julio,flag_bahra,asentamientos,06588A06,El Jabalí,9 de Julio,-35.4448282775885,-61.3497518481573,,El Jabalí/9 de Julio [06588A06]
v3_p07,682,El Lenguaraz,Buenos Aires,Lobería,Lobería,flag_bahra,asentamientos,06476A02,El Lenguaraz,Lobería,-38.067255538782,-58.8586317607496,,El Lenguaraz/Lobería [06476A02]
v3_p07,685,El Moro,Buenos Aires,Lobería,Lobería,flag_bahra,asentamientos,06476A03,El Moro,Lobería,-38.1076628361141,-58.5703673300706,,El Moro/Lobería [06476A03]
v3_p07,533,Elordi,Buenos Aires,General Villegas,General Villegas,flag_sin_match,,,,,,,,
v3_p07,229,El Paraíso,Buenos Aires,Ramallo,Ramallo,auto_ok,localidades-censales,06665010,El Paraí­so,Ramallo,-33.5706334432815,-59.9791952195862,,
v3_p07,719,El Pensamiento,Buenos Aires,Coronel Pringles,Coronel Pringles,auto_ok,localidades-censales,06196030,El Pensamiento,Coronel Pringles,-38.2164502159548,-61.3148119543108,,
v3_p07,208,El Socorro,Buenos Aires,Pergamino,Pergamino,auto_ok,localidades-censales,06623130,El socorro,Pergamino,-33.6622804069366,-60.7069962078291,,
v3_p07,686,El Tejar,Buenos Aires,9 de Julio,9 de Julio,flag_bahra,asentamientos,06588A08,El Tejar,9 de Julio,-35.2224393045561,-61.0451872933092,,El Tejar/9 de Julio [06588A08]
v3_p07,863,El Trigo,Buenos Aires,Las Flores,Las Flores,auto_ok,localidades-censales,06455020,El Trigo,Las Flores,-35.8815483511482,-59.4063369903389,,
v3_p07,267,El Triunfo,Buenos Aires,Lincoln,Lincoln,auto_ok,localidades-censales,06469050,El Triunfo,Lincoln,-35.0882210775847,-61.5163333232821,,
v3_p07,470,Elvira,Buenos Aires,Lobos,Lobos,auto_ok,localidades-censales,06483020,Elvira,Lobos,-35.2424877942795,-59.4846671851948,,
v3_p07,784,El Zorro,Buenos Aires,Coronel Dorrego,Coronel Dorrego | Monte Hermoso,flag_bahra,asentamientos,06189A06,El Zorro,Coronel Dorrego,-38.5579417985078,-61.0905780088142,,El Zorro/Coronel Dorrego [06189A06]
v3_p07,356,Embajador Martini,La Pampa,Realicó,Realicó,auto_ok,localidades-censales,42133040,Embajador Martini,Realicó,-35.3873136762608,-64.2828102076798,,
v3_p07,481,Emiliano Reynoso,Buenos Aires,Saladillo,Saladillo,flag_bahra,asentamientos,06707A08,Emiliano Reynoso,Saladillo,-35.5488736283651,-59.8744725648265,,Emiliano Reynoso/Saladillo [06707A08]
v3_p07,345,Emilio Ayarza,Buenos Aires,Chivilcoy,Chivilcoy,auto_ok,localidades-censales,06224020,Emilio Ayarza,Chivilcoy,-34.7435652931814,-60.0390888584043,,
v3_p07,718,Emilio Lamarca,Buenos Aires,Patagones,Patagones,flag_bahra,asentamientos,06602A17,Emilio Lamarca,Patagones,-40.0703158301386,-62.6159634298455,,Emilio Lamarca/Patagones [06602A17]
v3_p07,817,Emilio Mitre,La Pampa,Chalileo,Chalileo,flag_variante_bahra,asentamientos,42049A01,Colonia Emilio Mitre,Chalileo,-36.4450292095665,-66.4953304627706,,Colonia Emilio Mitre/Chalileo [42049A01]
v3_p07,224,Emilio V. Bunge,Buenos Aires,General Villegas,General Villegas,auto_ok,localidades-censales,06392040,Emilio V. Bunge,General Villegas,-34.7835206080606,-63.195445197564,,
v3_p07,611,Emma,Buenos Aires,General Alvear,General Alvear,flag_bahra,asentamientos,06287A07,Emma,General Alvear,-36.2103381863386,-60.2188056868671,,Emma/General Alvear [06287A07]
v3_p07,102,Empalme Lobos,Buenos Aires,Lobos,Lobos,flag_sin_match,,,,,,,,
v3_p07,86,Empalme San Vicente,Buenos Aires,San Vicente,San Vicente | Presidente Perón,flag_sin_match,,,,,,,,
v3_p07,900,Encina,Buenos Aires,Carlos Tejedor,Carlos Tejedor,flag_bahra,asentamientos,06154A04,Encina,Carlos Tejedor,-35.12751451778,-62.3912131001855,,Encina/Carlos Tejedor [06154A04]
v3_p07,652,Energía,Buenos Aires,San Cayetano,San Cayetano,flag_depto,,06581030,Energí­a,Necochea,-38.5579154668085,-59.3410770445179,39,Energí­a/Necochea [06581030]
v3_p07,606,Enrique Fynn,Buenos Aires,General Las Heras,General Las Heras,flag_bahra,asentamientos,06329A00,Enrique Fynn,General Las Heras,-34.8218165060807,-59.1356267030589,,Enrique Fynn/General Las Heras [06329A00]
v3_p08,558,Enrique Lavalle,Buenos Aires,Hipólito Yrigoyen,Hipólito Yrigoyen,flag_sin_match,,,,,,,,
v3_p08,25,Ensenada,Buenos Aires,Ensenada,Ensenada,auto_ok,localidades-censales,06245010,Ensenada,Ensenada,-34.8574603095566,-57.9077167405645,,
v3_p08,768,Erezcano,Buenos Aires,San Nicolás,San Nicolás,auto_ok,localidades-censales,06763040,Erézcano,San Nicolás,-33.5232449410318,-60.3174454958625,,
v3_p08,661,Erize,Buenos Aires,Puán,Puán,auto_ok,localidades-censales,06651090,Erize,Puán,-37.3938335409048,-62.8033910828547,,
v3_p08,407,Ernestina,Buenos Aires,25 de Mayo,25 de Mayo,auto_ok,localidades-censales,06854030,Ernestina,25 de Mayo,-35.2687823394438,-59.5569393138737,,
v3_p08,653,Escalada,Buenos Aires,Zárate,Zárate,flag_bahra,localidades,06882030,Escalada,Zárate,-34.1581474333804,-59.113670695869,,Escalada/Zárate [06882030]
v3_p08,570,Espartillar,Buenos Aires,Adolfo Alsina,Adolfo Alsina,auto_ok,localidades-censales,06007040,Espartillar,Adolfo Alsina,-37.3563345638716,-62.4387637810214,,
v3_p08,495,Espartillar,Buenos Aires,Saavedra,Saavedra,auto_ok,localidades-censales,06700030,Espartillar,Saavedra,-37.3610879470877,-62.4338085344158,,
v3_p08,328,Espigas,Buenos Aires,Olavarría,Olavarría,auto_ok,localidades-censales,06595060,Espigas,Olavarría,-36.4129063058135,-60.6730694647,,
v3_p08,735,Espora,Buenos Aires,San Andrés de Giles,San Andrés de Giles,flag_bahra,asentamientos,06728A02,Espora,San Andrés de Giles,-34.5264642858713,-59.5763907037446,,Espora/San Andrés de Giles [06728A02]
v3_p08,649,Estación Arenales,Buenos Aires,General Arenales,General Arenales,auto_ok,localidades-censales,06294030,Estación Arenales,General Arenales,-34.2701709376172,-61.2923464676926,,
v3_p08,475,Esteban Agustín Gascón,Buenos Aires,Adolfo Alsina,Adolfo Alsina,auto_ok,localidades-censales,06007050,Esteban Agustín Gascón,Adolfo Alsina,-37.455033706427,-63.2530314226587,,
v3_p08,592,Esteban de Luca,Buenos Aires,Carlos Tejedor,Carlos Tejedor,flag_bahra,asentamientos,06154A05,Esteban de Luca,Carlos Tejedor,-35.6795476021321,-62.3415966184068,,Esteban de Luca/Carlos Tejedor [06154A05]
v3_p08,19,Esteban Echeverría,Buenos Aires,Esteban Echeverría,Esteban Echeverría | Presidente Perón | Ezeiza,auto_ok,localidades-censales,06260010,Esteban Echeverría,Esteban Echeverría,-34.8193488124903,-58.4659157112903,,
v3_p08,687,Estela,Buenos Aires,Puán,Puán,auto_ok,localidades-censales,06651040,Estela,Puán,-38.1093793518765,-62.9125340725546,,
v3_p08,663,Esther,Buenos Aires,Saladillo,Saladillo,flag_bahra,asentamientos,06707A09,Esther,Saladillo,-35.640141667177,-59.953432487543,,Esther/Saladillo [06707A09]
v3_p08,722,Estonba,Buenos Aires,Tornquist,Tornquist,flag_variante_bahra,asentamientos,06819A06,Estomba,Tornquist,-38.3493947206493,-61.8031510180881,,Estomba/Tornquist [06819A06]
v3_p08,680,Estrugamou,Buenos Aires,Las Flores,Las Flores,flag_bahra,asentamientos,06455A08,Estrugamou,Las Flores,-35.9843899264414,-59.5253534444716,,Estrugamou/Las Flores [06455A08]
v3_p08,641,Etchegoyen,Buenos Aires,Exaltación de la Cruz,Exaltación de la Cruz,flag_bahra,asentamientos,06266A01,Etchegoyen,Exaltación de la Cruz,-34.4285124039728,-59.0776793605999,,Etchegoyen/Exaltación de la Cruz [06266A01]
v3_p08,874,Eufemio Uballes,Buenos Aires,Tapalqué,Tapalqué,flag_bahra,asentamientos,06798A09,Eufemio Uballes,Tapalqué,-36.6431525598262,-60.0541699031585,,Eufemio Uballes/Tapalqué [06798A09]
v3_p08,710,Fair,Buenos Aires,Ayacucho,Ayacucho,flag_bahra,asentamientos,06042A09,Fair,Ayacucho,-37.0676536679537,-58.3030898933833,,Fair/Ayacucho [06042A09]
v3_p08,713,Falucho,La Pampa,Realicó,Realicó,auto_ok,localidades-censales,42133050,Falucho,Realicó,-35.1905327831474,-64.106898901041,,
v3_p08,632,Faro,Buenos Aires,Coronel Dorrego,Coronel Dorrego | Monte Hermoso,auto_ok,localidades-censales,06189050,Faro,Coronel Dorrego,-38.7978615475205,-61.0692062978204,,
v3_p08,902,Fatraló,Buenos Aires,Guaminí,Guaminí,flag_bahra,asentamientos,06399A05,Fatraló,Guaminí,-36.9644739846984,-62.8345921053519,,Fatraló/Guaminí [06399A05]
v3_p08,559,Fauzón,Buenos Aires,9 de Julio,9 de Julio,flag_bahra,asentamientos,06588A09,Fauzón,9 de Julio,-35.3887085568083,-61.0061939120609,,Fauzón/9 de Julio [06588A09]
v3_p08,279,Felipe Solá,Buenos Aires,Puán,Puán,auto_ok,localidades-censales,06651050,Felipe Solá,Puán,-38.0090186606941,-62.8223290131163,,
v3_p08,295,Ferré,Buenos Aires,General Arenales,General Arenales,auto_ok,localidades-censales,06294040,Ferré,General Arenales,-34.1225722499223,-61.133427109448,,
v3_p08,25,Florencio Varela,Buenos Aires,Florencio Varela,Florencio Varela | Presidente Perón,auto_ok,localidades-censales,06274010,Florencio Varela,Florencio Varela,-34.8043714405555,-58.2792719767724,,
v3_p08,813,Fontezuela,Buenos Aires,Pergamino,Pergamino,auto_ok,localidades-censales,06623140,Fontezuela,Pergamino,-33.9123679530917,-60.4602199700351,,
v3_p08,666,Fortín Acha,Buenos Aires,Leandro N. Alem,Leandro N. Alem,flag_bahra,localidades,06462030,Fortín Acha,Leandro N. Alem,-34.3423483954941,-61.5151801698666,,Fortín Acha/Leandro N. Alem [06462030]
v3_p08,278,Fortín Olavarría,Buenos Aires,Rivadavia,Rivadavia,auto_ok,localidades-censales,06679010,Fortí­n Olavarría,Rivadavia,-35.7025240581481,-63.0238756234993,,
v3_p08,372,Fortín Tiburcio,Buenos Aires,Junín,Junín,auto_ok,localidades-censales,06413040,Fortí­n Tiburcio,Junín,-34.3460185342182,-61.1308370110561,,
v3_p08,414,Fournier,Buenos Aires,9 de Julio,9 de Julio,flag_variante_bahra,localidades,06588120,Villa Fournier,9 de Julio,-35.4989206034073,-60.8749637021148,,Villa Fournier/9 de Julio [06588120]
v3_p08,607,Francisco A. Berra,Buenos Aires,Monte,Monte,auto_ok,localidades-censales,06547040,Francisco A. Berra,Monte,-35.3754050136521,-58.8501889356841,,
v3_p08,531,Francisco Ayerza,Buenos Aires,Pergamino,Pergamino,flag_bahra,asentamientos,06623A07,Francisco Ayerza,Pergamino,-33.8369268787807,-60.5619876343631,,Francisco Ayerza/Pergamino [06623A07]
v3_p08,835,Francisco de Victoria,Buenos Aires,Trenque Lauquen,Trenque Lauquen,flag_variante_bahra,asentamientos,06826A08,Francisco de Vitoria,Trenque Lauquen,-35.6280426399475,-62.7060422792741,,Francisco de Vitoria/Trenque Lauquen [06826A08]
v3_p08,204,Francisco Madero,Buenos Aires,Pehuajó,Pehuajó,auto_ok,localidades-censales,06609080,Francisco Madero,Pehuajó,-35.8494144351475,-62.0665842831227,,
v3_p08,908,Francisco Magnano,Buenos Aires,Trenque Lauquen,Trenque Lauquen,flag_bahra,asentamientos,06826A09,Francisco Magnano,Trenque Lauquen,-35.6550345056363,-62.501539907523,,Francisco Magnano/Trenque Lauquen [06826A09]
v3_p08,589,Francisco Murature,Buenos Aires,Adolfo Alsina,Adolfo Alsina,flag_bahra,asentamientos,06007A09,Francisco Murature,Adolfo Alsina,-36.6873355818008,-63.3810967917465,,Francisco Murature/Adolfo Alsina [06007A09]
v3_p08,252,French,Buenos Aires,9 de Julio,9 de Julio,auto_ok,localidades-censales,06588060,French,9 de Julio,-35.5181114918939,-61.0011557877922,,
v3_p08,696,Fuerte Argentino,Buenos Aires,Tornquist,Tornquist,flag_sin_match,,,,,,,,
v3_p09,603,Fulton,Buenos Aires,Tandil,Tandil,auto_ok,localidades-censales,06791070,Fulton,Tandil,-37.4173201526759,-58.8101209831823,,
v3_p09,341,Gahan,Buenos Aires,Salto,Salto,auto_ok,localidades-censales,06714030,Gahan,Salto,-34.3368759493824,-60.0976017051753,,
v3_p09,384,Gándara,Buenos Aires,Chascomús,Chascomús | Lezama,flag_bahra,asentamientos,06218A11,Gándara,Chascomús,-35.4494481242199,-58.0940940923259,,Gándara/Chascomús [06218A11]
v3_p09,830,García del Río,Buenos Aires,Tornquist,Tornquist,flag_bahra,asentamientos,06819A08,García del Río,Tornquist,-38.3634223804441,-62.2056653749846,,García del Río/Tornquist [06819A08]
v3_p09,420,Gardey,Buenos Aires,Tandil,Tandil,auto_ok,localidades-censales,06791030,Gardey,Tandil,-37.2830815791084,-59.3615728658737,,
v3_p09,87,Garín,Buenos Aires,Escobar,Escobar,flag_bahra,localidades,0625201003,Garín,Escobar,-34.4230339103436,-58.7394613036842,,Garín/Escobar [0625201003]
v3_p09,391,Garré,Buenos Aires,Guaminí,Guaminí,auto_ok,localidades-censales,06399030,Garré,Guaminí,-36.5618704605464,-62.6043650688246,,
v3_p09,97,General Acha,La Pampa,Utracán,Utracán,auto_ok,localidades-censales,42154040,General Acha,Utracán,-37.3782129793046,-64.6042388895116,,
v3_p09,73,Gral. Alvarado (Miramar),Buenos Aires,General Alvarado,General Alvarado,flag_sin_match,,,,,,,,
v3_p09,106,General Alvear,Buenos Aires,General Alvear,General Alvear,auto_ok,localidades-censales,06287010,General Alvear,General Alvear,-36.0217126120832,-60.0145618624224,,
v3_p09,166,General Arenales,Buenos Aires,General Arenales,General Arenales,auto_ok,localidades-censales,06294050,General Arenales,General Arenales,-34.3033477283701,-61.3070968690783,,
v3_p09,458,General Arias,Buenos Aires,Coronel de Marina Leonardo Rosales,Coronel de Marina Leonardo Rosales | Monte Hermoso,flag_variante,,06182050,Villa General Arias,Coronel de Marina Leonardo Rosales,-38.809530417102,-62.1010331102634,,Villa General Arias/Coronel de Marina Leonardo Rosales [06182050]
v3_p09,84,General Belgrano,Buenos Aires,General Belgrano,General Belgrano,auto_ok,localidades-censales,06301010,General Belgrano,General Belgrano,-35.7656823582787,-58.4972051075343,,
v3_p09,517,General Conesa,Buenos Aires,Tordillo,Tordillo,auto_ok,localidades-censales,06812010,General Conesa,Tordillo,-36.5196082372624,-57.3253709517514,,
v3_p09,137,General Daniel Cerri,Buenos Aires,Bahía Blanca,Bahía Blanca,auto_ok,localidades-censales,06056030,General Daniel Cerri,Bahía Blanca,-38.7148047073191,-62.4011505169838,,
v3_p09,293,General Guido,Buenos Aires,General Guido,General Guido,auto_ok,localidades-censales,06308010,General Guido,General Guido,-36.6416606332142,-57.7921119069172,,
v3_p09,542,General Hornos,Buenos Aires,General Las Heras,General Las Heras,auto_ok,localidades-censales,06329050,General Hornos,General Las Heras,-34.8923401867298,-58.9178063378305,,
v3_p09,80,Gral. Juan Madariaga,Buenos Aires,General Juan Madariaga,General Juan Madariaga | Pinamar | Villa Gesell,flag_variante,,06315010,General Juan Madariaga,General Juan Madariaga,-36.9952462327822,-57.1368817008985,,General Juan Madariaga/General Juan Madariaga [06315010]
v3_p09,103,General Lamadrid,Buenos Aires,General Lamadrid,General La Madrid,flag_variante,,06322010,General La Madrid,General La Madrid,-37.2497066794609,-61.2621759484651,,General La Madrid/General La Madrid [06322010]
v3_p09,120,General Las Heras,Buenos Aires,General Las Heras,General Las Heras,auto_ok,localidades-censales,06329010,General Las Heras,General Las Heras,-34.9268997405489,-58.9468147243535,,
v3_p09,280,General Lavalle,Buenos Aires,General Lavalle,General Lavalle | La Costa,auto_ok,localidades-censales,06336010,General Lavalle,General Lavalle,-36.4063505340029,-56.9432359078323,,
v3_p09,336,General Manuel J. Campos,La Pampa,Guatraché,Guatraché,auto_ok,localidades-censales,42070020,General Manuel J. Campos,Guatraché,-37.4614390940596,-63.5856765668501,,
v3_p09,186,General O'Brien,Buenos Aires,Bragado,Bragado,flag_bahra,localidades,06112030,General O'Brien,Bragado,-34.9056096603392,-60.7605000810587,,General O'Brien/Bragado [06112030]
v3_p09,182,General Paz,Buenos Aires,General Paz,General Paz,flag_sin_match,,,,,,,,
v3_p09,42,General Pico,La Pampa,Maracó,Maracó,auto_ok,localidades-censales,42105030,General Pico,Maracó,-35.6587897781576,-63.757000005304,,
v3_p09,132,General Pinto,Buenos Aires,General Pinto,General Pinto | Florentino Ameghino,auto_ok,localidades-censales,06351020,General Pinto,General Pinto,-34.7643405586271,-61.8915305574535,,
v3_p09,155,General Pirán,Buenos Aires,Mar Chiquita,Mar Chiquita,auto_ok,localidades-censales,06518020,General Pirán,Mar Chiquita,-37.2759182869641,-57.7741503324633,,
v3_p09,63,General Rodríguez,Buenos Aires,General Rodríguez,General Rodríguez,auto_ok,localidades-censales,06364030,General Rodri­guez,General Rodríguez,-34.6121036280152,-58.9541208269881,,
v3_p09,188,General Rojo,Buenos Aires,San Nicolás,San Nicolás,auto_ok,localidades-censales,06763010,General Rojo,San Nicolás,-33.473575571236,-60.2880907634722,,
v3_p09,633,General Rondeau,Buenos Aires,Puán,Puán,flag_bahra,asentamientos,06651A04,General Rondeau,Puán,-38.2395125779664,-63.1217599431385,,General Rondeau/Puán [06651A04]
v3_p09,7,General San Martín,Buenos Aires,General San Martín,General San Martín,auto_ok,localidades-censales,06371010,General San Martín,General San Martín,-34.5720903831064,-58.5337542758788,,
v3_p09,139,General San Martín,La Pampa,Hucal,Hucal,auto_ok,localidades-censales,42077030,General San Martín,Hucal,-37.9788174021185,-63.6036059163972,,
v3_p09,13,General Sarmiento,Buenos Aires,General Sarmiento,José C. Paz | Malvinas Argentinas | San Miguel,flag_sin_match,,,,,,,,
v3_p09,81,General Viamonte,Buenos Aires,General Viamonte,General Viamonte,flag_sin_match,,,,,,,,
v3_p09,82,General Villegas,Buenos Aires,General Villegas,General Villegas,auto_ok,localidades-censales,06392060,General Villegas,General Villegas,-35.0326110096909,-63.0148371208859,,
v3_p09,231,Germania,Buenos Aires,General Pinto,General Pinto | Florentino Ameghino,auto_ok,localidades-censales,06351030,Germania,General Pinto,-34.5770081706017,-62.0478331699194,,
v3_p09,576,Gil,Buenos Aires,Coronel Dorrego,Coronel Dorrego | Monte Hermoso,flag_bahra,asentamientos,06189A08,Gil,Coronel Dorrego,-38.791339010403,-60.9054403407424,,Gil/Coronel Dorrego [06189A08]
v3_p09,681,Girodías,Buenos Aires,Trenque Lauquen,Trenque Lauquen,auto_ok,localidades-censales,06826020,Girodias,Trenque Lauquen,-36.365103991192,-62.3559552297511,,
v3_p09,530,Girondo,Buenos Aires,Pehuajó,Pehuajó,flag_bahra,asentamientos,06609A13,Girondo,Pehuajó,-35.997578361265,-61.6234003174849,,Girondo/Pehuajó [06609A13]
v3_p09,800,Gobernador Andonaegui,Buenos Aires,Exaltación de la Cruz,Exaltación de la Cruz,flag_bahra,asentamientos,06266A02,Gobernador Andonaegui,Exaltación de la Cruz,-34.1790927106464,-59.3078014998622,,Gobernador Andonaegui/Exaltación de la Cruz [06266A02]
v3_p09,708,Gobernador Arias,Buenos Aires,Carlos Casares,Carlos Casares,flag_bahra,asentamientos,06147A05,Gobernador Arias,Carlos Casares,-35.5383956991558,-61.3466063182967,,Gobernador Arias/Carlos Casares [06147A05]
v3_p10,752,Gobernador Ayala,La Pampa,Puelén,Puelén,flag_bahra,asentamientos,42112A02,Gobernador Ayala,Puelén,-37.5841227997965,-68.0947081033302,,Gobernador Ayala/Puelén [42112A02]
v3_p10,308,Gobernador Castro,Buenos Aires,San Pedro,San Pedro,auto_ok,localidades-censales,06770010,Gobernador Castro,San Pedro,-33.6596750601482,-59.8695204050625,,
v3_p10,880,Gobernador Obligado,Buenos Aires,Brandsen,Brandsen,flag_bahra,asentamientos,06119A02,Gobernador Obligado,Brandsen,-35.1626150705612,-58.1983400878776,,Gobernador Obligado/Brandsen [06119A02]
v3_p10,486,Gobernador Udaondo,Buenos Aires,Cañuelas,Cañuelas,auto_ok,localidades-censales,06134060,Gobernador Udaondo,Cañuelas,-35.3026119244728,-58.5960799765629,,
v3_p10,291,Gobernador Ugarte,Buenos Aires,25 de Mayo,25 de Mayo,auto_ok,localidades-censales,06854040,Gobernador Ugarte,25 de Mayo,-35.1638000887948,-60.0789769729494,,
v3_p10,425,Goldney,Buenos Aires,Mercedes,Mercedes,auto_ok,localidades-censales,06532010,Goldney,Mercedes,-34.6016396651625,-59.2859277306033,,
v3_p10,637,Gómez,Buenos Aires,Brandsen,Brandsen,auto_ok,localidades-censales,06119060,Gómez,Brandsen,-35.0679739062059,-58.1647295695433,,
v3_p10,885,Gómez de la Vega,Buenos Aires,Brandsen,Brandsen,flag_bahra,asentamientos,06119A03,Gómez de la Vega,Brandsen,-35.0875087178715,-58.1479792240101,,Gómez de la Vega/Brandsen [06119A03]
v3_p10,756,Gondra,Buenos Aires,General Villegas,General Villegas,flag_bahra,asentamientos,06392A07,Gondra,General Villegas,-34.7470400162646,-63.3597301869292,,Gondra/General Villegas [06392A07]
v3_p10,93,González Chaves,Buenos Aires,González Chaves,Adolfo Gonzales Chaves,flag_variante,,06014010,Adolfo Gonzales Chaves,Adolfo Gonzales Chaves,-38.0324513470644,-60.0993865814513,,Adolfo Gonzales Chaves/Adolfo Gonzales Chaves [06014010]
v3_p10,275,González Moreno,Buenos Aires,Rivadavia,Rivadavia,auto_ok,localidades-censales,06679020,González Moreno,Rivadavia,-35.5550815467413,-63.3801170143251,,
v3_p10,886,González Risos,Buenos Aires,Navarro,Navarro,flag_bahra,asentamientos,06574A03,González Risos,Navarro,-34.8551542680675,-59.2261726546119,,González Risos/Navarro [06574A03]
v3_p10,348,Gorchs,Buenos Aires,General Belgrano,General Belgrano,auto_ok,localidades-censales,06301020,Gorchs,General Belgrano,-35.6728465837035,-58.9569478847982,,
v3_p10,388,Gorostiaga,Buenos Aires,Chivilcoy,Chivilcoy,auto_ok,localidades-censales,06224030,Gorostiaga,Chivilcoy,-34.838818420922,-59.8660452868395,,
v3_p10,510,Gouin,Buenos Aires,Carmen de Areco,Carmen de Areco,flag_variante,,06161020,Pueblo Gouin,Carmen de Areco,-34.4951304870249,-59.802724139001,,Pueblo Gouin/Carmen de Areco [06161020]
v3_p10,340,Gowland,Buenos Aires,Mercedes,Mercedes,auto_ok,localidades-censales,06532020,Gowland,Mercedes,-34.6510310477336,-59.3524961835322,,
v3_p10,344,Goyena,Buenos Aires,Saavedra,Saavedra,auto_ok,localidades-censales,06700040,Goyena,Saavedra,-37.7209946578353,-62.6065057870991,,
v3_p10,861,Graciarena,Buenos Aires,Pellegrini,Pellegrini | Salliqueló | Tres Lomas,flag_bahra,asentamientos,06721A00,Graciarena,Salliqueló,-36.6428648978823,-63.1748899898458,,Graciarena/Salliqueló [06721A00]
v3_p10,876,Gregorio Villafañe,Buenos Aires,Chacabuco,Chacabuco,flag_bahra,asentamientos,06210A05,Gregorio Villafañe,Chacabuco,-34.7139439573142,-60.6015164701539,,Gregorio Villafañe/Chacabuco [06210A05]
v3_p10,326,Grumbein,Buenos Aires,Bahía Blanca,Bahía Blanca,flag_variante_bahra,localidades,0605601002,Grünbein,Bahía Blanca,-38.7492722104635,-62.1908892770901,,Grünbein/Bahía Blanca [0605601002]
v3_p10,194,Guaminí,Buenos Aires,Guaminí,Guaminí,auto_ok,localidades-censales,06399040,Guaminí,Guaminí,-37.0108480348447,-62.4222267487226,,
v3_p10,400,Guanaco,Buenos Aires,Pehuajó,Pehuajó,auto_ok,localidades-censales,06609090,Guanaco,Pehuajó,-35.7149955299505,-61.6499233098685,,
v3_p10,165,Guatraché,La Pampa,Guatraché,Guatraché,auto_ok,localidades-censales,42070030,Guatraché,Guatraché,-37.6707844191933,-63.5357146788265,,
v3_p10,79,Guernica,Buenos Aires,San Vicente,San Vicente | Presidente Perón,flag_bahra,localidades,0664801002,Guernica,Presidente Perón,-34.9179865232138,-58.3821570439019,,Guernica/Presidente Perón [0664801002]
v3_p10,331,Guerrico,Buenos Aires,Pergamino,Pergamino,auto_ok,localidades-censales,06623030,Guerrico,Pergamino,-33.6710788991352,-60.3965760552765,,
v3_p10,724,Guido Spano,Buenos Aires,Rojas,Rojas,flag_bahra,asentamientos,06686A01,Guido Spano,Rojas,-34.2316070834476,-60.6476837120465,,Guido Spano/Rojas [06686A01]
v3_p10,678,Gunther,Buenos Aires,General Pinto,General Pinto | Florentino Ameghino,auto_ok,localidades-censales,06351040,Günther,General Pinto,-34.5973462563133,-61.9175486021627,,
v3_p10,375,Hale,Buenos Aires,Bolívar,Bolívar,auto_ok,localidades-censales,06105010,Hale,Bolívar,-35.9982344842931,-60.8544808012368,,
v3_p10,111,Henderson,Buenos Aires,Hipólito Yrigoyen,Hipólito Yrigoyen,auto_ok,localidades-censales,06406010,Henderson,Hipólito Yrigoyen,-36.2981336893232,-61.7185149949897,,
v3_p10,529,Henry Bell,Buenos Aires,Chivilcoy,Chivilcoy,flag_bahra,asentamientos,06224A07,Henry Bell,Chivilcoy,-35.0452928827939,-59.9519454205668,,Henry Bell/Chivilcoy [06224A07]
v3_p10,613,Hereford,Buenos Aires,Carlos Tejedor,Carlos Tejedor,flag_variante_bahra,asentamientos,06154A06,Heresford,Carlos Tejedor,-35.1325840766865,-62.5115378704201,,Heresford/Carlos Tejedor [06154A06]
v3_p10,585,Herrera Vegas,Buenos Aires,Hipólito Yrigoyen,Hipólito Yrigoyen,auto_ok,localidades-censales,06406020,Herrera Vegas,Hipólito Yrigoyen,-36.0849500932761,-61.4083567191042,,
v3_p10,247,Hilario Ascasubi,Buenos Aires,Villarino,Villarino,auto_ok,localidades-censales,06875030,Hilario Ascasubi,Villarino,-39.3756157293261,-62.6474281775036,,
v3_p10,156,Hinojo,Buenos Aires,Olavarría,Olavarría,auto_ok,localidades-censales,06595070,Hinojo,Olavarría,-36.865850435029,-60.1603430337976,,
v3_p10,461,Hortensia,Buenos Aires,Carlos Casares,Carlos Casares,auto_ok,localidades-censales,06147050,Hortensia,Carlos Casares,-35.9242891886846,-61.2628781074639,,
v3_p10,119,Huanguelén,Buenos Aires,Coronel Suárez,Coronel Suárez,auto_ok,localidades-censales,06203050,Huanguelén,Coronel Suárez,-37.0588083117535,-61.9325364000869,,
v3_p10,655,Hucal,La Pampa,Hucal,Hucal,auto_ok,localidades-censales,42077040,Hucal,Hucal,-37.7910407590427,-64.0251354219152,,
v3_p10,850,Huelén,La Pampa,Quemú-Quemú,Quemú Quemú,flag_bahra,asentamientos,42119A01,Huelén,Quemú Quemú,-36.1150542235299,-63.7195934220994,,Huelén/Quemú Quemú [42119A01]
v3_p10,595,Huetel,Buenos Aires,25 de Mayo,25 de Mayo,flag_bahra,asentamientos,06854A08,Huetel,25 de Mayo,-35.8228750073307,-60.6426660305767,,Huetel/25 de Mayo [06854A08]
v3_p10,578,Hunter,Buenos Aires,Rojas,Rojas,flag_bahra,asentamientos,06686A02,Hunter,Rojas,-34.247778963666,-60.5327014028158,,Hunter/Rojas [06686A02]
v3_p10,851,Húsares,Buenos Aires,Carlos Tejedor,Carlos Tejedor,flag_bahra,asentamientos,06154A07,Húsares,Carlos Tejedor,-35.5231895876618,-62.3453366804586,,Húsares/Carlos Tejedor [06154A07]
v3_p11,875,Ibáñez,Buenos Aires,General Belgrano,General Belgrano,flag_bahra,asentamientos,06301A06,Ibañez,General Belgrano,-36.038012372123,-58.6032762495983,,Ibañez/General Belgrano [06301A06]
v3_p11,811,Igarzábal,Buenos Aires,Patagones,Patagones,flag_bahra,asentamientos,06602A19,Igarzabal,Patagones,-39.7788985108588,-62.6139993004362,,Igarzabal/Patagones [06602A19]
v3_p11,568,Indacochea,Buenos Aires,Chivilcoy,Chivilcoy,flag_bahra,asentamientos,06224A08,Indacochea,Chivilcoy,-35.0541610723621,-60.0568129897133,,Indacochea/Chivilcoy [06224A08]
v3_p11,196,Indio Rico,Buenos Aires,Coronel Pringles,Coronel Pringles,auto_ok,localidades-censales,06196040,Indio Rico,Coronel Pringles,-38.3304231683786,-60.885334361923,,
v3_p11,259,Inés Indart,Buenos Aires,Salto,Salto,auto_ok,localidades-censales,06714040,Inés Indart,Salto,-34.3972265670868,-60.5443927860746,,
v3_p11,401,Ingeniero Balbín,Buenos Aires,General Pinto,General Pinto | Florentino Ameghino,flag_variante,,06351060,Villa Roth (Est. Ingeniero Balbín),General Pinto,-34.5768859195838,-62.1711843922809,,Villa Roth (Est. Ingeniero Balbín)/General Pinto [06351060]
v3_p11,714,Ingeniero Foster,La Pampa,Rancul,Rancul,auto_ok,localidades-censales,42126020,Ingeniero Foster,Rancul,-35.7033418727938,-65.1019513972829,,
v3_p11,190,Ingeniero Luiggi,La Pampa,Realicó,Realicó,auto_ok,localidades-censales,42133060,Ingeniero Luiggi,Realicó,-35.3885388812863,-64.4675066675315,,
v3_p11,118,Ingeniero Maschwitz,Buenos Aires,Escobar,Escobar,flag_bahra,localidades,0625201004,Ingeniero Maschwitz,Escobar,-34.3892350663582,-58.7378666055156,,Ingeniero Maschwitz/Escobar [0625201004]
v3_p11,547,Ingeniero Moneta,Buenos Aires,San Pedro,San Pedro,auto_ok,localidades-censales,06770020,Ingeniero Moneta,San Pedro,-33.9306180352619,-59.7499817721519,,
v3_p11,650,Ingeniero Silveyra,Buenos Aires,Chacabuco,Chacabuco,flag_bahra,asentamientos,06210A06,Ingeniero Silveyra,Chacabuco,-34.5241326904445,-60.1987544230689,,Ingeniero Silveyra/Chacabuco [06210A06]
v3_p11,422,Ingeniero Thompson,Buenos Aires,Pellegrini,Pellegrini | Salliqueló | Tres Lomas,auto_ok,localidades-censales,06847010,Ingeniero Thompson,Tres Lomas,-36.6109386160692,-62.9129192105774,,
v3_p11,91,Ingeniero White,Buenos Aires,Bahía Blanca,Bahía Blanca,flag_bahra,localidades,0605601003,Ingeniero White,Bahía Blanca,-38.7794923647948,-62.2655806941397,,Ingeniero White/Bahía Blanca [0605601003]
v3_p11,582,Ingeniero Williams,Buenos Aires,Navarro,Navarro,flag_bahra,asentamientos,06574A04,Ingeniero Williams,Navarro,-34.8944199778223,-59.3728276014711,,Ingeniero Williams/Navarro [06574A04]
v3_p11,626,Inocencio Sosa,Buenos Aires,Pehuajó,Pehuajó,auto_ok,localidades-censales,06609020,Inocencio Sosa,Pehuajó,-35.7184196474894,-62.1142777365421,,
v3_p11,133,Intendente Alvear,La Pampa,Chapaleufú,Chapaleufú,auto_ok,localidades-censales,42056040,Intendente Alvear,Chapaleufú,-35.2347475655164,-63.592068256389,,
v3_p11,690,Iraizoz,Buenos Aires,General Alvarado,General Alvarado,flag_variante_bahra,asentamientos,06280A07,Yraizoz,General Alvarado,-38.1390600160881,-57.9861794185853,,Yraizoz/General Alvarado [06280A07]
v3_p11,307,Irala,Buenos Aires,Bragado,Bragado,auto_ok,localidades-censales,06112050,Irala,Bragado,-34.7701861705945,-60.6910180332824,,
v3_p11,412,Iraola,Buenos Aires,Tandil,Tandil,auto_ok,localidades-censales,06791080,Iraola,Tandil,-37.2524438506817,-58.9170090713051,,
v3_p11,454,Irene,Buenos Aires,Coronel Dorrego,Coronel Dorrego | Monte Hermoso,auto_ok,localidades-censales,06189060,Irene,Coronel Dorrego,-38.5546026656424,-60.6968840425832,,
v3_p11,466,Ireneo Portela,Buenos Aires,Baradero,Baradero,flag_variante,,06070020,Irineo Portela,Baradero,-33.9797918491477,-59.6716798816513,,Irineo Portela/Baradero [06070020]
v3_p11,405,Iriarte,Buenos Aires,General Pinto,General Pinto | Florentino Ameghino,auto_ok,localidades-censales,06351010,Iriarte,General Pinto,-34.4163049879338,-61.9293054793085,,
v3_p11,217,Isla Martín García,Buenos Aires,Isla Martín García,La Plata,flag_sin_match,,,,,,,,
v3_p11,472,Islas,Buenos Aires,25 de Mayo,25 de Mayo,flag_bahra,asentamientos,06854A09,Islas,25 de Mayo,-35.56780922426,-60.3573710106395,,Islas/25 de Mayo [06854A09]
v3_p11,725,Ivanowsky,La Pampa,Catriló,Catriló,flag_bahra,asentamientos,42028A01,Ivanowsky,Catriló,-36.5568752328253,-63.4343047684082,,Ivanowsky/Catriló [42028A01]
v3_p11,184,Jacinto Aráuz,La Pampa,Hucal,Hucal,auto_ok,localidades-censales,42077050,Jacinto Aráuz,Hucal,-38.0829157891983,-63.4294987522777,,
v3_p11,147,Jáuregui,Buenos Aires,Luján,Luján,flag_sin_match,,,,,,,,
v3_p11,273,Jeppener,Buenos Aires,Brandsen,Brandsen,auto_ok,localidades-censales,06119070,Jeppener,Brandsen,-35.27748443396,-58.2016561578349,,
v3_p11,193,José A. Guisasola,Buenos Aires,Coronel Dorrego,Coronel Dorrego | Monte Hermoso,flag_sin_match,,,,,,,,
v3_p11,415,José B. Casas,Buenos Aires,Patagones,Patagones,auto_ok,localidades-censales,06602040,José B. Casas,Patagones,-40.4357234187303,-62.5430621406046,,
v3_p11,614,José Ferrari,Buenos Aires,Magdalena,Magdalena | Punta Indio,flag_bahra,asentamientos,06505A04,José Ferrari,Magdalena,-35.2914221376027,-57.8616814984706,,José Ferrari/Magdalena [06505A04]
v3_p11,113,José M. Blanco,Buenos Aires,Pellegrini,Pellegrini | Salliqueló | Tres Lomas,flag_sin_match,,,,,,,,
v3_p11,642,José M. Micheo,Buenos Aires,General Alvear,General Alvear,flag_sin_match,,,,,,,,
v3_p11,617,José Santos Arévalo,Buenos Aires,Lobos,Lobos,flag_bahra,asentamientos,06483A09,José Santos Arévalo,Lobos,-35.1677635099957,-59.2316864927508,,José Santos Arévalo/Lobos [06483A09]
v3_p11,444,Juan A. de la Peña,Buenos Aires,Pergamino,Pergamino,auto_ok,localidades-censales,06623040,Juan A. de la Peña,Pergamino,-33.8301427502759,-60.4862525474011,,
v3_p11,244,Juan A. Pradere,Buenos Aires,Patagones,Patagones,auto_ok,localidades-censales,06602050,Juan A. Pradere,Patagones,-39.5993074663141,-62.6499136794715,,
v3_p11,158,Juan B. Alberdi,Buenos Aires,Leandro N. Alem,Leandro N. Alem,flag_sin_match,,,,,,,,
v3_p11,500,Juan Blaquier,Buenos Aires,Saladillo,Saladillo,flag_bahra,asentamientos,06707A11,Juan Blaquier,Saladillo,-35.7640554948561,-59.3023068813366,,Juan Blaquier/Saladillo [06707A11]
v3_p11,604,Juancho,Buenos Aires,General Juan Madariaga,General Juan Madariaga | Pinamar | Villa Gesell,flag_bahra,asentamientos,06315A04,Juancho,General Juan Madariaga,-37.1532515083004,-57.0842424414875,,Juancho/General Juan Madariaga [06315A04]
v3_p11,404,Juan E. Barra,Buenos Aires,González Chaves,Adolfo Gonzales Chaves,auto_ok,localidades-censales,06014030,Juan E. Barra,Adolfo Gonzales Chaves,-37.8212422280092,-60.4827882028091,,
v3_p11,332,Juan F. Ibarra,Buenos Aires,Bolívar,Bolívar,auto_ok,localidades-censales,06105020,Juan F. Ibarra,Bolívar,-36.3492149232859,-61.2562947609103,,
v3_p12,418,Juan J. Almeyra,Buenos Aires,Navarro,Navarro,flag_sin_match,,,,,,,,
v3_p12,136,Juan N. Fernández,Buenos Aires,Necochea,Necochea,auto_ok,localidades-censales,06581040,Juan N. Fernández,Necochea,-38.0055290684137,-59.2641006486466,,
v3_p12,64,Juárez,Buenos Aires,Juárez,Benito Juárez,flag_variante,,06084020,Benito Juárez,Benito Juárez,-37.6742571604814,-59.8049089715607,,Benito Juárez/Benito Juárez [06084020]
v3_p12,588,Julio Arditi,Buenos Aires,Magdalena,Magdalena | Punta Indio,auto_ok,localidades-censales,06505070,Julio Arditi,Magdalena,-35.1286054809893,-57.6470576806293,,
v3_p12,21,Junín,Buenos Aires,Junín,Junín,auto_ok,localidades-censales,06413050,Juní­n,Junín,-34.576704518763,-60.9470682040392,,
v3_p12,907,Kenny,Buenos Aires,Carmen de Areco,Carmen de Areco,flag_bahra,asentamientos,06161A04,Kenny,Carmen de Areco,-34.3599092307876,-60.0053875163669,,Kenny/Carmen de Areco [06161A04]
v3_p12,820,Kilómetro 125,Buenos Aires,San Andrés de Giles,San Andrés de Giles,flag_sin_match,,,,,,,,
v3_p12,532,Kilómetro 158,Buenos Aires,San Pedro,San Pedro,flag_sin_match,,,,,,,,
v3_p12,815,Krabbe,Buenos Aires,Coronel Pringles,Coronel Pringles,flag_bahra,asentamientos,06196A04,Krabbe,Coronel Pringles,-37.7827415597865,-61.1428855564657,,Krabbe/Coronel Pringles [06196A04]
v3_p12,438,La Angelita,Buenos Aires,General Arenales,General Arenales,auto_ok,localidades-censales,06294060,La Angelita,General Arenales,-34.2618640746608,-60.966032150591,,
v3_p12,281,Labardén,Buenos Aires,General Guido,General Guido,auto_ok,localidades-censales,06308020,Labardén,General Guido,-36.947434184058,-58.1036445183417,,
v3_p12,294,La Barrancosa,Buenos Aires,Saladillo,Saladillo,flag_bahra,asentamientos,06707A13,La Barrancosa,Saladillo,-35.737832472496,-59.8681165534994,,La Barrancosa/Saladillo [06707A13]
v3_p12,555,La Beba,Buenos Aires,Rojas,Rojas,auto_ok,localidades-censales,06686010,La Beba,Rojas,-34.1544387870912,-61.0128711169321,,
v3_p12,627,La Carreta,Buenos Aires,Trenque Lauquen,Trenque Lauquen,auto_ok,localidades-censales,06826030,La Carreta,Trenque Lauquen,-36.2088723944051,-62.2379173261835,,
v3_p12,499,La Colina,Buenos Aires,General Lamadrid,General La Madrid,auto_ok,localidades-censales,06322020,La Colina,General La Madrid,-37.3595368817448,-61.5360095803567,,
v3_p12,822,La Constancia,Buenos Aires,Ayacucho,Ayacucho,auto_ok,localidades-censales,06042020,La Constancia,Ayacucho,-37.226183333452,-58.7596022326105,,
v3_p12,898,La Choza,Buenos Aires,General Las Heras,General Las Heras,auto_ok,localidades-censales,06329020,La Choza,General Las Heras,-34.7813109502068,-59.1110151193181,,
v3_p12,572,La Delfina,Buenos Aires,General Viamonte,General Viamonte,auto_ok,localidades-censales,06385020,La Delfina,General Viamonte,-34.9437076703516,-61.1586766691658,,
v3_p12,672,La Dorita,Buenos Aires,Carlos Casares,Carlos Casares,flag_bahra,asentamientos,06147A06,La Dorita,Carlos Casares,-35.5909936148223,-61.2412257148602,,La Dorita/Carlos Casares [06147A06]
v3_p12,222,La Dulce,Buenos Aires,Necochea,Necochea,flag_sin_match,,,,,,,,Arroyo Dulce/Salto [06714010]
v3_p12,125,La Emilia,Buenos Aires,San Nicolás,San Nicolás,auto_ok,localidades-censales,06763030,La Emilia,San Nicolás,-33.3510472526016,-60.3139658525839,,
v3_p12,654,La Gloria,La Pampa,Catriló,Catriló,auto_ok,localidades-censales,42028020,La Gloria,Catriló,-36.5075204631326,-63.7426167387648,,
v3_p12,426,Lago Epecuén,Buenos Aires,Adolfo Alsina,Adolfo Alsina,flag_variante_bahra,asentamientos,06007A20,Villa Lago Epecuén,Adolfo Alsina,-37.133151583151,-62.8094292058305,,Villa Lago Epecuén/Adolfo Alsina [06007A20]
v3_p12,309,Laguna Alsina,Buenos Aires,Guaminí,Guaminí,auto_ok,localidades-censales,06399050,Laguna Alsina,Guaminí,-36.80905243808,-62.2451480754422,,
v3_p12,430,La Invencible,Buenos Aires,Salto,Salto,auto_ok,localidades-censales,06714050,La Invencible,Salto,-34.266803967166,-60.3849650377881,,
v3_p12,781,La Japonesa,La Pampa,Cura-Có,Curacó,flag_sin_match,,,,,,,,
v3_p12,482,La Larga,La Pampa,Caseros,,flag_sin_match,,,,,,,,
v3_p12,445,La Limpia,Buenos Aires,Bragado,Bragado,auto_ok,localidades-censales,06112070,La Limpia,Bragado,-35.0798829132362,-60.591667848836,,
v3_p12,870,La Luisa,Buenos Aires,Bartolomé Mitre,Arrecifes | Capitán Sarmiento,auto_ok,localidades-censales,06140020,La Luisa,Capitán Sarmiento,-34.1327038909145,-59.9351303723456,,
v3_p12,638,La Manuela,Buenos Aires,Caseros,Daireaux,auto_ok,localidades-censales,06231060,La Manuela,Daireaux,-36.743255906141,-62.0718222469417,,
v3_p12,320,La Maruja,La Pampa,Rancul,Rancul,auto_ok,localidades-censales,42126030,La Maruja,Rancul,-35.6738117818431,-64.9421190662968,,
v3_p12,1,La Matanza,Buenos Aires,La Matanza,La Matanza,auto_ok,localidades-censales,06427010,La Matanza,La Matanza,-34.6775535198437,-58.5609727562767,,
v3_p12,610,La Negra,Buenos Aires,Necochea,Necochea,flag_bahra,asentamientos,06581A09,La Negra,Necochea,-37.7913295862573,-59.3153733400316,,La Negra/Necochea [06581A09]
v3_p12,728,La Nevada,Buenos Aires,Guaminí,Guaminí,flag_bahra,asentamientos,06399A11,La Nevada,Guaminí,-36.9368577357608,-61.9624647465385,,La Nevada/Guaminí [06399A11]
v3_p12,831,Langueyú,Buenos Aires,Ayacucho,Ayacucho,flag_bahra,asentamientos,06042A17,Langueyú,Ayacucho,-36.6699563653816,-58.5285461713573,,Langueyú/Ayacucho [06042A17]
v3_p12,253,La Niña,Buenos Aires,9 de Julio,9 de Julio,auto_ok,localidades-censales,06588050,La Niña,9 de Julio,-35.408761137398,-61.2077461218609,,
v3_p12,620,La Noria,Buenos Aires,Cañuelas,Cañuelas,flag_bahra,asentamientos,06134A03,La Noria,Cañuelas,-35.1651230174752,-58.7882685711171,,La Noria/Cañuelas [06134A03]
v3_p12,373,La Nueva Plata,Buenos Aires,Pehuajó,Pehuajó,flag_variante,,06609060,Nueva Plata,Pehuajó,-35.9185268491812,-61.8134750562068,,Nueva Plata/Pehuajó [06609060]
v3_p12,2,Lanús,Buenos Aires,Lanús,Lanús,auto_ok,localidades-censales,06434010,Lanus,Lanús,-34.7075670582991,-58.3911484853653,,
v3_p12,441,La Oriental,Buenos Aires,Junín,Junín,flag_bahra,asentamientos,06413A06,La Oriental,Junín,-34.5680932311422,-60.817119767828,,La Oriental/Junín [06413A06]
v3_p12,763,La Pastora,Buenos Aires,Tandil,Tandil,flag_bahra,asentamientos,06791A10,La Pastora,Tandil,-37.1476809297283,-59.3808969998274,,La Pastora/Tandil [06791A10]
v3_p13,557,La Pastoril,La Pampa,Chalileo,Chalileo,flag_variante_bahra,asentamientos,42049A02,Colonia La Pastoril,Chalileo,-36.372762891057,-66.2264673785074,,Colonia La Pastoril/Chalileo [42049A02]
v3_p13,608,La Paz Chica,Buenos Aires,Roque Pérez,Roque Pérez,flag_bahra,asentamientos,06693A11,La Paz Chica,Roque Pérez,-35.3470591202723,-59.4289185232386,,La Paz Chica/Roque Pérez [06693A11]
v3_p13,796,La Pinta,Buenos Aires,General Arenales,General Arenales,flag_bahra,asentamientos,06294A05,La Pinta,General Arenales,-34.2501688325914,-61.3586405963625,,La Pinta/General Arenales [06294A05]
v3_p13,437,Laplacette,Buenos Aires,Junín,Junín,auto_ok,localidades-censales,06413060,Laplacette,Junín,-34.7245238530675,-61.1553171474145,,
v3_p13,4,La Plata,Buenos Aires,La Plata,La Plata,auto_ok,localidades-censales,06441030,La Plata,La Plata,-34.9213622338581,-57.9545000223642,,
v3_p13,593,La Porteña,Buenos Aires,Trenque Lauquen,Trenque Lauquen,flag_bahra,asentamientos,06826A14,La Porteña,Trenque Lauquen,-36.3648533410591,-62.7192266774386,,La Porteña/Trenque Lauquen [06826A14]
v3_p13,92,Laprida,Buenos Aires,Laprida,Laprida,auto_ok,localidades-censales,06448010,Laprida,Laprida,-37.5441424968983,-60.8011268328291,,
v3_p13,797,La Primavera,Buenos Aires,Coronel Suárez,Coronel Suárez,flag_bahra,asentamientos,06203A08,La Primavera,Coronel Suárez,-37.3440561146176,-61.9344248732035,,La Primavera/Coronel Suárez [06203A08]
v3_p13,753,La Providencia,Buenos Aires,Olavarría,Olavarría,flag_bahra,asentamientos,06595A14,La Providencia,Olavarría,-37.0003358646784,-60.1883836930132,,La Providencia/Olavarría [06595A14]
v3_p13,749,La Reforma,Buenos Aires,Roque Pérez,Roque Pérez,flag_bahra,asentamientos,06693A13,La Reforma,Roque Pérez,-35.6644572817291,-59.231944275648,,La Reforma/Roque Pérez [06693A13]
v3_p13,270,La Rica,Buenos Aires,Chivilcoy,Chivilcoy,auto_ok,localidades-censales,06224040,La Rica,Chivilcoy,-34.9739189538858,-59.863930207049,,
v3_p13,736,Larrea,Buenos Aires,Alberti,Alberti,flag_bahra,asentamientos,06021A04,Larrea,Alberti,-35.0516625321053,-60.3669638982313,,Larrea/Alberti [06021A04]
v3_p13,790,Lartigau,Buenos Aires,Coronel Pringles,Coronel Pringles,auto_ok,localidades-censales,06196050,Lartigau,Coronel Pringles,-38.4475134906813,-61.5670016498582,,
v3_p13,740,Las Armas,Buenos Aires,Maipú,Maipú,auto_ok,localidades-censales,06511010,Las Armas,Maipú,-37.0863333435652,-57.8294293875405,,
v3_p13,284,Las Chacras,Buenos Aires,Lobos,Lobos,flag_bahra,asentamientos,06483A13,Las Chacras,Lobos,-35.092111130273,-59.1733155654124,,Las Chacras/Lobos [06483A13]
v3_p13,51,Las Flores,Buenos Aires,Las Flores,Las Flores,auto_ok,localidades-censales,06455030,Las Flores,Las Flores,-36.0146293979698,-59.0923041843645,,
v3_p13,743,Las Hermanas,Buenos Aires,Laprida,Laprida,flag_bahra,asentamientos,06448A07,Las Hermanas,Laprida,-37.6166274200606,-60.8781458264992,,Las Hermanas/Laprida [06448A07]
v3_p13,847,Las Juanitas,Buenos Aires,Pehuajó,Pehuajó,flag_bahra,asentamientos,06609A19,Las Juanitas,Pehuajó,-35.624524613689,-61.702859040776,,Las Juanitas/Pehuajó [06609A19]
v3_p13,223,Las Marianas,Buenos Aires,Navarro,Navarro,auto_ok,localidades-censales,06574020,Las Marianas,Navarro,-35.0528793494852,-59.5126713497054,,
v3_p13,362,Las Martinetas,Buenos Aires,General Lamadrid,General La Madrid,auto_ok,localidades-censales,06322030,Las Martinetas,General La Madrid,-37.1987375729844,-61.1193894162643,,
v3_p13,645,Las Mostazas,Buenos Aires,Coronel Pringles,Coronel Pringles,flag_bahra,asentamientos,06196A13,Las Mostazas,Coronel Pringles,-38.2700387122206,-61.3530427787215,,Las Mostazas/Coronel Pringles [06196A13]
v3_p13,429,Las Nutrias,Buenos Aires,Lobería,Lobería,flag_bahra,asentamientos,06476A12,Las Nutrias,Lobería,-38.0809590440375,-58.4578035843079,,Las Nutrias/Lobería [06476A12]
v3_p13,657,La Sofía,Buenos Aires,Carlos Casares,Carlos Casares,auto_ok,localidades-censales,06147060,La Sofía,Carlos Casares,-35.6994135732127,-61.1692596674282,,
v3_p13,667,La Sortija,Buenos Aires,Tres Arroyos,Tres Arroyos,flag_bahra,asentamientos,06833A10,La Sortija,Tres Arroyos,-38.1116266058423,-60.6889101109335,,La Sortija/Tres Arroyos [06833A10]
v3_p13,720,Las Palmas,Buenos Aires,Zárate,Zárate,flag_bahra,asentamientos,06882A12,Las Palmas,Zárate,-34.069014086824,-59.1509950973051,,Las Palmas/Zárate [06882A12]
v3_p13,854,Las Parvas,Buenos Aires,Junín,Junín,flag_bahra,asentamientos,06413A07,Las Parvas,Junín,-34.5655652445894,-61.1293806283835,,Las Parvas/Junín [06413A07]
v3_p13,798,Las Tahonas,Buenos Aires,Magdalena,Magdalena | Punta Indio,flag_bahra,asentamientos,06655A06,Las Tahonas,Punta Indio,-35.3523544374914,-57.3824040574585,,Las Tahonas/Punta Indio [06655A06]
v3_p13,490,Las Toscas,Buenos Aires,Lincoln,Lincoln,auto_ok,localidades-censales,06469060,Las Toscas,Lincoln,-35.3649873001768,-61.8055485519284,,
v3_p13,881,Lastra,Buenos Aires,General Lamadrid,General La Madrid,flag_bahra,asentamientos,06322A05,Lastra,General La Madrid,-37.4105319592593,-61.2802678886442,,Lastra/General La Madrid [06322A05]
v3_p13,891,Las Vaquerías,Buenos Aires,Tres Arroyos,Tres Arroyos,flag_bahra,asentamientos,06833A11,Las Vaquerías,Tres Arroyos,-38.2089653540043,-60.2870354604738,,Las Vaquerías/Tres Arroyos [06833A11]
v3_p13,734,La Trinidad,Buenos Aires,General Arenales,General Arenales,auto_ok,localidades-censales,06294070,La Trinidad,General Arenales,-34.1069889150476,-61.1328115273158,,
v3_p13,268,La Violeta,Buenos Aires,Pergamino,Pergamino,auto_ok,localidades-censales,06623060,La Violeta,Pergamino,-33.7318764424264,-60.166962820246,,
v3_p13,805,La Vitícola,Buenos Aires,Bahía Blanca,Bahía Blanca,flag_bahra,asentamientos,06056A06,La Vitícola,Bahía Blanca,-38.5233384002776,-62.289164495799,,La Vitícola/Bahía Blanca [06056A06]
v3_p13,707,La Zanja,Buenos Aires,Trenque Lauquen,Trenque Lauquen,flag_bahra,asentamientos,06826A15,La Zanja,Trenque Lauquen,-36.0510564969295,-62.8769606859489,,La Zanja/Trenque Lauquen [06826A15]
v3_p13,836,Lazzarino,Buenos Aires,Azul,Azul,flag_bahra,asentamientos,06049A18,Lazzarino,Azul,-36.9201004494338,-59.7199559628091,,Lazzarino/Azul [06049A18]
v3_p13,175,Leandro N. Alem,Buenos Aires,Leandro N. Alem,Leandro N. Alem,auto_ok,localidades-censales,06462050,Leandro N. Alem,Leandro N. Alem,-34.5173298346286,-61.3887927511723,,
v3_p13,894,Lertora,Buenos Aires,Trenque Lauquen,Trenque Lauquen,flag_bahra,asentamientos,06826A17,Lértora,Trenque Lauquen,-35.9216340218255,-62.9787690876795,,Lértora/Trenque Lauquen [06826A17]
v3_p13,563,Leubuco,Buenos Aires,Adolfo Alsina,Adolfo Alsina,flag_bahra,asentamientos,06007A12,Leubucó,Adolfo Alsina,-36.8743767998379,-63.0421207941134,,Leubucó/Adolfo Alsina [06007A12]
v3_p13,148,Lezama,Buenos Aires,Chascomús,Chascomús | Lezama,auto_ok,localidades-censales,06466010,Lezama,Lezama,-35.8731450846528,-57.897348273979,,
v3_p13,321,Líbano,Buenos Aires,General Lamadrid,General La Madrid,auto_ok,localidades-censales,06322040,Líbano,General La Madrid,-37.5321699158934,-61.2853331153799,,
v3_p13,526,Libres del Sud,Buenos Aires,Chascomús,Chascomús | Lezama,flag_sin_match,,,,,,,,
v3_p14,787,Licenciado Matienzo,Buenos Aires,Lobería,Lobería,auto_ok,localidades-censales,06476020,Licenciado Matienzo,Lobería,-37.9081801053961,-58.9131594485365,,
v3_p14,596,Lima,Buenos Aires,Zárate,Zárate,auto_ok,localidades-censales,06882030,Lima,Zárate,-34.044677998932,-59.1961233992496,,
v3_p14,363,Limay-Mahuída,La Pampa,Limay-Mahuída,Limay Mahuida,auto_ok,localidades-censales,42091020,Limay Mahuida,Limay Mahuida,-37.1583763797787,-66.6758423036843,,
v3_p14,598,Lia Calel,Buenos Aires,Tres Arroyos,Tres Arroyos,flag_sin_match,,,,,,,,
v3_p14,50,Lincoln,Buenos Aires,Lincoln,Lincoln,auto_ok,localidades-censales,06469070,Lincoln,Lincoln,-34.869042222818,-61.5291649669285,,
v3_p14,71,Lobería,Buenos Aires,Lobería,Lobería,auto_ok,localidades-censales,06476030,Loberí­a,Lobería,-38.1634225547553,-58.7818638300412,,
v3_p14,59,Lobos,Buenos Aires,Lobos,Lobos,auto_ok,localidades-censales,06483040,Lobos,Lobos,-35.1855001355473,-59.0925986919386,,
v3_p14,673,Loma Negra,Buenos Aires,Olavarría,Olavarría,flag_sin_match,,,,,,,,
v3_p14,337,Loma Verde,Buenos Aires,General Paz,General Paz,auto_ok,localidades-censales,06343010,Loma Verde,General Paz,-35.2728201784287,-58.4046429825465,,
v3_p14,8,Lomas de Zamora,Buenos Aires,Lomas de Zamora,Lomas de Zamora,auto_ok,localidades-censales,06490010,Lomas de Zamora,Lomas de Zamora,-34.7574009714543,-58.4026922700185,,
v3_p14,249,Lonquimay,La Pampa,Catriló,Catriló,auto_ok,localidades-censales,42028030,Lonquimay,Catriló,-36.4663722712817,-63.6235898145261,,
v3_p14,464,López,Buenos Aires,Juárez,Benito Juárez,auto_ok,localidades-censales,06084030,López,Benito Juárez,-37.5523905908099,-59.6265790493393,,
v3_p14,674,López Lecube,Buenos Aires,Puán,Puán,auto_ok,localidades-censales,06651060,López Lecube,Puán,-38.1182074383988,-62.7262250674344,,
v3_p14,630,Los Angeles,Buenos Aires,Chacabuco,Chacabuco,auto_ok,localidades-censales,06210020,Los Ángeles,Chacabuco,-34.457003289896,-60.1801977529447,,
v3_p14,225,Los Cardales,Buenos Aires,Exaltación de la Cruz,Exaltación de la Cruz,auto_ok,localidades-censales,06266070,Los Cardales,Exaltación de la Cruz,-34.3306105307756,-58.9871693972021,,
v3_p14,691,Los Indios,Buenos Aires,Rojas,Rojas,auto_ok,localidades-censales,06686030,Los Indios,Rojas,-34.3735696107802,-60.6523710265627,,
v3_p14,662,Los Laureles,Buenos Aires,General Villegas,General Villegas,flag_bahra,asentamientos,06392A13,Los Laureles,General Villegas,-35.1118202324623,-62.909446858609,,Los Laureles/General Villegas [06392A13]
v3_p14,211,Los Pinos,Buenos Aires,Balcarce,Balcarce,auto_ok,localidades-censales,06063020,Los Pinos,Balcarce,-37.9427434742578,-58.3242915936291,,
v3_p14,791,Loventuel,La Pampa,Loventué,Loventué,flag_variante,,42098020,Loventué,Loventué,-36.1887459763907,-65.2899702728719,,Loventué/Loventué [42098020]
v3_p14,518,Lozano,Buenos Aires,General Las Heras,General Las Heras,flag_bahra,asentamientos,06329A03,Lozano,General Las Heras,-34.8515191538889,-59.05371465746,,Lozano/General Las Heras [06329A03]
v3_p14,342,Luan Toro,La Pampa,Loventué,Loventué,auto_ok,localidades-censales,42098030,Luan Toro,Loventué,-36.2039646968229,-65.0996775199121,,
v3_p14,601,Lucas Monteverde,Buenos Aires,25 de Mayo,25 de Mayo,auto_ok,localidades-censales,06854050,Lucas Monteverde,25 de Mayo,-35.4838272164734,-59.9880647932831,,
v3_p14,34,Luján,Buenos Aires,Luján,Luján,auto_ok,localidades-censales,06497020,Luján,Luján,-34.5663100334811,-59.1147226150138,,
v3_p14,804,Lumb,Buenos Aires,San Cayetano,San Cayetano,flag_bahra,asentamientos,06742A06,Lumb,San Cayetano,-38.2175029465544,-59.3141540808841,,Lumb/San Cayetano [06742A06]
v3_p14,205,Macachín,La Pampa,Atreucó,Atreucó,auto_ok,localidades-censales,42007020,Macachín,Atreucó,-37.1369740281671,-63.6667779514966,,
v3_p14,599,Macedo,Buenos Aires,General Juan Madariaga,General Juan Madariaga | Pinamar | Villa Gesell,flag_bahra,asentamientos,06315A13,Macedo,General Juan Madariaga,-37.26392104757,-57.2088835659925,,Macedo/General Juan Madariaga [06315A13]
v3_p14,423,Magdala,Buenos Aires,Pehuajó,Pehuajó,auto_ok,localidades-censales,06609040,Magdala,Pehuajó,-36.0846456104344,-61.7234478019912,,
v3_p14,107,Magdalena,Buenos Aires,Magdalena,Magdalena | Punta Indio,auto_ok,localidades-censales,06505040,Magdalena,Magdalena,-35.082656692141,-57.5114542980123,,
v3_p14,785,Maguirre,Buenos Aires,Pergamino,Pergamino,flag_variante_bahra,asentamientos,06623A12,Maguire,Pergamino,-33.9545316398379,-60.2958249575001,,Maguire/Pergamino [06623A12]
v3_p14,88,Maipú,Buenos Aires,Maipú,Maipú,auto_ok,localidades-censales,06511020,Maipú,Maipú,-36.8629131780046,-57.8832451429827,,
v3_p14,462,Mamaguita,Buenos Aires,25 de Mayo,25 de Mayo,flag_bahra,asentamientos,06854A16,Mamaguita,25 de Mayo,-35.6889812527103,-60.2248824255492,,Mamaguita/25 de Mayo [06854A16]
v3_p14,545,Manuel J. García,Buenos Aires,Mercedes,Mercedes,flag_bahra,asentamientos,06532A09,Manuel J. García,Mercedes,-34.709710880419,-59.5408681795533,,Manuel J. García/Mercedes [06532A09]
v3_p14,220,Manuel Ocampo,Buenos Aires,Pergamino,Pergamino,auto_ok,localidades-censales,06623070,Manuel Ocampo,Pergamino,-33.7638866855294,-60.6494073009055,,
v3_p14,505,Manzanares,Buenos Aires,Pilar,Pilar | Malvinas Argentinas,flag_bahra,localidades,0663804005,Manzanares,Pilar,-34.4503831705186,-59.0070416860588,,Manzanares/Pilar [0663804005]
v3_p14,888,Manzone,Buenos Aires,Pilar,Pilar | Malvinas Argentinas,flag_bahra,localidades,0663804006,Manzone,Pilar,-34.508617703129,-58.8613535584736,,Manzone/Pilar [0663804006]
v3_p14,770,Mapis,Buenos Aires,Olavarría,Olavarría,flag_bahra,asentamientos,06595A18,Mapis,Olavarría,-36.7716628864375,-61.2855356710622,,Mapis/Olavarría [06595A18]
v3_p14,74,Marcos Paz,Buenos Aires,Marcos Paz,Marcos Paz,auto_ok,localidades-censales,06525020,Marcos Paz,Marcos Paz,-34.7800219917337,-58.8335252686468,,
v3_p14,460,Mar de Ajó,Buenos Aires,General Lavalle,General Lavalle | La Costa,flag_bahra,localidades,0642002003,Mar de Ajó,La Costa,-36.7295552936745,-56.6772956263397,,Mar de Ajó/La Costa [0642002003]
v3_p14,11,Mar del Plata,Buenos Aires,General Pueyrredón,General Pueyrredón,auto_ok,localidades-censales,06357110,Mar del Plata,General Pueyrredón,-37.997618882919,-57.5481525302113,,
v3_p14,153,María Ignacia,Buenos Aires,Tandil,Tandil,auto_ok,localidades-censales,06791040,Marí­a Ignacia,Tandil,-37.401287325615,-59.50597398265,,
v3_p14,597,María Lucila,Buenos Aires,Hipólito Yrigoyen,Hipólito Yrigoyen,flag_bahra,asentamientos,06406A04,María Lucila,Hipólito Yrigoyen,-36.1929992041573,-61.5382190076134,,María Lucila/Hipólito Yrigoyen [06406A04]
v3_p15,485,Mariano Benítez,Buenos Aires,Pergamino,Pergamino,auto_ok,localidades-censales,06623080,Mariano Bení­tez,Pergamino,-33.7066223714511,-60.5819041309541,,
v3_p15,266,Mariano M. Alfonso,Buenos Aires,Pergamino,Pergamino,flag_sin_match,,,,,,,,
v3_p15,571,Mariano Roldán,Buenos Aires,Juárez,Benito Juárez,flag_bahra,asentamientos,06084A04,Mariano Roldán,Benito Juárez,-37.719053633062,-60.3235172353705,,Mariano Roldán/Benito Juárez [06084A04]
v3_p15,573,Mari Lauquen,Buenos Aires,Trenque Lauquen,Trenque Lauquen,flag_bahra,asentamientos,06826A19,Mari Lauquen,Trenque Lauquen,-36.1292066243669,-62.9780487456826,,Mari Lauquen/Trenque Lauquen [06826A19]
v3_p15,716,Martín Berraondo,Buenos Aires,25 de Mayo,25 de Mayo,flag_bahra,asentamientos,06854A17,Martín Berraondo,25 de Mayo,-35.3171938257935,-59.9513519860967,,Martín Berraondo/25 de Mayo [06854A17]
v3_p15,248,Martínez de Hoz,Buenos Aires,Lincoln,Lincoln,flag_variante,,06469040,Coronel Martí­nez de Hoz,Lincoln,-35.3321817215807,-61.6140851684372,,Coronel Martí­nez de Hoz/Lincoln [06469040]
v3_p15,772,Martín Fierro,Buenos Aires,Azul,Azul,flag_bahra,asentamientos,06049A20,Martín Fierro,Azul,-37.2326332975521,-59.8237552475948,,Martín Fierro/Azul [06049A20]
v3_p15,154,Matheu,Buenos Aires,Escobar,Escobar,flag_bahra,localidades,0625201006,Matheu,Escobar,-34.3852450911802,-58.8278056477923,,Matheu/Escobar [0625201006]
v3_p15,467,Mauricio Hirsch,Buenos Aires,Carlos Casares,Carlos Casares,auto_ok,localidades-censales,06147070,Mauricio Hirsch,Carlos Casares,-35.581311755967,-61.5247935122897,,
v3_p15,379,Mauricio Mayer,La Pampa,Conhello,Conhelo,auto_ok,localidades-censales,42035030,Mauricio Mayer,Conhelo,-36.2108395392133,-64.0336372499252,,
v3_p15,527,Máximo Fernández,Buenos Aires,Bragado,Bragado,flag_sin_match,,,,,,,,
v3_p15,358,Máximo Paz,Buenos Aires,Cañuelas,Cañuelas,auto_ok,localidades-censales,06134070,Máximo Paz,Cañuelas,-34.9405321574521,-58.6160962899907,,
v3_p15,159,Mayor Buratovich,Buenos Aires,Villarino,Villarino,auto_ok,localidades-censales,06875050,Mayor Buratovich,Villarino,-39.2607770728703,-62.6153390165416,,
v3_p15,227,Maza,Buenos Aires,Adolfo Alsina,Adolfo Alsina,auto_ok,localidades-censales,06007070,Maza,Adolfo Alsina,-36.8002318222102,-63.3392712276672,,
v3_p15,551,M. Colman,Buenos Aires,Rauch,Rauch,flag_sin_match,,,,,,,,
v3_p15,568,Mechita,Buenos Aires,Alberti,Alberti,auto_ok,localidades-censales,06021030,Mechita,Alberti,-35.0682353747787,-60.4035809631775,,
v3_p15,189,Mechita,Buenos Aires,Bragado,Bragado,auto_ok,localidades-censales,06112080,Mechita,Bragado,-35.0733395584087,-60.4117437751734,,
v3_p15,212,Mechongué,Buenos Aires,General Alvarado,General Alvarado,auto_ok,localidades-censales,06280030,Mechongué,General Alvarado,-38.1462571359698,-58.2292083335288,,
v3_p15,140,Médanos,Buenos Aires,Villarino,Villarino,auto_ok,localidades-censales,06875060,Médanos,Villarino,-38.8292048528221,-62.6935528682105,,
v3_p15,656,Membrillar,Buenos Aires,Chacabuco,Chacabuco,flag_bahra,asentamientos,06210A13,Membrillar,Chacabuco,-34.5912406873025,-60.6119221526641,,Membrillar/Chacabuco [06210A13]
v3_p15,36,Mercedes,Buenos Aires,Mercedes,Mercedes,auto_ok,localidades-censales,06532040,Mercedes,Mercedes,-34.6527818757186,-59.4248819068552,,
v3_p15,16,Merlo,Buenos Aires,Merlo,Merlo,auto_ok,localidades-censales,06539010,Merlo,Merlo,-34.6703630256425,-58.730053959003,,
v3_p15,580,Metileo,La Pampa,Trenel,Trenel,auto_ok,localidades-censales,42147020,Metileo,Trenel,-35.7741588972938,-63.9406674706721,,
v3_p15,183,Micaela Cascallares,Buenos Aires,Tres Arroyos,Tres Arroyos,auto_ok,localidades-censales,06833050,Micaela Cascallares,Tres Arroyos,-38.4926790060303,-60.4684232796744,,
v3_p15,283,Miguel Cané,La Pampa,Quemú-Quemú,Quemú Quemú,auto_ok,localidades-censales,42119030,Miguel Cané,Quemú Quemú,-36.1571827513974,-63.5125973395603,,
v3_p15,265,Miguel Riglos,La Pampa,Atreucó,Atreucó,auto_ok,localidades-censales,42007030,Miguel Riglos,Atreucó,-36.8564183729564,-63.6878175463855,,
v3_p15,658,Miramonte,Buenos Aires,Azul,Azul,flag_bahra,asentamientos,06049A21,Miramonte,Azul,-36.3088100426147,-59.435934895012,,Miramonte/Azul [06049A21]
v3_p15,440,Miranda,Buenos Aires,Rauch,Rauch,auto_ok,localidades-censales,06672030,Miranda,Rauch,-36.5332147119631,-59.1332034831959,,
v3_p15,889,Mira Pampa,Buenos Aires,Rivadavia,Rivadavia,auto_ok,localidades-censales,06679030,Mira Pampa,Rivadavia,-35.8699655607231,-63.374378405246,,
v3_p15,365,Moctezuma,Buenos Aires,Carlos Casares,Carlos Casares,auto_ok,localidades-censales,06147080,Moctezuma,Carlos Casares,-35.4779088059904,-61.4957491091046,,
v3_p15,292,Moll,Buenos Aires,Navarro,Navarro,flag_variante,,06574040,Villa Moll,Navarro,-35.0778963773342,-59.6519124756177,,Villa Moll/Navarro [06574040]
v3_p15,688,Monasterio,Buenos Aires,Chascomús,Chascomús | Lezama,auto_ok,localidades-censales,06466030,Monasterio,Lezama,-35.773658177883,-57.9302773322448,,
v3_p15,250,Mones Cazón,Buenos Aires,Pehuajó,Pehuajó,auto_ok,localidades-censales,06609050,Mones Cazón,Pehuajó,-36.2276848372081,-62.0065915307438,,
v3_p15,829,Monroe,Buenos Aires,Salto,Salto,flag_bahra,asentamientos,06714A04,Monroe,Salto,-34.4592660598717,-60.2891582733432,,Monroe/Salto [06714A04]
v3_p15,730,Monsalvo,Buenos Aires,Maipú,Maipú,flag_bahra,asentamientos,06511A01,Monsalvo,Maipú,-36.8809868413935,-57.3604910081387,,Monsalvo/Maipú [06511A01]
v3_p15,289,Monte Hermoso,Buenos Aires,Coronel Dorrego,Coronel Dorrego | Monte Hermoso,auto_ok,localidades-censales,06553020,Monte Hermoso,Monte Hermoso,-38.983450802687,-61.3033756383997,,
v3_p15,715,Monte Nievas,La Pampa,Conhello,Conhelo,auto_ok,localidades-censales,42035040,Monte Nievas,Conhelo,-35.8615333799767,-64.1531254795262,,
v3_p15,837,Moores,Buenos Aires,General Villegas,General Villegas,flag_bahra,asentamientos,06392A15,Moores,General Villegas,-34.9537047169756,-62.913777478767,,Moores/General Villegas [06392A15]
v3_p15,203,Moquehuá,Buenos Aires,Chivilcoy,Chivilcoy,auto_ok,localidades-censales,06224050,Moquehuá,Chivilcoy,-35.0921276618456,-59.7757242002291,,
v3_p15,334,Morea,Buenos Aires,9 de Julio,9 de Julio,auto_ok,localidades-censales,06588080,Morea,9 de Julio,-35.5553503872341,-60.5608164030183,,
v3_p15,20,Moreno,Buenos Aires,Moreno,Moreno,auto_ok,localidades-censales,06560010,Moreno,Moreno,-34.6502671432558,-58.7894737815397,,
v3_p16,3,Morón,Buenos Aires,Morón,Morón | Hurlingham | Ituzaingó,auto_ok,localidades-censales,06568010,Morón,Morón,-34.6485927855746,-58.6221005158761,,
v3_p16,276,Morse,Buenos Aires,Junín,Junín,auto_ok,localidades-censales,06413080,Morse,Junín,-34.759726505665,-60.8409589238057,,
v3_p16,316,Mosconi,Buenos Aires,25 de Mayo,25 de Mayo,flag_variante,,06854010,Agustí­n Mosconi,25 de Mayo,-35.740311960229,-60.5570725421309,,Agustí­n Mosconi/25 de Mayo [06854010]
v3_p16,883,Mulcahy,Buenos Aires,9 de Julio,9 de Julio,flag_bahra,asentamientos,06588A20,Mulcahy,9 de Julio,-35.4936040642818,-60.7120316766354,,Mulcahy/9 de Julio [06588A20]
v3_p16,878,Muñoz,Buenos Aires,Olavarría,Olavarría,flag_bahra,asentamientos,06595A19,Muñoz,Olavarría,-37.0775534388319,-60.7679933249147,,Muñoz/Olavarría [06595A19]
v3_p16,590,Nahuel Ruca,Buenos Aires,Mar Chiquita,Mar Chiquita,flag_bahra,asentamientos,06518A10,Nahuel Rucá,Mar Chiquita,-37.5820133780284,-57.5475949066997,,Nahuel Rucá/Mar Chiquita [06518A10]
v3_p16,514,Naicó,La Pampa,Toay,Toay,auto_ok,localidades-censales,42140010,Naicó,Toay,-36.9259831953825,-64.4053317068126,,
v3_p16,519,Napaleofú,Buenos Aires,Balcarce,Balcarce,auto_ok,localidades-censales,06063030,Napaleofú,Balcarce,-37.6231336037769,-58.7463729004601,,
v3_p16,793,Napostá,Buenos Aires,Bahía Blanca,Bahía Blanca,flag_bahra,asentamientos,06056A08,Napostá,Bahía Blanca,-38.4397332690481,-62.2447413110331,,Napostá/Bahía Blanca [06056A08]
v3_p16,98,Navarro,Buenos Aires,Navarro,Navarro,auto_ok,localidades-censales,06574030,Navarro,Navarro,-34.9986469923949,-59.2755426861369,,
v3_p16,33,Necochea,Buenos Aires,Necochea,Necochea,flag_bahra,localidades,0658104001,Necochea,Necochea,-38.5712233301397,-58.7262420207665,,Necochea/Necochea [0658104001]
v3_p16,884,Necol,Buenos Aires,Carlos Tejedor,Carlos Tejedor,flag_bahra,asentamientos,06154A14,Necol,Carlos Tejedor,-35.2057676449331,-62.2701180389741,,Necol/Carlos Tejedor [06154A14]
v3_p16,859,Newton,Buenos Aires,General Belgrano,General Belgrano,flag_bahra,asentamientos,06301A09,Newton,General Belgrano,-35.9314057649953,-58.7746154930529,,Newton/General Belgrano [06301A09]
v3_p16,450,Nicolás Descalzi,Buenos Aires,Coronel Dorrego,Coronel Dorrego | Monte Hermoso,flag_bahra,asentamientos,06189A15,Nicolás Descalzi,Coronel Dorrego,-38.4380298340483,-60.9891204871918,,Nicolás Descalzi/Coronel Dorrego [06189A15]
v3_p16,755,Nicolás Levalle,Buenos Aires,Villarino,Villarino,flag_bahra,asentamientos,06875A33,Nicolás Levalle,Villarino,-38.8509221913918,-62.8792461262531,,Nicolás Levalle/Villarino [06875A33]
v3_p16,741,Nieves,Buenos Aires,Azul,Azul,flag_bahra,asentamientos,06049A22,Nieves,Azul,-36.8287225648075,-59.9903285920356,,Nieves/Azul [06049A22]
v3_p16,128,Norberto de la Riestra,Buenos Aires,25 de Mayo,25 de Mayo,auto_ok,localidades-censales,06854060,Norberto de la Riestra,25 de Mayo,-35.2733180770451,-59.7756408136404,,
v3_p16,581,Norumbega,Buenos Aires,9 de Julio,9 de Julio,auto_ok,localidades-censales,06588090,Norumbega,9 de Julio,-35.5328611032777,-60.793555522239,,
v3_p16,44,9 de Julio,Buenos Aires,9 de Julio,9 de Julio,auto_ok,localidades-censales,06588100,9 de Julio,9 de Julio,-35.4439899937388,-60.8845656839741,,
v3_p16,432,Ochandio,Buenos Aires,San Cayetano,San Cayetano,auto_ok,localidades-censales,06742020,Ochandio,San Cayetano,-38.3593373768084,-59.7928291747163,,
v3_p16,240,O'Higgins,Buenos Aires,Chacabuco,Chacabuco,auto_ok,localidades-censales,06210030,O'Higgins,Chacabuco,-34.5855138159791,-60.6998804295248,,
v3_p16,759,Ojeda,La Pampa,Realicó,Realicó,auto_ok,localidades-censales,42133070,Ojeda,Realicó,-35.3068277686526,-64.0054725550363,,
v3_p16,355,Olascoaga,Buenos Aires,Bragado,Bragado,auto_ok,localidades-censales,06112090,Olascoaga,Bragado,-35.2375612404351,-60.6113223341941,,
v3_p16,29,Olavarría,Buenos Aires,Olavarría,Olavarría,auto_ok,localidades-censales,06595080,Olavarrí­a,Olavarría,-36.8937905479518,-60.3232626222861,,
v3_p16,544,Oliden,Buenos Aires,Brandsen,Brandsen,auto_ok,localidades-censales,06119080,Oliden,Brandsen,-35.1845564497434,-57.9486775638617,,
v3_p16,428,Olivera,Buenos Aires,Luján,Luján,auto_ok,localidades-censales,06497030,Olivera,Luján,-34.6277286802245,-59.255071127234,,
v3_p16,664,Ombucta,Buenos Aires,Villarino,Villarino,flag_bahra,asentamientos,06875A34,Ombucta,Villarino,-38.905702961375,-62.5438839339285,,Ombucta/Villarino [06875A34]
v3_p16,251,Open Door,Buenos Aires,Luján,Luján,flag_bahra,localidades,0649706008,Open Door,Luján,-34.4914919706787,-59.0775054640689,,Open Door/Luján [0649706008]
v3_p16,399,Ordoqui,Buenos Aires,Carlos Casares,Carlos Casares,auto_ok,localidades-censales,06147090,Ordoqui,Carlos Casares,-35.8804714044304,-61.1601270682213,,
v3_p16,160,Orense,Buenos Aires,Tres Arroyos,Tres Arroyos,auto_ok,localidades-censales,06833060,Orense,Tres Arroyos,-38.6838863883441,-59.7765374116697,,
v3_p16,180,Oriente,Buenos Aires,Coronel Dorrego,Coronel Dorrego | Monte Hermoso,auto_ok,localidades-censales,06189070,Oriente,Coronel Dorrego,-38.744365690742,-60.6094457463082,,
v3_p16,476,Ortiz Basualdo,Buenos Aires,Pergamino,Pergamino,flag_bahra,asentamientos,06623A16,Ortíz Basualdo,Pergamino,-34.0297328414777,-60.655248149748,,Ortíz Basualdo/Pergamino [06623A16]
v3_p16,671,Ortiz de Rozas,Buenos Aires,25 de Mayo,25 de Mayo,flag_variante_bahra,asentamientos,06854A18,Ortíz de Rosas,25 de Mayo,-35.4017729768803,-60.3783033480706,,Ortíz de Rosas/25 de Mayo [06854A18]
v3_p16,290,Otamendi,Buenos Aires,Campana,Campana,flag_sin_match,,,,,,,,Comandante Nicanor Otamendi/General Alvarado [06280010]
v3_p16,692,Pablo Acosta,Buenos Aires,Azul,Azul,flag_bahra,asentamientos,06049A23,Pablo Acosta,Azul,-37.159952829155,-59.6522629712545,,Pablo Acosta/Azul [06049A23]
v3_p16,732,Palantelén,Buenos Aires,Alberti,Alberti,flag_bahra,asentamientos,06021A06,Palantelén,Alberti,-35.1673913962176,-60.3347322651498,,Palantelén/Alberti [06021A06]
v3_p16,368,Palemón Huergo,Buenos Aires,Chivilcoy,Chivilcoy,auto_ok,localidades-censales,06224090,Palemón Huergo,Chivilcoy,-34.7989339436524,-60.2068647917915,,
v3_p16,717,Paraguil,Buenos Aires,Laprida,Laprida,flag_bahra,asentamientos,06448A08,Paragüil,Laprida,-37.6944109848734,-60.9823361147515,,Paragüil/Laprida [06448A08]
v3_p16,312,Pardo,Buenos Aires,Las Flores,Las Flores,auto_ok,localidades-censales,06455040,Pardo,Las Flores,-36.2437580460508,-59.3662916338311,,
v3_p16,311,Parera,La Pampa,Rancul,Rancul,auto_ok,localidades-censales,42126040,Parera,Rancul,-35.1467837477407,-64.5022810186307,,
v3_p16,474,Parish,Buenos Aires,Azul,Azul,auto_ok,localidades-censales,06049060,Parish,Azul,-36.5181231178421,-59.6329322433746,,
v3_p17,508,Pasman,Buenos Aires,Coronel Suárez,Coronel Suárez,auto_ok,localidades-censales,06203060,Pasman,Coronel Suárez,-37.2236356964937,-62.1647437066642,,
v3_p17,843,Paso Mayer,Buenos Aires,Coronel de Marina Leonardo Rosales,Coronel de Marina Leonardo Rosales | Monte Hermoso,flag_variante_bahra,asentamientos,06182A05,Paso Mayor,Coronel de Marina Leonardo Rosales,-38.6713031229012,-61.7905276111079,,Paso Mayor/Coronel de Marina Leonardo Rosales [06182A05]
v3_p17,873,Pasteur,Buenos Aires,General Pinto,General Pinto | Florentino Ameghino,flag_depto,,06469080,Pasteur,Lincoln,-35.1412901967067,-62.2439738648286,55,Pasteur/Lincoln [06469080]
v3_p17,192,Pasteur,Buenos Aires,Lincoln,Lincoln,auto_ok,localidades-censales,06469080,Pasteur,Lincoln,-35.1412901967067,-62.2439738648286,,
v3_p17,201,Patricios,Buenos Aires,9 de Julio,9 de Julio,auto_ok,localidades-censales,06588110,Patricios,9 de Julio,-35.4410844258529,-60.7165861383737,,
v3_p17,566,Paula,Buenos Aires,Bolívar,Bolívar,auto_ok,localidades-censales,06105040,Paula,Bolívar,-36.5015502397395,-61.0256454771107,,
v3_p17,455,Pavón,Buenos Aires,Exaltación de la Cruz,Exaltación de la Cruz,flag_depto,,06336020,Pavón,General Lavalle,-36.7126437415557,-56.7393834853609,330,Pavón/General Lavalle [06336020]
v3_p17,789,Pearson,Buenos Aires,Colón,Colón,auto_ok,localidades-censales,06175020,Pearson,Colón,-33.6533925621561,-60.8933098448772,,
v3_p17,202,Pedernales,Buenos Aires,25 de Mayo,25 de Mayo,auto_ok,localidades-censales,06854070,Pedernales,25 de Mayo,-35.2623612113269,-59.6307570155408,,
v3_p17,892,Pedro Gamen,Buenos Aires,Pehuajó,Pehuajó,flag_bahra,asentamientos,06609A20,Pedro Gamen,Pehuajó,-35.6478126077762,-61.8396962857957,,Pedro Gamen/Pehuajó [06609A20]
v3_p17,157,Pedro Luro,Buenos Aires,Villarino,Villarino,auto_ok,localidades-censales,06875070,Pedro Luro,Villarino,-39.5034861635189,-62.6886250416131,,
v3_p17,792,Pedro Nicolás Escribano,Buenos Aires,Chascomús,Chascomús | Lezama,flag_bahra,asentamientos,06218A25,Pedro Nicolás Escribano,Chascomús,-35.5646144396626,-57.6847371879977,,Pedro Nicolás Escribano/Chascomús [06218A25]
v3_p17,668,Pedro P. Lasalle,Buenos Aires,González Chaves,Adolfo Gonzales Chaves,flag_bahra,asentamientos,06014A06,Pedro P. Lasalle,Adolfo Gonzales Chaves,-37.9858149929639,-60.5804180512618,,Pedro P. Lasalle/Adolfo Gonzales Chaves [06014A06]
v3_p17,46,Pehuajó,Buenos Aires,Pehuajó,Pehuajó,auto_ok,localidades-censales,06609070,Pehuajo,Pehuajó,-35.8107922747772,-61.8989466556189,,
v3_p17,906,Pehuelches,Buenos Aires,Pellegrini,Pellegrini | Salliqueló | Tres Lomas,flag_bahra,asentamientos,06847A04,Pehuelches,Tres Lomas,-36.3418011085984,-62.8749324686429,,Pehuelches/Tres Lomas [06847A04]
v3_p17,882,Pehuenco,Buenos Aires,Coronel de Marina Leonardo Rosales,Coronel de Marina Leonardo Rosales | Monte Hermoso,flag_variante,,06182020,Pehuen Co,Coronel de Marina Leonardo Rosales,-38.9957704088246,-61.5519913516415,,Pehuen Co/Coronel de Marina Leonardo Rosales [06182020]
v3_p17,744,Pelicura,Buenos Aires,Tornquist,Tornquist,auto_ok,localidades-censales,06819100,Pelicurá,Tornquist,-38.1940162819699,-62.6900949287599,,
v3_p17,207,Pérez Millán,Buenos Aires,Ramallo,Ramallo,flag_bahra,localidades,06665030,Pérez Millán,Ramallo,-33.7701939258864,-60.0937410521656,,Pérez Millán/Ramallo [06665030]
v3_p17,26,Pergamino,Buenos Aires,Pergamino,Pergamino,auto_ok,localidades-censales,06623100,Pergamino,Pergamino,-33.893276092013,-60.5645053715269,,
v3_p17,562,Perú,La Pampa,Guatraché,Guatraché,auto_ok,localidades-censales,42070040,Perú,Guatraché,-37.6619078638343,-64.1380116420878,,
v3_p17,602,Pichi-Huincha,La Pampa,Rancul,Rancul,flag_variante,,42126050,Pichi Huinca,Rancul,-35.6482005734099,-64.7680698577442,,Pichi Huinca/Rancul [42126050]
v3_p17,442,Pichincha,Buenos Aires,General Villegas,General Villegas,auto_ok,localidades-censales,06392080,Pichincha,General Villegas,-34.58047872197,-62.3507145078128,,
v3_p17,333,Piedritas,Buenos Aires,General Villegas,General Villegas,auto_ok,localidades-censales,06392090,Piedritas,General Villegas,-34.7671866408455,-62.9857401769238,,
v3_p17,419,Pieres,Buenos Aires,Lobería,Lobería,auto_ok,localidades-censales,06476040,Pieres,Lobería,-38.3935368324778,-58.6723575386229,,
v3_p17,75,Pigüé,Buenos Aires,Saavedra,Saavedra,auto_ok,localidades-censales,06700050,Pigüé,Saavedra,-37.6024682862562,-62.4084762081619,,
v3_p17,351,Pila,Buenos Aires,Pila,Pila,auto_ok,localidades-censales,06630010,Pila,Pila,-36.0042171697766,-58.1412589332938,,
v3_p17,58,Pilar,Buenos Aires,Pilar,Pilar | Malvinas Argentinas,auto_ok,localidades-censales,06638040,Pilar,Pilar,-34.4587099138041,-58.913989480885,,
v3_p17,381,Pinamar,Buenos Aires,General Juan Madariaga,General Juan Madariaga | Pinamar | Villa Gesell,auto_ok,localidades-censales,06644010,Pinamar,Pinamar,-37.1250453893472,-56.8834877312448,,
v3_p17,511,Pinzón,Buenos Aires,Pergamino,Pergamino,auto_ok,localidades-censales,06623110,Pinzón,Pergamino,-33.9925544610771,-60.7284615172705,,
v3_p17,605,Piñeyro,Buenos Aires,Coronel Suárez,Coronel Suárez,flag_bahra,asentamientos,06203A15,Piñeyro,Coronel Suárez,-37.4227621728746,-61.7347595122763,,Piñeyro/Coronel Suárez [06203A15]
v3_p17,256,Pipinas,Buenos Aires,Magdalena,Magdalena | Punta Indio,auto_ok,localidades-censales,06655020,Pipinas,Punta Indio,-35.53126706917,-57.3285887617048,,
v3_p17,198,Pirovano,Buenos Aires,Bolívar,Bolívar,auto_ok,localidades-censales,06105050,Pirovano,Bolívar,-36.5101281084354,-61.5555134814354,,
v3_p17,367,Plá,Buenos Aires,Alberti,Alberti,auto_ok,localidades-censales,06021040,Pla,Alberti,-35.1228641624939,-60.2218996683766,,
v3_p17,747,Plaza Montero,Buenos Aires,Las Flores,Las Flores,flag_bahra,asentamientos,06455A18,Plaza Montero,Las Flores,-36.1484385384447,-59.1460539008813,,Plaza Montero/Las Flores [06455A18]
v3_p17,777,Plomer,Buenos Aires,General Las Heras,General Las Heras,auto_ok,localidades-censales,06329030,Plomer,General Las Heras,-34.794679417032,-59.0317549074615,,
v3_p17,360,Polvaredas,Buenos Aires,Saladillo,Saladillo,auto_ok,localidades-censales,06707040,Polvaredas,Saladillo,-35.5945409793742,-59.506923839432,,
v3_p17,528,Pontaut,Buenos Aires,General Lamadrid,General La Madrid,auto_ok,localidades-censales,06322050,Pontaut,General La Madrid,-37.7315724279515,-61.323872569162,,
v3_p17,567,Porvenir,Buenos Aires,General Pinto,General Pinto | Florentino Ameghino,auto_ok,localidades-censales,06277030,Porvenir,Florentino Ameghino,-34.9501147498895,-62.2233553041209,,
v3_p17,512,Pourtale,Buenos Aires,Olavarría,Olavarría,flag_bahra,asentamientos,06595A20,Pourtalé,Olavarría,-37.0194175703326,-60.5907909067561,,Pourtalé/Olavarría [06595A20]
v3_p17,738,Pozos Kanki,Buenos Aires,General Pinto,General Pinto | Florentino Ameghino,flag_variante_bahra,asentamientos,06351A06,Pazos Kanki,General Pinto,-34.7748952444885,-62.0606779712434,,Pazos Kanki/General Pinto [06351A06]
v3_p17,841,Pradere,Buenos Aires,General Villegas,General Villegas,flag_bahra,asentamientos,06392A16,Pradere,General Villegas,-35.253159859934,-62.9253926027847,,Pradere/General Villegas [06392A16]
v3_p18,104,Presidente Derqui,Buenos Aires,Pilar,Pilar | Malvinas Argentinas,flag_bahra,localidades,0663804009,Presidente Derqui,Pilar,-34.4922671765476,-58.8390198925922,,Presidente Derqui/Pilar [0663804009]
v3_p18,809,Presidente Quintana,Buenos Aires,Alberti,Alberti,flag_bahra,asentamientos,06021A07,Presidente Quintana,Alberti,-35.2233758708822,-60.1912833502869,,Presidente Quintana/Alberti [06021A07]
v3_p18,612,Primera Junta,Buenos Aires,Trenque Lauquen,Trenque Lauquen,flag_bahra,asentamientos,06826A22,Primera Junta,Trenque Lauquen,-35.9168040151427,-62.6364991478498,,Primera Junta/Trenque Lauquen [06826A22]
v3_p18,131,Puán,Buenos Aires,Puán,Puán,auto_ok,localidades-censales,06651070,Puán,Puán,-37.5411223576675,-62.7696248165909,,
v3_p18,631,Pueblitos,Buenos Aires,25 de Mayo,25 de Mayo,flag_bahra,asentamientos,06854A20,Pueblitos,25 de Mayo,-35.6374803215302,-60.1099543488625,,Pueblitos/25 de Mayo [06854A20]
v3_p18,502,Puelches,La Pampa,Cura-Có,Curacó,auto_ok,localidades-censales,42042020,Puelches,Curacó,-38.1463539971211,-65.9140673856569,,
v3_p18,126,Puerto Belgrano,Buenos Aires,Coronel de Marina Leonardo Rosales,Coronel de Marina Leonardo Rosales | Monte Hermoso,flag_sin_match,,,,,,,,
v3_p18,45,Puerto de la Plata,Buenos Aires,Puerto de la Plata,Ensenada,flag_sin_match,,,,,,,,
v3_p18,727,Pujol,Buenos Aires,Pergamino,Pergamino,flag_variante_bahra,asentamientos,06623A09,Juan Gregorio Pujol,Pergamino,-33.672454735976,-60.2942457252379,,Juan Gregorio Pujol/Pergamino [06623A09]
v3_p18,28,Punta Alta,Buenos Aires,Coronel de Marina Leonardo Rosales,Coronel de Marina Leonardo Rosales | Monte Hermoso,auto_ok,localidades-censales,06182030,Punta Alta,Coronel de Marina Leonardo Rosales,-38.8804399423486,-62.0750094941145,,
v3_p18,553,Punta Indio,Buenos Aires,Magdalena,Magdalena | Punta Indio,auto_ok,localidades-censales,06655030,Punta Indio,Punta Indio,-35.2808352898089,-57.2360072391524,,
v3_p18,163,Quemú-Quemú,La Pampa,Quemú-Quemú,Quemú Quemú,auto_ok,localidades-censales,42119040,Quemú Quemú,Quemú Quemú,-36.0548207316492,-63.5658619380341,,
v3_p18,483,Quenuma,Buenos Aires,Pellegrini,Pellegrini | Salliqueló | Tres Lomas,auto_ok,localidades-censales,06721010,Quenumá,Salliqueló,-36.5662740076309,-63.0839213783154,,
v3_p18,76,Quequén,Buenos Aires,Lobería,Lobería,flag_sin_match,,,,,,,,Necochea - Quequen/Necochea [06581050]
v3_p18,647,Quetrequén,La Pampa,Rancul,Rancul,auto_ok,localidades-censales,42126060,Quetrequén,Rancul,-35.0570060285576,-64.5231686675132,,
v3_p18,6,Quilmes,Buenos Aires,Quilmes,Quilmes | Berazategui,auto_ok,localidades-censales,06658010,Quilmes,Quilmes,-34.724691432384,-58.2613407434763,,
v3_p18,660,Quiñihual,Buenos Aires,Coronel Suárez,Coronel Suárez,flag_bahra,asentamientos,06203A16,Quiñihual,Coronel Suárez,-37.7886373941711,-61.5898639305721,,Quiñihual/Coronel Suárez [06203A16]
v3_p18,832,Quirno Costa,Buenos Aires,General Viamonte,General Viamonte,flag_bahra,asentamientos,06385A09,Quirno Costa,General Viamonte,-34.8770532015355,-61.1395101942481,,Quirno Costa/General Viamonte [06385A09]
v3_p18,200,Quiroga,Buenos Aires,9 de Julio,9 de Julio,flag_variante,,06588010,Facundo Quiroga,9 de Julio,-35.2922148180777,-61.4057435457533,,Facundo Quiroga/9 de Julio [06588010]
v3_p18,277,Rafael Obligado,Buenos Aires,Rojas,Rojas,auto_ok,localidades-censales,06686040,Rafael Obligado,Rojas,-34.3595409379833,-60.7838416364791,,
v3_p18,105,Ramallo,Buenos Aires,Ramallo,Ramallo,auto_ok,localidades-censales,06665040,Ramallo,Ramallo,-33.4850668104273,-60.0045027963237,,
v3_p18,350,Ramón Biaus,Buenos Aires,Chivilcoy,Chivilcoy,auto_ok,localidades-censales,06224060,Ramón Biaus,Chivilcoy,-35.0853540461537,-59.9241033355477,,
v3_p18,731,Ramón J. Neild,Buenos Aires,9 de Julio,9 de Julio,flag_bahra,asentamientos,06588A21,Ramón J. Neild,9 de Julio,-35.2210186349607,-61.2251272159046,,Ramón J. Neild/9 de Julio [06588A21]
v3_p18,305,Ramón Santamarina,Buenos Aires,Necochea,Necochea,auto_ok,localidades-censales,06581070,Ramón Santamarina,Necochea,-38.4474000773615,-59.3326879230025,,
v3_p18,416,Ramón Otero,Buenos Aires,Balcarce,Balcarce,flag_variante,,06063040,Ramos Otero,Balcarce,-37.540703547179,-58.3407015552081,,Ramos Otero/Balcarce [06063040]
v3_p18,239,Rancagua,Buenos Aires,Pergamino,Pergamino,auto_ok,localidades-censales,06623120,Rancagua,Pergamino,-34.0284156030114,-60.5012048888593,,
v3_p18,206,Rancul,La Pampa,Rancul,Rancul,auto_ok,localidades-censales,42126070,Rancul,Rancul,-35.0677744463466,-64.6842610881382,,
v3_p18,85,Rauch,Buenos Aires,Rauch,Rauch,auto_ok,localidades-censales,06672010,Rauch,Rauch,-36.7745065760695,-59.0872745439506,,
v3_p18,150,Rawson,Buenos Aires,Chacabuco,Chacabuco,auto_ok,localidades-censales,06210040,Rawson,Chacabuco,-34.6050468131252,-60.0668001973042,,
v3_p18,801,Real Audiencia,Buenos Aires,Pila,Pila,flag_bahra,asentamientos,06630A15,Real Audiencia,Pila,-36.1758439978545,-58.5843132910868,,Real Audiencia/Pila [06630A15]
v3_p18,135,Realicó,La Pampa,Realicó,Realicó,auto_ok,localidades-censales,42133080,Realicó,Realicó,-35.0382051939992,-64.2462726584325,,
v3_p18,506,Recalde,Buenos Aires,Olavarría,Olavarría,auto_ok,localidades-censales,06595090,Recalde,Olavarría,-36.6516071283121,-61.0861922034615,,
v3_p18,773,Relmo,La Pampa,Quemú-Quemú,Quemú Quemú,auto_ok,localidades-censales,42119050,Relmo,Quemú Quemú,-36.2565832472949,-63.4480994199787,,
v3_p18,540,Remecó,La Pampa,Guatraché,Guatraché,flag_bahra,asentamientos,42070A07,Remecó,Guatraché,-37.6247195958827,-63.6821645859988,,Remecó/Guatraché [42070A07]
v3_p18,618,Reserva,Buenos Aires,Coronel Pringles,Coronel Pringles,flag_bahra,asentamientos,06196A17,Reserva,Coronel Pringles,-37.825983633608,-61.2212266027447,,Reserva/Coronel Pringles [06196A17]
v3_p18,390,Río Colorado,La Pampa,Caleu-Caleu,Caleu Caleu,flag_sin_match,,,,,,,,
v3_p18,677,Río Luján,Buenos Aires,Campana,Campana,flag_bahra,asentamientos,06126040,Río Luján,Campana,-34.2786409486538,-58.8976060079118,,Río Luján/Campana [06126040]
v3_p18,261,Río Tala,Buenos Aires,San Pedro,San Pedro,flag_bahra,localidades,06770040,Río Tala,San Pedro,-33.7692927806971,-59.6394845323378,,Río Tala/San Pedro [06770040]
v3_p18,100,Rivadavia,Buenos Aires,Rivadavia,Rivadavia,flag_sin_match,,,,,,,,
v3_p18,816,Rivadeo,Buenos Aires,Puán,Puán,flag_bahra,asentamientos,06651A10,Rivadeo,Puán,-38.1459957349685,-63.0528901080292,,Rivadeo/Puán [06651A10]
v3_p18,393,Rivas,Buenos Aires,Suipacha,Suipacha,flag_variante,,06784010,General Rivas,Suipacha,-34.6100543213376,-59.7519417106692,,General Rivas/Suipacha [06784010]
v3_p19,141,Rivera,Buenos Aires,Adolfo Alsina,Adolfo Alsina,auto_ok,localidades-censales,06007080,Rivera,Adolfo Alsina,-37.1605187984608,-63.241762387826,,
v3_p19,561,Roberto Cano,Buenos Aires,Rojas,Rojas,auto_ok,localidades-censales,06686050,Roberto Cano,Rojas,-34.0865171790515,-60.6671921928331,,
v3_p19,522,Roberto J. Payró,Buenos Aires,Magdalena,Magdalena | Punta Indio,auto_ok,localidades-censales,06505080,Roberto J. Payró,Magdalena,-35.1799267057869,-57.651986019808,,
v3_p19,152,Roberts,Buenos Aires,Lincoln,Lincoln,auto_ok,localidades-censales,06469090,Roberts,Lincoln,-35.1428633288324,-61.9703423893235,,
v3_p19,834,Rocha,Buenos Aires,Olavarría,Olavarría,flag_bahra,asentamientos,06595A21,Rocha,Olavarría,-37.1463986314672,-60.9771145759177,,Rocha/Olavarría [06595A21]
v3_p19,65,Rojas,Buenos Aires,Rojas,Rojas,auto_ok,localidades-censales,06686060,Rojas,Rojas,-34.1970589546929,-60.7300960587737,,
v3_p19,896,Rolito,Buenos Aires,Guaminí,Guaminí,flag_bahra,asentamientos,06399A12,Rolito,Guaminí,-37.0033487918988,-62.7102969067208,,Rolito/Guaminí [06399A12]
v3_p19,371,Rolón,La Pampa,Atreucó,Atreucó,auto_ok,localidades-censales,42007040,Rolón,Atreucó,-37.1665832278765,-63.4149648674089,,
v3_p19,895,Román Báez,Buenos Aires,Suipacha,Suipacha,flag_bahra,asentamientos,06784A06,Román Báez,Suipacha,-34.7380495309787,-59.8389664950257,,Román Báez/Suipacha [06784A06]
v3_p19,524,Rosas,Buenos Aires,Las Flores,Las Flores,auto_ok,localidades-censales,06455050,Rosas,Las Flores,-35.9659366349607,-58.9390067837397,,
v3_p19,389,Roosvelt,Buenos Aires,Rivadavia,Rivadavia,flag_variante,,06679050,Roosevelt,Rivadavia,-35.8461997578592,-63.289967001162,,Roosevelt/Rivadavia [06679050]
v3_p19,127,Roque Pérez,Buenos Aires,Roque Pérez,Roque Pérez,auto_ok,localidades-censales,06693020,Roque Pérez,Roque Pérez,-35.4026733116021,-59.333521507391,,
v3_p19,317,Rucanelo,La Pampa,Conhello,Conhelo,auto_ok,localidades-censales,42035050,Rucanelo,Conhelo,-36.0433121572057,-64.8349361432123,,
v3_p19,324,Ruiz,Buenos Aires,San Andrés de Giles,San Andrés de Giles,flag_variante,,06728070,Villa Ruiz,San Andrés de Giles,-34.4338832013567,-59.2603049161852,,Villa Ruiz/San Andrés de Giles [06728070]
v3_p19,177,Saavedra,Buenos Aires,Saavedra,Saavedra,auto_ok,localidades-censales,06700060,Saavedra,Saavedra,-37.7639174847958,-62.3522171746736,,
v3_p19,433,Saforcada,Buenos Aires,Junín,Junín,auto_ok,localidades-censales,06413100,Saforcada,Junín,-34.5728714860252,-61.0742145686916,,
v3_p19,53,Saladillo,Buenos Aires,Saladillo,Saladillo,auto_ok,localidades-censales,06707050,Saladillo,Saladillo,-35.6386474637324,-59.779375858645,,
v3_p19,234,Salazar,Buenos Aires,Caseros,Daireaux,auto_ok,localidades-censales,06231050,Salazar,Daireaux,-36.3070845246816,-62.2028824167194,,
v3_p19,235,Saldungaray,Buenos Aires,Tornquist,Tornquist,auto_ok,localidades-censales,06819050,Saldungaray,Tornquist,-38.2051804844641,-61.7697913520366,,
v3_p19,62,Salto,Buenos Aires,Salto,Salto,auto_ok,localidades-censales,06714060,Salto,Salto,-34.2997130695838,-60.2467679335168,,
v3_p19,226,Salvador María,Buenos Aires,Lobos,Lobos,auto_ok,localidades-censales,06483050,Salvador Marí­a,Lobos,-35.2987873618516,-59.1637770276452,,
v3_p19,115,Salliqueló,Buenos Aires,Pellegrini,Pellegrini | Salliqueló | Tres Lomas,auto_ok,localidades-censales,06721020,Salliqueló,Salliqueló,-36.7484485604683,-62.9562557652804,,
v3_p19,862,Samborombón,Buenos Aires,Brandsen,Brandsen,auto_ok,localidades-censales,06119090,Samborombón,Brandsen,-35.2206242719966,-58.2805297949826,,
v3_p19,237,San Agustín,Buenos Aires,Balcarce,Balcarce,auto_ok,localidades-censales,06063050,San Agustín,Balcarce,-38.0110509298096,-58.3553060799001,,
v3_p19,77,San Andrés de Giles,Buenos Aires,San Andrés de Giles,San Andrés de Giles,auto_ok,localidades-censales,06728040,San Andrés de Giles,San Andrés de Giles,-34.4511536860294,-59.4429842146149,,
v3_p19,66,San Antonio de Areco,Buenos Aires,San Antonio de Areco,San Antonio de Areco,auto_ok,localidades-censales,06735020,San Antonio de Areco,San Antonio de Areco,-34.2485740952629,-59.4773302552069,,
v3_p19,636,San Benito,Buenos Aires,Saladillo,Saladillo,flag_bahra,asentamientos,06707A25,San Benito,Saladillo,-35.6676981944844,-59.8856136278935,,San Benito/Saladillo [06707A25]
v3_p19,742,San Bernardo,Buenos Aires,Tapalqué,Tapalqué,flag_bahra,asentamientos,06798A14,San Bernardo,Tapalqué,-36.3087582912669,-60.4475838977345,,San Bernardo/Tapalqué [06798A14]
v3_p19,96,San Cayetano,Buenos Aires,San Cayetano,San Cayetano,auto_ok,localidades-censales,06742030,San Cayetano,San Cayetano,-38.3456588296824,-59.6068199781888,,
v3_p19,214,San Clemente del Tuyú,Buenos Aires,General Lavalle,General Lavalle | La Costa,auto_ok,localidades-censales,06420030,San Clemente del Tuyú,La Costa,-36.3618684675077,-56.7188279978178,,
v3_p19,241,Sánchez,Buenos Aires,Ramallo,Ramallo,flag_sin_match,,,,,,,,
v3_p19,382,San Emilio,Buenos Aires,General Viamonte,General Viamonte,auto_ok,localidades-censales,06385040,San Emilio,General Viamonte,-35.0327384906848,-60.865255145522,,
v3_p19,377,San Enrique,Buenos Aires,25 de Mayo,25 de Mayo,auto_ok,localidades-censales,06854080,San Enrique,25 de Mayo,-35.7697428203972,-60.3504313670885,,
v3_p19,901,San Fermín,Buenos Aires,Guaminí,Guaminí,flag_bahra,asentamientos,06399A13,San Fermín,Guaminí,-36.8180716767246,-62.621109639901,,San Fermín/Guaminí [06399A13]
v3_p19,17,San Fernando,Buenos Aires,San Fernando,San Fernando,auto_ok,localidades-censales,06749010,San Fernando,San Fernando,-34.4418003197061,-58.5580198721145,,
v3_p19,257,San Francisco de Bellocq,Buenos Aires,Tres Arroyos,Tres Arroyos,auto_ok,localidades-censales,06833080,San Francisco de Bellocq,Tres Arroyos,-38.689637687166,-60.0140156389685,,
v3_p19,452,San Germán,Buenos Aires,Puán,Puán,auto_ok,localidades-censales,06651080,San Germán,Puán,-38.3025006470219,-62.9834938208855,,
v3_p19,537,San Ignacio,Buenos Aires,Ayacucho,Ayacucho,flag_bahra,asentamientos,06042A24,San Ignacio,Ayacucho,-37.3411334306085,-58.4236845784767,,San Ignacio/Ayacucho [06042A24]
v3_p19,12,San Isidro,Buenos Aires,San Isidro,San Isidro,auto_ok,localidades-censales,06756010,San Isidro,San Isidro,-34.4721541217739,-58.5109710038312,,
v3_p19,760,San Jacinto,Buenos Aires,Mercedes,Mercedes,flag_bahra,asentamientos,06532A11,San Jacinto,Mercedes,-34.6447896599641,-59.5247174548168,,San Jacinto/Mercedes [06532A11]
v3_p19,424,San Jorge,Buenos Aires,Laprida,Laprida,flag_variante,,06448030,Pueblo San Jorge,Laprida,-37.2287463208352,-60.9611399929517,,Pueblo San Jorge/Laprida [06448030]
v3_p20,812,San José,Buenos Aires,Necochea,Necochea,flag_depto,,06203070,San José,Coronel Suárez,-37.508031703707,-61.9177940926866,252,San José/Coronel Suárez [06203070]
v3_p20,213,San Manuel,Buenos Aires,Lobería,Lobería,auto_ok,localidades-censales,06476050,San Manuel,Lobería,-37.7865707899887,-58.8485743707578,,
v3_p20,525,San Mauricio,Buenos Aires,Rivadavia,Rivadavia,auto_ok,localidades-censales,06679060,San Mauricio,Rivadavia,-35.5107382633044,-63.1879827320047,,
v3_p20,343,San Mayol,Buenos Aires,Tres Arroyos,Tres Arroyos,auto_ok,localidades-censales,06833090,San Mayol,Tres Arroyos,-38.3177365227324,-60.0258421214843,,
v3_p20,90,San Miguel del Monte,Buenos Aires,Monte,Monte,auto_ok,localidades-censales,06547020,San Miguel del Monte,Monte,-35.4391643240479,-58.8094598355672,,
v3_p20,22,San Nicolás,Buenos Aires,San Nicolás,San Nicolás,flag_variante,,06763050,San Nicolás de los Arroyos,San Nicolás,-33.3334318533461,-60.2108704885047,,San Nicolás de los Arroyos/San Nicolás [06763050]
v3_p20,378,San Patricio,Buenos Aires,Chacabuco,Chacabuco,flag_bahra,asentamientos,06210A14,San Patricio,Chacabuco,-34.6141865366556,-60.2484199751501,,San Patricio/Chacabuco [06210A14]
v3_p20,43,San Pedro,Buenos Aires,San Pedro,San Pedro,auto_ok,localidades-censales,06770060,San Pedro,San Pedro,-33.6758954455934,-59.6629624694234,,
v3_p20,408,San Román,Buenos Aires,Coronel Dorrego,Coronel Dorrego | Monte Hermoso,auto_ok,localidades-censales,06189090,San Román,Coronel Dorrego,-38.7413132543129,-61.5385545095186,,
v3_p20,507,San Sebastián,Buenos Aires,Chivilcoy,Chivilcoy,auto_ok,localidades-censales,06224070,San Sebastián,Chivilcoy,-34.9431479827078,-59.702226872066,,
v3_p20,411,Sansinena,Buenos Aires,Rivadavia,Rivadavia,auto_ok,localidades-censales,06679070,Sansinena,Rivadavia,-35.2742647765196,-63.2140646000829,,
v3_p20,587,Santa Coloma,Buenos Aires,Baradero,Baradero,auto_ok,localidades-censales,06070030,Santa Coloma,Baradero,-34.059361700184,-59.559311114743,,
v3_p20,739,Santa Elena,Buenos Aires,Laprida,Laprida,flag_bahra,asentamientos,06448A09,Santa Elena,Laprida,-37.344135052949,-60.6055625033205,,Santa Elena/Laprida [06448A09]
v3_p20,456,Santa Eleodora,Buenos Aires,General Villegas,General Villegas,auto_ok,localidades-censales,06392020,Santa Eleodora,General Villegas,-34.6945608712432,-62.6954481408889,,
v3_p20,600,Santa Inés,Buenos Aires,Carlos Tejedor,Carlos Tejedor,flag_bahra,asentamientos,06154A15,Santa Inés,Carlos Tejedor,-35.4027726175261,-62.5920347099892,,Santa Inés/Carlos Tejedor [06154A15]
v3_p20,413,Santa Isabel,La Pampa,Chalileo,Chalileo,auto_ok,localidades-censales,42049010,Santa Isabel,Chalileo,-36.2319404032193,-66.9407943663849,,
v3_p20,161,Santa Lucía,Buenos Aires,San Pedro,San Pedro,auto_ok,localidades-censales,06770070,Santa Lucía,San Pedro,-33.8808700272696,-59.874232328984,,
v3_p20,774,Santa Luisa,Buenos Aires,Olavarría,Olavarría,auto_ok,localidades-censales,06595100,Santa Luisa,Olavarría,-37.1289653693521,-60.4099303899854,,
v3_p20,233,Santa María,Buenos Aires,Coronel Suárez,Coronel Suárez,auto_ok,localidades-censales,06203080,Santa María,Coronel Suárez,-37.5547048681,-61.8757751325368,,
v3_p20,369,Santa Regina,Buenos Aires,General Villegas,General Villegas,auto_ok,localidades-censales,06392100,Santa Regina,General Villegas,-34.5496213328275,-63.1731322287306,,
v3_p20,37,Santa Rosa,La Pampa,Capital,Capital,auto_ok,localidades-censales,42021020,Santa Rosa,Capital,-36.6203995261434,-64.2905735675783,,
v3_p20,451,Santa Teresa,La Pampa,Guatraché,Guatraché,auto_ok,localidades-censales,42070050,Santa Teresa,Guatraché,-37.5747726164107,-63.4313744751766,,
v3_p20,501,Santa Teresita,Buenos Aires,General Lavalle,General Lavalle | La Costa,flag_bahra,localidades,0642004002,Santa Teresita,La Costa,-36.5405925007164,-56.6929407422398,,Santa Teresita/La Costa [0642004002]
v3_p20,700,Santiago Garbarini,Buenos Aires,25 de Mayo,25 de Mayo,flag_bahra,asentamientos,06854A23,Santiago Garbarini,25 de Mayo,-35.4828687260944,-60.3821395541696,,Santiago Garbarini/25 de Mayo [06854A23]
v3_p20,621,Santiago Larré,Buenos Aires,Roque Pérez,Roque Pérez,flag_bahra,asentamientos,06693A18,Santiago Larré,Roque Pérez,-35.5823813989668,-59.1652876492908,,Santiago Larré/Roque Pérez [06693A18]
v3_p20,644,Santo Domingo,Buenos Aires,Maipú,Maipú,auto_ok,localidades-censales,06511030,Santo Domingo,Maipú,-36.7115381434249,-57.5863001097361,,
v3_p20,584,Santos Unzué,Buenos Aires,9 de Julio,9 de Julio,flag_bahra,asentamientos,06588A22,Santos Unzué,9 de Julio,-35.7460443466831,-60.8603872073342,,Santos Unzué/9 de Julio [06588A22]
v3_p20,543,Santo Tomás,Buenos Aires,Carlos Casares,Carlos Casares,auto_ok,localidades-censales,06147100,Santo Tomás,Carlos Casares,-35.6723997385324,-61.5068727426589,,
v3_p20,101,San Vicente,Buenos Aires,San Vicente,San Vicente | Presidente Perón,auto_ok,localidades-censales,06778020,San Vicente,San Vicente,-35.0240394387399,-58.4205914420453,,
v3_p20,711,Sarah,La Pampa,Chapaleufú,Chapaleufú,auto_ok,localidades-censales,42056050,Sarah,Chapaleufú,-35.0280392928096,-63.6858964178019,,
v3_p20,398,Sarasa,Buenos Aires,Colón,Colón,auto_ok,localidades-censales,06175030,Sarasa,Colón,-34.0481637070693,-61.2017061687434,,
v3_p20,799,Saturno,Buenos Aires,Guaminí,Guaminí,flag_bahra,asentamientos,06399A14,Saturno,Guaminí,-36.9136592168849,-62.682675767021,,Saturno/Guaminí [06399A14]
v3_p20,374,Sevigné,Buenos Aires,Dolores,Dolores,auto_ok,localidades-censales,06238020,Sevigné,Dolores,-36.2036698461647,-57.7427535363227,,
v3_p20,453,Sierra de la Ventana,Buenos Aires,Tornquist,Tornquist,auto_ok,localidades-censales,06819060,Sierra de la Ventana,Tornquist,-38.131714910679,-61.8045637174001,,
v3_p20,142,Sierras Bayas,Buenos Aires,Olavarría,Olavarría,auto_ok,localidades-censales,06595120,Sierras Bayas,Olavarría,-36.9298298570961,-60.1658590966911,,
v3_p20,246,Sierra Chica,Buenos Aires,Olavarría,Olavarría,auto_ok,localidades-censales,06595110,Sierra Chica,Olavarría,-36.8438537035323,-60.2290280152955,,
v3_p20,286,Smith,Buenos Aires,Carlos Casares,Carlos Casares,auto_ok,localidades-censales,06147110,Smith,Carlos Casares,-35.4953401123334,-61.5924644875119,,
v3_p20,806,Solanet,Buenos Aires,Ayacucho,Ayacucho,auto_ok,localidades-censales,06042030,Solanet,Ayacucho,-36.8428436905421,-58.5077215781152,,
v3_p20,788,Sol de Mayo,Buenos Aires,Rojas,Rojas,auto_ok,localidades-censales,06686070,Sol de Mayo,Rojas,-34.2682599673445,-60.8736821753868,,
v3_p20,498,Solís,Buenos Aires,San Andrés de Giles,San Andrés de Giles,auto_ok,localidades-censales,06728050,Solís,San Andrés de Giles,-34.2979706883022,-59.3238418712797,,
v3_p20,556,Speluzzi,La Pampa,Maracó,Maracó,auto_ok,localidades-censales,42105040,Speluzzi,Maracó,-35.5496682292744,-63.8204421715339,,
v3_p21,513,Spurr,Buenos Aires,Bahía Blanca,Bahía Blanca,flag_sin_match,,,,,,,,
v3_p21,693,Stegman,Buenos Aires,Coronel Pringles,Coronel Pringles,flag_variante_bahra,asentamientos,06196A19,Stegmann,Coronel Pringles,-37.989933086505,-61.5445750028686,,Stegmann/Coronel Pringles [06196A19]
v3_p21,255,Stroeder,Buenos Aires,Patagones,Patagones,auto_ok,localidades-censales,06602060,Stroeder,Patagones,-40.1858050598167,-62.620320671925,,
v3_p21,380,Sucre,Buenos Aires,Luján,Luján,flag_bahra,asentamientos,06497A04,Sucre,Luján,-34.5078618504809,-59.1142639161741,,Sucre/Luján [06497A04]
v3_p21,130,Suipacha,Buenos Aires,Suipacha,Suipacha,auto_ok,localidades-censales,06784020,Suipacha,Suipacha,-34.768691043144,-59.6869002378206,,
v3_p21,676,Sundblad,Buenos Aires,Rivadavia,Rivadavia,auto_ok,localidades-censales,06679080,Sundblad,Rivadavia,-35.7648879836558,-63.1390645220736,,
v3_p21,890,Tacuarí,Buenos Aires,Salto,Salto,flag_bahra,asentamientos,06714A07,Tacuarí,Salto,-34.2114964968241,-60.3102346052653,,Tacuarí/Salto [06714A07]
v3_p21,325,Tamangueyú,Buenos Aires,Lobería,Lobería,auto_ok,localidades-censales,06476060,Tamangueyú,Lobería,-38.2013044445807,-58.7392568541914,,
v3_p21,733,Tambo Nuevo,Buenos Aires,Pergamino,Pergamino,flag_bahra,asentamientos,06623A19,Tambo Nuevo,Pergamino,-33.9670771214874,-60.5794002004478,,Tambo Nuevo/Pergamino [06623A19]
v3_p21,24,Tandil,Buenos Aires,Tandil,Tandil,auto_ok,localidades-censales,06791050,Tandil,Tandil,-37.3286638524321,-59.1368808617922,,
v3_p21,122,Tapalqué,Buenos Aires,Tapalqué,Tapalqué,auto_ok,localidades-censales,06798020,Tapalqué,Tapalqué,-36.3561597732637,-60.0251394372615,,
v3_p21,665,Tatay,Buenos Aires,Carmen de Areco,Carmen de Areco,flag_bahra,asentamientos,06161A09,Tatay,Carmen de Areco,-34.3713636182917,-59.9440427692425,,Tatay/Carmen de Areco [06161A09]
v3_p21,361,Tedín Uriburu,Buenos Aires,Juárez,Benito Juárez,auto_ok,localidades-censales,06084040,Tedín Uriburu,Benito Juárez,-37.364218614256,-59.7601928177513,,
v3_p21,209,Telén,La Pampa,Loventué,Loventué,auto_ok,localidades-censales,42098040,Telén,Loventué,-36.2641734288439,-65.5111517486351,,
v3_p21,480,Tte. Gral. Emilio Mitre,La Pampa,Conhello,Conhelo,flag_variante_bahra,asentamientos,42035A04,Teniente General Emilio Mitre,Conhelo,-36.1383647554285,-64.9361328884959,,Teniente General Emilio Mitre/Conhelo [42035A04]
v3_p21,487,Teniente Origone,Buenos Aires,Villarino,Villarino,auto_ok,localidades-censales,06875080,Teniente Origone,Villarino,-39.0578239142738,-62.5705744996718,,
v3_p21,18,Tigre,Buenos Aires,Tigre,Tigre,auto_ok,localidades-censales,06805010,Tigre,Tigre,-34.4256910710843,-58.5810472651652,,
v3_p21,300,Timote,Buenos Aires,Carlos Tejedor,Carlos Tejedor,auto_ok,localidades-censales,06154040,Timote,Carlos Tejedor,-35.3474270322638,-62.2228786543666,,
v3_p21,669,Thames,Buenos Aires,Adolfo Alsina,Adolfo Alsina,flag_bahra,asentamientos,06007A18,Thames,Adolfo Alsina,-36.9253528021856,-63.2955803695286,,Thames/Adolfo Alsina [06007A18]
v3_p21,144,Toay,La Pampa,Toay,Toay,auto_ok,localidades-censales,42140020,Toay,Toay,-36.6738647838869,-64.3797267718024,,
v3_p21,287,Todd,Buenos Aires,Bartolomé Mitre,Arrecifes | Capitán Sarmiento,auto_ok,localidades-censales,06077020,Todd,Arrecifes,-34.0312956499151,-60.1557108591817,,
v3_p21,766,Tomás Jofré,Buenos Aires,Mercedes,Mercedes,flag_sin_match,,,,,,,,
v3_p21,575,Tomás M. Anchorena,La Pampa,Atreucó,Atreucó,auto_ok,localidades-censales,42007050,Tomás M. Anchorena,Atreucó,-36.8403659815016,-63.5247929009758,,
v3_p21,151,Tornquist,Buenos Aires,Tornquist,Tornquist,auto_ok,localidades-censales,06819070,Tornquist,Tornquist,-38.1014150142065,-62.2229188366889,,
v3_p21,164,Torres,Buenos Aires,Luján,Luján,auto_ok,localidades-censales,06497050,Torres,Luján,-34.4328248155783,-59.1285842988555,,
v3_p21,169,Tortuguitas,Buenos Aires,Pilar,Pilar | Malvinas Argentinas,flag_bahra,localidades,0663804012,Tortuguitas,Pilar,-34.4607720798694,-58.7631813315473,,Tortuguitas/Pilar [0663804012]; Tortuguitas/Malvinas Argentinas [0651501007]
v3_p21,548,Trebolares,La Pampa,Maracó,Maracó,auto_ok,localidades-censales,42105050,Trebolares,Maracó,-35.5841111323849,-63.5857434452724,,
v3_p21,170,30 de Agosto,Buenos Aires,Trenque Lauquen,Trenque Lauquen,auto_ok,localidades-censales,06826040,30 de Agosto,Trenque Lauquen,-36.2785915674803,-62.545088758002,,
v3_p21,149,Trenel,La Pampa,Trenel,Trenel,auto_ok,localidades-censales,42147030,Trenel,Trenel,-35.6983199310986,-64.1332301983715,,
v3_p21,54,Trenque Lauquen,Buenos Aires,Trenque Lauquen,Trenque Lauquen,auto_ok,localidades-censales,06826050,Trenque Lauquen,Trenque Lauquen,-35.9732603814102,-62.7326360506884,,
v3_p21,134,Tres Algarrobos,Buenos Aires,Carlos Tejedor,Carlos Tejedor,auto_ok,localidades-censales,06154050,Tres Algarrobos,Carlos Tejedor,-35.1955750860716,-62.774391469815,,
v3_p21,30,Tres Arroyos,Buenos Aires,Tres Arroyos,Tres Arroyos,auto_ok,localidades-censales,06833100,Tres Arroyos,Tres Arroyos,-38.377001938002,-60.2747300376261,,
v3_p21,9,3 de Febrero,Buenos Aires,3 de Febrero,Tres de Febrero,flag_sin_match,,,,,,,,
v3_p21,628,Tres Lagunas,Buenos Aires,Adolfo Alsina,Adolfo Alsina,flag_bahra,asentamientos,06007A19,Tres Lagunas,Adolfo Alsina,-37.1403976558238,-63.0084041239123,,Tres Lagunas/Adolfo Alsina [06007A19]
v3_p21,579,Tres Picos,Buenos Aires,Tornquist,Tornquist,auto_ok,localidades-censales,06819080,Tres Picos,Tornquist,-38.2884025052379,-62.210073686413,,
v3_p21,392,Tres Sargentos,Buenos Aires,Carmen de Areco,Carmen de Areco,auto_ok,localidades-censales,06161030,Tres Sargentos,Carmen de Areco,-34.4664671152993,-59.9993946648954,,
v3_p21,619,Triunvirato,Buenos Aires,Lincoln,Lincoln,auto_ok,localidades-censales,06469110,Triunvirato,Lincoln,-34.6758379792473,-61.4657087059049,,
v3_p21,823,Tronge,Buenos Aires,Trenque Lauquen,Trenque Lauquen,auto_ok,localidades-censales,06826060,Trongé,Trenque Lauquen,-36.4603092402658,-62.4871229040303,,
v3_p21,705,Tuyutí,Buenos Aires,San Andrés de Giles,San Andrés de Giles,flag_bahra,asentamientos,06728A10,Tuyutí,San Andrés de Giles,-34.5204623120518,-59.6725319175543,,Tuyutí/San Andrés de Giles [06728A10]
v3_p21,478,Udaquiola,Buenos Aires,Ayacucho,Ayacucho,auto_ok,localidades-censales,06042040,Udaquiola,Ayacucho,-36.5623187085811,-58.5342947787006,,
v3_p21,463,Unzué,Buenos Aires,Bolívar,Bolívar,flag_variante_bahra,asentamientos,06105A13,Mariano Unzué,Bolívar,-36.1373008964692,-61.0078227743231,,Mariano Unzué/Bolívar [06105A13]
v3_p22,138,Urdampilleta,Buenos Aires,Bolívar,Bolívar,auto_ok,localidades-censales,06105070,Urdampilleta,Bolívar,-36.4271722792919,-61.4161624553726,,
v3_p22,357,Uribelarrea,Buenos Aires,Cañuelas,Cañuelas,auto_ok,localidades-censales,06134080,Uribelarrea,Cañuelas,-35.1237982777546,-58.8921038171189,,
v3_p22,298,Uriburu,La Pampa,Catriló,Catriló,auto_ok,localidades-censales,42028040,Uriburu,Catriló,-36.5062619465026,-63.8600321293575,,
v3_p22,354,Urquiza,Buenos Aires,Pergamino,Pergamino,auto_ok,localidades-censales,06623050,Urquiza,Pergamino,-33.923055807155,-60.3811824095264,,
v3_p22,723,Vagues,Buenos Aires,San Antonio de Areco,San Antonio de Areco,auto_ok,localidades-censales,06735040,Vagues,San Antonio de Areco,-34.2987200832789,-59.4445967184558,,
v3_p22,303,Valdés,Buenos Aires,25 de Mayo,25 de Mayo,auto_ok,localidades-censales,06854090,Valdés,25 de Mayo,-35.6479335038384,-60.4656498402767,,
v3_p22,758,Valentín Gómez,Buenos Aires,Rivadavia,Rivadavia,flag_bahra,asentamientos,06679A06,Valentín Gómez,Rivadavia,-35.6498230069269,-63.2550989086405,,Valentín Gómez/Rivadavia [06679A06]
v3_p22,864,Vallimanca,Buenos Aires,Bolívar,Bolívar,flag_bahra,asentamientos,06105A21,Vallimanca,Bolívar,-36.342899216148,-61.0330238156088,,Vallimanca/Bolívar [06105A21]
v3_p22,782,Vázquez,Buenos Aires,González Chaves,Adolfo Gonzales Chaves,flag_variante,,06014040,Vásquez,Adolfo Gonzales Chaves,-38.176514629101,-60.1715323552449,,Vásquez/Adolfo Gonzales Chaves [06014040]
v3_p22,112,Vedia,Buenos Aires,Leandro N. Alem,Leandro N. Alem,auto_ok,localidades-censales,06462060,Vedia,Leandro N. Alem,-34.4979073052789,-61.5423378023687,,
v3_p22,47,25 de Mayo,Buenos Aires,25 de Mayo,25 de Mayo,auto_ok,localidades-censales,06854100,25 de Mayo,25 de Mayo,-35.4323790352212,-60.1716277553696,,
v3_p22,383,Velloso,Buenos Aires,Tapalqué,Tapalqué,auto_ok,localidades-censales,06798030,Velloso,Tapalqué,-36.1195335164104,-59.6517269033189,,
v3_p22,701,Vergara,Buenos Aires,Magdalena,Magdalena | Punta Indio,flag_bahra,asentamientos,06505A13,Vergara,Magdalena,-35.383479882281,-57.8034258660725,,Vergara/Magdalena [06505A13]
v3_p22,110,Verónica,Buenos Aires,Magdalena,Magdalena | Punta Indio,auto_ok,localidades-censales,06655040,Verónica,Punta Indio,-35.3881552142501,-57.3371601623743,,
v3_p22,468,Vértiz,La Pampa,Chapaleufú,Chapaleufú,auto_ok,localidades-censales,42056060,Vértiz,Chapaleufú,-35.4274527599415,-63.9099651451605,,
v3_p22,794,Víboras,Buenos Aires,Puán,Puán,flag_bahra,asentamientos,06651A12,Víboras,Puán,-37.6953490676936,-62.8044379341661,,Víboras/Puán [06651A12]
v3_p22,310,Vivoratá,Buenos Aires,Mar Chiquita,Mar Chiquita,auto_ok,localidades-censales,06518070,Vivoratá,Mar Chiquita,-37.6619411833987,-57.6687982154862,,
v3_p22,197,Vicente Casares,Buenos Aires,Cañuelas,Cañuelas,flag_bahra,localidades,06134080,Vicente Casares,Cañuelas,-34.9655362562693,-58.6518407731212,,Vicente Casares/Cañuelas [06134080]
v3_p22,10,Vicente López,Buenos Aires,Vicente López,Vicente López,auto_ok,localidades-censales,06861010,Vicente López,Vicente López,-34.5275557594499,-58.5030975311771,,
v3_p22,143,Victorica,La Pampa,Loventué,Loventué,auto_ok,localidades-censales,42098050,Victorica,Loventué,-36.2164839315882,-65.437086832443,,
v3_p22,523,Victorino de la Plaza,Buenos Aires,Guaminí,Guaminí,flag_bahra,asentamientos,06399A15,Victorino de la Plaza,Guaminí,-36.6217706404874,-62.6707372933421,,Victorino de la Plaza/Guaminí [06399A15]
v3_p22,488,Vieytes,Buenos Aires,Magdalena,Magdalena | Punta Indio,auto_ok,localidades-censales,06505050,Vieytes,Magdalena,-35.269568396303,-57.5757117447539,,
v3_p22,823,Vigilancia,Buenos Aires,Lincoln,Lincoln,flag_variante_bahra,asentamientos,06469A06,Fortín Vigilancia,Lincoln,-35.1097525325126,-61.6734037367717,,Fortín Vigilancia/Lincoln [06469A06]
v3_p22,695,Vilela,Buenos Aires,Las Flores,Las Flores,flag_bahra,asentamientos,06455A22,Vilela,Las Flores,-35.8468806124004,-59.0350955587029,,Vilela/Las Flores [06455A22]
v3_p22,535,Villa Espil,Buenos Aires,San Andrés de Giles,San Andrés de Giles,auto_ok,localidades-censales,06728060,Villa Espil,San Andrés de Giles,-34.5052790391016,-59.3382364169119,,
v3_p22,262,Villa Gessell,Buenos Aires,General Juan Madariaga,General Juan Madariaga | Pinamar | Villa Gesell,flag_variante,,06868020,Villa Gesell,Villa Gesell,-37.2497240324505,-56.9678616849268,,Villa Gesell/Villa Gesell [06868020]
v3_p22,496,Villa Harding Green,Buenos Aires,Bahía Blanca,Bahía Blanca,flag_sin_match,,,,,,,,
v3_p22,167,Villa Iris,Buenos Aires,Puán,Puán,auto_ok,localidades-censales,06651110,Villa Iris,Puán,-38.171747781365,-63.2355559145704,,
v3_p22,346,Villa Lía,Buenos Aires,San Antonio de Areco,San Antonio de Areco,auto_ok,localidades-censales,06735030,Villa Lía,San Antonio de Areco,-34.1230849891832,-59.4304979675286,,
v3_p22,218,Villalonga,Buenos Aires,Patagones,Patagones,auto_ok,localidades-censales,06602070,Villalonga,Patagones,-39.9174672692849,-62.6189019197015,,
v3_p22,802,Villa María,Buenos Aires,Alberti,Alberti,auto_ok,localidades-censales,06021060,Villa María,Alberti,-34.8878007536355,-60.339840966265,,
v3_p22,352,Villa Mirasol,La Pampa,Quemú-Quemú,Quemú Quemú,auto_ok,localidades-censales,42119060,Villa Mirasol,Quemú Quemú,-36.0764284316936,-63.8863538159604,,
v3_p22,489,Villa Nueva,Buenos Aires,General Paz,General Paz,flag_sin_match,,,,,,,,
v3_p22,215,Villa Numancia,Buenos Aires,San Vicente,San Vicente | Presidente Perón,flag_sin_match,,,,,,,,
v3_p22,123,Villa Ramallo,Buenos Aires,Ramallo,Ramallo,auto_ok,localidades-censales,06665060,Villa Ramallo,Ramallo,-33.4978678876513,-60.065527605439,,
v3_p22,228,Villa Rosa,Buenos Aires,Pilar,Pilar | Malvinas Argentinas,flag_bahra,localidades,0663804014,Villa Rosa,Pilar,-34.4152919195327,-58.8695488420707,,Villa Rosa/Pilar [0663804014]
v3_p22,349,Villars,Buenos Aires,Marcos Paz,Marcos Paz,flag_depto,,06329040,Villars,General Las Heras,-34.8260113108452,-58.9390543050322,17,Villars/General Las Heras [06329040]
v3_p22,327,Villa Saboya,Buenos Aires,General Villegas,General Villegas,auto_ok,localidades-censales,06392110,Villa Saboya,General Villegas,-34.459973849085,-62.6491960994875,,
v3_p22,364,Villa Sauce,Buenos Aires,General Villegas,General Villegas,flag_variante,,06392120,Villa Sauze,General Villegas,-35.2857701693627,-63.368360528573,,Villa Sauze/General Villegas [06392120]
v3_p22,848,Villa Sena,Buenos Aires,Rivadavia,Rivadavia,flag_bahra,asentamientos,06679A07,Villa Sena,Rivadavia,-35.6301689138421,-62.8933279176174,,Villa Sena/Rivadavia [06679A07]
v3_p22,643,Viñas,Buenos Aires,Bartolomé Mitre,Arrecifes | Capitán Sarmiento,flag_variante,,06077030,Viña,Arrecifes,-33.9918997449433,-60.2256161202229,,Viña/Arrecifes [06077030]
v3_p23,709,Vuelta de Obligado,Buenos Aires,San Pedro,San Pedro,flag_sin_match,,,,,,,,
v3_p23,370,Warnes,Buenos Aires,Bragado,Bragado,auto_ok,localidades-censales,06112100,Warnes,Bragado,-34.9099843322177,-60.5381265800083,,
v3_p23,178,Winifreda,La Pampa,Conhello,Conhelo,auto_ok,localidades-censales,42035060,Winifreda,Conhelo,-36.2274923532513,-64.2334530268491,,
v3_p23,771,Yutuyaco,Buenos Aires,Adolfo Alsina,Adolfo Alsina,flag_bahra,asentamientos,06007110,Yutuyaco,Adolfo Alsina,-36.9873204072125,-63.1320279056445,,Yutuyaco/Adolfo Alsina [06007110]
v3_p23,583,Zapiola,Buenos Aires,Lobos,Lobos,auto_ok,localidades-censales,06483060,Zapiola,Lobos,-35.0581056193109,-59.0415765038789,,
v3_p23,23,Zárate,Buenos Aires,Zárate,Zárate,auto_ok,localidades-censales,06882040,Zárate,Zárate,-34.0957447885433,-59.0242961539098,,
v3_p23,484,Zavalía,Buenos Aires,General Viamonte,General Viamonte,auto_ok,localidades-censales,06385050,Zavalía,General Viamonte,-34.8955972467887,-61.0074712439266,,
v3_p23,436,Zelaya,Buenos Aires,Pilar,Pilar | Malvinas Argentinas,flag_bahra,localidades,0663804015,Zelaya,Pilar,-34.3715664829895,-58.8694503722801,,Zelaya/Pilar [0663804015]
v3_p23,395,Zenón Videla Dorna,Buenos Aires,Monte,Monte,auto_ok,localidades-censales,06547030,Zenón Videla Dorna,Monte,-35.5447734044526,-58.8855911917932,,
v4_p01,393,Aarón Castellanos,Santa Fe,General López,General López,auto_ok,localidades-censales,82042010,Aarón Castellanos,General López,-34.3327327685606,-62.3740152362996,,
v4_p01,154,Acebal,Santa Fe,Rosario,Rosario,auto_ok,localidades-censales,82084010,Acébal,Rosario,-33.2417509715646,-60.8365149917432,,
v4_p01,188,Achiras,Córdoba,Río Cuarto,Río Cuarto,auto_ok,localidades-censales,14098010,Achiras,Río Cuarto,-33.1744577612918,-64.9920173611892,,
v4_p01,174,Adelia María,Córdoba,Río Cuarto,Río Cuarto,auto_ok,localidades-censales,14098020,Adelia María,Río Cuarto,-33.6320961628939,-64.021610565103,,
v4_p01,565,Agua de Oro,Córdoba,Colón,Colón,auto_ok,localidades-censales,14021010,Agua de Oro,Colón,-31.066448360111,-64.3021382451288,,
v4_p01,594,Agua de Ramón,Córdoba,Minas,Minas,flag_bahra,asentamientos,14070A00,Agua de Ramón,Minas,-30.8508454078099,-65.3651231740995,,Agua de Ramón/Minas [14070A00]
v4_p01,381,Albarrellos,Santa Fe,Rosario,Rosario,flag_variante,,82084020,Albarellos,Rosario,-33.2395147864442,-60.6368410745967,,Albarellos/Rosario [82084020]
v4_p01,143,Alcira,Córdoba,Río Cuarto,Río Cuarto,auto_ok,localidades-censales,14098030,Alcira,Río Cuarto,-32.7588022342519,-64.3341190350383,,
v4_p01,67,Alcorta,Santa Fe,Constitución,Constitución,auto_ok,localidades-censales,82028010,Alcorta,Constitución,-33.5381908145311,-61.1239054065715,,
v4_p01,339,Aldao,Santa Fe,Castellanos,Castellanos,auto_ok,localidades-censales,82021010,Aldao,Castellanos,-30.9805613207763,-61.7433512131028,,
v4_p01,503,Aldao,Santa Fe,San Lorenzo,San Lorenzo,auto_ok,localidades-censales,82119010,Aldao,San Lorenzo,-32.7036174158477,-60.8155041644391,,
v4_p01,189,Alejandra,Santa Fe,San Javier,San Javier,auto_ok,localidades-censales,82098010,Alejandra,San Javier,-29.9091462650432,-59.8271539631043,,
v4_p01,155,Alejandro,Córdoba,Juárez Celman,Juárez Celman,flag_variante,,14056010,Alejandro Roca,Juárez Celman,-33.3535975392926,-63.7177324037015,,Alejandro Roca/Juárez Celman [14056010]
v4_p01,145,Alejo Ledesma,Córdoba,Marcos Juárez,Marcos Juárez,auto_ok,localidades-censales,14063010,Alejo Ledesma,Marcos Juárez,-33.605468530552,-62.6260082197532,,
v4_p01,248,Alicia,Córdoba,San Justo,San Justo,auto_ok,localidades-censales,14140010,Alicia,San Justo,-31.9388455762237,-62.464199859417,,
v4_p01,93,Almafuerte,Córdoba,Tercero Arriba,Tercero Arriba,auto_ok,localidades-censales,14161010,Almafuerte,Tercero Arriba,-32.1922811622835,-64.2544277722082,,
v4_p01,629,Alpa Corral,Córdoba,Río Cuarto,Río Cuarto,auto_ok,localidades-censales,14098040,Alpa Corral,Río Cuarto,-32.6937013127228,-64.7172488139417,,
v4_p01,26,Alta Gracia,Córdoba,Santa María,Santa María,auto_ok,localidades-censales,14147010,Alta Gracia,Santa María,-31.6579044755116,-64.4338468229567,,
v4_p01,702,Altautina,Córdoba,San Alberto,San Alberto,auto_ok,localidades-censales,14126005,Altautina,San Alberto,-31.789476865256,-65.166342155668,,
v4_p01,415,Alto Alegre,Córdoba,Unión,Unión,auto_ok,localidades-censales,14182020,Alto Alegre,Unión,-32.346850725576,-62.8842161736892,,
v4_p01,199,Altos de Chipión,Córdoba,San Justo,San Justo,auto_ok,localidades-censales,14140020,Altos de Chipión,San Justo,-30.9572155879209,-62.338317355547,,
v4_p01,168,Alto Verde,Santa Fe,La Capital,La Capital,flag_sin_match,,,,,,,,
v4_p01,137,Alvarez,Santa Fe,Rosario,Rosario,auto_ok,localidades-censales,82084030,Álvarez,Rosario,-33.1281198683,-60.8063422393053,,
v4_p01,340,Alvear,Santa Fe,Rosario,Rosario,auto_ok,localidades-censales,82084040,Alvear,Rosario,-33.0578573019617,-60.6199523402006,,
v4_p01,597,Amboy,Córdoba,Calamuchita,Calamuchita,auto_ok,localidades-censales,14007010,Amboy,Calamuchita,-32.1764309839373,-64.5750940980819,,
v4_p01,315,Ambrosetti,Santa Fe,San Cristóbal,San Cristóbal,auto_ok,localidades-censales,82091020,Ambrosetti,San Cristóbal,-30.0151139675007,-61.5761950937081,,
v4_p01,634,Ambul,Córdoba,San Alberto,San Alberto,auto_ok,localidades-censales,14126010,Ambul,San Alberto,-31.4905770344961,-65.0539518278405,,
v4_p01,524,Ana Zumarán,Córdoba,General San Martín,General San Martín,flag_depto,,14182030,Ana Zumarán,Unión,-32.3905234084175,-63.0573516361528,59,Ana Zumarán/Unión [14182030]
v4_p01,290,Andino,Santa Fe,Iriondo,Iriondo,flag_variante,,82056110,Pueblo Andino,Iriondo,-32.669898746244,-60.8755282895566,,Pueblo Andino/Iriondo [82056110]; Villa La Ribera (Pueblo Andino)/Iriondo [82056170]
v4_p01,650,Angélica,Santa Fe,Castellanos,Castellanos,auto_ok,localidades-censales,82021020,Angélica,Castellanos,-31.5507033763133,-61.5464708398049,,
v4_p01,471,Angeloni,Santa Fe,San Justo,San Justo,auto_ok,localidades-censales,82112010,Angeloni,San Justo,-30.8556189584065,-60.6503040500229,,
v4_p01,574,Anizacate,Córdoba,Santa María,Santa María,flag_variante,,14147020,Anisacate,Santa María,-31.7122361660026,-64.4041832956313,,Anisacate/Santa María [14147020]; Los Talas de Anisacate/Santa María [14147195]; Valle de Anisacate/Santa María [14147300]
v4_p01,74,Arequito,Santa Fe,Caseros,Caseros,auto_ok,localidades-censales,82014010,Arequito,Caseros,-33.1448133455284,-61.4696553532541,,
v4_p01,82,Arias,Córdoba,Marcos Juárez,Marcos Juárez,auto_ok,localidades-censales,14063020,Arias,Marcos Juárez,-33.6421312323116,-62.4040008024569,,
v4_p01,581,Arminda,Santa Fe,Rosario,Rosario,auto_ok,localidades-censales,82084060,Arminda,Rosario,-33.2645146426408,-60.967775762544,,
v4_p01,59,Armstrong,Santa Fe,Belgrano,Belgrano,auto_ok,localidades-censales,82007010,Armstrong,Belgrano,-32.7852529555294,-61.6032242663009,,
v4_p01,278,Arocena,Santa Fe,San Jerónimo,San Jerónimo,auto_ok,localidades-censales,82105010,Arocena,San Jerónimo,-32.0824446165708,-60.9769790603943,,
v4_p01,97,Arroyito,Córdoba,San Justo,San Justo,auto_ok,localidades-censales,14140030,Arroyito,San Justo,-31.4191287884059,-63.0509462742232,,
v4_p01,616,Arroyo Algodón,Córdoba,General San Martín,General San Martín,auto_ok,localidades-censales,14042010,Arroyo Algodon,General San Martín,-32.2012255246333,-63.164951431503,,
v4_p01,757,Arroyo Alvarez,Córdoba,Río Segundo,Río Segundo,flag_variante_bahra,asentamientos,14119A00,Arroyo de Álvarez Sur,Río Segundo,-31.5975811965671,-63.2459422910274,,Arroyo de Álvarez Sur/Río Segundo [14119A00]
v4_p01,590,Arroyo Cabral,Córdoba,General San Martín,General San Martín,auto_ok,localidades-censales,14042020,Arroyo Cabral,General San Martín,-32.4894823661272,-63.4023651418236,,
v4_p02,291,Arroyo Ceibal,Santa Fe,General Obligado,General Obligado,auto_ok,localidades-censales,82049010,Arroyo Ceibal,General Obligado,-28.7230018180977,-59.4778433618273,,
v4_p02,222,Arrufó,Santa Fe,San Cristóbal,San Cristóbal,auto_ok,localidades-censales,82091030,Arrufo,San Cristóbal,-30.2322649090607,-61.7281680721824,,
v4_p02,249,Arteaga,Santa Fe,Caseros,Caseros,auto_ok,localidades-censales,82014020,Arteaga,Caseros,-33.092685224785,-61.7920322586256,,
v4_p02,488,Ascochinga,Córdoba,Colón,Colón,auto_ok,localidades-censales,14021020,Ascochinga,Colón,-30.9590969425315,-64.2727699019243,,
v4_p02,450,Ascochingas,Santa Fe,La Capital,La Capital,flag_sin_match,,,,,,,,
v4_p02,666,Asunta,Córdoba,Juárez Celman,Juárez Celman,flag_variante,,14056020,Assunta,Juárez Celman,-33.6339790347279,-63.2247930357316,,Assunta/Juárez Celman [14056020]
v4_p02,237,Ataliva,Santa Fe,Castellanos,Castellanos,auto_ok,localidades-censales,82021030,Ataliva,Castellanos,-30.9981187823937,-61.4325186889204,,
v4_p02,612,Aurelia,Santa Fe,Castellanos,Castellanos,auto_ok,localidades-censales,82021040,Aurelia,Castellanos,-31.419744412422,-61.4225288257251,,
v4_p02,318,Ausonia,Córdoba,General San Martín,General San Martín,auto_ok,localidades-censales,14042030,Ausonia,General San Martín,-32.6619200533415,-63.2431781094421,,
v4_p02,595,Avellaneda,Córdoba,Ischilín,Ischilín,auto_ok,localidades-censales,14049010,Avellaneda,Ischilín,-30.5942657948633,-64.205655638413,,
v4_p02,68,Avellaneda,Santa Fe,General Obligado,General Obligado,auto_ok,localidades-censales,82049020,Avellaneda,General Obligado,-29.1175157173031,-59.6586299414662,,
v4_p02,390,Bajo Chico,Córdoba,Santa María,Santa María,flag_bahra,asentamientos,14147A01,Bajo Chico,Santa María,-31.6981925205111,-64.3198618686378,,Bajo Chico/Santa María [14147A01]
v4_p02,98,Balnearia,Córdoba,San Justo,San Justo,auto_ok,localidades-censales,14140040,Balnearia,San Justo,-31.0128438604882,-62.6652934382487,,
v4_p02,158,Ballesteros,Córdoba,Unión,Unión,auto_ok,localidades-censales,14182040,Ballesteros,Unión,-32.5416767759915,-62.9807815199947,,
v4_p02,125,Barrancas,Santa Fe,San Jerónimo,San Jerónimo,auto_ok,localidades-censales,82105030,Barrancas,San Jerónimo,-32.2347171454475,-60.9836243525416,,
v4_p02,744,Barreto,Córdoba,Juárez Celman,Juárez Celman,flag_bahra,asentamientos,14056A01,Barreto,Juárez Celman,-33.3532038518453,-63.3027147576059,,Barreto/Juárez Celman [14056A01]
v4_p02,474,Baver y Sigel,Santa Fe,Castellanos,Castellanos,flag_variante,,82021060,Bauer y Sigel,Castellanos,-31.2716204932089,-61.9431505231348,,Bauer y Sigel/Castellanos [82021060]
v4_p02,12,Bell-Ville,Córdoba,Unión,Unión,auto_ok,localidades-censales,14182060,Bell Ville,Unión,-32.6303014040211,-62.6888050048076,,
v4_p02,432,Bengolea,Córdoba,Juárez Celman,Juárez Celman,auto_ok,localidades-censales,14056030,Bengolea,Juárez Celman,-33.0301555686746,-63.6734078458093,,
v4_p02,355,Benjamín Gould,Córdoba,Unión,Unión,auto_ok,localidades-censales,14182070,Benjamí­n Gould,Unión,-33.5874398718828,-62.7281770733369,,
v4_p02,221,Berabevú,Santa Fe,Caseros,Caseros,flag_variante,,82014030,Beravebú,Caseros,-33.3408814941843,-61.8621438845322,,Beravebú/Caseros [82014030]
v4_p02,483,Berna,Santa Fe,General Obligado,General Obligado,auto_ok,localidades-censales,82049030,Berna,General Obligado,-29.2726339032767,-59.8454667208731,,
v4_p02,272,Bernardo de Irigoyen,Santa Fe,San Jerónimo,San Jerónimo,auto_ok,localidades-censales,82105060,Bernardo de Irigoyen,San Jerónimo,-32.1694830877569,-61.1593749497898,,
v4_p02,144,Berrotarán,Córdoba,Río Cuarto,Río Cuarto,auto_ok,localidades-censales,14098050,Berrotarán,Río Cuarto,-32.4527916985307,-64.3879235475158,,
v4_p02,396,Bialet Massé,Córdoba,Punilla,Punilla,auto_ok,localidades-censales,14091020,Bialet Massé,Punilla,-31.3139184374961,-64.4639691974413,,
v4_p02,111,Bigand,Santa Fe,Caseros,Caseros,auto_ok,localidades-censales,82014040,Bigand,Caseros,-33.3740306417258,-61.1847665887217,,
v4_p02,485,Bismarck,Córdoba,Unión,Unión,flag_variante,,14182110,Colonia Bismarck,Unión,-33.3011665826588,-62.7125747650149,,Colonia Bismarck/Unión [14182110]
v4_p02,342,Bombal,Santa Fe,Constitución,Constitución,auto_ok,localidades-censales,82028040,Bombal,Constitución,-33.4579104951603,-61.3181662048856,,
v4_p02,349,Bouquet,Santa Fe,Belgrano,Belgrano,auto_ok,localidades-censales,82007020,Bouquet,Belgrano,-32.4235553887992,-61.8899448685834,,
v4_p02,510,Bouwer,Córdoba,Santa María,Santa María,auto_ok,localidades-censales,14147050,Bouwer,Santa María,-31.5577412825573,-64.1928539775663,,
v4_p02,161,Brinkman,Córdoba,San Justo,San Justo,flag_variante,,14140050,Brinkmann,San Justo,-30.8665171454491,-62.0430144828151,,Brinkmann/San Justo [14140050]
v4_p02,244,Buchardo,Córdoba,General Roca,General Roca,auto_ok,localidades-censales,14035030,Buchardo,General Roca,-34.7237672020777,-63.5073725026435,,
v4_p02,364,Bulnes,Córdoba,Río Cuarto,Río Cuarto,auto_ok,localidades-censales,14098060,Bulnes,Río Cuarto,-33.5035839779112,-64.678296464866,,
v4_p02,444,Bustinza,Santa Fe,Iriondo,Iriondo,auto_ok,localidades-censales,82056020,Bustinza,Iriondo,-32.7382085473276,-61.2909695209699,,
v4_p02,610,Cabal,Santa Fe,La Capital,La Capital,auto_ok,localidades-censales,82063040,Cabal,La Capital,-31.1001631733213,-60.7460483362567,,
v4_p02,642,Cabana,Córdoba,Colón,Colón,flag_sin_match,,,,,,,,
v4_p02,430,Cacique Ariacaiquín,Santa Fe,San Javier,San Javier,auto_ok,localidades-censales,82098020,Cacique Ariacaiquín,San Javier,-30.6560952443392,-60.2290018860711,,
v4_p02,234,Cafferata,Santa Fe,General López,General López,auto_ok,localidades-censales,82042030,Cafferata,General López,-33.4395142148994,-62.0862474635762,,
v4_p02,90,Calchaquí,Santa Fe,Vera,Vera,auto_ok,localidades-censales,82133010,Calchaquí,Vera,-29.8879376480129,-60.2832075541082,,
v4_p02,353,Calchín,Córdoba,Río Segundo,Río Segundo,auto_ok,localidades-censales,14119010,Calchín,Río Segundo,-31.6688993456763,-63.1991845747347,,
v4_p02,108,Camilo Aldao,Córdoba,Marcos Juárez,Marcos Juárez,auto_ok,localidades-censales,14063030,Camilo Aldao,Marcos Juárez,-33.1279008861095,-62.0943113008283,,
v4_p03,733,Caminiaga,Córdoba,Sobremonte,Sobremonte,auto_ok,localidades-censales,14154010,Caminiaga,Sobremonte,-30.0674495832697,-64.0507287648337,,
v4_p03,63,Canals,Córdoba,Unión,Unión,auto_ok,localidades-censales,14182080,Canals,Unión,-33.5622207127921,-62.8850287275667,,
v4_p03,729,Candelaria,Córdoba,Totoral,Totoral,flag_variante,,14168010,Candelaria Sur,Totoral,-30.8382872038366,-63.8002135158849,,Candelaria Sur/Totoral [14168010]
v4_p03,686,Candelaria,Córdoba,Cruz del Eje,Cruz del Eje,flag_variante_bahra,asentamientos,14028A25,La Candelaria,Cruz del Eje,-31.0976200943244,-64.8556686477467,,La Candelaria/Cruz del Eje [14028A25]
v4_p03,643,Candelaria Norte,Córdoba,Río Seco,Río Seco,flag_sin_match,,,,,,,,
v4_p03,413,Canteras el Sauce,Córdoba,Colón,Colón,flag_bahra,asentamientos,14021030,Canteras El Sauce,Colón,-31.09522656468,-64.3113864293936,,Canteras El Sauce/Colón [14021030]
v4_p03,701,Cañada de Alvarez,Córdoba,Calamuchita,Calamuchita,flag_bahra,asentamientos,14007A05,Cañada de Álvarez,Calamuchita,-32.3636354322823,-64.5500935007778,,Cañada de Álvarez/Calamuchita [14007A05]
v4_p03,11,Cañada de Gómez,Santa Fe,Iriondo,Iriondo,auto_ok,localidades-censales,82056030,Cañada de Gómez,Iriondo,-32.8210817536042,-61.3952605968975,,
v4_p03,730,Cañada del Río Pinto,Córdoba,Ischilín,Ischilín,flag_variante,,14049020,Cañada de Rio Pinto,Ischilín,-30.7761931049048,-64.2181038970414,,Cañada de Rio Pinto/Ischilín [14049020]
v4_p03,453,Cañada de Luque,Córdoba,Totoral,Totoral,auto_ok,localidades-censales,14168020,Cañada de Luque,Totoral,-30.7352352936057,-63.7240087046677,,
v4_p03,593,Cañada de Machado,Córdoba,Río Primero,Río Primero,auto_ok,localidades-censales,14105020,Cañada De Machado,Río Primero,-31.4287089786975,-63.5865509910501,,
v4_p03,418,Cañada del Ucle,Santa Fe,General López,General López,auto_ok,localidades-censales,82042040,Cañada del Ucle,General López,-33.4094604298237,-61.6057217708894,,
v4_p03,370,Cañada Rica,Santa Fe,Constitución,Constitución,auto_ok,localidades-censales,82028050,Cañada Rica,Constitución,-33.5161686955625,-60.6115830757277,,
v4_p03,113,Cañada Rosquín,Santa Fe,San Martín,San Martín,auto_ok,localidades-censales,82126010,Cañada Rosquín,San Martín,-32.0543341184298,-61.6022160854472,,
v4_p03,124,Cañada Verde,Córdoba,General Roca,General Roca,flag_sin_match,,,,,,,,
v4_p03,480,Cap. de la Sgrda. Familia,Córdoba,Río Primero,Río Primero,flag_sin_match,,,,,,,,
v4_p03,584,Capilla del Carmen,Córdoba,Río Segundo,Río Segundo,auto_ok,localidades-censales,14119030,Capilla del Carmen,Río Segundo,-31.5076872385571,-63.3430365402092,,
v4_p03,61,Capilla del Monte,Córdoba,Punilla,Punilla,auto_ok,localidades-censales,14091040,Capilla del Monte,Punilla,-30.8568637397762,-64.5262687607889,,
v4_p03,404,Capilla de los Remedios,Córdoba,Río Primero,Río Primero,auto_ok,localidades-censales,14105030,Capilla de los Remedios,Río Primero,-31.4304994417024,-63.8324182638025,,
v4_p03,722,Capilla del Romero,Córdoba,San Javier,San Javier,flag_variante,,14133007,Capilla de Romero,San Javier,-32.1356943756645,-65.22344485193,,Capilla de Romero/San Javier [14133007]
v4_p03,721,Capilla de Sitón,Córdoba,Totoral,Totoral,auto_ok,localidades-censales,14168030,Capilla de Sitón,Totoral,-30.5736541139064,-63.6536478645057,,
v4_p03,28,Capitán Bermúdez,Santa Fe,San Lorenzo,San Lorenzo,auto_ok,localidades-censales,82119020,Capitán Bermúdez,San Lorenzo,-32.8264144084756,-60.7162596415283,,
v4_p03,360,Capivara,Santa Fe,San Cristóbal,San Cristóbal,auto_ok,localidades-censales,82091050,Capivara,San Cristóbal,-30.4596343401835,-61.2722999714111,,
v4_p03,50,Carcarañá,Santa Fe,San Lorenzo,San Lorenzo,auto_ok,localidades-censales,82119030,Carcarañá,San Lorenzo,-32.8572504841004,-61.1518872757693,,
v4_p03,105,Carlos Pellegrini,Santa Fe,San Martín,San Martín,auto_ok,localidades-censales,82126020,Carlos Pellegrini,San Martín,-32.0504417159447,-61.7830154963302,,
v4_p03,257,Carmen,Santa Fe,General López,General López,auto_ok,localidades-censales,82042050,Carmen,General López,-33.730292266002,-61.762335748903,,
v4_p03,489,Carmen del Sauce,Santa Fe,Rosario,Rosario,auto_ok,localidades-censales,82084080,Carmen del Sauce,Rosario,-33.2360183142252,-60.8118350555103,,
v4_p03,407,Carnerillo,Córdoba,Juárez Celman,Juárez Celman,auto_ok,localidades-censales,14056040,Carnerillo,Juárez Celman,-32.9132006370991,-64.0227136955864,,
v4_p03,700,Carolina,Córdoba,Río Cuarto,Río Cuarto,flag_bahra,asentamientos,14098A08,Carolina,Río Cuarto,-33.5239255011839,-64.2115743592319,,Carolina/Río Cuarto [14098A08]
v4_p03,190,Carreras,Santa Fe,General López,General López,auto_ok,localidades-censales,82042060,Carreras,General López,-33.5961577202896,-61.310974498274,,
v4_p03,386,Carrilobo,Córdoba,Río Segundo,Río Segundo,auto_ok,localidades-censales,14119040,Carrilobo,Río Segundo,-31.8735866864124,-63.1174712095627,,
v4_p03,229,Carrizales,Santa Fe,Iriondo,Iriondo,auto_ok,localidades-censales,82056040,Carrizales,Iriondo,-32.5090651750008,-61.0279887878975,,
v4_p03,766,Casa Bamba,Córdoba,Colón,Colón,flag_bahra,asentamientos,14021040,Casa Bamba,Colón,-31.3530434213463,-64.395166563635,,Casa Bamba/Colón [14021040]
v4_p03,570,Casa Grande,Córdoba,Punilla,Punilla,auto_ok,localidades-censales,14091050,Casa Grande,Punilla,-31.1535372947185,-64.4748624084346,,
v4_p03,632,Casalegno,Santa Fe,San Jerónimo,San Jerónimo,auto_ok,localidades-censales,82105070,Casalegno,San Jerónimo,-32.2638306241466,-61.1261488657874,,
v4_p03,357,Casas,Santa Fe,San Martín,San Martín,auto_ok,localidades-censales,82126030,Casas,San Martín,-32.1258111607007,-61.539967305056,,
v4_p03,17,Casilda,Santa Fe,Caseros,Caseros,auto_ok,localidades-censales,82014050,Casilda,Caseros,-33.0446132457612,-61.1642785872894,,
v4_p03,772,Casaffousth,Córdoba,Punilla,Punilla,flag_sin_match,,,,,,,,
v4_p03,423,Castelar,Santa Fe,San Martín,San Martín,auto_ok,localidades-censales,82126040,Castelar,San Martín,-31.668469002896,-62.0908819579415,,
v4_p03,638,Castellanos,Santa Fe,Castellanos,Castellanos,auto_ok,localidades-censales,82021080,Castellanos,Castellanos,-31.2086712973737,-61.7245956735794,,
v4_p03,324,Cavanagh,Córdoba,Marcos Juárez,Marcos Juárez,auto_ok,localidades-censales,14063050,Cavanagh,Marcos Juárez,-33.4813631926852,-62.3393215024715,,
v4_p04,567,Cavour,Santa Fe,Las Colonias,Las Colonias,auto_ok,localidades-censales,82070010,Cavour,Las Colonias,-31.3648425856042,-61.0165959099786,,
v4_p04,266,Cayastá,Santa Fe,Garay,Garay,auto_ok,localidades-censales,82035010,Cayastá,Garay,-31.1986675737626,-60.1593796374962,,
v4_p04,394,Cayastacito,Santa Fe,San Justo,San Justo,auto_ok,localidades-censales,82112020,Cayastacito,San Justo,-31.1127718111463,-60.5799562175346,,
v4_p04,498,Cello,Santa Fe,Castellanos,Castellanos,flag_variante,,82021100,Colonia Cello,Castellanos,-31.4320821926396,-61.8414338320392,,Colonia Cello/Castellanos [82021100]
v4_p04,299,Centeno,Santa Fe,San Jerónimo,San Jerónimo,auto_ok,localidades-censales,82105080,Centeno,San Jerónimo,-32.2984616274659,-61.412826392463,,
v4_p04,546,Cepeda,Santa Fe,Constitución,Constitución,auto_ok,localidades-censales,82028060,Cepeda,Constitución,-33.3980934863927,-60.623986877066,,
v4_p04,36,Ceres,Santa Fe,San Cristóbal,San Cristóbal,auto_ok,localidades-censales,82091060,Ceres,San Cristóbal,-29.8819420234584,-61.9452045359125,,
v4_p04,745,Ciénaga de Allende,Córdoba,San Alberto,San Alberto,auto_ok,localidades-censales,14126026,Cienaga de Allende,San Alberto,-31.7441210171629,-65.1160372030518,,
v4_p04,517,Ciénaga del Coro,Córdoba,Minas,Minas,auto_ok,localidades-censales,14070010,Ciénaga Del Coro,Minas,-31.0415325518691,-65.2825080096335,,
v4_p04,251,Cintra,Córdoba,Unión,Unión,auto_ok,localidades-censales,14182100,Cintra,Unión,-32.3063462524955,-62.6516310125369,,
v4_p04,300,Classon,Santa Fe,Iriondo,Iriondo,auto_ok,localidades-censales,82056050,Classon,Iriondo,-32.4623340159083,-61.290395491334,,
v4_p04,400,Clucellas,Santa Fe,Castellanos,Castellanos,flag_variante,,82021160,Estación Clucellas,Castellanos,-31.5240504455495,-61.7183796417602,,Estación Clucellas/Castellanos [82021160]; Plaza Clucellas/Castellanos [82021270]
v4_p04,533,Colazo,Córdoba,Río Segundo,Río Segundo,auto_ok,localidades-censales,14119050,Colazo,Río Segundo,-31.9645673905245,-63.3825994412683,,
v4_p04,522,Colonia Almada,Córdoba,Tercero Arriba,Tercero Arriba,auto_ok,localidades-censales,14161020,Colonia Almada,Tercero Arriba,-32.0350023856199,-63.8646390653384,,
v4_p04,613,Colonia Anita,Córdoba,San Justo,San Justo,auto_ok,localidades-censales,14140060,Colonia Anita,San Justo,-31.1195708808474,-62.2350343843066,,
v4_p04,619,Colonia Barge,Córdoba,Marcos Juárez,Marcos Juárez,auto_ok,localidades-censales,14063060,Colonia Barge,Marcos Juárez,-33.2562962208775,-62.6058908051928,,
v4_p04,420,Colonia Belgrano,Santa Fe,San Martín,San Martín,auto_ok,localidades-censales,82126050,Colonia Belgrano,San Martín,-31.9096972936952,-61.4009252213458,,
v4_p04,684,Colonia Bicha,Santa Fe,Castellanos,Castellanos,auto_ok,localidades-censales,82021090,Colonia Bicha,Castellanos,-30.8541262647338,-61.8496022926014,,
v4_p04,559,Colonia Bossi,Santa Fe,San Cristóbal,San Cristóbal,auto_ok,localidades-censales,82091080,Colonia Bossi,San Cristóbal,-30.6678400410686,-61.7879268937352,,
v4_p04,428,Colonia Bremen,Córdoba,Unión,Unión,auto_ok,localidades-censales,14182120,Colonia Bremen,Unión,-33.4642756233849,-62.731240942948,,
v4_p04,77,Colonia Caroya,Córdoba,Colón,Colón,auto_ok,localidades-censales,14021050,Colonia Caroya,Colón,-31.0220663558316,-64.0617430097955,,
v4_p04,723,Colonia Coyunda,Córdoba,San Justo,San Justo,flag_bahra,asentamientos,14140A22,Colonia Coyunda,San Justo,-31.1791256303283,-62.9529050602915,,Colonia Coyunda/San Justo [14140A22]
v4_p04,611,Colonia 10 de Julio,Córdoba,San Justo,San Justo,auto_ok,localidades-censales,14140070,Colonia 10 de Julio,San Justo,-30.5254289840012,-62.1120635853528,,
v4_p04,644,Colonia el Carmen,Córdoba,Río Cuarto,Río Cuarto,flag_bahra,asentamientos,14098A11,Colonia El Carmen,Río Cuarto,-33.0971007961758,-64.4308677323722,,Colonia El Carmen/Río Cuarto [14098A11]
v4_p04,127,Colonia Ella,Santa Fe,General Obligado,General Obligado,flag_sin_match,,,,,,,,
v4_p04,514,Colonia Italiana,Córdoba,Marcos Juárez,Marcos Juárez,auto_ok,localidades-censales,14063070,Colonia Italiana,Marcos Juárez,-33.3117674666569,-62.1763906726294,,
v4_p04,425,Colonia la Tordilla,Córdoba,San Justo,San Justo,flag_sin_match,,,,,,,,
v4_p04,384,Colonia Marina,Córdoba,San Justo,San Justo,auto_ok,localidades-censales,14140090,Colonia Marina,San Justo,-31.2487921056339,-62.3638644264853,,
v4_p04,541,Colonia O'Higgins,Córdoba,Marcos Juárez,Marcos Juárez,flag_sin_match,,,,,,,,
v4_p04,553,Colonia Prosperidad,Córdoba,San Justo,San Justo,auto_ok,localidades-censales,14140100,Colonia Prosperidad,San Justo,-31.6294778082333,-62.3678279317075,,
v4_p04,552,Colonia Raquel,Santa Fe,Castellanos,Castellanos,auto_ok,localidades-censales,82021120,Colonia Raquel,Castellanos,-30.8366952659157,-61.4882024550453,,
v4_p04,392,Colonia Rosa,Santa Fe,San Cristóbal,San Cristóbal,auto_ok,localidades-censales,82091090,Colonia Rosa,San Cristóbal,-30.300440680707,-61.9839604928034,,
v4_p04,692,Colonia Santa María,Córdoba,San Justo,San Justo,auto_ok,localidades-censales,14140130,Colonia Santa Marí­a,San Justo,-31.6070894174563,-62.428130574385,,
v4_p04,505,Colonia Santa María,Córdoba,Unión,Unión,flag_depto,,14140130,Colonia Santa Marí­a,San Justo,-31.6070894174563,-62.428130574385,184,Colonia Santa Marí­a/San Justo [14140130]
v4_p04,706,Colonia Tirolesa,Córdoba,Colón,Colón,auto_ok,localidades-censales,14021060,Colonia Tirolesa,Colón,-31.2372545740099,-64.0664007969045,,
v4_p04,747,Colonia Videla,Córdoba,Río Segundo,Río Segundo,auto_ok,localidades-censales,14119060,Colonia Videla,Río Segundo,-31.917137991736,-63.5031812949746,,
v4_p04,391,Colonia Vignaud,Córdoba,San Justo,San Justo,auto_ok,localidades-censales,14140150,Colonia Vignaud,San Justo,-30.8414933807785,-61.9566658819444,,
v4_p04,669,Colonia Waltelina,Córdoba,San Justo,San Justo,flag_variante,,14140140,Colonia Valtelina,San Justo,-31.0533885765086,-62.2337426904803,,Colonia Valtelina/San Justo [14140140]
v4_p04,191,Concepción del Tío,Córdoba,San Justo,San Justo,flag_variante_bahra,localidades,14140420,Villa Concepción del Tío,San Justo,-31.3221001738389,-62.8139980950812,,Villa Concepción del Tío/San Justo [14140420]
v4_p04,637,Conlara,Córdoba,San Javier,San Javier,auto_ok,localidades-censales,14133010,Conlara,San Javier,-32.0818577905417,-65.2306033039972,,
v4_p04,538,Constanza,Santa Fe,San Cristóbal,San Cristóbal,auto_ok,localidades-censales,82091100,Constanza,San Cristóbal,-30.6635319130337,-61.3199775076338,,
v4_p05,756,Copacabana,Córdoba,Ischilín,Ischilín,auto_ok,localidades-censales,14049040,Copacabana,Ischilín,-30.6431331001487,-64.49872235749,,
v4_p05,2,Córdoba,Córdoba,Capital,Capital,auto_ok,localidades-censales,14014010,Córdoba,Capital,-31.4167418935531,-64.1835547808918,,
v4_p05,35,Coronda,Santa Fe,San Jerónimo,San Jerónimo,auto_ok,localidades-censales,82105090,Coronda,San Jerónimo,-31.9745044436659,-60.9162749790753,,
v4_p05,335,Coronel Arnold,Santa Fe,San Lorenzo,San Lorenzo,auto_ok,localidades-censales,82119040,Coronel Arnold,San Lorenzo,-33.1059779963211,-60.966807827509,,
v4_p05,264,Coronel Baigorria,Córdoba,Río Cuarto,Río Cuarto,auto_ok,localidades-censales,14098090,Coronel Baigorria,Río Cuarto,-32.8475931214964,-64.3611628873138,,
v4_p05,337,Coronel Bogado,Santa Fe,Rosario,Rosario,auto_ok,localidades-censales,82084090,Coronel Bogado,Rosario,-33.3157724822147,-60.6028202780646,,
v4_p05,408,Coronel Domínguez,Santa Fe,Rosario,Rosario,auto_ok,localidades-censales,82084100,Coronel Domínguez,Rosario,-33.1854760061025,-60.7228633313771,,
v4_p05,625,Coronel Fraga,Santa Fe,Castellanos,Castellanos,auto_ok,localidades-censales,82021130,Coronel Fraga,Castellanos,-31.1734896845904,-61.9183780480916,,
v4_p05,60,Corral de Bustos,Córdoba,Marcos Juárez,Marcos Juárez,flag_bahra,localidades,14063090,Corral de Bustos,Marcos Juárez,-33.2830928544683,-62.1865429174032,,Corral de Bustos/Marcos Juárez [14063090]
v4_p05,240,Corralito,Córdoba,Tercero Arriba,Tercero Arriba,auto_ok,localidades-censales,14161030,Corralito,Tercero Arriba,-32.0237027020086,-64.1919943832994,,
v4_p05,138,Correa,Santa Fe,Iriondo,Iriondo,auto_ok,localidades-censales,82056070,Correa,Iriondo,-32.8485753867376,-61.2544589429933,,
v4_p05,406,Cosme,Córdoba,Santa María,Santa María,flag_variante_bahra,asentamientos,14147A09,Cosme Norte,Santa María,-31.7187390715802,-64.1051070854041,,Cosme Norte/Santa María [14147A09]; Cosme Sur/Santa María [14147A10]
v4_p05,37,Cosquín,Córdoba,Punilla,Punilla,auto_ok,localidades-censales,14091070,Cosquín,Punilla,-31.2437002208022,-64.4653228840216,,
v4_p05,403,Costa Sacate,Córdoba,Río Segundo,Río Segundo,auto_ok,localidades-censales,14119070,Costa Sacate,Río Segundo,-31.6448026162138,-63.7589171636733,,
v4_p05,774,Cotagaita,Córdoba,San Justo,San Justo,flag_bahra,asentamientos,14140A58,Cotagaita,San Justo,-30.9168237747176,-62.0706497230649,,Cotagaita/San Justo [14140A58]
v4_p05,329,Crispi,Santa Fe,San Martín,San Martín,auto_ok,localidades-censales,82126060,Crispi,San Martín,-31.7399207010244,-62.0376911464688,,
v4_p05,66,Cruz Alta,Córdoba,Marcos Juárez,Marcos Juárez,auto_ok,localidades-censales,14063100,Cruz Alta,Marcos Juárez,-33.0084400834487,-61.8057355227077,,
v4_p05,718,Cruz Chica,Córdoba,Punilla,Punilla,flag_sin_match,,,,,,,,
v4_p05,9,Cruz del Eje,Córdoba,Cruz del Eje,Cruz del Eje,auto_ok,localidades-censales,14028050,Cruz del Eje,Cruz del Eje,-30.721828909198,-64.8086158029639,,
v4_p05,462,Cululú,Santa Fe,Las Colonias,Las Colonias,auto_ok,localidades-censales,82070020,Cululú,Las Colonias,-31.2061267865361,-60.9301027442197,,
v4_p05,603,Curapaligüe,Córdoba,Pte. Roque Sáenz Peña,Presidente Roque Sáenz Peña,flag_bahra,asentamientos,14084A11,Curapaligüe,Presidente Roque Sáenz Peña,-34.0754718078671,-63.6138276824587,,Curapaligüe/Presidente Roque Sáenz Peña [14084A11]
v4_p05,468,Curupaity,Santa Fe,San Cristóbal,San Cristóbal,flag_variante,,82091110,Curupaytí,San Cristóbal,-30.395081960835,-61.6505272052319,,Curupaytí/San Cristóbal [82091110]
v4_p05,84,Chabás,Santa Fe,Caseros,Caseros,auto_ok,localidades-censales,82014060,Chabas,Caseros,-33.2457859436247,-61.3589650984713,,
v4_p05,459,Chaján,Córdoba,Río Cuarto,Río Cuarto,auto_ok,localidades-censales,14098070,Chaján,Río Cuarto,-33.5556662285823,-65.0026797636433,,
v4_p05,679,Chalacea,Córdoba,Río Primero,Río Primero,auto_ok,localidades-censales,14105040,Chalacea,Río Primero,-30.7620830145968,-63.5591171478185,,
v4_p05,545,Chancaní,Córdoba,Pocho,Pocho,auto_ok,localidades-censales,14077010,Chancani,Pocho,-31.4159531066187,-65.4512551742015,,
v4_p05,738,Chañaritos,Córdoba,Río Cuarto,Río Cuarto,flag_bahra,asentamientos,14098A09,Chañaritos,Río Cuarto,-33.2907323740811,-64.8158595178739,,Chañaritos/Río Cuarto [14098A09]
v4_p05,83,Chañar Ladeado,Santa Fe,Caseros,Caseros,auto_ok,localidades-censales,82014070,Chañar Ladeado,Caseros,-33.3261714242363,-62.035330985687,,
v4_p05,466,Chapuy,Santa Fe,General López,General López,auto_ok,localidades-censales,82042070,Chapuy,General López,-33.800691475459,-61.7443534282565,,
v4_p05,630,Charbonier,Córdoba,Punilla,Punilla,auto_ok,localidades-censales,14091060,Charbonier,Punilla,-30.7756405594424,-64.543342352217,,
v4_p05,523,Charras,Córdoba,Juárez Celman,Juárez Celman,auto_ok,localidades-censales,14056050,Charras,Juárez Celman,-33.0253497174275,-64.046828743801,,
v4_p05,285,Chateaubriand,Santa Fe,General López,General López,flag_sin_match,,,,,,,,
v4_p05,371,Chazón,Córdoba,General San Martín,General San Martín,auto_ok,localidades-censales,14042040,Chazón,General San Martín,-33.0778111021669,-63.2754493487152,,
v4_p05,455,Chilibroste,Córdoba,Unión,Unión,auto_ok,localidades-censales,14182090,Chilibroste,Unión,-32.3327029758452,-62.5108292318323,,
v4_p05,277,Chovet,Santa Fe,General López,General López,auto_ok,localidades-censales,82042080,Chovet,General López,-33.5989738541057,-61.6041509295792,,
v4_p05,431,Christophersen,Santa Fe,General López,General López,auto_ok,localidades-censales,82042090,Christophersen,General López,-34.1830671533256,-62.0260627034644,,
v4_p05,716,Chuchiras,Córdoba,San Javier,San Javier,flag_sin_match,,,,,,,,
v4_p05,499,Chucul,Córdoba,Río Cuarto,Río Cuarto,auto_ok,localidades-censales,14098080,Chucul,Río Cuarto,-33.0115071109751,-64.1710263667905,,
v4_p05,557,Chuña,Córdoba,Ischilín,Ischilín,auto_ok,localidades-censales,14049030,Chuña,Ischilín,-30.4683473342383,-64.6681382986234,,
v4_p05,614,Chuña Huasi,Córdoba,Sobremonte,Sobremonte,auto_ok,localidades-censales,14154030,Chuña Huasi,Sobremonte,-29.9358377216849,-64.1135961415923,,
v4_p05,762,Churqui Cañada,Córdoba,Tulumba,Tulumba,auto_ok,localidades-censales,14175020,Churqui Cañada,Tulumba,-30.1737620887257,-63.9268779288432,,
v4_p06,365,Dalmacio Vélez Sarsfield,Córdoba,Tercero Arriba,Tercero Arriba,flag_sin_match,,,,,,,,
v4_p06,20,Deán Funes,Córdoba,Ischilín,Ischilín,auto_ok,localidades-censales,14049050,Deán Funes,Ischilín,-30.4240754077424,-64.3494191667211,,
v4_p06,732,De la Serna,Córdoba,General Roca,General Roca,auto_ok,localidades-censales,14035015,De la Serna,General Roca,-34.3760895239255,-64.6921920071683,,
v4_p06,254,Del Campillo,Córdoba,General Roca,General Roca,auto_ok,localidades-censales,14035010,Del Campillo,General Roca,-34.3789054708938,-64.4970662536485,,
v4_p06,202,Despeñaderos,Córdoba,Santa María,Santa María,flag_bahra,localidades,14147080,Despeñaderos,Santa María,-31.8142805534065,-64.2947750028746,,Despeñaderos/Santa María [14147080]
v4_p06,562,Desvío Arijón,Santa Fe,San Jerónimo,San Jerónimo,auto_ok,localidades-censales,82105100,Desvío Arijón,San Jerónimo,-31.8709760506156,-60.8873068093654,,
v4_p06,759,Desvío las Mojarras,Córdoba,General San Martín,General San Martín,flag_sin_match,,,,,,,,
v4_p06,667,Desvío Km. 691,Córdoba,Río Primero,Río Primero,flag_sin_match,,,,,,,,
v4_p06,147,Devoto,Córdoba,San Justo,San Justo,auto_ok,localidades-censales,14140160,Devoto,San Justo,-31.4016561893626,-62.3062220743331,,
v4_p06,319,Díaz,Santa Fe,San Jerónimo,San Jerónimo,auto_ok,localidades-censales,82105110,Díaz,San Jerónimo,-32.3705197660949,-61.0865332424962,,
v4_p06,256,Diego de Alvear,Santa Fe,General López,General López,auto_ok,localidades-censales,82042100,Diego de Alvear,General López,-34.3725681292943,-62.1282140929852,,
v4_p06,664,Diego de Rojas,Córdoba,Río Primero,Río Primero,auto_ok,localidades-censales,14105060,Diego de Rojas,Río Primero,-31.0285358504084,-63.3383445485019,,
v4_p06,218,Dumesnil,Córdoba,Colón,Colón,flag_bahra,localidades,1402115001,Dumesnil,Colón,-31.3365282658298,-64.3371664162772,,Dumesnil/Colón [1402115001]
v4_p06,476,Eguzquiza,Santa Fe,Castellanos,Castellanos,flag_variante,,82021140,Egusquiza,Castellanos,-31.0953904706189,-61.628035917539,,Egusquiza/Castellanos [82021140]
v4_p06,348,El Arañado,Córdoba,San Justo,San Justo,auto_ok,localidades-censales,14140170,El Arañado,San Justo,-31.7430299130727,-62.8895243507656,,
v4_p06,682,El Cano,Córdoba,Calamuchita,Calamuchita,flag_sin_match,,,,,,,,Cruz de Cana/Cruz del Eje [14028040]
v4_p06,626,El Crispín,Córdoba,Río Primero,Río Primero,auto_ok,localidades-censales,14105080,El Crispín,Río Primero,-31.0175285473955,-63.6054050867719,,
v4_p06,705,El Chacho,Córdoba,Minas,Minas,auto_ok,localidades-censales,14070020,El Chacho,Minas,-30.8029663939263,-65.6545605255467,,
v4_p06,312,Elena,Córdoba,Río Cuarto,Río Cuarto,auto_ok,localidades-censales,14098110,Elena,Río Cuarto,-32.570413693022,-64.3939123867406,,
v4_p06,334,El Fortín,Córdoba,San Justo,San Justo,auto_ok,localidades-censales,14140180,El Fortín,San Justo,-31.9667496902201,-62.30025695714,,
v4_p06,558,El Fuertecito,Córdoba,San Justo,San Justo,auto_ok,localidades-censales,14140190,El Fuertecito,San Justo,-31.4034206215854,-62.9737773994761,,
v4_p06,330,Elisa,Santa Fe,Las Colonias,Las Colonias,auto_ok,localidades-censales,82070030,Elisa,Las Colonias,-30.6947730916946,-61.0492887538971,,
v4_p06,651,El Manzano,Córdoba,Colón,Colón,auto_ok,localidades-censales,14021110,El Manzano,Colón,-31.0845579183572,-64.3009245900856,,
v4_p06,76,Elortondo,Santa Fe,General López,General López,auto_ok,localidades-censales,82042110,Elortondo,General López,-33.701909202933,-61.6150262419079,,
v4_p06,720,El Perchel,Córdoba,Tulumba,Tulumba,flag_bahra,asentamientos,14175A08,El Perchel,Tulumba,-30.1494818255487,-64.036025491514,,El Perchel/Tulumba [14175A08]
v4_p06,656,El Quebracho,Córdoba,Calamuchita,Calamuchita,flag_bahra,asentamientos,14007A16,El Quebracho,Calamuchita,-32.2455780645031,-64.3737189810611,,El Quebracho/Calamuchita [14007A16]
v4_p06,726,El Quebracho,Córdoba,Río Primero,Río Primero,flag_bahra,asentamientos,14105A17,El Quebracho,Río Primero,-31.4778855994715,-63.7333528192712,,El Quebracho/Río Primero [14105A17]
v4_p06,493,El Rastreador,Córdoba,Juárez Celman,Juárez Celman,auto_ok,localidades-censales,14056060,El Rastreador,Juárez Celman,-33.6661451688587,-63.5391264014499,,
v4_p06,176,El Sombrerito,Santa Fe,General Obligado,General Obligado,auto_ok,localidades-censales,82049053,El Sombrerito,General Obligado,-28.6557223377259,-59.4261643351962,,
v4_p06,292,El Tío,Córdoba,San Justo,San Justo,flag_bahra,localidades,14140200,El Tío,San Justo,-31.3854205210761,-62.8281977015565,,El Tío/San Justo [14140200]
v4_p06,62,El Trébol,Santa Fe,San Martín,San Martín,auto_ok,localidades-censales,82126070,El Trébol,San Martín,-32.2030242455008,-61.7028944914559,,
v4_p06,183,Embalse,Córdoba,Calamuchita,Calamuchita,auto_ok,localidades-censales,14007060,Embalse,Calamuchita,-32.206755111325,-64.4006066473032,,
v4_p06,439,Emilia,Santa Fe,La Capital,La Capital,auto_ok,localidades-censales,82063070,Emilia,La Capital,-31.0590167561288,-60.7450165800602,,
v4_p06,636,Empalme San Carlos,Santa Fe,Las Colonias,Las Colonias,auto_ok,localidades-censales,82070040,Empalme San Carlos,Las Colonias,-31.5476162119096,-60.8137411271582,,
v4_p06,146,Empalme V. Constitución,Santa Fe,Constitución,Constitución,flag_sin_match,,,,,,,,
v4_p06,655,Encrucijada,Córdoba,Río Seco,Río Seco,flag_variante_bahra,asentamientos,14112A10,Encrucijadas,Río Seco,-30.1819574516327,-63.3892410082383,,Encrucijadas/Río Seco [14112A10]
v4_p06,435,Esmeralda,Santa Fe,Castellanos,Castellanos,auto_ok,localidades-censales,82021150,Esmeralda,Castellanos,-31.616143573352,-61.9335222796041,,
v4_p06,19,Esperanza,Santa Fe,Las Colonias,Las Colonias,auto_ok,localidades-censales,82070050,Esperanza,Las Colonias,-31.4489469013111,-60.9303990475712,,
v4_p06,600,Espinillo,Córdoba,Río Cuarto,Río Cuarto,flag_bahra,asentamientos,14098A30,Espinillo,Río Cuarto,-33.0070917891864,-64.3521579840811,,Espinillo/Río Cuarto [14098A30]
v4_p06,609,Esteban Rams,Santa Fe,9 de Julio,9 de Julio,auto_ok,localidades-censales,82077010,Esteban Rams,9 de Julio,-29.7723982686148,-61.4900566729233,,
v4_p06,703,Esther,Santa Fe,San Justo,San Justo,auto_ok,localidades-censales,82112040,Esther,San Justo,-31.0409484437983,-60.6446831110671,,
v4_p07,164,Etruria,Córdoba,General San Martín,General San Martín,auto_ok,localidades-censales,14042050,Etruria,General San Martín,-32.9393183307409,-63.2448186851919,,
v4_p07,453,Eusebia,Santa Fe,Castellanos,Castellanos,flag_variante,,82021180,Eusebia y Carolina,Castellanos,-30.9477342099685,-61.8561910600568,,Eusebia y Carolina/Castellanos [82021180]
v4_p07,598,Eustolia,Santa Fe,Castellanos,Castellanos,auto_ok,localidades-censales,82021190,Eustolia,Castellanos,-31.5756632722086,-61.7831800482634,,
v4_p07,589,Falda del Carmen,Córdoba,Santa María,Santa María,auto_ok,localidades-censales,14147110,Falda del Carmen,Santa María,-31.5882766979294,-64.4585096946392,,
v4_p07,482,Felicia,Santa Fe,Las Colonias,Las Colonias,auto_ok,localidades-censales,82070060,Felicia,Las Colonias,-31.244537410587,-61.2123161613397,,
v4_p07,211,Fighiera,Santa Fe,Rosario,Rosario,auto_ok,localidades-censales,82084130,Fighiera,Rosario,-33.19376306017,-60.4695430976923,,
v4_p07,38,Firmat,Santa Fe,General López,General López,auto_ok,localidades-censales,82042120,Firmat,General López,-33.4581254854975,-61.4862955077284,,
v4_p07,279,Florencia,Santa Fe,General Obligado,General Obligado,auto_ok,localidades-censales,82049060,Florencia,General Obligado,-28.0406260901894,-59.2180652331481,,
v4_p07,676,Fragueyro,Córdoba,Río Cuarto,Río Cuarto,flag_bahra,asentamientos,14098A33,Fragueyro,Río Cuarto,-33.7149015593732,-64.5285670318335,,Fragueyro/Río Cuarto [14098A33]
v4_p07,268,Frank,Santa Fe,Las Colonias,Las Colonias,flag_variante,,82070070,Franck,Las Colonias,-31.5871988499542,-60.9383145955653,,Franck/Las Colonias [82070070]
v4_p07,697,Fray Cayetano Rodríguez,Córdoba,Pte. Roque Sáenz Peña,Presidente Roque Sáenz Peña,flag_bahra,asentamientos,14084A13,Fray Cayetano Rodríguez,Presidente Roque Sáenz Peña,-34.0137622013592,-63.4320658521409,,Fray Cayetano Rodríguez/Presidente Roque Sáenz Peña [14084A13]
v4_p07,80,Fray Luis Beltrán,Santa Fe,San Lorenzo,San Lorenzo,auto_ok,localidades-censales,82119050,Fray Luis Beltrán,San Lorenzo,-32.7857429989503,-60.7275643561998,,
v4_p07,152,Freyre,Córdoba,San Justo,San Justo,auto_ok,localidades-censales,14140220,Freyre,San Justo,-31.1645812472332,-62.0962010339436,,
v4_p07,192,Froilán Palacios,Santa Fe,Iriondo,Iriondo,flag_sin_match,,,,,,,,
v4_p07,238,Frontera,Santa Fe,Castellanos,Castellanos,auto_ok,localidades-censales,82021200,Frontera,Castellanos,-31.4312285388023,-62.0636619655208,,
v4_p07,316,Fuentes,Santa Fe,San Lorenzo,San Lorenzo,auto_ok,localidades-censales,82119060,Fuentes,San Lorenzo,-33.172340122836,-61.0741658974443,,
v4_p07,91,Funes,Santa Fe,Rosario,Rosario,auto_ok,localidades-censales,82084140,Funes,Rosario,-32.9208613396896,-60.8114419642923,,
v4_p07,232,Gaboto,Santa Fe,San Jerónimo,San Jerónimo,auto_ok,localidades-censales,82105120,Gaboto,San Jerónimo,-32.4325180636017,-60.8178810211596,,
v4_p07,678,Galisteo,Santa Fe,Castellanos,Castellanos,flag_bahra,asentamientos,82021A28,Galisteo,Castellanos,-31.0502390925764,-61.3715874400955,,Galisteo/Castellanos [82021A28]
v4_p07,25,Gálvez,Santa Fe,San Jerónimo,San Jerónimo,auto_ok,localidades-censales,82105130,Gálvez,San Jerónimo,-32.0326455920318,-61.2199610274248,,
v4_p07,572,Garabato,Santa Fe,General Obligado,General Obligado,flag_depto,,82133050,Garabato,Vera,-28.9543265637812,-60.1353434208832,93,Garabato/Vera [82133050]
v4_p07,540,Garibaldi,Santa Fe,Castellanos,Castellanos,auto_ok,localidades-censales,82021210,Garibaldi,Castellanos,-31.6495414193718,-61.8058440102176,,
v4_p07,328,General Baldissera,Córdoba,Marcos Juárez,Marcos Juárez,auto_ok,localidades-censales,14063110,General Baldissera,Marcos Juárez,-33.1220874704691,-62.3028360097469,,
v4_p07,70,General Cabrera,Córdoba,Juárez Celman,Juárez Celman,auto_ok,localidades-censales,14056070,General Cabrera,Juárez Celman,-32.8145291399665,-63.8750368234265,,
v4_p07,148,General Deheza,Córdoba,Juárez Celman,Juárez Celman,auto_ok,localidades-censales,14056080,General Deheza,Juárez Celman,-32.7564726428204,-63.7891342810176,,
v4_p07,691,General Fotheringham,Córdoba,Tercero Arriba,Tercero Arriba,auto_ok,localidades-censales,14161050,General Fotheringham,Tercero Arriba,-32.3224732226717,-63.8684128488535,,
v4_p07,399,General Gelly,Santa Fe,Constitución,Constitución,auto_ok,localidades-censales,82028090,General Gelly,Constitución,-33.6001160301803,-60.5979161312624,,
v4_p07,149,General Levalle,Córdoba,Pte. Roque Sáenz Peña,Presidente Roque Sáenz Peña,auto_ok,localidades-censales,14084010,General Levalle,Presidente Roque Sáenz Peña,-34.007232048118,-63.9233870027375,,
v4_p07,456,General Paz,Córdoba,Colón,Colón,auto_ok,localidades-censales,14021130,General Paz,Colón,-31.1343759548528,-64.1399581211918,,
v4_p07,194,General Roca,Córdoba,Marcos Juárez,Marcos Juárez,auto_ok,localidades-censales,14063120,General Roca,Marcos Juárez,-32.7308047318571,-61.9158563720288,,
v4_p07,710,General Soler,Córdoba,Río Cuarto,Río Cuarto,flag_bahra,asentamientos,14098A34,General Soler,Río Cuarto,-33.9416645755445,-64.2445819324437,,General Soler/Río Cuarto [14098A34]
v4_p07,395,Gessler,Santa Fe,San Jerónimo,San Jerónimo,auto_ok,localidades-censales,82105140,Gessler,San Jerónimo,-31.8743254691474,-61.1269880982316,,
v4_p07,475,Gobernador Candioti,Santa Fe,La Capital,La Capital,flag_sin_match,,,,,,,,
v4_p07,294,Gobernador Crespo,Santa Fe,San Justo,San Justo,auto_ok,localidades-censales,82112050,Gobernador Crespo,San Justo,-30.3629797406453,-60.4003496712569,,
v4_p07,241,Gödeken,Santa Fe,Caseros,Caseros,auto_ok,localidades-censales,82014080,Gödeken,Caseros,-33.4003688274868,-61.8443262668481,,
v4_p07,252,Godoy,Santa Fe,Constitución,Constitución,auto_ok,localidades-censales,82028100,Godoy,Constitución,-33.3671737853926,-60.5093486873923,,
v4_p07,419,Golondrina,Santa Fe,General Obligado,General Obligado,flag_depto,,82133060,Golondrina,Vera,-28.5565401390625,-60.0227099122084,93,Golondrina/Vera [82133060]
v4_p07,64,Granadero Baigorria,Santa Fe,Rosario,Rosario,auto_ok,localidades-censales,82084160,Granadero Baigorria,Rosario,-32.85439509426,-60.7090301232663,,
v4_p07,313,Grutly,Santa Fe,Las Colonias,Las Colonias,auto_ok,localidades-censales,82070080,Grutly,Las Colonias,-31.2687130639513,-61.0720566102588,,
v4_p07,680,Guanaco Muerto,Córdoba,Cruz del Eje,Cruz del Eje,auto_ok,localidades-censales,14028080,Guanaco Muerto,Cruz del Eje,-30.4825702986342,-65.0594328023923,,
v4_p07,694,Guardia Vieja,Córdoba,Pte. Roque Sáenz Peña,Presidente Roque Sáenz Peña,flag_bahra,asentamientos,14084A15,Guardia Vieja,Presidente Roque Sáenz Peña,-34.0965894212164,-63.5123514238678,,Guardia Vieja/Presidente Roque Sáenz Peña [14084A15]
v4_p08,649,Guasapampa,Córdoba,Minas,Minas,auto_ok,localidades-censales,14070040,Guasapampa,Minas,-31.0752757387331,-65.3479800136503,,
v4_p08,163,Guatimozín,Córdoba,Marcos Juárez,Marcos Juárez,auto_ok,localidades-censales,14063130,Guatimozín,Marcos Juárez,-33.4642880866057,-62.4381225856675,,
v4_p08,511,Gutemberg,Córdoba,Río Seco,Río Seco,auto_ok,localidades-censales,14112040,Gutemberg,Río Seco,-29.7211545446922,-63.5149861016767,,
v4_p08,167,Helvecia,Santa Fe,Garay,Garay,auto_ok,localidades-censales,82035020,Helvecia,Garay,-31.101738122525,-60.0889269919306,,
v4_p08,55,Hernando,Córdoba,Tercero Arriba,Tercero Arriba,auto_ok,localidades-censales,14161060,Hernando,Tercero Arriba,-32.4279423643193,-63.7335119396224,,
v4_p08,136,Hersilia,Santa Fe,San Cristóbal,San Cristóbal,auto_ok,localidades-censales,82091120,Hersilia,San Cristóbal,-30.003904049189,-61.8390964157867,,
v4_p08,568,Hipatía,Santa Fe,Las Colonias,Las Colonias,auto_ok,localidades-censales,82070090,Hipatía,Las Colonias,-31.1282518725208,-61.0327676754247,,
v4_p08,175,Holmberg,Córdoba,Río Cuarto,Río Cuarto,flag_variante,,14098260,Santa Catalina Holmberg,Río Cuarto,-33.2052934174971,-64.4379051098185,,Santa Catalina Holmberg/Río Cuarto [14098260]
v4_p08,494,Huanchilla,Córdoba,Juárez Celman,Juárez Celman,auto_ok,localidades-censales,14056090,Huanchilla,Juárez Celman,-33.6683972467261,-63.6363150019838,,
v4_p08,288,Huanqueros,Santa Fe,San Cristóbal,San Cristóbal,auto_ok,localidades-censales,82091130,Huanqueros,San Cristóbal,-30.0120107246413,-61.2185924825775,,
v4_p08,151,Huerta Grande,Córdoba,Punilla,Punilla,auto_ok,localidades-censales,14091100,Huerta Grande,Punilla,-31.0753378970166,-64.4891440604831,,
v4_p08,258,Hughes,Santa Fe,General López,General López,auto_ok,localidades-censales,82042130,Hughes,General López,-33.8011203358037,-61.3360917395556,,
v4_p08,73,Huinca Renancó,Córdoba,General Roca,General Roca,auto_ok,localidades-censales,14035040,Huinca Renancó,General Roca,-34.8413511798627,-64.3747079628252,,
v4_p08,92,Humberto 1º,Santa Fe,Castellanos,Castellanos,flag_sin_match,,,,,,,,
v4_p08,346,Humboldt,Santa Fe,Las Colonias,Las Colonias,auto_ok,localidades-censales,82070100,Humboldt,Las Colonias,-31.4008404061503,-61.0822599174325,,
v4_p08,446,Ibarlucea,Santa Fe,Rosario,Rosario,auto_ok,localidades-censales,82084170,Ibarlucea,Rosario,-32.8518409852904,-60.7855601497255,,
v4_p08,262,Idiazábal,Córdoba,Unión,Unión,auto_ok,localidades-censales,14182130,Idiazabal,Unión,-32.8125164058411,-63.0324079910237,,
v4_p08,525,Iglesias Viejas,Córdoba,Cruz del Eje,Cruz del Eje,flag_variante_bahra,asentamientos,14028A21,Iglesia Vieja,Cruz del Eje,-30.6585851862652,-65.2609235822865,,Iglesia Vieja/Cruz del Eje [14028A21]
v4_p08,467,Ingeniero Chanourdié,Santa Fe,General Obligado,General Obligado,auto_ok,localidades-censales,82049080,Ingeniero Chanourdie,General Obligado,-28.759813885955,-59.5772324985847,,
v4_p08,130,Irivilli,Córdoba,Marcos Juárez,Marcos Juárez,flag_variante,,14063140,Inriville,Marcos Juárez,-32.945560233922,-62.2308174035706,,Inriville/Marcos Juárez [14063140]
v4_p08,601,Intiyaco,Santa Fe,General Obligado,General Obligado,flag_depto,,82133070,Intiyaco,Vera,-28.6748075495426,-60.0708307534981,93,Intiyaco/Vera [82133070]
v4_p08,343,Irigoyen,Santa Fe,San Jerónimo,San Jerónimo,auto_ok,localidades-censales,82105150,Irigoyen,San Jerónimo,-32.1581700986607,-61.1103555261135,,
v4_p08,123,Isla Verde,Córdoba,Marcos Juárez,Marcos Juárez,auto_ok,localidades-censales,14063150,Isla Verde,Marcos Juárez,-33.2398128020727,-62.4016275714471,,
v4_p08,421,Italó,Córdoba,General Roca,General Roca,auto_ok,localidades-censales,14035050,Italó,General Roca,-34.790738652572,-63.7804672833319,,
v4_p08,624,Jacinto L. Arauz,Santa Fe,Las Colonias,Las Colonias,auto_ok,localidades-censales,82070110,Jacinto L. Aráuz,Las Colonias,-30.7342240920329,-60.9759709207866,,
v4_p08,617,Jaime Peter,Córdoba,Ischilín,Ischilín,auto_ok,localidades-censales,14049070,Jaime Peter,Ischilín,-30.4095597904046,-64.5388929252063,,
v4_p08,120,James Craik,Córdoba,Tercero Arriba,Tercero Arriba,auto_ok,localidades-censales,14161070,James Craik,Tercero Arriba,-32.1651893363068,-63.4635513263795,,
v4_p08,775,Jean Maire,Córdoba,San Justo,San Justo,flag_sin_match,,,,,,,,
v4_p08,32,Jesús María,Córdoba,Colón,Colón,auto_ok,localidades-censales,14021140,Jesús María,Colón,-30.979740193514,-64.0957122640273,,
v4_p08,207,Jesús María,Santa Fe,San Lorenzo,San Lorenzo,flag_sin_match,,,,,,,,
v4_p08,34,Jobson,Santa Fe,Vera,Vera,flag_sin_match,,,,,,,,
v4_p08,504,José de la Quintana,Córdoba,Santa María,Santa María,auto_ok,localidades-censales,14147115,José de la Quintana,Santa María,-31.8027219848902,-64.4182273550195,,
v4_p08,426,Josefina,Santa Fe,Castellanos,Castellanos,auto_ok,localidades-censales,82021230,Josefina,Castellanos,-31.4062360101112,-61.9921263566674,,
v4_p08,259,Jovita,Córdoba,General Roca,General Roca,auto_ok,localidades-censales,14035110,Jovita,General Roca,-34.5188303267628,-63.9441473003806,,
v4_p08,358,J. B. Molina,Santa Fe,Constitución,Constitución,flag_sin_match,,,,,,,,
v4_p08,536,Juárez Celman,Córdoba,Colón,Colón,flag_bahra,localidades,1402132001,Juárez Celman,Colón,-31.2580420120475,-64.1662430936329,,Juárez Celman/Colón [1402132001]
v4_p08,186,Juncal,Santa Fe,Constitución,Constitución,auto_ok,localidades-censales,82028120,Juncal,Constitución,-33.7162492017762,-61.050913383692,,
v4_p08,110,Justiniano Posse,Córdoba,Unión,Unión,auto_ok,localidades-censales,14182140,Justiniano Posse,Unión,-32.8834016336238,-62.6796886228357,,
v4_p08,567,Kilómetro 711,Córdoba,Colón,Colón,flag_sin_match,,,,,,,,
v4_p08,112,Laborde,Córdoba,Unión,Unión,auto_ok,localidades-censales,14182150,Laborde,Unión,-33.1547409496857,-62.8574393330588,,
v4_p08,305,Labordeboy,Santa Fe,General López,General López,auto_ok,localidades-censales,82042150,Labordeboy,General López,-33.7176663609287,-61.3140613727482,,
v4_p09,27,Laboulaye,Córdoba,Pte. Roque Sáenz Peña,Presidente Roque Sáenz Peña,auto_ok,localidades-censales,14084030,Laboulaye,Presidente Roque Sáenz Peña,-34.12863375285,-63.390559302931,,
v4_p09,492,La Buena Parada,Córdoba,Río Primero,Río Primero,flag_sin_match,,,,,,,,
v4_p09,162,La Calera,Córdoba,Colón,Colón,auto_ok,localidades-censales,14021150,La Calera,Colón,-31.3456950386884,-64.3384747464446,,
v4_p09,53,La Carlota,Córdoba,Juárez Celman,Juárez Celman,auto_ok,localidades-censales,14056100,La Carlota,Juárez Celman,-33.4179598535271,-63.2935683222591,,
v4_p09,377,La Cautiva,Córdoba,Río Cuarto,Río Cuarto,auto_ok,localidades-censales,14098130,La Cautiva,Río Cuarto,-33.9795546172922,-64.083358125568,,
v4_p09,309,La Cesira,Córdoba,Pte. Roque Sáenz Peña,Presidente Roque Sáenz Peña,auto_ok,localidades-censales,14084020,La Cesira,Presidente Roque Sáenz Peña,-33.953534540425,-62.9774329154936,,
v4_p09,688,La Cortadera,Córdoba,San Justo,San Justo,flag_bahra,asentamientos,14140A67,La Cortadera,San Justo,-31.4911739236645,-62.9133525214471,,La Cortadera/San Justo [14140A67]
v4_p09,306,La Criolla,Santa Fe,San Justo,San Justo,auto_ok,localidades-censales,82112060,La Criolla,San Justo,-30.2247122625906,-60.3646436447691,,
v4_p09,561,La Cruz,Córdoba,Calamuchita,Calamuchita,auto_ok,localidades-censales,14007070,La Cruz,Calamuchita,-32.3031040568541,-64.4830539677526,,
v4_p09,85,La Cumbre,Córdoba,Punilla,Punilla,auto_ok,localidades-censales,14091110,La Cumbre,Punilla,-30.9814253461914,-64.494594236415,,
v4_p09,486,La Chispa,Santa Fe,General López,General López,auto_ok,localidades-censales,82042140,La Chispa,General López,-33.5442754388414,-61.9740702362983,,
v4_p09,156,La Falda,Córdoba,Punilla,Punilla,auto_ok,localidades-censales,14091120,La Falda,Punilla,-31.0944444221526,-64.4829374942456,,
v4_p09,182,La Francia,Córdoba,San Justo,San Justo,auto_ok,localidades-censales,14140230,La Francia,San Justo,-31.4063503360254,-62.633237941557,,
v4_p09,99,La Gallareta,Santa Fe,Vera,Vera,auto_ok,localidades-censales,82133090,La Gallareta,Vera,-29.5861639946623,-60.3783364911026,,
v4_p09,620,La Gilda,Córdoba,Río Cuarto,Río Cuarto,auto_ok,localidades-censales,14098140,La Gilda,Río Cuarto,-33.2083577444905,-64.2593328886344,,
v4_p09,338,La Granja,Córdoba,Colón,Colón,auto_ok,localidades-censales,14021160,La Granja,Colón,-31.0086148717693,-64.2678916945667,,
v4_p09,639,Laguna del Monte,Córdoba,Pte. Roque Sáenz Peña,Presidente Roque Sáenz Peña,flag_bahra,asentamientos,14084A20,Laguna del Monte,Presidente Roque Sáenz Peña,-34.1620932963515,-62.8322922870058,,Laguna del Monte/Presidente Roque Sáenz Peña [14084A20]
v4_p09,121,Laguna Larga,Córdoba,Río Segundo,Río Segundo,auto_ok,localidades-censales,14119090,Laguna Larga,Río Segundo,-31.7756215513701,-63.8003003649788,,
v4_p09,496,La Higuera,Córdoba,Cruz del Eje,Cruz del Eje,auto_ok,localidades-censales,14028110,La Higuera,Cruz del Eje,-31.0132363024222,-65.1028758382742,,
v4_p09,660,La Isla de San Antonio,Córdoba,Tulumba,Tulumba,flag_variante_bahra,asentamientos,14175A13,Isla de San Antonio,Tulumba,-30.0290615889724,-64.4174932633402,,Isla de San Antonio/Tulumba [14175A13]
v4_p09,295,La Laguna,Córdoba,General San Martín,General San Martín,auto_ok,localidades-censales,14042060,La Laguna,General San Martín,-32.8025934833606,-63.247129485379,,
v4_p09,526,La Lucila,Santa Fe,San Cristóbal,San Cristóbal,auto_ok,localidades-censales,82091145,La Lucila,San Cristóbal,-30.4200005636181,-61.0034571052301,,
v4_p09,753,La Nacional,Córdoba,General Roca,General Roca,flag_bahra,asentamientos,14035A15,La Nacional,General Roca,-34.7567620397882,-64.9115853303111,,La Nacional/General Roca [14035A15]
v4_p09,231,Landeta,Santa Fe,San Martín,San Martín,auto_ok,localidades-censales,82126080,Landeta,San Martín,-32.0127218694998,-62.0622681496921,,
v4_p09,320,Lanteri,Santa Fe,General Obligado,General Obligado,auto_ok,localidades-censales,82049110,Lanteri,General Obligado,-28.8399520672438,-59.6354502197422,,
v4_p09,479,La Palestina,Córdoba,General San Martín,General San Martín,auto_ok,localidades-censales,14042070,La Palestina,General San Martín,-32.616477430524,-63.4093638576959,,
v4_p09,599,La Pampa,Córdoba,Totoral,Totoral,auto_ok,localidades-censales,14168040,La Pampa,Totoral,-30.943722329389,-64.2724499721377,,
v4_p09,452,La Paquita,Córdoba,San Justo,San Justo,auto_ok,localidades-censales,14140240,La Paquita,San Justo,-30.9092844412314,-62.216186448464,,
v4_p09,197,La Para,Córdoba,Río Primero,Río Primero,auto_ok,localidades-censales,14105110,La Para,Río Primero,-30.894066681487,-63.0012721830096,,
v4_p09,506,La Paz,Córdoba,San Javier,San Javier,auto_ok,localidades-censales,14133060,La Paz,San Javier,-32.217473776866,-65.0482928314451,,
v4_p09,242,La Pelada,Santa Fe,Las Colonias,Las Colonias,auto_ok,localidades-censales,82070120,La Pelada,Las Colonias,-30.8662367898681,-60.9682866657836,,
v4_p09,698,La Playa,Córdoba,Minas,Minas,auto_ok,localidades-censales,14070050,La Playa,Minas,-31.0097030561934,-65.3617756401844,,
v4_p09,344,La Playosa,Córdoba,General San Martín,General San Martín,auto_ok,localidades-censales,14042080,La Playosa,General San Martín,-32.0994770769631,-63.0317978629104,,
v4_p09,618,La Población,Córdoba,San Javier,San Javier,auto_ok,localidades-censales,14133070,La Población,San Javier,-32.0671761047696,-65.0301879656464,,
v4_p09,665,La Posta,Córdoba,Río Primero,Río Primero,auto_ok,localidades-censales,14105120,La Posta,Río Primero,-30.5661137195469,-63.5169505201746,,
v4_p09,307,La Puerta,Córdoba,Río Primero,Río Primero,auto_ok,localidades-censales,14105130,La Puerta,Río Primero,-30.8930994885147,-63.2550946655052,,
v4_p09,569,La Puerta,Córdoba,Colón,Colón,auto_ok,localidades-censales,14021170,La Puerta,Colón,-31.1436099039227,-64.0409934379216,,
v4_p09,508,Larrechea,Santa Fe,San Jerónimo,San Jerónimo,auto_ok,localidades-censales,82105160,Larrechea,San Jerónimo,-31.9339966679959,-61.0486588090546,,
v4_p09,490,La Rubia,Santa Fe,San Cristóbal,San Cristóbal,auto_ok,localidades-censales,82091150,La Rubia,San Cristóbal,-30.1101996556083,-61.793510220263,,
v4_p09,449,La Vanguardia,Santa Fe,Constitución,Constitución,auto_ok,localidades-censales,82028130,La Vanguardia,Constitución,-33.3572077913553,-60.6570513406409,,
v4_p09,193,Las Acequias,Córdoba,Río Cuarto,Río Cuarto,auto_ok,localidades-censales,14098150,Las Acequias,Río Cuarto,-33.2802404498002,-63.97528684254,,
v4_p10,507,Las Arrias,Córdoba,Tulumba,Tulumba,auto_ok,localidades-censales,14175050,Las Arrias,Tulumba,-30.3775330149534,-63.5959350162506,,
v4_p10,758,Las Averías,Córdoba,Río Primero,Río Primero,flag_bahra,asentamientos,14105A25,Las Averías,Río Primero,-31.0823273528917,-63.0679864517979,,Las Averías/Río Primero [14105A25]
v4_p10,673,Las Avispas,Santa Fe,San Cristóbal,San Cristóbal,auto_ok,localidades-censales,82091160,Las Avispas,San Cristóbal,-29.8940766822536,-61.2883579516124,,
v4_p10,542,Las Bajadas,Córdoba,Calamuchita,Calamuchita,auto_ok,localidades-censales,14007090,Las Bajadas,Calamuchita,-32.0954063583092,-64.3310535546374,,
v4_p10,596,Las Bandurrias,Santa Fe,San Martín,San Martín,auto_ok,localidades-censales,82126090,Las Bandurrias,San Martín,-32.1962778527762,-61.4919768017679,,
v4_p10,677,Las Calles,Córdoba,San Alberto,San Alberto,auto_ok,localidades-censales,14126050,Las Calles,San Alberto,-31.8240084594315,-64.9714473862276,,
v4_p10,515,Las Garzas,Santa Fe,General Obligado,General Obligado,auto_ok,localidades-censales,82049120,Las Garzas,General Obligado,-28.8470732549103,-59.4999059654909,,
v4_p10,153,Las Higueras,Córdoba,Río Cuarto,Río Cuarto,auto_ok,localidades-censales,14098170,Las Higueras,Río Cuarto,-33.0897446600101,-64.2854391853594,,
v4_p10,575,Las Isletillas,Córdoba,Tercero Arriba,Tercero Arriba,auto_ok,localidades-censales,14161080,Las Isletillas,Tercero Arriba,-32.5092057510079,-63.9289673841927,,
v4_p10,363,Las Junturas,Córdoba,Río Segundo,Río Segundo,auto_ok,localidades-censales,14119100,Las Junturas,Río Segundo,-31.8316131995232,-63.4505606333314,,
v4_p10,752,Las Palmas,Córdoba,Pocho,Pocho,auto_ok,localidades-censales,14077020,Las Palmas,Pocho,-31.3745793713389,-65.2998327742752,,
v4_p10,417,Las Palmeras,Santa Fe,San Cristóbal,San Cristóbal,auto_ok,localidades-censales,82091170,Las Palmeras,San Cristóbal,-30.630350706037,-61.6258299582513,,
v4_p10,87,Las Parejas,Santa Fe,Belgrano,Belgrano,auto_ok,localidades-censales,82007030,Las Parejas,Belgrano,-32.6818789158149,-61.5207167552733,,
v4_p10,422,Las Peñas,Córdoba,Totoral,Totoral,auto_ok,localidades-censales,14168060,Las Peñas,Totoral,-30.5639927248834,-64.0003357570127,,
v4_p10,142,Las Perdices,Córdoba,Tercero Arriba,Tercero Arriba,auto_ok,localidades-censales,14161090,Las Perdices,Tercero Arriba,-32.699063202,-63.7046587696858,,
v4_p10,429,Las Petacas,Santa Fe,San Martín,San Martín,auto_ok,localidades-censales,82126100,Las Petacas,San Martín,-31.821156502928,-62.1110628941962,,
v4_p10,544,Las Rabonas,Córdoba,San Alberto,San Alberto,auto_ok,localidades-censales,14126070,Las Rabonas,San Alberto,-31.8630090607559,-64.9775519719814,,
v4_p10,40,Las Rosas,Santa Fe,Belgrano,Belgrano,auto_ok,localidades-censales,82007040,Las Rosas,Belgrano,-32.4750297630178,-61.5766576166055,,
v4_p10,693,Las Saladas,Córdoba,Río Primero,Río Primero,auto_ok,localidades-censales,14105160,Las Saladas,Río Primero,-30.7596647822024,-63.2041899967995,,
v4_p10,500,Las Tapias,Córdoba,San Javier,San Javier,auto_ok,localidades-censales,14133100,Las Tapias,San Javier,-31.9523945531724,-65.09827466239,,
v4_p10,628,Las Tapias,Córdoba,Río Cuarto,Río Cuarto,flag_depto,,14133100,Las Tapias,San Javier,-31.9523945531724,-65.09827466239,152,Las Tapias/San Javier [14133100]
v4_p10,81,Las Toscas,Santa Fe,General Obligado,General Obligado,auto_ok,localidades-censales,82049130,Las Toscas,General Obligado,-28.35485798088,-59.2594497811539,,
v4_p10,477,Las Tunas,Santa Fe,Las Colonias,Las Colonias,auto_ok,localidades-censales,82070130,Las Tunas,Las Colonias,-31.5718772575017,-60.9962356474433,,
v4_p10,255,Las Varas,Córdoba,San Justo,San Justo,auto_ok,localidades-censales,14140260,Las Varas,San Justo,-31.8024718519117,-62.6165729122497,,
v4_p10,44,Las Varillas,Córdoba,San Justo,San Justo,auto_ok,localidades-censales,14140270,Las Varillas,San Justo,-31.8704311083381,-62.719665423659,,
v4_p10,398,Las Vertientes,Córdoba,Río Cuarto,Río Cuarto,auto_ok,localidades-censales,14098190,Las Vertientes,Río Cuarto,-33.2833844084446,-64.577775240938,,
v4_p10,436,Lazzarino,Santa Fe,General López,General López,auto_ok,localidades-censales,82042160,Lazzarino,General López,-34.1654694788541,-62.4280967192287,,
v4_p10,740,Lecueder,Córdoba,General Roca,General Roca,flag_variante,,14035020,Estación Lecueder,General Roca,-34.4964826231529,-64.811533290345,,Estación Lecueder/General Roca [14035020]
v4_p10,564,Leguizamón,Córdoba,Pte. Roque Sáenz Peña,Presidente Roque Sáenz Peña,auto_ok,localidades-censales,14084040,Leguizamón,Presidente Roque Sáenz Peña,-34.2042346991496,-62.9759166285779,,
v4_p10,204,Lehmann,Santa Fe,Castellanos,Castellanos,auto_ok,localidades-censales,82021240,Lehmann,Castellanos,-31.1253312585534,-61.4525158354957,,
v4_p10,46,Leones,Córdoba,Marcos Juárez,Marcos Juárez,auto_ok,localidades-censales,14063160,Leones,Marcos Juárez,-32.6593363525264,-62.2973134975028,,
v4_p10,332,Logroño,Santa Fe,9 de Julio,9 de Julio,auto_ok,localidades-censales,82077040,Logroño,9 de Julio,-29.5037756831402,-61.6961631874278,,
v4_p10,583,Loma Alta,Santa Fe,San Jerónimo,San Jerónimo,auto_ok,localidades-censales,82105170,Loma Alta,San Jerónimo,-31.9601734308264,-61.1766819719862,,
v4_p10,387,López,Santa Fe,San Jerónimo,San Jerónimo,auto_ok,localidades-censales,82105180,López,San Jerónimo,-31.9053568041151,-61.2810664420882,,
v4_p10,764,Los Alamos,Córdoba,Tulumba,Tulumba,flag_bahra,asentamientos,14175A26,Los Álamos,Tulumba,-30.4267527275885,-63.8041545763341,,Los Álamos/Tulumba [14175A26]
v4_p10,711,Los Alfalfares,Córdoba,General Roca,General Roca,flag_bahra,asentamientos,14035A21,Los Alfalfares,General Roca,-34.8113540882905,-64.7182281461969,,Los Alfalfares/General Roca [14035A21]
v4_p10,491,Los Amores,Santa Fe,General Obligado,General Obligado,flag_depto,,82133100,Los Amores,Vera,-28.101974638015,-59.9798967685469,93,Los Amores/Vera [82133100]
v4_p10,282,Los Cardos,Santa Fe,San Martín,San Martín,auto_ok,localidades-censales,82126110,Los Cardos,San Martín,-32.3222505670504,-61.6317806822655,,
v4_p10,470,Los Cerrillos,Córdoba,San Javier,San Javier,auto_ok,localidades-censales,14133110,Los Cerrillos,San Javier,-31.9726693271476,-65.4445236119437,,
v4_p10,448,Los Cisnes,Córdoba,Juárez Celman,Juárez Celman,auto_ok,localidades-censales,14056110,Los Cisnes,Juárez Celman,-33.3997306782275,-63.4720523784914,,
v4_p10,458,Los Cocos,Córdoba,Punilla,Punilla,auto_ok,localidades-censales,14091140,Los Cocos,Punilla,-30.9265063316217,-64.5004510431136,,
v4_p11,670,Los Cometierra,Córdoba,Totoral,Totoral,flag_bahra,asentamientos,14168A19,Los Cometierra,Totoral,-30.8756818606609,-63.9217474948016,,Los Cometierra/Totoral [14168A19]
v4_p11,220,Los Cóndores,Córdoba,Calamuchita,Calamuchita,auto_ok,localidades-censales,14007110,Los Cóndores,Calamuchita,-32.3174789522114,-64.2739819418181,,
v4_p11,659,Los Chañaritos,Córdoba,Río Segundo,Río Segundo,auto_ok,localidades-censales,14119110,Los Chañaritos,Río Segundo,-31.4016383801942,-63.3330468306442,,
v4_p11,473,Los Hornillos,Córdoba,San Javier,San Javier,auto_ok,localidades-censales,14133120,Los Hornillos,San Javier,-31.9033598756412,-64.9896341648392,,
v4_p11,585,Los Hoyos,Córdoba,Río Seco,Río Seco,auto_ok,localidades-censales,14112060,Los Hoyos,Río Seco,-29.8024701293805,-63.6274276369617,,
v4_p11,582,Los Jagüeles,Córdoba,Río Cuarto,Río Cuarto,flag_bahra,asentamientos,14098A54,Los Jagüeles,Río Cuarto,-33.4028728263639,-64.5315396284245,,Los Jagüeles/Río Cuarto [14098A54]
v4_p11,754,Los Mistoles,Córdoba,Totoral,Totoral,auto_ok,localidades-censales,14168070,Los Mistoles,Totoral,-30.6266808995255,-63.8861216500931,,
v4_p11,203,Los Molinos,Santa Fe,Caseros,Caseros,auto_ok,localidades-censales,82014090,Los Molinos,Caseros,-33.1044924239801,-61.3256376297672,,
v4_p11,773,Los Pozos,Córdoba,Ischilín,Ischilín,auto_ok,localidades-censales,14049080,Los Pozos,Ischilín,-30.5198760318869,-64.2533892552041,,
v4_p11,228,Los Quirquinchos,Santa Fe,Caseros,Caseros,auto_ok,localidades-censales,82014110,Los Quirquinchos,Caseros,-33.3748878574802,-61.7105275302694,,
v4_p11,683,Los Reartes,Córdoba,Calamuchita,Calamuchita,auto_ok,localidades-censales,14007130,Los Reartes,Calamuchita,-31.9197334964713,-64.5771190880348,,
v4_p11,198,Los Saladillos,Santa Fe,9 de Julio,9 de Julio,flag_sin_match,,,,,,,,
v4_p11,674,Los Sauces,Córdoba,Cruz del Eje,Cruz del Eje,auto_ok,localidades-censales,14028145,Los Sauces,Cruz del Eje,-30.7361874979153,-64.6825587236428,,
v4_p11,173,Los Surgentes,Córdoba,Marcos Juárez,Marcos Juárez,auto_ok,localidades-censales,14063170,Los Surgentes,Marcos Juárez,-32.9852658356647,-62.0219045725818,,
v4_p11,437,Los Zorros,Córdoba,Tercero Arriba,Tercero Arriba,auto_ok,localidades-censales,14161100,Los Zorros,Tercero Arriba,-32.0450171725794,-63.2020892292424,,
v4_p11,351,Lozada,Córdoba,Santa María,Santa María,auto_ok,localidades-censales,14147200,Lozada,Santa María,-31.6496521149462,-64.0896841910727,,
v4_p11,547,Luca,Córdoba,General San Martín,General San Martín,auto_ok,localidades-censales,14042100,Luca,General San Martín,-32.5405051641053,-63.4768196713273,,
v4_p11,388,Lucio V. López,Santa Fe,Iriondo,Iriondo,auto_ok,localidades-censales,82056090,Lucio V. López,Iriondo,-32.713764561808,-61.0189435341041,,
v4_p11,366,Lucio V. Mansilla,Córdoba,Tulumba,Tulumba,auto_ok,localidades-censales,14175060,Lucio V Mansilla,Tulumba,-29.8044974904194,-64.7113698965767,,
v4_p11,265,Luis Palacios,Santa Fe,San Lorenzo,San Lorenzo,auto_ok,localidades-censales,82119070,Luis Palacios,San Lorenzo,-32.7818418506518,-60.9071389110379,,
v4_p11,178,Luque,Córdoba,Río Segundo,Río Segundo,auto_ok,localidades-censales,14119120,Luque,Río Segundo,-31.6476883514987,-63.345104726274,,
v4_p11,768,Lutti,Córdoba,Calamuchita,Calamuchita,auto_ok,localidades-censales,14007140,Lutti,Calamuchita,-32.3184723047564,-64.747002357261,,
v4_p11,537,Luxardo,Córdoba,San Justo,San Justo,flag_variante,,14140210,Estación Luxardo,San Justo,-31.3056638256908,-62.1330755683701,,Estación Luxardo/San Justo [14140210]; Plaza Luxardo/San Justo [14140310]
v4_p11,464,Luyaba,Córdoba,San Javier,San Javier,auto_ok,localidades-censales,14133150,Luyaba,San Javier,-32.1496952146155,-65.0585105739899,,
v4_p11,215,Llambi Campbell,Santa Fe,La Capital,La Capital,auto_ok,localidades-censales,82063090,Llambi Campbell,La Capital,-31.1842205050922,-60.7477326946659,,
v4_p11,140,Maciel,Santa Fe,San Jerónimo,San Jerónimo,auto_ok,localidades-censales,82105190,Maciel,San Jerónimo,-32.4567428716112,-60.8924512407539,,
v4_p11,687,Macha,Córdoba,Totoral,Totoral,flag_bahra,asentamientos,14168A20,Macha,Totoral,-30.5656738138053,-64.1387744911007,,Macha/Totoral [14168A20]
v4_p11,225,Maggiolo,Santa Fe,General López,General López,auto_ok,localidades-censales,82042170,Maggiolo,General López,-33.7210849726478,-62.2462930367006,,
v4_p11,119,Malagueño,Córdoba,Santa María,Santa María,auto_ok,localidades-censales,14147210,Malagueno,Santa María,-31.4673625620842,-64.359006727659,,
v4_p11,580,Malena,Córdoba,Río Cuarto,Río Cuarto,auto_ok,localidades-censales,14098200,Malena,Río Cuarto,-33.4904245041379,-64.4309439206855,,
v4_p11,739,Manantiales,Córdoba,Juárez Celman,Juárez Celman,flag_bahra,asentamientos,14056A24,Manantiales,Juárez Celman,-33.5357400323202,-63.3168592171081,,Manantiales/Juárez Celman [14056A24]
v4_p11,454,Manfredi,Córdoba,Río Segundo,Río Segundo,auto_ok,localidades-censales,14119130,Manfredi,Río Segundo,-31.8457845433855,-63.7475052922891,,
v4_p11,771,Maquinista Gallini,Córdoba,Río Primero,Río Primero,auto_ok,localidades-censales,14105170,Maquinista Gallini,Río Primero,-30.9087104765115,-63.5313541902586,,
v4_p11,298,Marcelino Escalada,Santa Fe,San Justo,San Justo,auto_ok,localidades-censales,82112080,Marcelino Escalada,San Justo,-30.5809747397759,-60.4683905426506,,
v4_p11,22,Marcos Juárez,Córdoba,Marcos Juárez,Marcos Juárez,auto_ok,localidades-censales,14063180,Marcos Juarez,Marcos Juárez,-32.6905904055446,-62.1012630114595,,
v4_p11,276,Margarita,Santa Fe,Vera,Vera,auto_ok,localidades-censales,82133110,Margarita,Vera,-29.6924916166747,-60.2522187814538,,
v4_p11,513,Margarita,Santa Fe,Castellanos,Castellanos,flag_depto,,82133110,Margarita,Vera,-29.6924916166747,-60.2522187814538,278,Margarita/Vera [82133110]
v4_p11,129,María Juana,Santa Fe,Castellanos,Castellanos,auto_ok,localidades-censales,82021250,María Juana,Castellanos,-31.675600555827,-61.7516738762984,,
v4_p11,548,María Luisa,Santa Fe,Las Colonias,Las Colonias,auto_ok,localidades-censales,82070140,María Luisa,Las Colonias,-31.012644048152,-60.9114327492504,,
v4_p11,250,María Susana,Santa Fe,San Martín,San Martín,auto_ok,localidades-censales,82126120,María Susana,San Martín,-32.2667194537045,-61.9060024143387,,
v4_p11,96,María Teresa,Santa Fe,General López,General López,auto_ok,localidades-censales,82042180,María Teresa,General López,-34.0048262260181,-61.9015883953661,,
v4_p12,447,Mariano Saavedra,Santa Fe,Las Colonias,Las Colonias,flag_sin_match,,,,,,,,
v4_p12,652,Marini,Santa Fe,Castellanos,Castellanos,flag_variante,,82021300,Pueblo Marini,Castellanos,-31.0384282584915,-61.8893125848793,,Pueblo Marini/Castellanos [82021300]
v4_p12,201,Marull,Córdoba,San Justo,San Justo,auto_ok,localidades-censales,14140280,Marull,San Justo,-30.9939092742727,-62.8252824871685,,
v4_p12,445,Mattaldi,Córdoba,General Roca,General Roca,auto_ok,localidades-censales,14035060,Mattaldi,General Roca,-34.4810558616569,-64.170877700177,,
v4_p12,356,Matilde,Santa Fe,Las Colonias,Las Colonias,auto_ok,localidades-censales,82070150,Matilde,Las Colonias,-31.7931925937022,-60.9805406188313,,
v4_p12,385,Matorrales,Córdoba,Río Segundo,Río Segundo,auto_ok,localidades-censales,14119140,Matorrales,Río Segundo,-31.7147203705686,-63.5107128772693,,
v4_p12,115,Máximo Paz,Santa Fe,Constitución,Constitución,auto_ok,localidades-censales,82028140,Máximo Paz,Constitución,-33.4831119463787,-60.9561046760019,,
v4_p12,317,Médanos de las Cañas,Córdoba,Unión,Unión,flag_sin_match,,,,,,,,
v4_p12,725,Media Naranja,Córdoba,Cruz del Eje,Cruz del Eje,auto_ok,localidades-censales,14028150,Media Naranja,Cruz del Eje,-30.6441448850926,-64.9278208719962,,
v4_p12,166,Melincué,Santa Fe,General López,General López,auto_ok,localidades-censales,82042190,Melincué,General López,-33.6610076659265,-61.4567810935598,,
v4_p12,416,Melo,Córdoba,Pte. Roque Sáenz Peña,Presidente Roque Sáenz Peña,auto_ok,localidades-censales,14084050,Melo,Presidente Roque Sáenz Peña,-34.348782689771,-63.4451682557814,,
v4_p12,731,Mendiolaza,Córdoba,Colón,Colón,auto_ok,localidades-censales,14021200,Mendiolaza,Colón,-31.2651975387548,-64.3037577968929,,
v4_p12,469,Miguel Torres,Santa Fe,General López,General López,auto_ok,localidades-censales,82042200,Miguel Torres,General López,-33.5264786721014,-61.4659876024156,,
v4_p12,170,Mina Clavero,Córdoba,San Alberto,San Alberto,auto_ok,localidades-censales,14126090,Mina Clavero,San Alberto,-31.729455099023,-65.0049836401854,,
v4_p12,367,Miramar,Córdoba,San Justo,San Justo,flag_bahra,localidades,14140290,Miramar,San Justo,-30.9151531803715,-62.6750095451306,,Miramar/San Justo [14140290]
v4_p12,734,Modestino Pizarro,Córdoba,General Roca,General Roca,flag_bahra,asentamientos,14035A22,Modestino Pizarro,General Roca,-34.1072096697968,-65.0710218123996,,Modestino Pizarro/General Roca [14035A22]
v4_p12,139,Moisés Ville,Santa Fe,San Cristóbal,San Cristóbal,auto_ok,localidades-censales,82091180,Moisés Ville,San Cristóbal,-30.7125635394235,-61.4701229348942,,
v4_p12,75,Moldes,Córdoba,Río Cuarto,Río Cuarto,flag_variante,,14098100,Coronel Moldes,Río Cuarto,-33.6227642787251,-64.5970464702781,,Coronel Moldes/Río Cuarto [14098100]
v4_p12,657,Molinari,Córdoba,Punilla,Punilla,flag_sin_match,,,,,,,,
v4_p12,586,Molinos,Córdoba,Calamuchita,Calamuchita,flag_variante,,14007120,Los Molinos,Calamuchita,-31.8548099466197,-64.3782771784701,,Los Molinos/Calamuchita [14007120]; Solar de los Molinos/Calamuchita [14007230]
v4_p12,401,Monigotes,Santa Fe,San Cristóbal,San Cristóbal,auto_ok,localidades-censales,82091190,Monigotes,San Cristóbal,-30.4881871087419,-61.6342569767233,,
v4_p12,712,Monsalvo,Córdoba,Calamuchita,Calamuchita,flag_variante_bahra,asentamientos,14007A06,Cañada de Monsalvo,Calamuchita,-32.1156754823806,-64.3707661616178,,Cañada de Monsalvo/Calamuchita [14007A06]
v4_p12,180,Monte Buey,Córdoba,Marcos Juárez,Marcos Juárez,auto_ok,localidades-censales,14063190,Monte Buey,Marcos Juárez,-32.9197270299779,-62.4558293586945,,
v4_p12,621,Monte Cristo,Córdoba,Río Primero,Río Primero,flag_sin_match,,,,,,,,
v4_p12,495,Monte de los Gauchos,Córdoba,Río Cuarto,Río Cuarto,auto_ok,localidades-censales,14098210,Monte de los Gauchos,Río Cuarto,-33.6390785450709,-63.8895707019727,,
v4_p12,765,Monte del Rosario,Córdoba,Río Primero,Río Primero,auto_ok,localidades-censales,14105180,Monte del Rosario,Río Primero,-30.9822445088826,-63.6018741657649,,
v4_p12,359,Montefiore,Santa Fe,9 de Julio,9 de Julio,auto_ok,localidades-censales,82077050,Montefiore,9 de Julio,-29.6689534515311,-61.8671534751467,,
v4_p12,554,Monte Leña,Córdoba,Unión,Unión,auto_ok,localidades-censales,14182160,Monte Leña,Unión,-32.6112503477,-62.5897295654957,,
v4_p12,141,Monte Maíz,Córdoba,Unión,Unión,auto_ok,localidades-censales,14182170,Monte Maíz,Unión,-33.2043195358033,-62.6005726658705,,
v4_p12,372,Monte Ralo,Córdoba,Santa María,Santa María,auto_ok,localidades-censales,14147220,Monte Ralo,Santa María,-31.9107252725962,-64.2398546643225,,
v4_p12,283,Montes de Oca,Santa Fe,Belgrano,Belgrano,auto_ok,localidades-censales,82007050,Montes de Oca,Belgrano,-32.5663823469994,-61.7685814709544,,
v4_p12,185,Monte Vera,Santa Fe,La Capital,La Capital,auto_ok,localidades-censales,82063100,Monte Vera,La Capital,-31.5167911889645,-60.678009922206,,
v4_p12,177,Morrison,Córdoba,Unión,Unión,auto_ok,localidades-censales,14182180,Morrison,Unión,-32.5928377935121,-62.8333963185863,,
v4_p12,45,Morteros,Córdoba,San Justo,San Justo,auto_ok,localidades-censales,14140300,Morteros,San Justo,-30.7107255304684,-62.0070190202816,,
v4_p12,410,Naré,Santa Fe,San Justo,San Justo,auto_ok,localidades-censales,82112090,Naré,San Justo,-30.9490883989208,-60.4678307481855,,
v4_p12,208,Nelson,Santa Fe,La Capital,La Capital,auto_ok,localidades-censales,82063110,Nelson,La Capital,-31.2677035109357,-60.7620583292866,,
v4_p12,531,Nicolás Bruzone,Córdoba,General Roca,General Roca,flag_variante,,14035070,Nicolás Bruzzone,General Roca,-34.440291109368,-64.3416748802523,,Nicolás Bruzzone/General Roca [14035070]
v4_p12,743,Ninalquín,Córdoba,Minas,Minas,flag_bahra,asentamientos,14070A18,Ninalquín,Minas,-31.1792170664507,-65.1788945756881,,Ninalquín/Minas [14070A18]
v4_p12,133,Noetinger,Córdoba,Unión,Unión,auto_ok,localidades-censales,14182190,Noetinger,Unión,-32.3659351012435,-62.3072423809944,,
v4_p12,607,Nono,Córdoba,San Alberto,San Alberto,auto_ok,localidades-censales,14126110,Nono,San Alberto,-31.7972192673852,-65.0025264844715,,
v4_p12,662,Nueva Andalucía,Córdoba,Río Primero,Río Primero,flag_bahra,asentamientos,14105A33,Nueva Andalucía,Río Primero,-31.2012858540818,-63.7458922197403,,Nueva Andalucía/Río Primero [14105A33]
v4_p13,438,Nuevo Torino,Santa Fe,Las Colonias,Las Colonias,auto_ok,localidades-censales,82070160,Nuevo Torino,Las Colonias,-31.3450832996654,-61.2352470270395,,
v4_p13,647,Ñanducita,Santa Fe,San Cristóbal,San Cristóbal,auto_ok,localidades-censales,82091200,Ñanducita,San Cristóbal,-30.369705239643,-61.1334316753072,,
v4_p13,326,Obispo Trejo,Córdoba,Río Primero,Río Primero,auto_ok,localidades-censales,14105200,Obispo Trejo,Río Primero,-30.7811217710953,-63.4100690953607,,
v4_p13,461,Olaeta,Córdoba,Juárez Celman,Juárez Celman,auto_ok,localidades-censales,14056120,Olaeta,Juárez Celman,-33.0447551778917,-63.9060422757041,,
v4_p13,29,Oliva,Córdoba,Tercero Arriba,Tercero Arriba,auto_ok,localidades-censales,14161110,Oliva,Tercero Arriba,-32.038223321659,-63.5705574782013,,
v4_p13,235,Oliveros,Santa Fe,Iriondo,Iriondo,auto_ok,localidades-censales,82056100,Oliveros,Iriondo,-32.5739283673769,-60.8547490368236,,
v4_p13,727,Olmos,Córdoba,Juárez Celman,Juárez Celman,flag_bahra,asentamientos,14056A25,Olmos,Juárez Celman,-33.5023124727792,-63.1662671774601,,Olmos/Juárez Celman [14056A25]
v4_p13,518,Onagoity,Córdoba,General Roca,General Roca,auto_ok,localidades-censales,14035080,Onagoity,General Roca,-34.7728827779135,-63.6720083619587,,
v4_p13,52,Oncativo,Córdoba,Río Segundo,Río Segundo,auto_ok,localidades-censales,14119150,Oncativo,Río Segundo,-31.9133849559802,-63.6820703664294,,
v4_p13,246,Ordóñez,Córdoba,Unión,Unión,auto_ok,localidades-censales,14182200,Ordoñez,Unión,-32.8410599941305,-62.865895985004,,
v4_p13,685,Pacheco de Melo,Córdoba,Juárez Celman,Juárez Celman,auto_ok,localidades-censales,14056130,Pacheco de Melo,Juárez Celman,-33.7593474766742,-63.4905849891491,,
v4_p13,374,Palacios,Santa Fe,San Cristóbal,San Cristóbal,auto_ok,localidades-censales,82091210,Palacios,San Cristóbal,-30.7089049647384,-61.6241997634385,,
v4_p13,236,Pampayasta Norte,Córdoba,Tercero Arriba,Tercero Arriba,auto_ok,localidades-censales,14161120,Pampayasta Norte,Tercero Arriba,-32.2413380826004,-63.6435949530346,,
v4_p13,274,Pampayasta Sud,Córdoba,Tercero Arriba,Tercero Arriba,auto_ok,localidades-censales,14161130,Pampayasta Sud,Tercero Arriba,-32.2488780847469,-63.6517245803275,,
v4_p13,707,Panaholma,Córdoba,San Alberto,San Alberto,auto_ok,localidades-censales,14126120,Panaholma,San Alberto,-31.6329191470035,-65.0549678150202,,
v4_p13,227,Pascanas,Córdoba,Unión,Unión,auto_ok,localidades-censales,14182210,Pascanas,Unión,-33.124630938287,-63.0401593084974,,
v4_p13,327,Pasco,Córdoba,General San Martín,General San Martín,auto_ok,localidades-censales,14042110,Pasco,General San Martín,-32.7462611796919,-63.3417132609909,,
v4_p13,563,Paso Viejo,Córdoba,Cruz del Eje,Cruz del Eje,auto_ok,localidades-censales,14028160,Paso Viejo,Cruz del Eje,-30.7674573802511,-65.1905942984326,,
v4_p13,668,Paunero,Córdoba,Río Cuarto,Río Cuarto,flag_bahra,asentamientos,14098A58,Paunero,Río Cuarto,-33.8754530361064,-65.0267533411714,,Paunero/Río Cuarto [14098A58]
v4_p13,443,Pavón,Santa Fe,Constitución,Constitución,auto_ok,localidades-censales,82028150,Pavón,Constitución,-33.2427163593754,-60.4058947613779,,
v4_p13,205,Pavón Arriba,Santa Fe,Constitución,Constitución,auto_ok,localidades-censales,82028160,Pavón Arriba,Constitución,-33.3116475274158,-60.8243484704229,,
v4_p13,751,Pedro E. Funes,Córdoba,Juárez Celman,Juárez Celman,flag_bahra,asentamientos,14056A29,Pedro E. Funes,Juárez Celman,-33.2597255617979,-63.2926479237297,,Pedro E. Funes/Juárez Celman [14056A29]
v4_p13,389,Pedro Gómez Cello,Santa Fe,San Justo,San Justo,auto_ok,localidades-censales,82112100,Pedro Gómez Cello,San Justo,-30.0374649478482,-60.314481961959,,
v4_p13,49,Pérez,Santa Fe,Rosario,Rosario,auto_ok,localidades-censales,82084210,Pérez,Rosario,-32.9977343349921,-60.7706026708389,,
v4_p13,212,Peyrano,Santa Fe,Constitución,Constitución,auto_ok,localidades-censales,82028170,Peyrano,Constitución,-33.5411378598405,-60.804329558703,,
v4_p13,122,Piamonte,Santa Fe,San Martín,San Martín,auto_ok,localidades-censales,82126130,Piamonte,San Martín,-32.1440063128172,-61.9805122675827,,
v4_p13,671,Pichanas,Córdoba,Cruz del Eje,Cruz del Eje,flag_bahra,asentamientos,14028A47,Pichanas,Cruz del Eje,-30.7986497720709,-65.173352277546,,Pichanas/Cruz del Eje [14028A47]
v4_p13,746,Piedrita Blanca,Córdoba,Minas,Minas,flag_bahra,asentamientos,14070A24,Piedrita Blanca,Minas,-30.8066779058212,-65.430452079465,,Piedrita Blanca/Minas [14070A24]
v4_p13,109,Pilar,Santa Fe,Las Colonias,Las Colonias,auto_ok,localidades-censales,82070170,Pilar,Las Colonias,-31.4403995202353,-61.2595670772099,,
v4_p13,131,Pilar,Córdoba,Río Segundo,Río Segundo,auto_ok,localidades-censales,14119160,Pilar,Río Segundo,-31.6813600543864,-63.882323330189,,
v4_p13,472,Pinoén,Córdoba,General Roca,General Roca,flag_variante,,14035090,Pincén,General Roca,-34.8380711501743,-63.9166234867021,,Pincén/General Roca [14035090]
v4_p13,465,Piñero,Santa Fe,Rosario,Rosario,auto_ok,localidades-censales,82084220,Piñero,Rosario,-33.1090904977188,-60.7961930631857,,
v4_p13,551,Piquillín,Córdoba,Río Primero,Río Primero,auto_ok,localidades-censales,14105210,Piquillín,Río Primero,-31.302307367578,-63.757014541791,,
v4_p13,675,Pocho,Córdoba,Pocho,Pocho,flag_variante,,14077080,Villa de Pocho,Pocho,-31.4901325497095,-65.2809317414492,,Villa de Pocho/Pocho [14077080]
v4_p13,171,Porteña,Córdoba,San Justo,San Justo,auto_ok,localidades-censales,14140330,Portena,San Justo,-31.014111960682,-62.0620605192051,,
v4_p13,30,Posta de San Martín,Santa Fe,Rosario,Rosario,flag_sin_match,,,,,,,,
v4_p13,433,Potrero de Garay,Córdoba,Santa María,Santa María,auto_ok,localidades-censales,14147230,Potrero de Garay,Santa María,-31.7912992354359,-64.5467476034952,,
v4_p13,434,Pozo Borrado,Santa Fe,Nueve de Julio,9 de Julio,auto_ok,localidades-censales,82077060,Pozo Borrado,9 de Julio,-28.9381189084126,-61.7049370611389,,
v4_p13,646,Pozo de la Loma,Córdoba,Río Primero,Río Primero,flag_bahra,asentamientos,14105A36,Pozo de la Loma,Río Primero,-31.2859954997081,-63.3017145309621,,Pozo de la Loma/Río Primero [14105A36]
v4_p13,761,Pozo del Chañar,Córdoba,San Javier,San Javier,flag_bahra,asentamientos,14133A18,Pozo del Chañar,San Javier,-32.0568977029227,-65.278258224427,,Pozo del Chañar/San Javier [14133A18]
v4_p13,172,Pozo del Molle,Córdoba,Río Segundo,Río Segundo,auto_ok,localidades-censales,14119170,Pozo del Molle,Río Segundo,-32.0212854380798,-62.9192151369169,,
v4_p14,345,Presidente Roca,Santa Fe,Castellanos,Castellanos,auto_ok,localidades-censales,82021290,Presidente Roca,Castellanos,-31.2122628281263,-61.6136418014331,,
v4_p14,663,Pretot Freyre,Córdoba,Río Cuarto,Río Cuarto,flag_bahra,asentamientos,14098A64,Pretot Freyre,Río Cuarto,-33.8858340298092,-64.5298700539964,,Pretot Freyre/Río Cuarto [14098A64]
v4_p14,245,Progreso,Santa Fe,Las Colonias,Las Colonias,auto_ok,localidades-censales,82070190,Progreso,Las Colonias,-31.1378697707383,-60.989683572175,,
v4_p14,361,Providencia,Santa Fe,Las Colonias,Las Colonias,auto_ok,localidades-censales,82070200,Providencia,Las Colonias,-30.9828465082708,-61.0211535162036,,
v4_p14,382,Pueblo Britos,Santa Fe,Rosario,Rosario,flag_sin_match,,,,,,,,
v4_p14,534,Pueblo Esther,Santa Fe,Rosario,Rosario,auto_ok,localidades-censales,82084230,Pueblo Esther,Rosario,-33.0739758010958,-60.5815061608172,,
v4_p14,397,Pueblo Italiano,Córdoba,Unión,Unión,auto_ok,localidades-censales,14182220,Pueblo Italiano,Unión,-33.8823073688221,-62.8404589226647,,
v4_p14,460,Pueblo Muñoz,Santa Fe,Rosario,Rosario,auto_ok,localidades-censales,82084240,Pueblo Muñóz,Rosario,-33.1719988846475,-60.8981738288156,,
v4_p14,56,Pueblo Nuevo,Santa Fe,Rosario,Rosario,flag_sin_match,,,,,,,,
v4_p14,104,Puerto San Martín,Santa Fe,San Lorenzo,San Lorenzo,flag_variante,,82119080,Puerto General San Martín,San Lorenzo,-32.715960159067,-60.7314662340334,,Puerto General San Martín/San Lorenzo [82119080]
v4_p14,672,Puesto de Castro,Córdoba,Río Seco,Río Seco,auto_ok,localidades-censales,14112070,Puesto de Castro,Río Seco,-30.2704784100024,-63.4263614699488,,
v4_p14,187,Pujato,Santa Fe,San Lorenzo,San Lorenzo,auto_ok,localidades-censales,82119090,Pujato,San Lorenzo,-33.0176459499888,-61.043104789266,,
v4_p14,631,Punta de Agua,Córdoba,Río Cuarto,Río Cuarto,flag_depto,,14105235,Punta de Agua,Río Primero,-31.0509220295121,-63.7010702908377,274,Punta de Agua/Río Primero [14105235]
v4_p14,412,Punta del Agua,Córdoba,Tercero Arriba,Tercero Arriba,auto_ok,localidades-censales,14161140,Punta del Agua,Tercero Arriba,-32.5758007655905,-63.8101614402788,,
v4_p14,622,Punta del Agua,Córdoba,Río Primero,Río Primero,flag_depto,,14161140,Punta del Agua,Tercero Arriba,-32.5758007655905,-63.8101614402788,143,Punta del Agua/Tercero Arriba [14161140]
v4_p14,641,Quebrada de los Pozos,Córdoba,San Javier,San Javier,flag_bahra,asentamientos,14133160,Quebrada de los Pozos,San Javier,-31.9121534666504,-65.0342796996513,,Quebrada de los Pozos/San Javier [14133160]
v4_p14,527,Quebracho Herrado,Córdoba,San Justo,San Justo,auto_ok,localidades-censales,14140340,Quebracho Herrado,San Justo,-31.5490916636709,-62.2250238565623,,
v4_p14,157,Quilino,Córdoba,Ischilín,Ischilín,auto_ok,localidades-censales,14049100,Quilino,Ischilín,-30.2142251793973,-64.4993823841044,,
v4_p14,7,Rafaela,Santa Fe,Castellanos,Castellanos,auto_ok,localidades-censales,82021310,Rafaela,Castellanos,-31.2527050805919,-61.4918073602524,,
v4_p14,605,Rafael García,Córdoba,Santa María,Santa María,auto_ok,localidades-censales,14147240,Rafael García,Santa María,-31.6441725490244,-64.2599638549318,,
v4_p14,497,Ramayón,Santa Fe,San Justo,San Justo,auto_ok,localidades-censales,82112110,Ramayón,San Justo,-30.6736337235758,-60.5009936270582,,
v4_p14,379,Ramona,Santa Fe,Castellanos,Castellanos,auto_ok,localidades-censales,82021320,Ramona,Castellanos,-31.0918477217273,-61.9026748213931,,
v4_p14,591,Ramón J. Cárcano,Córdoba,Unión,Unión,auto_ok,localidades-censales,14182230,Ramon J Cárcano,Unión,-32.4928761160495,-63.1020527554261,,
v4_p14,704,Rangel,Córdoba,Río Primero,Río Primero,flag_bahra,asentamientos,14105A41,Rangel,Río Primero,-31.1206814641195,-63.7794844383015,,Rangel/Río Primero [14105A41]
v4_p14,635,Ranqueles,Córdoba,General Roca,General Roca,auto_ok,localidades-censales,14035100,Ranqueles,General Roca,-34.8425409790779,-64.0982791315553,,
v4_p14,661,Rayo Cortado,Córdoba,Río Seco,Río Seco,auto_ok,localidades-censales,14112080,Rayo Cortado,Río Seco,-30.0763537951286,-63.8251030964415,,
v4_p14,13,Reconquista,Santa Fe,General Obligado,General Obligado,auto_ok,localidades-censales,82049180,Reconquista,General Obligado,-29.1444464692368,-59.6436833271124,,
v4_p14,380,Recreo,Santa Fe,La Capital,La Capital,auto_ok,localidades-censales,82063140,Recreo,La Capital,-31.4908702191619,-60.7355353845138,,
v4_p14,23,Reinaldo Cullen,Santa Fe,La Capital,La Capital,flag_sin_match,,,,,,,,
v4_p14,509,Ricardone,Santa Fe,San Lorenzo,San Lorenzo,auto_ok,localidades-censales,82119100,Ricardone,San Lorenzo,-32.7708980742471,-60.7838862382465,,
v4_p14,535,Rincón,Córdoba,Río Segundo,Río Segundo,auto_ok,localidades-censales,14119180,Rincón,Río Segundo,-31.5958009662432,-63.6168695436941,,
v4_p14,640,Río Bamba,Córdoba,Pte. Roque Sáenz Peña,Presidente Roque Sáenz Peña,auto_ok,localidades-censales,14084060,Río Bamba,Presidente Roque Sáenz Peña,-34.052149930521,-63.7322350605252,,
v4_p14,65,Río Ceballos,Córdoba,Colón,Colón,auto_ok,localidades-censales,14021230,Río Ceballos,Colón,-31.1689118609385,-64.317413140728,,
v4_p14,4,Río Cuarto,Córdoba,Río Cuarto,Río Cuarto,auto_ok,localidades-censales,14098230,Río Cuarto,Río Cuarto,-33.1236635962718,-64.3490400754288,,
v4_p14,409,Río de los Sauces,Córdoba,Calamuchita,Calamuchita,auto_ok,localidades-censales,14007170,Río De Los Sauces,Calamuchita,-32.5275153087047,-64.5864749952847,,
v4_p14,209,Río Primero,Córdoba,Río Primero,Río Primero,auto_ok,localidades-censales,14105240,Río Primero,Río Primero,-31.333833595294,-63.6185526166438,,
v4_p14,43,Río Segundo,Córdoba,Río Segundo,Río Segundo,flag_bahra,localidades,14119190,Río Segundo,Río Segundo,-31.6501527589151,-63.9118628433508,,Río Segundo/Río Segundo [14119190]
v4_p14,15,Río Tercero,Córdoba,Tercero Arriba,Tercero Arriba,flag_bahra,localidades,14161150,Río Tercero,Tercero Arriba,-32.1767393738221,-64.1129628407675,,Río Tercero/Tercero Arriba [14161150]
v4_p14,71,Roldán,Santa Fe,San Lorenzo,San Lorenzo,auto_ok,localidades-censales,82119110,Roldán,San Lorenzo,-32.9001312283559,-60.9100001871504,,
v4_p14,126,Romang,Santa Fe,San Javier,San Javier,auto_ok,localidades-censales,82098050,Romang,San Javier,-29.4995637442986,-59.7479205107166,,
v4_p14,375,Rosales,Córdoba,Pte. Roque Sáenz Peña,Presidente Roque Sáenz Peña,auto_ok,localidades-censales,14084070,Rosales,Presidente Roque Sáenz Peña,-34.1717037460471,-63.154034414453,,
v4_p15,1,Rosario,Santa Fe,Rosario,Rosario,auto_ok,localidades-censales,82084270,Rosario,Rosario,-32.9470419146466,-60.6332161913325,,
v4_p15,373,Rueda,Santa Fe,Constitución,Constitución,auto_ok,localidades-censales,82028180,Rueda,Constitución,-33.3358764760538,-60.4588432067098,,
v4_p15,21,Rufino,Santa Fe,General López,General López,auto_ok,localidades-censales,82042220,Rufino,General López,-34.2618864115048,-62.7111183375243,,
v4_p15,728,Ruiz Díaz de Guzmán,Córdoba,Pte. Roque Sáenz Peña,Presidente Roque Sáenz Peña,flag_bahra,asentamientos,14084A23,Ruiz Díaz de Guzmán,Presidente Roque Sáenz Peña,-33.8685416822463,-63.4639665937784,,Ruiz Díaz de Guzmán/Presidente Roque Sáenz Peña [14084A23]
v4_p15,741,Rumiyaco,Córdoba,Minas,Minas,flag_sin_match,,,,,,,,
v4_p15,193,Sacanta,Córdoba,San Justo,San Justo,auto_ok,localidades-censales,14140350,Sacanta,San Justo,-31.663427623851,-63.0479447920061,,
v4_p15,487,Saguier,Santa Fe,Castellanos,Castellanos,flag_variante,,82021170,Estación Saguier,Castellanos,-31.3174603823906,-61.6940034650798,,Estación Saguier/Castellanos [82021170]; Plaza Saguier/Castellanos [82021280]; Santa Clara de Saguier/Castellanos [82021350]
v4_p15,333,Saira,Córdoba,Marcos Juárez,Marcos Juárez,auto_ok,localidades-censales,14063210,Saira,Marcos Juárez,-32.406738061907,-62.1000325314321,,
v4_p15,560,Saladillo,Córdoba,Marcos Juárez,Marcos Juárez,auto_ok,localidades-censales,14063220,Saladillo,Marcos Juárez,-32.9354225863041,-62.3423891015949,,
v4_p15,325,Saldán,Córdoba,Colón,Colón,auto_ok,localidades-censales,14021240,Saldán,Colón,-31.3156027416659,-64.3128310822092,,
v4_p15,608,Salguero,Córdoba,Pte. Roque Sáenz Peña,Presidente Roque Sáenz Peña,flag_bahra,asentamientos,14084A24,Salguero,Presidente Roque Sáenz Peña,-34.2347302168964,-63.424437267982,,Salguero/Presidente Roque Sáenz Peña [14084A24]
v4_p15,520,Salsacate,Córdoba,Pocho,Pocho,auto_ok,localidades-censales,14077040,Salsacate,Pocho,-31.3178370950066,-65.0895321720222,,
v4_p15,286,Salsipuedes,Córdoba,Colón,Colón,auto_ok,localidades-censales,14021250,Salsipuedes,Colón,-31.1362496548702,-64.2965223377561,,
v4_p15,89,Sampacho,Córdoba,Río Cuarto,Río Cuarto,auto_ok,localidades-censales,14098240,Sampacho,Río Cuarto,-33.3840208281148,-64.7228385204069,,
v4_p15,571,Sanabria,Córdoba,General San Martín,General San Martín,auto_ok,localidades-censales,14042120,Sanabria,General San Martín,-32.5293779581083,-63.2459332941875,,
v4_p15,210,San Agustín,Córdoba,Calamuchita,Calamuchita,auto_ok,localidades-censales,14007180,San Agustin,Calamuchita,-31.9776519180872,-64.3755740029704,,
v4_p15,269,San Agustín,Santa Fe,Las Colonias,Las Colonias,auto_ok,localidades-censales,82070220,San Agustín,Las Colonias,-31.6827553838236,-60.9405556027685,,
v4_p15,648,San Ambrosio,Córdoba,Río Cuarto,Río Cuarto,flag_bahra,asentamientos,14098A70,San Ambrosio,Río Cuarto,-33.2329217620399,-64.16716831378,,San Ambrosio/Río Cuarto [14098A70]
v4_p15,654,San Antonio,Córdoba,San Justo,San Justo,flag_variante_bahra,asentamientos,14140A16,Capilla San Antonio,San Justo,-31.5102493961485,-62.8208040453515,,Capilla San Antonio/San Justo [14140A16]
v4_p15,724,San Antonio de Arredondo,Córdoba,Punilla,Punilla,auto_ok,localidades-censales,14091180,San Antonio de Arredondo,Punilla,-31.4833710044313,-64.5272399945006,,
v4_p15,352,San Antonio de Litín,Córdoba,Unión,Unión,auto_ok,localidades-censales,14182240,San Antonio de Litin,Unión,-32.2135224222721,-62.6313040296432,,
v4_p15,311,San Antonio de Obligado,Santa Fe,General Obligado,General Obligado,auto_ok,localidades-censales,82049190,San Antonio de Obligado,General Obligado,-28.3842453451605,-59.2645320239799,,
v4_p15,321,San Bartolomé,Córdoba,San Justo,San Justo,flag_depto,,14098245,San Bartolome,Río Cuarto,-32.7577983840562,-64.7368586459292,297,San Bartolome/Río Cuarto [14098245]
v4_p15,717,San Bartolomé,Córdoba,Río Cuarto,Río Cuarto,auto_ok,localidades-censales,14098245,San Bartolome,Río Cuarto,-32.7577983840562,-64.7368586459292,,
v4_p15,214,San Basilio,Córdoba,Río Cuarto,Río Cuarto,auto_ok,localidades-censales,14098250,San Basilio,Río Cuarto,-33.4984844969376,-64.3146765882515,,
v4_p15,770,San Bernardo,Santa Fe,San Justo,San Justo,auto_ok,localidades-censales,82112120,San Bernardo,San Justo,-30.888476970991,-60.5743441013066,,
v4_p15,521,San Carlos,Córdoba,Minas,Minas,flag_variante,,14070060,San Carlos Minas,Minas,-31.1765567100353,-65.1018503962888,,San Carlos Minas/Minas [14070060]
v4_p15,76,San Carlos Centro,Santa Fe,Las Colonias,Las Colonias,auto_ok,localidades-censales,82070230,San Carlos Centro,Las Colonias,-31.7267111281431,-61.0907728589464,,
v4_p15,440,San Carlos Norte,Santa Fe,Las Colonias,Las Colonias,auto_ok,localidades-censales,82070240,San Carlos Norte,Las Colonias,-31.6735500295083,-61.0747821797774,,
v4_p15,253,San Carlos Sud,Santa Fe,Las Colonias,Las Colonias,auto_ok,localidades-censales,82070250,San Carlos Sud,Las Colonias,-31.7608131015688,-61.1006242092723,,
v4_p15,555,San Clemente,Córdoba,Santa María,Santa María,auto_ok,localidades-censales,14147250,San Clemente,Santa María,-31.7137677148074,-64.6238232738783,,
v4_p15,24,San Cristóbal,Santa Fe,San Cristóbal,San Cristóbal,auto_ok,localidades-censales,82091220,San Cristóbal,San Cristóbal,-30.3118420844894,-61.2373544200353,,
v4_p15,95,Sancti Spíritu,Santa Fe,General López,General López,auto_ok,localidades-censales,82042260,Sancti Spiritu,General López,-34.0076510624262,-62.2414537497677,,
v4_p15,314,San Eduardo,Santa Fe,General López,General López,auto_ok,localidades-censales,82042230,San Eduardo,General López,-33.8712708405966,-62.0888877829882,,
v4_p15,512,San Esteban,Córdoba,Punilla,Punilla,auto_ok,localidades-censales,14091190,San Esteban,Punilla,-30.9211566654801,-64.536203080749,,
v4_p15,690,San Eugenio,Santa Fe,San Jerónimo,San Jerónimo,auto_ok,localidades-censales,82105220,San Eugenio,San Jerónimo,-32.07515032056,-61.1172087036491,,
v4_p15,427,San Fabián,Santa Fe,San Jerónimo,San Jerónimo,auto_ok,localidades-censales,82105230,San Fabián,San Jerónimo,-32.137936217866,-60.9831257621215,,
v4_p15,213,Sanford,Santa Fe,Caseros,Caseros,auto_ok,localidades-censales,82014130,Sanford,Caseros,-33.1460257585868,-61.2772239208638,,
v4_p15,6,San Francisco,Córdoba,San Justo,San Justo,auto_ok,localidades-censales,14140360,San Francisco,San Justo,-31.4302043708863,-62.0855810999626,,
v4_p15,310,San Francisco del Chañar,Córdoba,Sobremonte,Sobremonte,auto_ok,localidades-censales,14154050,San Francisco del Chanar,Sobremonte,-29.7863900272122,-63.9416721253784,,
v4_p15,302,San Francisco de Sta. Fe,Santa Fe,General López,General López,flag_sin_match,,,,,,,,
v4_p16,263,San Genaro,Santa Fe,San Jerónimo,San Jerónimo,auto_ok,localidades-censales,82105240,San Genaro,San Jerónimo,-32.3716486021142,-61.3601625657452,,
v4_p16,280,San Genaro Norte,Santa Fe,San Jerónimo,San Jerónimo,auto_ok,localidades-censales,82105250,San Genaro Norte,San Jerónimo,-32.3648004445412,-61.3372330260362,,
v4_p16,106,San Gregorio,Santa Fe,General López,General López,auto_ok,localidades-censales,82042250,San Gregorio,General López,-34.3253604026856,-62.0358980012767,,
v4_p16,206,San Guillermo,Santa Fe,San Cristóbal,San Cristóbal,auto_ok,localidades-censales,82091230,San Guillermo,San Cristóbal,-30.3584377434617,-61.917285860033,,
v4_p16,713,San Ignacio,Córdoba,Calamuchita,Calamuchita,flag_variante,,14007190,San Ignacio (Loteo San Javier),Calamuchita,-32.1659385521272,-64.5178598031659,,San Ignacio (Loteo San Javier)/Calamuchita [14007190]; San Ignacio (loteo Velez Crespo)/Calamuchita [14007191]
v4_p16,107,San Javier,Santa Fe,San Javier,San Javier,auto_ok,localidades-censales,82098060,San Javier,San Javier,-30.5816226517618,-59.9282740093945,,
v4_p16,478,San Javier,Córdoba,San Javier,San Javier,flag_variante,,14133170,San Javier y Yacanto,San Javier,-32.0264693052096,-65.0302562791264,,San Javier y Yacanto/San Javier [14133170]
v4_p16,362,San Jerónimo del Sauce,Santa Fe,Las Colonias,Las Colonias,auto_ok,localidades-censales,82070260,San Jerónimo del Sauce,Las Colonias,-31.6089870186595,-61.1413545636722,,
v4_p16,102,San Jerónimo Norte,Santa Fe,Las Colonias,Las Colonias,auto_ok,localidades-censales,82070270,San Jerónimo Norte,Las Colonias,-31.5526994180672,-61.0779592214915,,
v4_p16,271,San Jerónimo Sud,Santa Fe,San Lorenzo,San Lorenzo,auto_ok,localidades-censales,82119120,San Jerónimo Sud,San Lorenzo,-32.87936708556,-61.0277306559394,,
v4_p16,695,San Joaquín,Córdoba,Pte. Roque Sáenz Peña,Presidente Roque Sáenz Peña,auto_ok,localidades-censales,14084080,San Joaquin,Presidente Roque Sáenz Peña,-34.5123350640452,-63.7098028242762,,
v4_p16,31,San Jorge,Santa Fe,San Martín,San Martín,auto_ok,localidades-censales,82126140,San Jorge,San Martín,-31.8960810266595,-61.8596873647569,,
v4_p16,341,San José,Córdoba,San Javier,San Javier,auto_ok,localidades-censales,14133180,San Jose,San Javier,-31.9564439884346,-65.3118349336983,,
v4_p16,519,San José,Córdoba,Tulumba,Tulumba,flag_depto,,14133180,San Jose,San Javier,-31.9564439884346,-65.3118349336983,241,San Jose/San Javier [14133180]
v4_p16,414,San José de la Dormida,Córdoba,Tulumba,Tulumba,auto_ok,localidades-censales,14175080,San Jose de la Dormida,Tulumba,-30.3562662593352,-63.9504182956933,,
v4_p16,88,San José de la Esquina,Santa Fe,Caseros,Caseros,auto_ok,localidades-censales,82014120,San José de la Esquina,Caseros,-33.1122889216178,-61.7025645110021,,
v4_p16,322,San José del Rincón,Santa Fe,La Capital,La Capital,auto_ok,localidades-censales,82063160,San José del Rincón,La Capital,-31.6064474154516,-60.5675258855976,,
v4_p16,304,San Julián,Santa Fe,San Jerónimo,San Jerónimo,flag_sin_match,,,,,,,,
v4_p16,39,San Justo,Santa Fe,San Justo,San Justo,auto_ok,localidades-censales,82112130,San Justo,San Justo,-30.7891552707736,-60.5933388941028,,
v4_p16,10,San Lorenzo,Santa Fe,San Lorenzo,San Lorenzo,auto_ok,localidades-censales,82119130,San Lorenzo,San Lorenzo,-32.745967004802,-60.7301086646953,,
v4_p16,216,San Marcos,Córdoba,Unión,Unión,flag_bahra,localidades,14182250,San Marcos,Unión,-32.6302358808943,-62.4842480037889,,San Marcos/Unión [14182250]
v4_p16,411,San Marcos Sierra,Córdoba,Cruz del Eje,Cruz del Eje,auto_ok,localidades-censales,14028170,San Marcos Sierra,Cruz del Eje,-30.7830548390193,-64.6361585633117,,
v4_p16,275,S. Martín de las Escobas,Santa Fe,San Martín,San Martín,flag_sin_match,,,,,,,,
v4_p16,481,San Martín Norte,Santa Fe,San Justo,San Justo,auto_ok,localidades-censales,82112140,San Martín Norte,San Justo,-30.3456959269347,-60.3038156531181,,
v4_p16,767,San Miguel,Córdoba,San Alberto,San Alberto,flag_bahra,asentamientos,14126A38,San Miguel,San Alberto,-31.7650788175996,-65.4167648455768,,San Miguel/San Alberto [14126A38]
v4_p16,230,San Pedro,Córdoba,San Alberto,San Alberto,auto_ok,localidades-censales,14126160,San Pedro,San Alberto,-31.9364014377469,-65.2188928825109,,
v4_p16,750,San Pedro de Toyos,Córdoba,Ischilín,Ischilín,auto_ok,localidades-censales,14049110,San Pedro de Toyos,Ischilín,-30.4541891838432,-64.4458454324204,,
v4_p16,696,San Pedro Norte,Córdoba,Tulumba,Tulumba,auto_ok,localidades-censales,14175100,San Pedro Norte,Tulumba,-30.091041138595,-64.154865154406,,
v4_p16,576,San Roque,Córdoba,Punilla,Punilla,auto_ok,localidades-censales,14091200,San Roque,Punilla,-31.3463250137745,-64.4606823421133,,
v4_p16,735,San Severo,Córdoba,Unión,Unión,auto_ok,localidades-censales,14182260,San Severo,Unión,-33.5395003630455,-63.0464097866023,,
v4_p16,736,Santa Catalina,Córdoba,Totoral,Totoral,auto_ok,localidades-censales,14168080,Santa Catalina,Totoral,-30.8699331374394,-64.2341650823152,,
v4_p16,296,Sta. Clara de Buena Vista,Santa Fe,Las Colonias,Las Colonias,flag_variante,,82070290,Santa Clara de Buena Vista,Las Colonias,-31.7631764734753,-61.3219981269086,,Santa Clara de Buena Vista/Las Colonias [82070290]
v4_p16,287,Santa Clara de Saguier,Santa Fe,Castellanos,Castellanos,auto_ok,localidades-censales,82021350,Santa Clara de Saguier,Castellanos,-31.3355930303372,-61.8177968254997,,
v4_p16,714,Santa Cruz,Córdoba,Tulumba,Tulumba,flag_bahra,asentamientos,14175A37,Santa Cruz,Tulumba,-30.253346596227,-64.1733416581934,,Santa Cruz/Tulumba [14175A37]
v4_p16,196,Santa Eufemia,Córdoba,Juárez Celman,Juárez Celman,auto_ok,localidades-censales,14056150,Santa Eufemia,Juárez Celman,-33.176346200247,-63.2866626077037,,
v4_p16,3,Santa Fe,Santa Fe,La Capital,La Capital,auto_ok,localidades-censales,82063170,Santa Fe,La Capital,-31.646557462771,-60.7099957332733,,
v4_p16,101,Santa Isabel,Santa Fe,General López,General López,auto_ok,localidades-censales,82042270,Santa Isabel,General López,-33.8876637697087,-61.6959165029125,,
v4_p16,184,Santa María,Córdoba,Punilla,Punilla,flag_variante,,14091210,Santa Mari­a de Punilla,Punilla,-31.2782050084419,-64.4643623605538,,Santa Mari­a de Punilla/Punilla [14091210]
v4_p16,588,Santa María Centro,Santa Fe,Las Colonias,Las Colonias,flag_bahra,asentamientos,82070A31,Santa María Centro,Las Colonias,-31.5223823123298,-61.3083674810355,,Santa María Centro/Las Colonias [82070A31]
v4_p16,543,Santa María Norte,Santa Fe,Las Colonias,Las Colonias,flag_bahra,asentamientos,82070A32,Santa María Norte,Las Colonias,-31.5017664482693,-61.1367866428532,,Santa María Norte/Las Colonias [82070A32]
v4_p16,699,Santa Rosa,Santa Fe,Garay,Garay,flag_variante,,82035050,Santa Rosa de Calchines,Garay,-31.4202845183973,-60.3327849489492,,Santa Rosa de Calchines/Garay [82035050]
v4_p17,181,Sta. Rosa de Calamuchita,Córdoba,Calamuchita,Calamuchita,flag_variante,,14007210,Santa Rosa de Calamuchita,Calamuchita,-32.0694278282128,-64.5391321108407,,Santa Rosa de Calamuchita/Calamuchita [14007210]
v4_p17,132,Sta. Rosa del Río Primero,Córdoba,Río Primero,Río Primero,flag_variante_bahra,localidades,14105260,Santa Rosa de Río Primero,Río Primero,-31.1535276572799,-63.3994126020727,,Santa Rosa de Río Primero/Río Primero [14105260]
v4_p17,57,Santa Teresa,Santa Fe,Iriondo,Iriondo,flag_depto,,82028190,Santa Teresa,Constitución,-33.4367360092999,-60.7904600880017,96,Santa Teresa/Constitución [82028190]
v4_p17,160,Santa Teresa,Santa Fe,Constitución,Constitución,auto_ok,localidades-censales,82028190,Santa Teresa,Constitución,-33.4367360092999,-60.7904600880017,,
v4_p17,748,Santa Teresa,Córdoba,Colón,Colón,flag_bahra,asentamientos,14021A20,Santa Teresa,Colón,-31.0557455384073,-63.9778477725353,,Santa Teresa/Colón [14021A20]
v4_p17,653,Santa Victoria,Córdoba,General San Martín,General San Martín,flag_bahra,asentamientos,14042A11,Santa Victoria,General San Martín,-33.0548561685791,-63.2695523565879,,Santa Victoria/General San Martín [14042A11]
v4_p17,405,Santiago Temple,Córdoba,Río Segundo,Río Segundo,auto_ok,localidades-censales,14119200,Santiago Temple,Río Segundo,-31.3859770978901,-63.4195360879364,,
v4_p17,331,Santo Domingo,Santa Fe,Las Colonias,Las Colonias,auto_ok,localidades-censales,82070300,Santo Domingo,Las Colonias,-31.1204360736821,-60.8882112581921,,
v4_p17,16,Santo Tomé,Santa Fe,La Capital,La Capital,auto_ok,localidades-censales,82063180,Santo Tomé,La Capital,-31.6629814048165,-60.761779293221,,
v4_p17,708,Santurce,Santa Fe,San Cristóbal,San Cristóbal,auto_ok,localidades-censales,82091240,Santurce,San Cristóbal,-30.1866605474681,-61.1817161597451,,
v4_p17,118,San Vicente,Santa Fe,Castellanos,Castellanos,auto_ok,localidades-censales,82021340,San Vicente,Castellanos,-31.6991278570593,-61.5675083776629,,
v4_p17,627,San Vicente,Córdoba,San Alberto,San Alberto,auto_ok,localidades-censales,14126170,San Vicente,San Alberto,-31.8505874978342,-65.4294661819576,,
v4_p17,368,Sa Pereyra,Santa Fe,Las Colonias,Las Colonias,auto_ok,localidades-censales,82070210,Sa Pereyra,Las Colonias,-31.5702812575186,-61.3774578059741,,
v4_p17,354,Sargento Cabral,Santa Fe,Constitución,Constitución,auto_ok,localidades-censales,82028200,Sargento Cabral,Constitución,-33.4313124736709,-60.6293353816523,,
v4_p17,303,Sarmiento,Santa Fe,Las Colonias,Las Colonias,auto_ok,localidades-censales,82070310,Sarmiento,Las Colonias,-31.0587298614915,-61.1672295719277,,
v4_p17,516,Sarmiento,Córdoba,Totoral,Totoral,auto_ok,localidades-censales,14168090,Sarmiento,Totoral,-30.7743945482505,-64.1096037744967,,
v4_p17,86,Sastre,Santa Fe,San Martín,San Martín,auto_ok,localidades-censales,82126160,Sastre,San Martín,-31.7674666610835,-61.828992788999,,
v4_p17,297,Saturnino M. Laspiur,Córdoba,San Justo,San Justo,flag_sin_match,,,,,,,,
v4_p17,737,Sauce Viejo,Santa Fe,La Capital,La Capital,auto_ok,localidades-censales,82063190,Sauce Viejo,La Capital,-31.7710685748838,-60.8371931832141,,
v4_p17,402,Sebastián el Cano,Córdoba,Río Seco,Río Seco,flag_sin_match,,,,,,,,
v4_p17,577,Seeber,Córdoba,San Justo,San Justo,auto_ok,localidades-censales,14140380,Seeber,San Justo,-30.9243519915276,-61.9748566819487,,
v4_p17,134,Serodino,Santa Fe,Iriondo,Iriondo,auto_ok,localidades-censales,82056130,Serodino,Iriondo,-32.6037340676393,-60.9474259892491,,
v4_p17,261,Serrano,Córdoba,Pte. Roque Sáenz Peña,Presidente Roque Sáenz Peña,auto_ok,localidades-censales,14084090,Serrano,Presidente Roque Sáenz Peña,-34.4707729951173,-63.5401657666285,,
v4_p17,179,Serrezuela,Córdoba,Cruz del Eje,Cruz del Eje,auto_ok,localidades-censales,14028180,Serrezuela,Cruz del Eje,-30.638778984858,-65.3886300589003,,
v4_p17,532,Silvio Pellico,Córdoba,General San Martín,General San Martín,auto_ok,localidades-censales,14042130,Silvio Pellico,General San Martín,-32.2496489988557,-62.9308069361408,,
v4_p17,623,Simbolar,Córdoba,Totoral,Totoral,auto_ok,localidades-censales,14168100,Simbolar,Totoral,-30.4803106533372,-63.9852542911545,,
v4_p17,602,Sinsacate,Córdoba,Totoral,Totoral,auto_ok,localidades-censales,14168110,Sinsacate,Totoral,-30.9428533465916,-64.0939702518538,,
v4_p17,226,Soldini,Santa Fe,Rosario,Rosario,auto_ok,localidades-censales,82084280,Soldini,Rosario,-33.0219103358288,-60.7546230008855,,
v4_p17,281,Soledad,Santa Fe,San Cristóbal,San Cristóbal,auto_ok,localidades-censales,82091250,Soledad,San Cristóbal,-30.6195349624855,-60.9145750919987,,
v4_p17,529,Soutomayor,Santa Fe,Las Colonias,Las Colonias,flag_bahra,asentamientos,82070A33,Soutomayor,Las Colonias,-30.9360148509619,-61.1648411046617,,Soutomayor/Las Colonias [82070A33]
v4_p17,165,Suardi,Santa Fe,San Cristóbal,San Cristóbal,auto_ok,localidades-censales,82091260,Suardi,San Cristóbal,-30.5343527184528,-61.9610606616353,,
v4_p17,457,Suco,Córdoba,Río Cuarto,Río Cuarto,auto_ok,localidades-censales,14098270,Suco,Río Cuarto,-33.4400640146157,-64.830863230014,,
v4_p17,41,Sunchales,Santa Fe,Castellanos,Castellanos,auto_ok,localidades-censales,82021360,Sunchales,Castellanos,-30.9450524236232,-61.5607667473566,,
v4_p17,378,Susana,Santa Fe,Castellanos,Castellanos,auto_ok,localidades-censales,82021370,Susana,Castellanos,-31.3558505026757,-61.5158459813754,,
v4_p17,159,Tacuarendí,Santa Fe,General Obligado,General Obligado,auto_ok,localidades-censales,82049200,Tacuarendi,General Obligado,-28.4126368266426,-59.2601615293611,,
v4_p17,749,Tala Cañada,Córdoba,Pocho,Pocho,auto_ok,localidades-censales,14077060,Tala Cañada,Pocho,-31.3581107835985,-64.9806043675758,,
v4_p17,709,Tala Cruz,Córdoba,Calamuchita,Calamuchita,flag_bahra,asentamientos,14007A43,Tala Cruz,Calamuchita,-32.3556428573015,-64.7007938647175,,Tala Cruz/Calamuchita [14007A43]
v4_p17,715,Talaini,Córdoba,Minas,Minas,auto_ok,localidades-censales,14070070,Talaini,Minas,-31.2499062728938,-65.1692742925808,,
v4_p17,556,Tala Norte,Córdoba,Río Primero,Río Primero,flag_sin_match,,,,,,,,
v4_p17,114,Tancacha,Córdoba,Tercero Arriba,Tercero Arriba,auto_ok,localidades-censales,14161160,Tancacha,Tercero Arriba,-32.2375508154969,-63.9797691898211,,
v4_p17,323,Tanti,Córdoba,Punilla,Punilla,auto_ok,localidades-censales,14091230,Tanti,Punilla,-31.3548148960603,-64.5923866313912,,
v4_p18,578,Tartagal,Santa Fe,General Obligado,General Obligado,flag_depto,,82133150,Tartagal,Vera,-28.6708606690057,-59.8482831012239,93,Tartagal/Vera [82133150]
v4_p18,760,Tejeda,Córdoba,Colón,Colón,flag_bahra,asentamientos,14021A21,Tejeda,Colón,-31.388362404143,-63.9828884666376,,Tejeda/Colón [14021A21]
v4_p18,72,Teodolina,Santa Fe,General López,General López,flag_variante,,82042280,Teodelina,General López,-34.1895791965373,-61.526520024881,,Teodelina/General López [82042280]
v4_p18,501,Theobald,Santa Fe,Constitución,Constitución,auto_ok,localidades-censales,82028220,Theobald,Constitución,-33.3105302662869,-60.3104771643844,,
v4_p18,301,Ticino,Córdoba,General San Martín,General San Martín,auto_ok,localidades-censales,14042140,Ticino,General San Martín,-32.6931158268571,-63.4371726070193,,
v4_p18,658,Tinoco,Córdoba,Río Primero,Río Primero,flag_depto,,14021270,Tinoco,Colón,-31.1244691036095,-63.8918311201837,69,Tinoco/Colón [14021270]
v4_p18,369,Tío Pujio,Córdoba,General San Martín,General San Martín,flag_bahra,localidades,14042150,Tío Pujio,General San Martín,-32.2870733284187,-63.3536812962105,,Tío Pujio/General San Martín [14042150]
v4_p18,550,Toledo,Córdoba,Santa María,Santa María,auto_ok,localidades-censales,14147280,Toledo,Santa María,-31.553801035017,-64.0073542050646,,
v4_p18,247,Tortugas,Santa Fe,Belgrano,Belgrano,auto_ok,localidades-censales,82007060,Tortugas,Belgrano,-32.7473707928427,-61.8210279834457,,
v4_p18,681,Toano,Córdoba,Minas,Minas,flag_variante,,14070080,Tosno,Minas,-30.9601236811483,-65.310621340048,,Tosno/Minas [14070080]
v4_p18,502,Tosquita,Córdoba,Río Cuarto,Río Cuarto,auto_ok,localidades-censales,14098280,Tosquita,Río Cuarto,-33.8197306241081,-64.4577329175017,,
v4_p18,47,Tostado,Santa Fe,9 de Julio,9 de Julio,auto_ok,localidades-censales,82077080,Tostado,9 de Julio,-29.2326357382572,-61.7713159237968,,
v4_p18,755,Totoralejos,Córdoba,Tulumba,Tulumba,flag_bahra,asentamientos,14175A39,Totoralejos,Tulumba,-29.6386925350004,-64.8532850551519,,Totoralejos/Tulumba [14175A39]
v4_p18,606,Traill,Santa Fe,San Martín,San Martín,auto_ok,localidades-censales,82126170,Traill,San Martín,-31.9204366914233,-61.7010188228709,,
v4_p18,200,Tránsito,Córdoba,San Justo,San Justo,auto_ok,localidades-censales,14140400,Tránsito,San Justo,-31.4263099315665,-63.1951483821135,,
v4_p18,689,Travesía,Córdoba,San Javier,San Javier,flag_variante,,14133090,La Travesí­a,San Javier,-32.1145484977892,-65.0437289354437,,La Travesí­a/San Javier [14133090]
v4_p18,714,Tres Arboles,Córdoba,Cruz del Eje,Cruz del Eje,flag_bahra,asentamientos,14028A60,Tres Árboles,Cruz del Eje,-30.9312088441114,-65.0364437356822,,Tres Árboles/Cruz del Eje [14028A60]
v4_p18,528,Tuclame,Córdoba,Cruz del Eje,Cruz del Eje,auto_ok,localidades-censales,14028190,Tuclame,Cruz del Eje,-30.7468586279423,-65.2348201578531,,
v4_p18,100,Ucacha,Córdoba,Juárez Celman,Juárez Celman,auto_ok,localidades-censales,14056160,Ucacha,Juárez Celman,-33.0359483030538,-63.5072717459361,,
v4_p18,94,Unquillo,Córdoba,Colón,Colón,auto_ok,localidades-censales,14021280,Unquillo,Colón,-31.2336425925946,-64.3167896597113,,
v4_p18,169,Valle Hermoso,Córdoba,Punilla,Punilla,auto_ok,localidades-censales,14091240,Valle Hermoso,Punilla,-31.1169163868532,-64.4830783583894,,
v4_p18,8,Venado Tuerto,Santa Fe,General López,General López,auto_ok,localidades-censales,82042290,Venado Tuerto,General López,-33.7454444859603,-61.9687317267883,,
v4_p18,293,Vera y Pintado,Santa Fe,San Justo,San Justo,auto_ok,localidades-censales,82112160,Vera y Pintado,San Justo,-30.142552611096,-60.3423066587405,,
v4_p18,336,Viamonte,Córdoba,Unión,Unión,auto_ok,localidades-censales,14182270,Viamonte,Unión,-33.7460877019812,-63.0973412620215,,
v4_p18,128,Vicuña Mackenna,Córdoba,Río Cuarto,Río Cuarto,auto_ok,localidades-censales,14098290,Vicuña Mackenna,Río Cuarto,-33.9156405894608,-64.3898573432288,,
v4_p18,224,Videla,Santa Fe,San Justo,San Justo,auto_ok,localidades-censales,82112170,Videla,San Justo,-30.9450291156493,-60.6524020523778,,
v4_p18,269,Vila,Santa Fe,Castellanos,Castellanos,auto_ok,localidades-censales,82021390,Vila,Castellanos,-31.1904978624065,-61.8328838716989,,
v4_p18,69,Villa Allende,Córdoba,Colón,Colón,auto_ok,localidades-censales,14021290,Villa Allende,Colón,-31.293585112303,-64.2976491405004,,
v4_p18,284,Villa Amelia,Santa Fe,Rosario,Rosario,auto_ok,localidades-censales,82084290,Villa Amelia,Rosario,-33.1758976602078,-60.6641154628354,,
v4_p18,117,Villa Ana,Santa Fe,General Obligado,General Obligado,auto_ok,localidades-censales,82049210,Villa Ana,General Obligado,-28.492720156931,-59.6133762028392,,
v4_p18,219,Villa Ascasubi,Córdoba,Tercero Arriba,Tercero Arriba,auto_ok,localidades-censales,14161170,Villa Ascasubi,Tercero Arriba,-32.1627938173201,-63.8924113666978,,
v4_p18,573,Villa Candelaria,Córdoba,Río Seco,Río Seco,auto_ok,localidades-censales,14112120,Villa Candelaria,Río Seco,-29.8150418984112,-63.3544320072117,,
v4_p18,42,Villa Cañás,Santa Fe,General López,General López,auto_ok,localidades-censales,82042300,Villa Cañás,General López,-34.0042098905013,-61.6057349552693,,
v4_p18,59,Villa Carlos Paz,Córdoba,Punilla,Punilla,auto_ok,localidades-censales,14091250,Villa Carlos Paz,Punilla,-31.4178459516985,-64.4941479224116,,
v4_p18,14,Villa Constitución,Santa Fe,Constitución,Constitución,auto_ok,localidades-censales,82028230,Villa Constitución,Constitución,-33.2271943845708,-60.3298580495203,,
v4_p18,260,Villa Cura Brochero,Córdoba,San Alberto,San Alberto,auto_ok,localidades-censales,14126200,Villa Cura Brochero,San Alberto,-31.7063854711828,-65.0186435893886,,
v4_p18,239,Villada,Santa Fe,Caseros,Caseros,auto_ok,localidades-censales,82014140,Villada,Caseros,-33.3487177514244,-61.4466979077385,,
v4_p18,442,Villa del Dique,Córdoba,Calamuchita,Calamuchita,auto_ok,localidades-censales,14007290,Villa del Dique,Calamuchita,-32.1764635192649,-64.4568559765907,,
v4_p18,530,Villa del Lago,Córdoba,Punilla,Punilla,flag_variante,,14091280,Villa Lago Azul,Punilla,-31.3764769979715,-64.4854114023134,,Villa Lago Azul/Punilla [14091280]; Villa Santa Cruz del Lago/Punilla [14091320]
v4_p18,54,Villa del Rosario,Córdoba,Río Segundo,Río Segundo,auto_ok,localidades-censales,14119210,Villa del Rosario,Río Segundo,-31.5541835128643,-63.5355732244249,,
v4_p18,356,Villa de María,Córdoba,Río Seco,Río Seco,auto_ok,localidades-censales,14112130,Villa de María,Río Seco,-29.9064906484924,-63.7226141908167,,
v4_p19,103,Villa de Soto,Córdoba,Cruz del Eje,Cruz del Eje,auto_ok,localidades-censales,14028200,Villa de Soto,Cruz del Eje,-30.8552223553762,-64.9849379037468,,
v4_p19,48,Villa Diego,Santa Fe,Rosario,Rosario,flag_sin_match,,,,,,,,
v4_p19,18,Villa Dolores,Córdoba,San Javier,San Javier,auto_ok,localidades-censales,14133200,Villa Dolores,San Javier,-31.9450101183542,-65.1902430169456,,
v4_p19,223,Villa Eloísa,Santa Fe,Iriondo,Iriondo,auto_ok,localidades-censales,82056150,Villa Eloísa,Iriondo,-32.9639333534148,-61.5510795820875,,
v4_p19,579,Villa Fontana,Córdoba,Río Primero,Río Primero,auto_ok,localidades-censales,14105270,Villa Fontana,Río Primero,-30.8936903777371,-63.1170523133836,,
v4_p19,267,Villa General Belgrano,Córdoba,Calamuchita,Calamuchita,auto_ok,localidades-censales,14007310,Villa General Belgrano,Calamuchita,-31.9765366502664,-64.5590374643278,,
v4_p19,217,Villa General Mitre,Córdoba,Totoral,Totoral,flag_sin_match,,,,,,,,
v4_p19,273,Villa Giardino,Córdoba,Punilla,Punilla,auto_ok,localidades-censales,14091270,Villa Giardino,Punilla,-31.0502597711602,-64.4968227203612,,
v4_p19,79,Villa Gobernador Gálvez,Santa Fe,Rosario,Rosario,auto_ok,localidades-censales,82084310,Villa Gobernador Gálvez,Rosario,-33.025112265309,-60.633816373492,,
v4_p19,116,Villa Guillermina,Santa Fe,General Obligado,General Obligado,auto_ok,localidades-censales,82049220,Villa Guillermina,General Obligado,-28.2444536427748,-59.4515062958328,,
v4_p19,566,Villa Independencia,Córdoba,Punilla,Punilla,flag_sin_match,,,,,,,,
v4_p19,441,Villa Las Rosas,Córdoba,San Javier,San Javier,flag_variante,,14133190,Villa de las Rosas,San Javier,-31.9470971256544,-65.0520499513782,,Villa de las Rosas/San Javier [14133190]
v4_p19,5,Villa María,Córdoba,General San Martín,General San Martín,auto_ok,localidades-censales,14042170,Villa María,General San Martín,-32.4149515976008,-63.2435434267308,,
v4_p19,270,Villa Mugueta,Santa Fe,San Lorenzo,San Lorenzo,auto_ok,localidades-censales,82119160,Villa Mugueta,San Lorenzo,-33.3118526330959,-61.0564134509267,,
v4_p19,51,Villa Nueva,Córdoba,General San Martín,General San Martín,auto_ok,localidades-censales,14042180,Villa Nueva,General San Martín,-32.4354650889488,-63.247755002406,,
v4_p19,33,Villa Ocampo,Santa Fe,General Obligado,General Obligado,auto_ok,localidades-censales,82049230,Villa Ocampo,General Obligado,-28.4865942375911,-59.3548518638271,,
v4_p19,451,Villa Quilino,Córdoba,Ischilín,Ischilín,flag_bahra,asentamientos,14049130,Villa Quilino,Ischilín,-30.2091669689618,-64.4684354103473,,Villa Quilino/Ischilín [14049130]
v4_p19,233,Villa Reducción,Córdoba,Juárez Celman,Juárez Celman,flag_bahra,localidades,14056170,Villa Reducción,Juárez Celman,-33.2031138079518,-63.8626455259537,,Villa Reducción/Juárez Celman [14056170]
v4_p19,763,Villa Río Grande,Córdoba,Calamuchita,Calamuchita,flag_bahra,asentamientos,14007A45,Villa Río Grande,Calamuchita,-32.2137115837995,-64.5666415269375,,Villa Río Grande/Calamuchita [14007A45]
v4_p19,633,V. Rosario del Saladillo,Córdoba,Tulumba,Tulumba,flag_sin_match,,,,,,,,
v4_p19,383,Villa Rossi,Córdoba,Pte. Roque Sáenz Peña,Presidente Roque Sáenz Peña,auto_ok,localidades-censales,14084100,Villa Rossi,Presidente Roque Sáenz Peña,-34.2980030195395,-63.2690529376847,,
v4_p19,604,Villa Rumipal,Córdoba,Calamuchita,Calamuchita,auto_ok,localidades-censales,14007340,Villa Rumipal,Calamuchita,-32.1894317443661,-64.4792480757284,,
v4_p19,549,Villa San José,Santa Fe,Castellanos,Castellanos,auto_ok,localidades-censales,82021410,Villa San José,Castellanos,-31.3366747467426,-61.6217260308257,,
v4_p19,539,Villa Saralegui,Santa Fe,San Cristóbal,San Cristóbal,auto_ok,localidades-censales,82091270,Villa Saralegui,San Cristóbal,-30.5392780553151,-60.7469730063834,,
v4_p19,769,Villa Sarmiento,Córdoba,General Roca,General Roca,auto_ok,localidades-censales,14035130,Villa Sarmiento,General Roca,-34.1228298726113,-64.7251882232828,,
v4_p19,308,Villa Trinidad,Santa Fe,San Cristóbal,San Cristóbal,auto_ok,localidades-censales,82091280,Villa Trinidad,San Cristóbal,-30.2176460355738,-61.877568026694,,
v4_p19,376,Villa Tulumba,Córdoba,Tulumba,Tulumba,auto_ok,localidades-censales,14175110,Villa Tulumba,Tulumba,-30.3956986588443,-64.1222368317599,,
v4_p19,347,Villa Valeria,Córdoba,General Roca,General Roca,auto_ok,localidades-censales,14035140,Villa Valeria,General Roca,-34.3414075155528,-64.9207678822872,,
v4_p19,645,Villa Yacanto,Córdoba,Calamuchita,Calamuchita,auto_ok,localidades-censales,14007360,Villa Yacanto,Calamuchita,-32.1060439681258,-64.7543887737053,,
v4_p19,615,Virginia,Santa Fe,Castellanos,Castellanos,auto_ok,localidades-censales,82021420,Virginia,Castellanos,-30.739532733184,-61.3402764874647,,
v4_p19,742,Vivero,Córdoba,Pte. Roque Sáenz Peña,Presidente Roque Sáenz Peña,flag_bahra,asentamientos,14084A25,Vivero,Presidente Roque Sáenz Peña,-34.2353786098472,-62.835525889776,,Vivero/Presidente Roque Sáenz Peña [14084A25]
v4_p19,424,Washington,Córdoba,Río Cuarto,Río Cuarto,auto_ok,localidades-censales,14098320,Washington,Río Cuarto,-33.8735780824578,-64.6896663643402,,
v4_p19,135,Wheelwright,Santa Fe,General López,General López,auto_ok,localidades-censales,82042310,Wheelwright,General López,-33.792276462432,-61.2107531979754,,
v4_p19,592,Yacanto,Córdoba,San Javier,San Javier,flag_variante,,14133170,San Javier y Yacanto,San Javier,-32.0264693052096,-65.0302562791264,,San Javier y Yacanto/San Javier [14133170]
v4_p19,454,Yoscina,Córdoba,Santa María,Santa María,flag_variante_bahra,asentamientos,14147380,Yocsina,Santa María,-31.4468377568782,-64.3646200261083,,Yocsina/Santa María [14147380]
v4_p19,150,Zavalla,Santa Fe,Rosario,Rosario,auto_ok,localidades-censales,82084320,Zavalla,Rosario,-33.0193574675995,-60.8787398914855,,
v4_p19,243,Zenón Pereyra,Santa Fe,Castellanos,Castellanos,auto_ok,localidades-censales,82021430,Zenón Pereyra,Castellanos,-31.5601122726826,-61.8963022222939,,
v5_p01,156,Acuña,Corrientes,Monte Caseros,Monte Caseros,flag_variante,,18112060,Parada Acuña,Monte Caseros,-29.9084817138799,-57.9581770148793,,Parada Acuña/Monte Caseros [18112060]
v5_p01,220,Alba Posse,Misiones,25 de Mayo,25 de Mayo,auto_ok,localidades-censales,54119010,Alba Posse,25 de Mayo,-27.5690158978856,-54.6835595579116,,
v5_p01,246,Alcaraz,Entre Ríos,La Paz,La Paz | Federal,auto_ok,localidades-censales,30070005,Alcaraz,La Paz,-31.4573470773087,-59.5986503535533,,
v5_p01,189,Aldea Asunción,Entre Ríos,Gualeguay,Gualeguay,auto_ok,localidades-censales,30049010,Aldea Asunción,Gualeguay,-32.8245921185481,-59.2323421606744,,
v5_p01,239,Aldea Brasilera,Entre Ríos,Diamante,Diamante,auto_ok,localidades-censales,30021010,Aldea Brasilera,Diamante,-31.8896008872306,-60.5908849355066,,
v5_p01,226,Aldea María Luisa,Entre Ríos,Paraná,Paraná,auto_ok,localidades-censales,30084010,Aldea María Luisa,Paraná,-31.8857224493674,-60.4094847619531,,
v5_p01,219,Aldea Protestante,Entre Ríos,Diamante,Diamante,auto_ok,localidades-censales,30021020,Aldea Protestante,Diamante,-32.0287492958823,-60.5661699746699,,
v5_p01,214,Aldea San Antonio,Entre Ríos,Gualeguaychú,Gualeguaychú | Islas del Ibicuy,auto_ok,localidades-censales,30056010,Aldea San Antonio,Gualeguaychú,-32.625106421115,-58.7045559796803,,
v5_p01,255,Aldea Santa María,Entre Ríos,Paraná,Paraná,auto_ok,localidades-censales,30084030,Aldea Santa María,Paraná,-31.6112550257015,-60.006968642047,,
v5_p01,101,Almafuerte,Misiones,Leandro N. Alem,Leandro N. Alem,auto_ok,localidades-censales,54070010,Almafuerte,Leandro N. Alem,-27.5085726892521,-55.4031623253692,,
v5_p01,192,Altamirano Sud,Entre Ríos,Tala,Tala,flag_sin_match,,,,,,,,
v5_p01,30,Alvear,Corrientes,General Alvear,General Alvear,auto_ok,localidades-censales,18056010,Alvear,General Alvear,-29.098874584988,-56.5533936487248,,
v5_p01,240,Antelo,Entre Ríos,Victoria,Victoria,auto_ok,localidades-censales,30105010,Antelo,Victoria,-32.5335345774513,-60.0354686475297,,
v5_p01,290,Apipé,Corrientes,Ituzaingó,Ituzaingó,flag_variante_bahra,asentamientos,18084A05,Isla Apipé Chico,Ituzaingó,-27.5721984099782,-56.7110238482442,,Isla Apipé Chico/Ituzaingó [18084A05]
v5_p01,27,Apóstoles,Misiones,Apóstoles,Apóstoles,auto_ok,localidades-censales,54007010,Apóstoles,Apóstoles,-27.909806877888,-55.7532126178864,,
v5_p01,136,Aranguren,Entre Ríos,Victoria,Victoria,flag_sin_match,,,,,,,,Villa Aranguren/Nogoyá [30077010]
v5_p01,138,Aristóbulo del Valle,Misiones,Cainguás,Cainguás,auto_ok,localidades-censales,54014010,Aristóbulo del Valle,Cainguás,-27.0952902000827,-54.8949054572105,,
v5_p01,277,Arroyo Barú,Entre Ríos,Colón,Colón | San Salvador,auto_ok,localidades-censales,30008010,Arroyo Barú,Colón,-31.8672649150271,-58.4483397399172,,
v5_p01,242,Arroyo Clé,Entre Ríos,Tala,Tala,auto_ok,localidades-censales,30091030,Arroyo Clé,Tala,-32.6379873873364,-59.3975659219232,,
v5_p01,260,Arroyo Grande,Entre Ríos,Colón,Colón | San Salvador,flag_bahra,asentamientos,30088A00,Arroyo Grande,San Salvador,-31.5979461818252,-58.3676725819707,,Arroyo Grande/San Salvador [30088A00]
v5_p01,153,Azara,Misiones,Apóstoles,Apóstoles,auto_ok,localidades-censales,54007020,Azara,Apóstoles,-28.057251205305,-55.6767993766976,,
v5_p01,245,Baibiene,Corrientes,Curuzú Cuatiá,Curuzú Cuatiá,flag_bahra,asentamientos,18035A05,Baibiene,Curuzú Cuatiá,-29.6042641340363,-58.1650315535306,,Baibiene/Curuzú Cuatiá [18035A05]
v5_p01,26,Basavilbaso,Entre Ríos,Uruguay,Uruguay,auto_ok,localidades-censales,30098010,Basavilbaso,Uruguay,-32.3725729351065,-58.8785609437917,,
v5_p01,21,Bella Vista,Corrientes,Bella Vista,Bella Vista,auto_ok,localidades-censales,18007010,Bella Vista,Bella Vista,-28.507677249655,-59.04433283502,,
v5_p01,222,Berduc,Entre Ríos,Colón,Colón | San Salvador,flag_bahra,asentamientos,30008A01,Berduc,Colón,-31.9208597073482,-58.3180634697833,,Berduc/Colón [30008A01]
v5_p01,92,Bernardo de Irigoyen,Misiones,General Belgrano,General Manuel Belgrano,auto_ok,localidades-censales,54049020,Bernardo de Irigoyen,General Manuel Belgrano,-26.2546761021204,-53.6472133435976,,
v5_p01,161,Berón de Astrada,Corrientes,Berón de Astrada,Berón de Astrada,flag_bahra,localidades,18014010,Berón de Astrada,Berón de Astrada,-27.5502192063956,-57.5284147514388,,Berón de Astrada/Berón de Astrada [18014010]
v5_p01,286,Betbeder,Entre Ríos,Nogoyá,Nogoyá,auto_ok,localidades-censales,30077020,Betbeder,Nogoyá,-32.3721037866146,-59.928598635714,,
v5_p01,204,Bonpland,Corrientes,Paso de los Libres,Paso de los Libres,auto_ok,localidades-censales,18119010,Bonpland,Paso de los Libres,-29.8174997958514,-57.4278647823959,,
v5_p01,120,Bonpland,Misiones,Candelaria,Candelaria,auto_ok,localidades-censales,54021010,Bonpland,Candelaria,-27.4820696887808,-55.4774200837194,,
v5_p01,70,Bovril,Entre Ríos,La Paz,La Paz | Federal,auto_ok,localidades-censales,30070010,Bovril,La Paz,-31.3435194116544,-59.4464523946929,,
v5_p01,193,Caa-Yarí,Misiones,Leandro N. Alem,Leandro N. Alem,auto_ok,localidades-censales,54070030,Caá - Yarí,Leandro N. Alem,-27.4848269636129,-55.2989561007226,,
v5_p01,164,Calabacillas,Entre Ríos,Concordia,Concordia | Federal | San Salvador,flag_variante,,30015010,Calabacilla,Concordia,-31.507626297952,-58.1334346597166,,Calabacilla/Concordia [30015010]
v5_p01,97,Campo Grande,Misiones,Cainguás,Cainguás,auto_ok,localidades-censales,54014020,Campo Grande,Cainguás,-27.2062681295066,-54.9790955036689,,
v5_p01,95,Campo Ramón,Misiones,Oberá,Oberá,auto_ok,localidades-censales,54091020,Campo Ramón,Oberá,-27.4556803559775,-55.0214841433972,,
v5_p01,105,Campo Viera,Misiones,Oberá,Oberá,auto_ok,localidades-censales,54091030,Campo Viera,Oberá,-27.3310558767329,-55.0528548158544,,
v5_p01,56,Candelaria,Misiones,Candelaria,Candelaria,auto_ok,localidades-censales,54021020,Candelaria,Candelaria,-27.4591653471738,-55.7430844145913,,
v5_p01,248,Cañaditas,Corrientes,Sauce,Sauce,flag_bahra,asentamientos,18175A01,Cañaditas,Sauce,-30.1900430999118,-59.0605777410565,,Cañaditas/Sauce [18175A01]
v5_p01,169,Capiovy,Misiones,Lib. Gral. San Martín,Libertador General San Martín,flag_variante,,54077010,Capioví,Libertador General San Martín,-26.9292033223206,-55.0569367980451,,Capioví/Libertador General San Martín [54077010]
v5_p01,177,Caraguatay,Misiones,Montecarlo,Montecarlo,auto_ok,localidades-censales,54084010,Caraguatay,Montecarlo,-26.6575077390733,-54.7391541438988,,
v5_p01,249,Cataratas del Iguazú,Misiones,Iguazú,Iguazú,flag_bahra,asentamientos,54063A02,Cataratas del Iguazú,Iguazú,-25.6810542441735,-54.4533509254116,,Cataratas del Iguazú/Iguazú [54063A02]
v5_p02,303,Caza Pava,Corrientes,Santo Tomé,Santo Tomé,flag_bahra,asentamientos,18168A03,Caza Pava,Santo Tomé,-28.2916988583689,-56.1144281633889,,Caza Pava/Santo Tomé [18168A03]
v5_p02,175,Cazadores Correntinos,Corrientes,Curuzú Cuatiá,Curuzú Cuatiá,auto_ok,localidades-censales,18035010,Cazadores Correntinos,Curuzú Cuatiá,-29.9804356623123,-58.3017377658215,,
v5_p02,203,Cerrito,Corrientes,General Paz,General Paz,flag_bahra,asentamientos,18063A04,Cerrito,General Paz,-27.8421477925351,-57.9135960701282,,Cerrito/General Paz [18063A04]
v5_p02,77,Cerro Azul,Misiones,Leandro N. Alem,Leandro N. Alem,auto_ok,localidades-censales,54070040,Cerro Azul,Leandro N. Alem,-27.6336314303925,-55.4973143405171,,
v5_p02,262,Cerro Corá,Misiones,Candelaria,Candelaria,auto_ok,localidades-censales,54021030,Cerro Corá,Candelaria,-27.5093836116767,-55.6012275302835,,
v5_p02,261,Clodomiro Ledesma,Entre Ríos,Concordia,Concordia | Federal | San Salvador,auto_ok,localidades-censales,30015020,Clodomiro Ledesma,Concordia,-31.5767248172959,-58.1811481373157,,
v5_p02,25,Colón,Entre Ríos,Colón,Colón | San Salvador,auto_ok,localidades-censales,30008020,Colón,Colón,-32.225205419614,-58.141927041884,,
v5_p02,210,Colonia Carlos Pellegrini,Corrientes,San Martín,San Martín,auto_ok,localidades-censales,18147010,Colonia Carlos Pellegrini,San Martín,-28.5372780101827,-57.1713964348586,,
v5_p02,233,Colonia Carolina,Corrientes,Goya,Goya,flag_sin_match,,,,,,,,
v5_p02,145,Colonia Caseros,Entre Ríos,Uruguay,Uruguay,flag_sin_match,,,,,,,,
v5_p02,94,Colonia Delicia,Misiones,Eldorado,Eldorado,flag_bahra,asentamientos,54042A03,Colonia Delicia,Eldorado,-26.1927549339233,-54.4435629464386,,Colonia Delicia/Eldorado [54042A03]
v5_p02,141,Colonia Elía,Entre Ríos,Uruguay,Uruguay,auto_ok,localidades-censales,30098030,Colonia Elía,Uruguay,-32.6704472006584,-58.3254542666088,,
v5_p02,234,Colonia Hocker,Entre Ríos,Colón,Colón | San Salvador,flag_sin_match,,,,,,,,
v5_p02,282,Colonia Hughes,Entre Ríos,Colón,Colón | San Salvador,flag_variante,,30008030,Colonia Hugues,Colón,-32.2963657704418,-58.2329681221353,,Colonia Hugues/Colón [30008030]
v5_p02,165,Colonia Libertad,Corrientes,Monte Caseros,Monte Caseros,auto_ok,localidades-censales,18112010,Colonia Libertad,Monte Caseros,-30.0433351326338,-57.8217620852867,,
v5_p02,71,Colonia Pando,Corrientes,San Roque,San Roque,auto_ok,localidades-censales,18161020,Colonia Pando,San Roque,-28.5230234109359,-58.4876788230417,,
v5_p02,185,Colonia Porvenir,Corrientes,Goya,Goya,flag_bahra,asentamientos,18070A12,Colonia Porvenir,Goya,-29.1891738594061,-59.1937209925203,,Colonia Porvenir/Goya [18070A12]
v5_p02,300,Colonia San Ernesto,Entre Ríos,Colón,Colón | San Salvador,flag_bahra,asentamientos,30088A08,Colonia San Ernesto,San Salvador,-31.8381289707344,-58.6340521954263,,Colonia San Ernesto/San Salvador [30088A08]
v5_p02,73,Colonia Victoria,Misiones,Eldorado,Eldorado,auto_ok,localidades-censales,54042010,Colonia Victoria,Eldorado,-26.3298887730818,-54.6215572258235,,
v5_p02,52,Concepción,Corrientes,Concepción,Concepción,flag_bahra,localidades,18028010,Concepción,Concepción,-28.3932008623293,-57.8869168616331,,Concepción/Concepción [18028010]
v5_p02,57,Concepción de la Sierra,Misiones,Concepción,Concepción,auto_ok,localidades-censales,54035020,Concepción de la Sierra,Concepción,-27.9813155596218,-55.5209343056683,,
v5_p02,5,Concepción del Uruguay,Entre Ríos,Uruguay,Uruguay,auto_ok,localidades-censales,30098040,Concepción del Uruguay,Uruguay,-32.4846797790233,-58.2321774852172,,
v5_p02,4,Concordia,Entre Ríos,Concordia,Concordia | Federal | San Salvador,auto_ok,localidades-censales,30015060,Concordia,Concordia,-31.3919745940866,-58.0170137988429,,
v5_p02,284,Conscripto Bernardi,Entre Ríos,La Paz,La Paz | Federal,auto_ok,localidades-censales,30035010,Conscripto Bernardi,Federal,-31.0492614579919,-59.0833394127461,,
v5_p02,91,Corpus,Misiones,San Ignacio,San Ignacio,auto_ok,localidades-censales,54098020,Corpus,San Ignacio,-27.1278038790718,-55.5094179289212,,
v5_p02,2,Corrientes,Corrientes,Capital,Capital,auto_ok,localidades-censales,18021020,Corrientes,Capital,-27.4632821641043,-58.8392333481757,,
v5_p02,28,Crespo,Entre Ríos,Paraná,Paraná,auto_ok,localidades-censales,30084070,Crespo,Paraná,-32.0307016505858,-60.3063087316545,,
v5_p02,285,Cuay Grande,Corrientes,Santo Tomé,Santo Tomé,flag_bahra,asentamientos,18168A07,Cuay Grande,Santo Tomé,-28.6656467893022,-56.2872493942567,,Cuay Grande/Santo Tomé [18168A07]
v5_p02,266,Cuchilla Redonda,Entre Ríos,Gualeguaychú,Gualeguaychú | Islas del Ibicuy,auto_ok,localidades-censales,30056027,Cuchilla Redonda,Gualeguaychú,-33.0886358392368,-59.096486261053,,
v5_p02,6,Curuzú-Cuatiá,Corrientes,Curuzú Cuatiá,Curuzú Cuatiá,auto_ok,localidades-censales,18035020,Curuzú Cuatiá,Curuzú Cuatiá,-29.7915233554051,-58.049945341682,,
v5_p02,20,Chajarí,Entre Ríos,Federación,Federación,auto_ok,localidades-censales,30028010,Chajarí,Federación,-30.7547722843897,-57.9818413257839,,
v5_p02,126,Chavarría,Corrientes,San Roque,San Roque,auto_ok,localidades-censales,18161010,Chavarrí­a,San Roque,-28.9552112574363,-58.5718143773259,,
v5_p02,143,Desvío Parada Pucheta,Corrientes,Paso de los Libres,Paso de los Libres,flag_sin_match,,,,,,,,
v5_p02,17,Diamante,Entre Ríos,Diamante,Diamante,auto_ok,localidades-censales,30021080,Diamante,Diamante,-32.0707598622652,-60.6382219779392,,
v5_p02,148,Don Cristóbal,Entre Ríos,Nogoyá,Nogoyá,flag_bahra,localidades,30077030,Don Cristóbal,Nogoyá,-32.0713541870669,-59.9947309809541,,Don Cristóbal/Nogoyá [30077030]
v5_p02,76,Dos Arroyos,Misiones,Leandro N. Alem,Leandro N. Alem,auto_ok,localidades-censales,54070050,Dos Arroyos,Leandro N. Alem,-27.6993772496138,-55.2501821492746,,
v5_p02,114,Dos de Mayo,Misiones,Lib. Gral. San Martín,Libertador General San Martín,flag_depto,,54014030,Dos de Mayo,Cainguás,-27.0205393332885,-54.6877327006159,31,Dos de Mayo/Cainguás [54014030]
v5_p02,32,Durazno,Entre Ríos,Tala,Tala,auto_ok,localidades-censales,30091020,Durazno,Tala,-31.9857736943539,-59.2795269719346,,
v5_p02,207,Echagüe,Entre Ríos,Tala,Tala,flag_variante,,30091040,Gobernador Echagüe,Tala,-32.3922346824374,-59.2755216535431,,Gobernador Echagüe/Tala [30091040]
v5_p02,47,Eldorado,Misiones,Eldorado,Eldorado,auto_ok,localidades-censales,54042020,Eldorado,Eldorado,-26.4086211746541,-54.6238428075538,,
v5_p03,267,El Pingo,Entre Ríos,Paraná,Paraná,auto_ok,localidades-censales,30084090,El Pingo,Paraná,-31.582962261791,-59.8909476232959,,
v5_p03,273,El Redomón,Entre Ríos,Concordia,Concordia | Federal | San Salvador,flag_bahra,asentamientos,30015A04,El Redomón,Concordia,-31.0967252645931,-58.2696259578567,,El Redomón/Concordia [30015A04]
v5_p03,109,El Soberbio,Misiones,Guaraní,Guaraní,auto_ok,localidades-censales,54056010,El Soberbio,Guaraní,-27.2908601020425,-54.2007777459323,,
v5_p03,295,Emilio R. Coni,Corrientes,Curuzú Cuatiá,Curuzú Cuatiá,flag_bahra,asentamientos,18035A11,Emilio R. Coni,Curuzú Cuatiá,-30.0692131187543,-58.2706472883556,,Emilio R. Coni/Curuzú Cuatiá [18035A11]
v5_p03,35,Empedrado,Corrientes,Empedrado,Empedrado,auto_ok,localidades-censales,18042020,Empedrado,Empedrado,-27.9524556932224,-58.8074763893306,,
v5_p03,131,Enrique Carbó,Entre Ríos,Gualeguaychú,Gualeguaychú | Islas del Ibicuy,auto_ok,localidades-censales,30056030,Enrique Carbó,Gualeguaychú,-33.1482053946366,-59.2107119807057,,
v5_p03,258,Ensenada Grande,Corrientes,San Cosme,San Cosme,flag_bahra,asentamientos,18133A02,Ensenada Grande,San Cosme,-27.36820063849,-58.4156130423712,,Ensenada Grande/San Cosme [18133A02]
v5_p03,297,Escriña,Entre Ríos,Gualeguaychú,Gualeguaychú | Islas del Ibicuy,flag_variante,,30056035,Estación Escriña,Gualeguaychú,-32.5926794038425,-58.9048253751815,,Estación Escriña/Gualeguaychú [30056035]
v5_p03,23,Esquina,Corrientes,Esquina,Esquina,auto_ok,localidades-censales,18049010,Esquina,Esquina,-30.0171405680258,-59.5341126085601,,
v5_p03,124,Fábrica Colón,Entre Ríos,Colón,Colón | San Salvador,flag_sin_match,,,,,,,,
v5_p03,201,Fachinal,Misiones,Capital,Capital,auto_ok,localidades-censales,54028007,Fachinal,Capital,-27.6285571297168,-55.7044722417031,,
v5_p03,191,Faustino M. Parera,Entre Ríos,Gualeguaychú,Gualeguaychú | Islas del Ibicuy,flag_bahra,localidades,30056040,Faustino M. Parera,Gualeguaychú,-32.804430236216,-58.8826336786977,,Faustino M. Parera/Gualeguaychú [30056040]
v5_p03,230,Febre,Entre Ríos,Nogoyá,Nogoyá,auto_ok,localidades-censales,30077040,Febré,Nogoyá,-32.4762892117158,-59.9152388417948,,
v5_p03,31,Federación,Entre Ríos,Federación,Federación,auto_ok,localidades-censales,30028070,Federación,Federación,-30.9852535564375,-57.9187322189934,,
v5_p03,110,Florentino Ameghino,Misiones,San Javier,San Javier,auto_ok,localidades-censales,54105010,Florentino Ameghino,San Javier,-27.6338539983781,-55.084224130083,,
v5_p03,88,Garupá,Misiones,Capital,Capital,auto_ok,localidades-censales,54028010,Garupá,Capital,-27.4805134533026,-55.8502955655226,,
v5_p03,270,Garruchos,Corrientes,Santo Tomé,Santo Tomé,auto_ok,localidades-censales,18168020,Garruchos,Santo Tomé,-28.1737292078981,-55.6505674552049,,
v5_p03,257,General Almada,Entre Ríos,Gualeguaychú,Gualeguaychú | Islas del Ibicuy,auto_ok,localidades-censales,30056050,General Almada,Gualeguaychú,-32.838413157046,-58.8048110246956,,
v5_p03,119,General Alvear,Misiones,Oberá,Oberá,auto_ok,localidades-censales,54091050,General Alvear,Oberá,-27.4263197450581,-55.1696961517115,,
v5_p03,93,General Campos,Entre Ríos,Concordia,Concordia | Federal | San Salvador,auto_ok,localidades-censales,30088010,General Campos,San Salvador,-31.5233902011903,-58.4058036198555,,
v5_p03,55,General Galarza,Entre Ríos,Gualeguay,Gualeguay,auto_ok,localidades-censales,30049030,General Galarza,Gualeguay,-32.7203960047954,-59.39587534235,,
v5_p03,79,General Paz,Corrientes,General Paz,General Paz,flag_sin_match,,,,,,,,
v5_p03,217,General Racedo,Entre Ríos,Diamante,Diamante,flag_variante_bahra,localidades,30021110,General Racedo (El Carmen),Diamante,-31.9791490506092,-60.4056663272969,,General Racedo (El Carmen)/Diamante [30021110]
v5_p03,116,General Urquiza,Misiones,San Ignacio,San Ignacio,auto_ok,localidades-censales,54098040,General Urquiza,San Ignacio,-27.1078314537803,-55.3767110064267,,
v5_p03,176,Gilbert,Entre Ríos,Gualeguaychú,Gualeguaychú | Islas del Ibicuy,auto_ok,localidades-censales,30056060,Gilbert,Gualeguaychú,-32.5303763984718,-58.9331766536362,,
v5_p03,122,Gobernador Gral. López,Misiones,Leandro N. Alem,Leandro N. Alem,flag_sin_match,,,,,,,,
v5_p03,67,Gobernador Ingeniero Valentín Virasoro,Corrientes,Santo Tomé,Santo Tomé,flag_variante_bahra,localidades,18168030,Gobernador Igr. Valentín Virasoro,Santo Tomé,-28.0468079831449,-56.0096324855253,,Gobernador Igr. Valentín Virasoro/Santo Tomé [18168030]
v5_p03,89,Gobernador J.E. Martínez,Corrientes,Lavalle,Lavalle,flag_sin_match,,,,,,,,
v5_p03,133,Gobernador Mansilla,Entre Ríos,Tala,Tala,auto_ok,localidades-censales,30091050,Gobernador Mansilla,Tala,-32.5454129208057,-59.3566583488438,,
v5_p03,117,Gobernador Racedo,Entre Ríos,Paraná,Paraná,flag_depto,,30021110,Gobernador Racedo,Diamante,-31.9840164487261,-60.4083912285494,75,Gobernador Racedo/Diamante [30021110]
v5_p03,274,González Calderón,Entre Ríos,Gualeguay,Gualeguay,flag_bahra,asentamientos,30049A11,González Calderón,Gualeguay,-32.9788612705333,-59.4138507821768,,González Calderón/Gualeguay [30049A11]
v5_p03,6,Goya,Corrientes,Goya,Goya,auto_ok,localidades-censales,18070020,Goya,Goya,-29.1400540143783,-59.2599347498526,,
v5_p03,9,Gualeguay,Entre Ríos,Gualeguay,Gualeguay,auto_ok,localidades-censales,30049040,Gualeguay,Gualeguay,-33.1503874522478,-59.310603120472,,
v5_p03,7,Gualeguaychú,Entre Ríos,Gualeguaychú,Gualeguaychú | Islas del Ibicuy,auto_ok,localidades-censales,30056070,Gualeguaychú,Gualeguaychú,-33.0077994760692,-58.5110163879779,,
v5_p03,87,Guaraní,Misiones,Oberá,Oberá,auto_ok,localidades-censales,54091060,Guaraní,Oberá,-27.5234010133262,-55.1576254346616,,
v5_p03,263,Guardamonte,Entre Ríos,Tala,Tala,auto_ok,localidades-censales,30091070,Guardamonte,Tala,-32.08183976454,-59.3058754481716,,
v5_p03,74,Hasenkamp,Entre Ríos,Paraná,Paraná,auto_ok,localidades-censales,30084100,Hasenkamp,Paraná,-31.5121010083248,-59.8353618474677,,
v5_p03,206,Herlitzka,Corrientes,San Luis del Palmar,San Luis del Palmar,flag_bahra,asentamientos,18140A18,Herlitzka,San Luis del Palmar,-27.565836697276,-58.2588843924709,,Herlitzka/San Luis del Palmar [18140A18]
v5_p03,272,Hernándes,Entre Ríos,Nogoyá,Nogoyá,flag_variante,,30077050,Villa Sabá Z. Hernández,Nogoyá,-32.3383012637072,-60.0310402978181,,Villa Sabá Z. Hernández/Nogoyá [30077050]
v5_p03,162,Herrera,Entre Ríos,Uruguay,Uruguay,auto_ok,localidades-censales,30098060,Herrera,Uruguay,-32.4337893423549,-58.6346823568492,,
v5_p04,41,Ibicuy,Entre Ríos,Gualeguaychú,Gualeguaychú | Islas del Ibicuy,auto_ok,localidades-censales,30063030,Ibicuy,Islas del Ibicuy,-33.7423728436113,-59.1576936256755,,
v5_p04,188,Ifrán,Corrientes,Goya,Goya,flag_sin_match,,,,,,,,
v5_p04,53,Iguazú,Misiones,Iguazú,Iguazú,flag_variante,,54063030,Puerto Iguazú,Iguazú,-25.6103493947695,-54.5780652485711,,Puerto Iguazú/Iguazú [54063030]
v5_p04,199,Ingenio 1er. Correntino,Corrientes,San Cosme,San Cosme,flag_sin_match,,,,,,,,
v5_p04,179,Invernada de Itacuararé,Misiones,San Javier,San Javier,flag_variante_bahra,asentamientos,54105A02,Invernada de Itacaruaré,San Javier,-27.7994617981667,-55.2758370908874,,Invernada de Itacaruaré/San Javier [54105A02]
v5_p04,160,Irasusta,Entre Ríos,Gualeguaychú,Gualeguaychú | Islas del Ibicuy,flag_variante,,30056080,Irazusta,Gualeguaychú,-32.9277183608997,-58.9547789341903,,Irazusta/Gualeguaychú [30056080]
v5_p04,181,Isabel Victoria,Corrientes,Goya,Goya,flag_bahra,asentamientos,18070A24,Isabel Victoria,Goya,-29.0918840961324,-59.1107511716342,,Isabel Victoria/Goya [18070A24]
v5_p04,231,Itacuararé,Misiones,San Javier,San Javier,flag_variante,,54105020,Itacaruaré,San Javier,-27.8713651597209,-55.2622323620163,,Itacaruaré/San Javier [54105020]
v5_p04,100,Itá-Ibaté,Corrientes,General Paz,General Paz,auto_ok,localidades-censales,18063010,Itá Ibaté,General Paz,-27.4259538136931,-57.3381154629489,,
v5_p04,82,Itatí,Corrientes,Itatí,Itatí,auto_ok,localidades-censales,18077010,Itatí,Itatí,-27.2691512822798,-58.2426599366837,,
v5_p04,54,Ituzaingó,Corrientes,Ituzaingó,Ituzaingó,auto_ok,localidades-censales,18084020,Ituzaingó,Ituzaingó,-27.5897853862352,-56.6893409962178,,
v5_p04,84,Jardín América,Misiones,San Ignacio,San Ignacio,auto_ok,localidades-censales,54098080,Jardín América,San Ignacio,-27.0429127434598,-55.2271853901146,,
v5_p04,65,Juan B. Arruabarrena,Entre Ríos,Federación,Federación,flag_sin_match,,,,,,,,
v5_p04,283,Juan Jorge,Entre Ríos,Colón,Colón | San Salvador,flag_bahra,asentamientos,30008A21,Juan Jorge,Colón,-32.0021813086159,-58.3036948447174,,Juan Jorge/Colón [30008A21]
v5_p04,187,Juan Pujol,Corrientes,Monte Caseros,Monte Caseros,auto_ok,localidades-censales,18112030,Juan Pujol,Monte Caseros,-30.4193023021885,-57.855873033049,,
v5_p04,211,Jubileo,Entre Ríos,Villaguay,Villaguay | Federal | San Salvador,auto_ok,localidades-censales,30113030,Jubileo,Villaguay,-31.7345556799366,-58.6334911550497,,
v5_p04,213,Labougle,Corrientes,Monte Caseros,Monte Caseros,flag_variante,,18112070,Parada Labougle,Monte Caseros,-30.3161249482281,-57.7296277225159,,Parada Labougle/Monte Caseros [18112070]
v5_p04,209,La Capilla,Entre Ríos,Villaguay,Villaguay | Federal | San Salvador,flag_sin_match,,,,,,,,
v5_p04,241,La Clarita,Entre Ríos,Colón,Colón | San Salvador,auto_ok,localidades-censales,30008060,La Clarita,Colón,-31.9769336964723,-58.3923973508284,,
v5_p04,183,La Criolla,Entre Ríos,Concordia,Concordia | Federal | San Salvador,auto_ok,localidades-censales,30015090,La Criolla,Concordia,-31.2691368009645,-58.1089310774257,,
v5_p04,37,La Cruz,Corrientes,San Martín,San Martín,auto_ok,localidades-censales,18147030,La Cruz,San Martín,-29.1762220198837,-56.6425972833198,,
v5_p04,252,La Esmeralda,Entre Ríos,Feliciano,Feliciano,flag_bahra,asentamientos,30042A07,La Esmeralda,Feliciano,-30.2997411172543,-58.6657921772519,,La Esmeralda/Feliciano [30042A07]
v5_p04,190,Lagunas Bravas,Corrientes,Capital,Capital,flag_variante_bahra,asentamientos,18021030,Laguna Brava,Capital,-27.4933451805509,-58.7182158486991,,Laguna Brava/Capital [18021030]
v5_p04,16,La Paz,Entre Ríos,La Paz,La Paz | Federal,auto_ok,localidades-censales,30070040,La Paz,La Paz,-30.740521947112,-59.644393885775,,
v5_p04,298,La Picada,Entre Ríos,Paraná,Paraná,auto_ok,localidades-censales,30084120,La Picada,Paraná,-31.7249389622552,-60.2976568435573,,
v5_p04,243,Las Mercedes,Entre Ríos,Gualeguaychú,Gualeguaychú | Islas del Ibicuy,flag_bahra,asentamientos,30056A25,Las Mercedes,Gualeguaychú,-33.1631321225529,-58.9009576173835,,Las Mercedes/Gualeguaychú [30056A25]
v5_p04,85,Lavalle,Corrientes,Lavalle,Lavalle,auto_ok,localidades-censales,18091030,Lavalle,Lavalle,-29.0275241000289,-59.187046736639,,
v5_p04,224,Laso,Entre Ríos,Gualeguay,Gualeguay,flag_variante,,30049020,Estación Lazo,Gualeguay,-32.8708141329287,-59.422394427016,,Estación Lazo/Gualeguay [30049020]
v5_p04,32,Leandro N. Alem,Misiones,Leandro N. Alem,Leandro N. Alem,auto_ok,localidades-censales,54070070,Leandro N. Alem,Leandro N. Alem,-27.601867604082,-55.3264659218849,,
v5_p04,205,Leguizamón,Entre Ríos,La Paz,La Paz | Federal,flag_sin_match,,,,,,,,
v5_p04,278,Líbaros,Entre Ríos,Uruguay,Uruguay,auto_ok,localidades-censales,30098080,Líbaros,Uruguay,-32.2619494083956,-58.9071659601967,,
v5_p04,66,Libertad,Misiones,Iguazú,Iguazú,flag_variante,,54063020,Puerto Libertad,Iguazú,-25.9216713372731,-54.5821209872029,,Puerto Libertad/Iguazú [54063020]
v5_p04,98,Libertador,Corrientes,Esquina,Esquina,flag_variante,,18049020,Pueblo Libertador,Esquina,-30.2201139279479,-59.3897947548351,,Pueblo Libertador/Esquina [18049020]
v5_p04,155,Lib. Gral. San Martín,Entre Ríos,Diamante,Diamante,flag_sin_match,,,,,,,,
v5_p04,58,Lib. Gral. San Martín,Misiones,Lib. Gral. San Martín,Libertador General San Martín,flag_sin_match,,,,,,,,
v5_p04,296,Lomas de Galarza,Corrientes,San Luis del Palmar,San Luis del Palmar,flag_bahra,asentamientos,18140A23,Lomas de Galarza,San Luis del Palmar,-27.5069953328203,-58.0638108116043,,Lomas de Galarza/San Luis del Palmar [18140A23]
v5_p04,159,Lomas de Vallejos,Corrientes,General Paz,General Paz,auto_ok,localidades-censales,18063020,Lomas de Vallejos,General Paz,-27.7378502586152,-57.9199188533946,,
v5_p04,140,Loreto,Corrientes,San Miguel,San Miguel,auto_ok,localidades-censales,18154010,Loreto,San Miguel,-27.7683790467699,-57.2752732435481,,
v5_p04,113,Loreto,Misiones,Candelaria,Candelaria,auto_ok,localidades-censales,54021040,Loreto,Candelaria,-27.3317215482661,-55.5244423480171,,
v5_p04,125,Los Conquistadores,Entre Ríos,Federación,Federación,auto_ok,localidades-censales,30028080,Los Conquistadores,Federación,-30.5914119108068,-58.4662590249372,,
v5_p04,135,Los Charrúas,Entre Ríos,Concordia,Concordia | Federal | San Salvador,auto_ok,localidades-censales,30015100,Los Charrúas,Concordia,-31.1694586968404,-58.185561608976,,
v5_p05,106,Los Helechos,Misiones,Oberá,Oberá,auto_ok,localidades-censales,54091070,Los Helechos,Oberá,-27.5531853202103,-55.0778227687919,,
v5_p05,118,Lucas González,Entre Ríos,Nogoyá,Nogoyá,auto_ok,localidades-censales,30077060,Lucas González,Nogoyá,-32.3843555637761,-59.5308861073393,,
v5_p05,50,Maciá,Entre Ríos,Tala,Tala,auto_ok,localidades-censales,30091090,Maciá,Tala,-32.1724479790603,-59.3964115012769,,
v5_p05,304,Machadiño,Misiones,Concepción,Concepción,flag_sin_match,,,,,,,,
v5_p05,146,Malvinas,Corrientes,Esquina,Esquina,flag_variante_bahra,asentamientos,18049A23,Malvinas Centro,Esquina,-29.7160037295994,-59.0168438494942,,Malvinas Centro/Esquina [18049A23]; Malvinas Norte/Esquina [18049A24]; Malvinas Sur/Esquina [18049A25]
v5_p05,195,Manantiales,Corrientes,Mburucuyá,Mburucuyá,flag_bahra,asentamientos,18098A03,Manantiales,Mburucuyá,-27.9503621647796,-58.1245816798762,,Manantiales/Mburucuyá [18098A03]
v5_p05,198,Manuel Belgrano (San Antonio),Misiones,General Belgrano,General Manuel Belgrano,flag_sin_match,,,,,,,,
v5_p05,152,Manuel Derqui,Corrientes,Empedrado,Empedrado,auto_ok,localidades-censales,18042030,Manuel Derqui,Empedrado,-27.8389171986593,-58.7669253994116,,
v5_p05,78,Manuel F. Mantilla,Corrientes,San Roque,San Roque,flag_sin_match,,,,,,,,
v5_p05,45,María Grande,Entre Ríos,Paraná,Paraná,auto_ok,localidades-censales,30084140,María Grande,Paraná,-31.664018007465,-59.9005109392874,,
v5_p05,166,Mártires,Misiones,Candelaria,Candelaria,auto_ok,localidades-censales,54021050,Mártires,Candelaria,-27.4222441322272,-55.3759522776596,,
v5_p05,51,Mburucuyá,Corrientes,Mburucuyá,Mburucuyá,auto_ok,localidades-censales,18098010,Mburucuyá,Mburucuyá,-28.0468429077351,-58.2303593164162,,
v5_p05,182,Médanos,Entre Ríos,Gualeguaychú,Gualeguaychú | Islas del Ibicuy,auto_ok,localidades-censales,30063040,Médanos,Islas del Ibicuy,-33.4360995740998,-59.0675952112197,,
v5_p05,12,Mercedes,Corrientes,Mercedes,Mercedes,auto_ok,localidades-censales,18105030,Mercedes,Mercedes,-29.1846910368628,-58.0735541916475,,
v5_p05,80,Miguel Lanús,Misiones,Capital,Capital,flag_sin_match,,,,,,,,
v5_p05,291,Miñones,Entre Ríos,Federación,Federación,flag_sin_match,,,,,,,,
v5_p05,130,Mocoretá,Corrientes,Monte Caseros,Monte Caseros,auto_ok,localidades-censales,18112040,Mocoretá,Monte Caseros,-30.6207608708096,-57.9665261524719,,
v5_p05,107,Mojón Grande,Misiones,San Javier,San Javier,auto_ok,localidades-censales,54105030,Mojón Grande,San Javier,-27.7121375449344,-55.1574130779413,,
v5_p05,163,Monteagudo,Misiones,Guaraní,Guaraní,flag_bahra,asentamientos,54056A25,Monteagudo,Guaraní,-27.2772374655999,-54.106088750988,,Monteagudo/Guaraní [54056A25]
v5_p05,75,Montecarlo,Misiones,Montecarlo,Montecarlo,auto_ok,localidades-censales,54084030,Montecarlo,Montecarlo,-26.5670789374549,-54.7659741700243,,
v5_p05,13,Monte Caseros,Corrientes,Monte Caseros,Monte Caseros,auto_ok,localidades-censales,18112050,Monte Caseros,Monte Caseros,-30.2494439483332,-57.6295519288751,,
v5_p05,18,Nogoyá,Entre Ríos,Nogoyá,Nogoyá,auto_ok,localidades-censales,30077070,Nogoyá,Nogoyá,-32.3989675162063,-59.7877060128571,,
v5_p05,221,Nueva Vizcaya,Entre Ríos,Concordia,Concordia | Federal | San Salvador,auto_ok,localidades-censales,30035040,Nueva Vizcaya,Federal,-30.9675185118427,-58.6127167068791,,
v5_p05,158,Nueve de Julio,Corrientes,San Roque,San Roque,flag_sin_match,,,,,,,,
v5_p05,139,Nueve de Julio,Misiones,Eldorado,Eldorado,flag_sin_match,,,,,,,,
v5_p05,15,Oberá,Misiones,Oberá,Oberá,auto_ok,localidades-censales,54091080,Oberá,Oberá,-27.4816559378759,-55.1251546931471,,
v5_p05,276,Olegario V. Andrade,Entre Ríos,Tala,Tala,flag_bahra,asentamientos,30091A07,Olegario V. Andrade,Tala,-32.3301507905423,-59.4478493638318,,Olegario V. Andrade/Tala [30091A07]
v5_p05,228,Olegario V. Andrade,Misiones,Leandro N. Alem,Leandro N. Alem,auto_ok,localidades-censales,54070080,Olegario V. Andrade,Leandro N. Alem,-27.5685966691192,-55.5014096213362,,
v5_p05,171,Ombucito,Corrientes,Paso de los Libres,Paso de los Libres,flag_bahra,asentamientos,18119A08,Ombucito,Paso de los Libres,-29.6783410676409,-57.1094483804698,,Ombucito/Paso de los Libres [18119A08]
v5_p05,250,Pago de los Deseos,Corrientes,Saladas,Saladas,auto_ok,localidades-censales,18126005,Pago de los Deseos,Saladas,-28.206920848956,-58.4485212049645,,
v5_p05,184,Palmar Grande,Corrientes,General Paz,General Paz,auto_ok,localidades-censales,18063040,Palmar Grande,General Paz,-27.941254864837,-57.9010959742433,,
v5_p05,244,Paraje San Isidro,Corrientes,Goya,Goya,flag_sin_match,,,,,,,,
v5_p05,1,Paraná,Entre Ríos,Paraná,Paraná,auto_ok,localidades-censales,30084160,Paraná,Paraná,-31.7401482152859,-60.5274658870377,,
v5_p05,147,Paso de la Patria,Corrientes,San Cosme,San Cosme,auto_ok,localidades-censales,18133020,Paso de la Patria,San Cosme,-27.3173344521563,-58.5725957618413,,
v5_p05,11,Paso de los Libres,Corrientes,Paso de los Libres,Paso de los Libres,auto_ok,localidades-censales,18119030,Paso de los Libres,Paso de los Libres,-29.7137052636623,-57.0854492590885,,
v5_p05,293,Paso Florentín,Corrientes,General Paz,General Paz,flag_bahra,asentamientos,18063A19,Paso Florentín,General Paz,-27.7439838582137,-57.7762791857114,,Paso Florentín/General Paz [18063A19]
v5_p05,301,Pastor Britos,Entre Ríos,Gualeguaychú,Gualeguaychú | Islas del Ibicuy,auto_ok,localidades-censales,30056095,Pastor Britos,Gualeguaychú,-32.770192716382,-58.9063633690677,,
v5_p05,279,Pedernal,Entre Ríos,Concordia,Concordia | Federal | San Salvador,auto_ok,localidades-censales,30015130,Pedernal,Concordia,-31.6718187058958,-58.2305637401007,,
v5_p05,221,Perugorría,Corrientes,Curuzú Cuatiá,Curuzú Cuatiá,auto_ok,localidades-censales,18035030,Perugorría,Curuzú Cuatiá,-29.3404796154785,-58.6080890462901,,
v5_p05,275,Piloto Avila,Entre Ríos,La Paz,La Paz | Federal,flag_sin_match,,,,,,,,
v5_p06,197,Playadito,Corrientes,Ituzaingó,Ituzaingó,flag_bahra,asentamientos,18084A14,Playadito,Ituzaingó,-27.8850216371962,-55.9205136132049,,Playadito/Ituzaingó [18084A14]
v5_p06,3,Posadas,Misiones,Capital,Capital,auto_ok,localidades-censales,54028030,Posadas,Capital,-27.3896545260435,-55.9193081767805,,
v5_p06,281,Primero de Mayo,Entre Ríos,Uruguay,Uruguay,flag_sin_match,,,,,,,,
v5_p06,288,Profundidad,Misiones,Candelaria,Candelaria,auto_ok,localidades-censales,54021060,Profundidad,Candelaria,-27.5617679512775,-55.7047304122086,,
v5_p06,174,Pronunciamiento,Entre Ríos,Uruguay,Uruguay,auto_ok,localidades-censales,30098100,Pronunciamiento,Uruguay,-32.3460261033735,-58.4441600473682,,
v5_p06,218,Pueblo Bellock,Entre Ríos,Paraná,Paraná,flag_variante_bahra,localidades,30084170,Pueblo Bellocq (Las Garzas),Paraná,-31.4274268735175,-59.7444932615042,,Pueblo Bellocq (Las Garzas)/Paraná [30084170]
v5_p06,149,Pueblo Brugo,Entre Ríos,Paraná,Paraná,auto_ok,localidades-censales,30084180,Pueblo Brugo,Paraná,-31.3863988777525,-60.093625174701,,
v5_p06,260,Pueblo Cazés,Entre Ríos,Colón,Colón | San Salvador,auto_ok,localidades-censales,30008070,Pueblo Cazes,Colón,-32.0038042104608,-58.4946183715295,,
v5_p06,302,Pueblo Moreno,Entre Ríos,Paraná,Paraná,flag_bahra,localidades,3008405002,Pueblo Moreno,Paraná,-31.5870037147946,-60.0601610854207,,Pueblo Moreno/Paraná [3008405002]
v5_p06,202,Pueblo San Martín (Pto. Curtiembre),Entre Ríos,Paraná,Paraná,flag_sin_match,,,,,,,,
v5_p06,96,Puerto Esperanza,Misiones,Iguazú,Iguazú,auto_ok,localidades-censales,54063010,Puerto Esperanza,Iguazú,-26.0232970897792,-54.6125092333468,,
v5_p06,115,Puerto Gisela,Misiones,San Ignacio,San Ignacio,flag_sin_match,,,,,,,,
v5_p06,229,Puerto Leoni,Misiones,Lib. Gral. San Martín,Libertador General San Martín,auto_ok,localidades-censales,54077050,Puerto Leoni,Libertador General San Martín,-26.9866562921186,-55.1656581816894,,
v5_p06,254,Puerto Londero,Misiones,25 de Mayo,25 de Mayo,flag_bahra,asentamientos,54119A25,Puerto Londero,25 de Mayo,-27.4013046135912,-54.4062347647295,,Puerto Londero/25 de Mayo [54119A25]
v5_p06,167,Puerto Naranjito,Misiones,San Ignacio,San Ignacio,flag_sin_match,,,,,,,,
v5_p06,112,Puerto Panambí,Misiones,Oberá,Oberá,flag_sin_match,,,,,,,,
v5_p06,69,Puerto Piray,Misiones,Montecarlo,Montecarlo,auto_ok,localidades-censales,54084050,Puerto Piray,Montecarlo,-26.467494823767,-54.7136760762691,,
v5_p06,237,Puerto Rosario,Misiones,San Javier,San Javier,flag_bahra,asentamientos,54105A08,Puerto Rosario,San Javier,-27.7803335510705,-55.0132772248262,,Puerto Rosario/San Javier [54105A08]
v5_p06,200,Puerto Victoria,Misiones,Eldorado,Eldorado,flag_bahra,asentamientos,54042A10,Puerto Victoria,Eldorado,-26.3348930167741,-54.6623989859535,,Puerto Victoria/Eldorado [54042A10]
v5_p06,238,Puerto Yeruá,Entre Ríos,Concordia,Concordia | Federal | San Salvador,auto_ok,localidades-censales,30015140,Puerto Yeruá,Concordia,-31.531277300336,-58.0152614191179,,
v5_p06,269,Puiggari,Entre Ríos,Diamante,Diamante,flag_variante_bahra,localidades,3002115001,Estación Puiggari,Diamante,-32.0558292988722,-60.4468862677802,,Estación Puiggari/Diamante [3002115001]
v5_p06,227,Punta Grande,Corrientes,Mburucuyá,Mburucuyá,flag_bahra,asentamientos,18098A06,Punta Grande,Mburucuyá,-27.9851019042157,-57.9692774968381,,Punta Grande/Mburucuyá [18098A06]
v5_p06,225,Raíces,Entre Ríos,Villaguay,Villaguay | Federal | San Salvador,flag_bahra,asentamientos,30113A35,Raíces,Villaguay,-31.936272008379,-59.1468814696929,,Raíces/Villaguay [30113A35]
v5_p06,178,Ramada Paso,Corrientes,Itatí,Itatí,auto_ok,localidades-censales,18077020,Ramada Paso,Itatí,-27.3657902305638,-58.3009329056366,,
v5_p06,268,Rocamora,Entre Ríos,Uruguay,Uruguay,auto_ok,localidades-censales,30098110,Rocamora,Uruguay,-32.3459729612346,-58.9697454142681,,
v5_p06,24,Rosario del Tala,Entre Ríos,Tala,Tala,auto_ok,localidades-censales,30091100,Rosario del Tala,Tala,-32.3007080375293,-59.1391268333633,,
v5_p06,83,Ruiz de Montoya,Misiones,Lib. Gral. San Martín,Libertador General San Martín,auto_ok,localidades-censales,54077070,Ruiz de Montoya,Libertador General San Martín,-26.9686775169937,-55.0531836438413,,
v5_p06,259,Saenz Valiente,Corrientes,Monte Caseros,Monte Caseros,flag_bahra,asentamientos,18112A15,Sáenz Valiente,Monte Caseros,-30.4935890017032,-57.9121882206851,,Sáenz Valiente/Monte Caseros [18112A15]
v5_p06,33,Saladas,Corrientes,Saladas,Saladas,auto_ok,localidades-censales,18126010,Saladas,Saladas,-28.2550066373231,-58.6238010038908,,
v5_p06,251,San Antonio,Corrientes,Paso de los Libres,Paso de los Libres,flag_depto,,18084030,San Antonio,Ituzaingó,-27.5081806789089,-56.7451431635408,194,San Antonio/Ituzaingó [18084030]
v5_p06,212,San Benito,Entre Ríos,Paraná,Paraná,auto_ok,localidades-censales,30084200,San Benito,Paraná,-31.7841021416871,-60.4400997545846,,
v5_p06,72,San Carlos,Corrientes,Ituzaingó,Ituzaingó,auto_ok,localidades-censales,18084040,San Carlos,Ituzaingó,-27.7436028583098,-55.8984482565897,,
v5_p06,216,San Cosme,Corrientes,San Cosme,San Cosme,auto_ok,localidades-censales,18133030,San Cosme,San Cosme,-27.3704565631032,-58.5125628246898,,
v5_p06,249,San Gustavo,Entre Ríos,La Paz,La Paz | Federal,auto_ok,localidades-censales,30070070,San Gustavo,La Paz,-30.6898309147696,-59.3943904810517,,
v5_p06,63,San Ignacio,Misiones,San Ignacio,San Ignacio,auto_ok,localidades-censales,54098110,San Ignacio,San Ignacio,-27.2589094530703,-55.5389619816315,,
v5_p06,64,San Javier,Misiones,San Javier,San Javier,auto_ok,localidades-censales,54105040,San Javier,San Javier,-27.8739593776522,-55.1348261115772,,
v5_p06,59,San José,Entre Ríos,Colón,Colón | San Salvador,auto_ok,localidades-censales,30008090,San José,Colón,-32.2123864907891,-58.2192455459153,,
v5_p06,49,San José,Misiones,Apóstoles,Apóstoles,auto_ok,localidades-censales,54007060,San José,Apóstoles,-27.7699110394343,-55.7801900450216,,
v5_p06,36,San José de Feliciano,Entre Ríos,Feliciano,Feliciano,auto_ok,localidades-censales,30042010,San José de Feliciano,Feliciano,-30.3852713114912,-58.7515719602207,,
v5_p06,265,San Justo,Entre Ríos,Uruguay,Uruguay,auto_ok,localidades-censales,30098140,San Justo,Uruguay,-32.4457923102043,-58.4354378735766,,
v5_p07,157,San Lorenzo,Corrientes,Saladas,Saladas,auto_ok,localidades-censales,18126020,San Lorenzo,Saladas,-28.1381174437351,-58.7682379524762,,
v5_p07,40,San Luis del Palmar,Corrientes,San Luis del Palmar,San Luis del Palmar,auto_ok,localidades-censales,18140010,San Luis del Palmar,San Luis del Palmar,-27.5076840184884,-58.5561670039427,,
v5_p07,104,San Miguel,Corrientes,San Miguel,San Miguel,auto_ok,localidades-censales,18154020,San Miguel,San Miguel,-27.9983708281182,-57.5873642908768,,
v5_p07,123,San Pedro,Misiones,San Pedro,San Pedro,auto_ok,localidades-censales,54112040,San Pedro,San Pedro,-26.6182122255176,-54.1069833782709,,
v5_p07,44,San Roque,Corrientes,San Roque,San Roque,auto_ok,localidades-censales,18161050,San Roque,San Roque,-28.5709360361921,-58.7120001317255,,
v5_p07,253,San Salvador,Corrientes,Paso de los Libres,Paso de los Libres,flag_bahra,asentamientos,18119A16,San Salvador,Paso de los Libres,-29.2971404564595,-57.5028749683898,,San Salvador/Paso de los Libres [18119A16]
v5_p07,62,San Salvador,Entre Ríos,Colón,Colón | San Salvador,auto_ok,localidades-censales,30088020,San Salvador,San Salvador,-31.6249640771687,-58.5050922148022,,
v5_p07,166,Santa Ana,Entre Ríos,Federación,Federación,auto_ok,localidades-censales,30028110,Santa Ana,Federación,-30.8993888156018,-57.9310371982537,,
v5_p07,170,Santa Ana,Corrientes,San Cosme,San Cosme,flag_bahra,localidades,18133040,Santa Ana,San Cosme,-27.4553549984351,-58.6547603461789,,Santa Ana/San Cosme [18133040]
v5_p07,61,Santa Ana,Misiones,Candelaria,Candelaria,auto_ok,localidades-censales,54021080,Santa Ana,Candelaria,-27.3671212837411,-55.5805568560225,,
v5_p07,137,Santa Anita,Entre Ríos,Uruguay,Uruguay,auto_ok,localidades-censales,30098120,Santa Anita,Uruguay,-32.1739484747773,-58.7853802575715,,
v5_p07,22,Santa Elena,Entre Ríos,La Paz,La Paz | Federal,auto_ok,localidades-censales,30070080,Santa Elena,La Paz,-30.9443547387691,-59.789139983902,,
v5_p07,43,Santa Lucía,Corrientes,Lavalle,Lavalle,auto_ok,localidades-censales,18091040,Santa Lucí­a,Lavalle,-28.9898407899337,-59.1007451261779,,
v5_p07,287,Santa María,Misiones,Concepción,Concepción,auto_ok,localidades-censales,54035040,Santa María,Concepción,-27.9343139234329,-55.4073159157129,,
v5_p07,180,Santa Rita,Misiones,25 de Mayo,25 de Mayo,auto_ok,localidades-censales,54119050,Santa Rita,25 de Mayo,-27.5221485142567,-54.7279316051995,,
v5_p07,247,Santa Rosa,Corrientes,Concepción,Concepción,auto_ok,localidades-censales,18028020,Santa Rosa,Concepción,-28.2680868713846,-58.1234019644531,,
v5_p07,103,Santiago de Liniers,Misiones,Eldorado,Eldorado,auto_ok,localidades-censales,54042080,Santiago de Liniers,Eldorado,-26.4001631953587,-54.414989345203,,
v5_p07,151,Santo Pipó,Misiones,San Ignacio,San Ignacio,auto_ok,localidades-censales,54098120,Santo Pipó,San Ignacio,-27.1397087164631,-55.4088515633144,,
v5_p07,19,Santo Tomé,Corrientes,Santo Tomé,Santo Tomé,auto_ok,localidades-censales,18168040,Santo Tomé,Santo Tomé,-28.5498356647059,-56.0348089391963,,
v5_p07,39,Sauce,Corrientes,Sauce,Sauce,auto_ok,localidades-censales,18175010,Sauce,Sauce,-30.0855330833892,-58.7872794742331,,
v5_p07,215,Sauce de Luna,Entre Ríos,Villaguay,Villaguay | Federal | San Salvador,auto_ok,localidades-censales,30035050,Sauce de Luna,Federal,-31.2395714738407,-59.2175279801479,,
v5_p07,264,Sauce Pintos,Entre Ríos,Paraná,Paraná,flag_variante,,30084220,Sauce Pinto,Paraná,-31.8419552431235,-60.3742809456584,,Sauce Pinto/Paraná [30084220]
v5_p07,60,Seguí,Entre Ríos,Paraná,Paraná,auto_ok,localidades-censales,30084230,Seguí,Paraná,-31.9543484327364,-60.1256573206267,,
v5_p07,235,Solá,Entre Ríos,Tala,Tala,flag_variante,,30091060,Gobernador Sola,Tala,-32.3376610192522,-59.3707828918805,,Gobernador Sola/Tala [30091060]
v5_p07,81,Solari,Corrientes,Mercedes,Mercedes,flag_variante,,18105020,Mariano I. Loza (Est. Justino Solari),Mercedes,-29.3768834155803,-58.1922345409078,,Mariano I. Loza (Est. Justino Solari)/Mercedes [18105020]
v5_p07,223,Sosa,Entre Ríos,Paraná,Paraná,flag_bahra,localidades,30084240,Sosa,Paraná,-31.7362332979389,-59.9111358895149,,Sosa/Paraná [30084240]
v5_p07,99,Strobel,Entre Ríos,Diamante,Diamante,flag_bahra,localidades,3002108002,Strobel,Diamante,-32.0537739076169,-60.6124866224263,,Strobel/Diamante [3002108002]
v5_p07,194,Tabay,Corrientes,Concepción,Concepción,flag_ambiguo,,18028030,Tabay,Concepción,-28.3059555967353,-58.2849376179277,,Tabay/Concepción [18028030]; Tabay/Concepción [18028031]
v5_p07,168,Tabossi,Entre Ríos,Paraná,Paraná,auto_ok,localidades-censales,30084250,Tabossi,Paraná,-31.8016595915134,-59.9359664208682,,
v5_p07,269,Tacuaral,Corrientes,General Paz,General Paz,flag_variante_bahra,asentamientos,18063A09,El Tacuaral,General Paz,-27.8819255766123,-57.8151649934816,,El Tacuaral/General Paz [18063A09]
v5_p07,236,Tapebicuá,Corrientes,Paso de los Libres,Paso de los Libres,auto_ok,localidades-censales,18119040,Tapebicuá,Paso de los Libres,-29.5068130266836,-56.9748936099626,,
v5_p07,208,Torrent,Corrientes,General Alvear,General Alvear,flag_variante,,18056020,Estación Torrent,General Alvear,-28.8266239157245,-56.469525963544,,Estación Torrent/General Alvear [18056020]
v5_p07,256,Tres Bocas,Entre Ríos,Gualeguay,Gualeguay,flag_bahra,asentamientos,30049A20,Tres Bocas,Gualeguay,-32.7147651726175,-59.687101967318,,Tres Bocas/Gualeguay [30049A20]
v5_p07,144,Tres Capones,Misiones,Apóstoles,Apóstoles,auto_ok,localidades-censales,54007070,Tres Capones,Apóstoles,-28.0051240662244,-55.6084089497349,,
v5_p07,229,Ubajay,Entre Ríos,Colón,Colón | San Salvador,auto_ok,localidades-censales,30008100,Ubajay,Colón,-31.7951213474696,-58.3150995327938,,
v5_p07,38,Urdinarrain,Entre Ríos,Gualeguaychú,Gualeguaychú | Islas del Ibicuy,auto_ok,localidades-censales,30056110,Urdinarrain,Gualeguaychú,-32.6910117820167,-58.8885731658132,,
v5_p07,172,Valle María,Entre Ríos,Diamante,Diamante,flag_variante,,30021060,Aldea Valle María,Diamante,-31.9900014558382,-60.5877966456679,,Aldea Valle María/Diamante [30021060]
v5_p07,271,Veinte de Setiembre,Entre Ríos,Nogoyá,Nogoyá,flag_sin_match,,,,,,,,
v5_p07,134,Veinticinco de Mayo,Misiones,25 de Mayo,25 de Mayo,flag_sin_match,,,,,,,,
v5_p07,34,Viale,Entre Ríos,Paraná,Paraná,auto_ok,localidades-censales,30084270,Viale,Paraná,-31.8720593251427,-60.0130011564653,,
v5_p07,10,Victoria,Entre Ríos,Victoria,Victoria,auto_ok,localidades-censales,30105060,Victoria,Victoria,-32.6216044197654,-60.1579573674909,,
v5_p08,86,Villa Clara,Entre Ríos,Villaguay,Villaguay | Federal | San Salvador,auto_ok,localidades-censales,30113060,Villa Clara,Villaguay,-31.8297915862536,-58.8217143620408,,
v5_p08,108,Villa del Rosario,Entre Ríos,Federación,Federación,auto_ok,localidades-censales,30028120,Villa del Rosario,Federación,-30.7956527187632,-57.9146710561802,,
v5_p08,128,Villa Domínguez,Entre Ríos,Villaguay,Villaguay | Federal | San Salvador,auto_ok,localidades-censales,30113070,Villa Domínguez,Villaguay,-31.9864105128266,-58.9612830111695,,
v5_p08,48,Villa Elisa,Entre Ríos,Colón,Colón | San Salvador,auto_ok,localidades-censales,30008110,Villa Elisa,Colón,-32.1632035651651,-58.4005615055877,,
v5_p08,29,Villa Federal,Entre Ríos,Concordia,Concordia | Federal | San Salvador,flag_sin_match,,,,,,,,
v5_p08,42,Villa General Ramírez,Entre Ríos,Diamante,Diamante,flag_sin_match,,,,,,,,
v5_p08,14,Villaguay,Entre Ríos,Villaguay,Villaguay | Federal | San Salvador,auto_ok,localidades-censales,30113080,Villaguay,Villaguay,-31.8676581221417,-59.0269579259716,,
v5_p08,46,Villa Hernandarias,Entre Ríos,Paraná,Paraná,flag_sin_match,,,,,,,,
v5_p08,68,Villa Larroque,Entre Ríos,Gualeguaychú,Gualeguaychú | Islas del Ibicuy,flag_sin_match,,,,,,,,
v5_p08,127,Villa Mantero,Entre Ríos,Uruguay,Uruguay,auto_ok,localidades-censales,30098130,Villa Mantero,Uruguay,-32.3983549428075,-58.7460259370488,,
v5_p08,111,Villa Piedras Blancas,Entre Ríos,La Paz,La Paz | Federal,flag_sin_match,,,,,,,,
v5_p08,196,Villa San Marcial (Gob. Urquiza),Entre Ríos,Uruguay,Uruguay,flag_sin_match,,,,,,,,
v5_p08,292,Villa Urquiza,Entre Ríos,Paraná,Paraná,auto_ok,localidades-censales,30084300,Villa Urquiza,Paraná,-31.6495132416052,-60.3770287404082,,
v5_p08,132,Villa Zorraquín,Entre Ríos,Concordia,Concordia | Federal | San Salvador,flag_bahra,localidades,3001506007,Villa Zorraquín,Concordia,-31.3218570608507,-58.0144861434651,,Villa Zorraquín/Concordia [3001506007]
v5_p08,102,Wanda,Misiones,Iguazú,Iguazú,flag_variante,,54063040,Colonia Wanda,Iguazú,-25.9709539153813,-54.5733991077849,,Colonia Wanda/Iguazú [54063040]
v5_p08,173,Yabebiry,Misiones,Oberá,Oberá,flag_sin_match,,,,,,,,
v5_p08,90,Yapeyú,Corrientes,San Martín,San Martín,auto_ok,localidades-censales,18147040,Yapeyú,San Martín,-29.4708597211682,-56.8151122925108,,
v5_p08,150,Yataití Calle,Corrientes,Lavalle,Lavalle,flag_variante_bahra,localidades,18091060,Yatayti Calle,Lavalle,-29.0283125663823,-58.912232686265,,Yatayti Calle/Lavalle [18091060]
v5_p08,294,Yeruá,Entre Ríos,Concordia,Concordia | Federal | San Salvador,flag_variante,,30015080,Estación Yeruá,Concordia,-31.4699348966268,-58.263392648927,,Estación Yeruá/Concordia [30015080]; Puerto Yeruá/Concordia [30015140]
v5_p08,254,Yofré,Corrientes,Mercedes,Mercedes,flag_variante,,18105010,Felipe Yofré,Mercedes,-29.1067777466503,-58.3397146599802,,Felipe Yofré/Mercedes [18105010]
v5_p08,142,Yuquerí,Entre Ríos,Concordia,Concordia | Federal | San Salvador,flag_variante,,30015007,Barrio Yuquerí Chico,Concordia,-31.4383537894022,-58.121644356277,,Barrio Yuquerí Chico/Concordia [30015007]; Estacion Yuquerí/Concordia [30015083]
v6_p01,260,Abra Grande,Santiago del Estero,Banda,Banda,auto_ok,localidades-censales,86035010,Abra Grande,Banda,-27.2917296295208,-64.3796541683835,,
v6_p01,183,Aerolito,Santiago del Estero,Moreno,Moreno,auto_ok,localidades-censales,86119010,Aerolito,Moreno,-27.2352328989137,-62.3780611313854,,
v6_p01,278,Agustina Libarona,Santiago del Estero,Alberdi,Alberdi,auto_ok,localidades-censales,86014005,Agustina Libarona,Alberdi,-26.7808191658903,-62.7141614144104,,
v6_p01,240,Alhuampa,Santiago del Estero,Moreno,Moreno,auto_ok,localidades-censales,86119020,Alhuampa,Moreno,-27.129459153798,-62.5439916263768,,
v6_p01,264,Alto Alegre,Formosa,Patiño,Patiño,flag_bahra,asentamientos,34035A00,Alto Alegre,Patiño,-25.5636351618033,-59.8461261798846,,Alto Alegre/Patiño [34035A00]
v6_p01,284,Amamá,Santiago del Estero,Moreno,Moreno,auto_ok,localidades-censales,86119021,Amamá,Moreno,-27.210910673092,-63.0403263369089,,
v6_p01,9,Añatuya,Santiago del Estero,General Taboada,General Taboada,auto_ok,localidades-censales,86077010,Añatuya,General Taboada,-28.4681606745454,-62.828577812151,,
v6_p01,228,Ardiles,Santiago del Estero,Banda,Banda,auto_ok,localidades-censales,86035030,Ardiles,Banda,-27.4120472228663,-64.4994743693448,,
v6_p01,263,Argentina,Santiago del Estero,Aguirre,Aguirre,auto_ok,localidades-censales,86007010,Argentina,Aguirre,-29.5353301449301,-62.2659045068242,,
v6_p01,157,Arraga,Santiago del Estero,Silípica,Silípica,auto_ok,localidades-censales,86189010,Árraga,Silípica,-28.0508660614576,-64.2207973334225,,
v6_p01,217,Averías,Santiago del Estero,General Taboada,General Taboada,auto_ok,localidades-censales,86077020,Averías,General Taboada,-28.7453477427306,-62.4491378549721,,
v6_p01,118,Avia Terai,Chaco,Independencia,Independencia,auto_ok,localidades-censales,22070010,Avia Terai,Independencia,-26.6866302360758,-60.7280237170649,,
v6_p01,272,Baez,Santiago del Estero,Ojo de Agua,Ojo de Agua,flag_bahra,asentamientos,86126A03,Báez,Ojo de Agua,-29.5289722274892,-63.5448211944892,,Báez/Ojo de Agua [86126A03]
v6_p01,41,Bandera,Santiago del Estero,Belgrano,Belgrano,auto_ok,localidades-censales,86042010,Bandera,Belgrano,-28.8879782322763,-62.2689484038015,,
v6_p01,110,Bandera Bajada,Santiago del Estero,Figueroa,Figueroa,auto_ok,localidades-censales,86070010,Bandera Bajada,Figueroa,-27.2732853460545,-63.5132053094316,,
v6_p01,243,Barrancas,Santiago del Estero,Salavina,Salavina,flag_bahra,asentamientos,86168A02,Barrancas,Salavina,-28.6756112264808,-63.5529937968019,,Barrancas/Salavina [86168A02]
v6_p01,5,Barranqueras,Chaco,San Fernando,San Fernando,auto_ok,localidades-censales,22140010,Barranqueras,San Fernando,-27.4851410438736,-58.9307386803528,,
v6_p01,244,Barrialito,Santiago del Estero,Río Hondo,Río Hondo,flag_bahra,asentamientos,86147A08,Barrialito,Río Hondo,-27.625582131393,-64.7876615425825,,Barrialito/Río Hondo [86147A08]
v6_p01,92,Bartolomé de las Casas,Formosa,Patiño,Patiño,auto_ok,localidades-censales,34035010,Bartolomé De Las Casas,Patiño,-25.4077186121969,-59.5699380524043,,
v6_p01,137,Basail,Chaco,San Fernando,San Fernando,auto_ok,localidades-censales,22140020,Basail,San Fernando,-27.8876340464106,-59.281481296324,,
v6_p01,204,Belgrano,Santiago del Estero,Quebrachos,Quebrachos,flag_bahra,asentamientos,86140A01,Belgrano,Quebrachos,-29.3272622926934,-63.606582544775,,Belgrano/Quebrachos [86140A01]
v6_p01,77,Beltrán,Santiago del Estero,Robles,Robles,auto_ok,localidades-censales,86161010,Beltrán,Robles,-27.8315913828113,-64.061379252439,,
v6_p01,82,Benítez,Chaco,Primero de Mayo,1° de Mayo,flag_variante,,22126020,Colonia Benítez,1° de Mayo,-27.3294924523259,-58.950150069528,,Colonia Benítez/1° de Mayo [22126020]
v6_p01,280,Bobadal,Santiago del Estero,Jiménez,Jiménez,flag_variante,,86091010,El Bobadal,Jiménez,-26.7227436263042,-64.3972251639006,,El Bobadal/Jiménez [86091010]
v6_p01,119,Brea Pozo,Santiago del Estero,San Martín,San Martín,auto_ok,localidades-censales,86175010,Brea Pozo,San Martín,-28.2392276251855,-63.9478066526017,,
v6_p01,68,Buena Vista,Formosa,Pilagás,Pilagás,auto_ok,localidades-censales,34042010,Buena Vista,Pilagás,-25.0708712641758,-58.3852867624135,,
v6_p01,38,Campo Gallo,Santiago del Estero,Alberdi,Alberdi,auto_ok,localidades-censales,86014010,Campo Gallo,Alberdi,-26.5838922640244,-62.847059741302,,
v6_p01,39,Campo Largo,Chaco,Independencia,Independencia,auto_ok,localidades-censales,22070020,Campo Largo,Independencia,-26.8003147091469,-60.8390586054565,,
v6_p01,117,Capitán Solari,Chaco,Sargento Cabral,Sargento Cabral,auto_ok,localidades-censales,22154010,Capitán Solari,Sargento Cabral,-26.8024243089719,-59.5570906721112,,
v6_p01,215,Cardozo,Santiago del Estero,Capital,Capital,flag_variante,,86049040,Los Cardozos,Capital,-27.9144309676421,-64.1763697210584,,Los Cardozos/Capital [86049040]
v6_p01,227,Casares,Santiago del Estero,Aguirre,Aguirre,auto_ok,localidades-censales,86007020,Casares,Aguirre,-28.9474579789217,-62.8011736281991,,
v6_p01,23,Castelli,Chaco,General Güemes,General Güemes,flag_variante,,22063060,Juan José Castelli,General Güemes,-25.9465772969756,-60.6200644824646,,Juan José Castelli/General Güemes [22063060]
v6_p01,238,Cejolao,Santiago del Estero,Moreno,Moreno,auto_ok,localidades-censales,86119023,Cejolao,Moreno,-27.4900476504036,-62.3069114306432,,
v6_p01,18,Clodomira,Santiago del Estero,Banda,Banda,auto_ok,localidades-censales,86035060,Clodomira,Banda,-27.5773937043563,-64.1323743149226,,
v6_p01,160,Clodomiro Díaz,Chaco,Mayor Luis J. Fontana,Mayor Luis J. Fontana,flag_sin_match,,,,,,,,
v6_p01,10,Clorinda,Formosa,Pilcomayo,Pilcomayo,auto_ok,localidades-censales,34049010,Clorinda,Pilcomayo,-25.2899901602299,-57.7125306364674,,
v6_p01,141,Colonia Baranda,Chaco,San Fernando,San Fernando,auto_ok,localidades-censales,22140030,Colonia Baranda,San Fernando,-27.5602434955858,-59.3086077892986,,
v6_p01,35,Colonia Dora,Santiago del Estero,Avellaneda,Avellaneda,auto_ok,localidades-censales,86028010,Colonia Dora,Avellaneda,-28.6070091420334,-62.9512578594993,,
v6_p01,86,Colonia Elisa,Chaco,Sargento Cabral,Sargento Cabral,auto_ok,localidades-censales,22154020,Colonia Elisa,Sargento Cabral,-26.9316375315028,-59.5187845996427,,
v6_p01,100,Colonia José Mármol,Chaco,Independencia,Independencia,auto_ok,localidades-censales,22070025,Colonia José Mármol,Independencia,-26.9948571935278,-60.6787014068595,,
v6_p01,91,Colonias Unidas,Chaco,Sargento Cabral,Sargento Cabral,auto_ok,localidades-censales,22154030,Colonias Unidas,Sargento Cabral,-26.7000971775462,-59.6277421824927,,
v6_p02,42,Colonia Villafañe,Formosa,Pirané,Pirané,flag_variante_bahra,localidades,34056010,Colonia Campo Villafañe,Pirané,-26.2046868834935,-59.0800251843289,,Colonia Campo Villafañe/Pirané [34056010]
v6_p02,271,Ciervo Petizo,Chaco,Lib. Gral. San Martín,Libertador General San Martín,flag_variante,,22084010,Ciervo Petiso,Libertador General San Martín,-26.5801110462735,-59.6301081584153,,Ciervo Petiso/Libertador General San Martín [22084010]
v6_p02,54,Comandante Fontana,Formosa,Patiño,Patiño,auto_ok,localidades-censales,34035030,Comandante Fontana,Patiño,-25.3349317351938,-59.682680694039,,
v6_p02,103,Concepción del Bermejo,Chaco,Almirante Brown,Almirante Brown,auto_ok,localidades-censales,22007010,Concepción del Bermejo,Almirante Brown,-26.6003438620293,-60.9462313149704,,
v6_p02,81,Coronel Du Graty,Chaco,Mayor Luis J. Fontana,Mayor Luis J. Fontana,auto_ok,localidades-censales,22098010,Coronel Du Graty,Mayor Luis J. Fontana,-27.682202677676,-60.9043865219532,,
v6_p02,239,Coronel Manuel L. Rico,Santiago del Estero,Alberdi,Alberdi,auto_ok,localidades-censales,86014020,Coronel Manuel L. Rico,Alberdi,-26.3846674874595,-61.8107052367049,,
v6_p02,29,Corzuela,Chaco,General Belgrano,General Belgrano,auto_ok,localidades-censales,22049010,Corzuela,General Belgrano,-26.9513288524294,-60.9704032587996,,
v6_p02,105,Cote Lai,Chaco,Tapenagá,Tapenagá,auto_ok,localidades-censales,22161020,Cote Lai,Tapenagá,-27.5273902294027,-59.5742552227616,,
v6_p02,46,Charadai,Chaco,Tapenagá,Tapenagá,auto_ok,localidades-censales,22161010,Charadai,Tapenagá,-27.6546764193099,-59.8622280073209,,
v6_p02,11,Charata,Chaco,Chacabuco,Chacabuco,auto_ok,localidades-censales,22028010,Charata,Chacabuco,-27.2179386747259,-61.1873622447366,,
v6_p02,248,Chaupi Pozo,Santiago del Estero,Banda,Banda,auto_ok,localidades-censales,86035050,Chaupi Pozo,Banda,-27.5078974442944,-64.4205545283454,,
v6_p02,200,Chilca Juliana,Santiago del Estero,Salavina,Salavina,auto_ok,localidades-censales,86168010,Chilca Juliana,Salavina,-28.7968980969989,-63.5752300049233,,
v6_p02,147,Chorotis,Chaco,Fray J. Sta. María de Oro,Fray Justo Santa María de Oro | 2 de Abril,auto_ok,localidades-censales,22043010,Chorotis,Fray Justo Santa María de Oro,-27.914650291346,-61.4014331674583,,
v6_p02,127,Choya,Santiago del Estero,Choya,Choya,auto_ok,localidades-censales,86063020,Choya,Choya,-28.4960132575887,-64.8563207304741,,
v6_p02,184,Desvío Bruchard,Formosa,Patiño,Patiño,flag_sin_match,,,,,,,,
v6_p02,128,Donadeu,Santiago del Estero,Alberdi,Alberdi,auto_ok,localidades-censales,86014030,Donadeu,Alberdi,-26.7223439985146,-62.7221472850988,,
v6_p02,230,Doña Luisa,Santiago del Estero,Guasayán,Guasayán,auto_ok,localidades-censales,86084004,Doña Luisa,Guasayán,-27.7455993944813,-64.725134567359,,
v6_p02,133,El Caburé,Santiago del Estero,Copo,Copo,auto_ok,localidades-censales,86056010,El Caburé,Copo,-26.017195977304,-62.3350801900081,,
v6_p02,242,El Cajón,Santiago del Estero,Ojo de Agua,Ojo de Agua,flag_sin_match,,,,,,,,
v6_p02,199,El Charco,Santiago del Estero,Jiménez,Jiménez,auto_ok,localidades-censales,86091020,El Charco,Jiménez,-27.230110492442,-64.701323418806,,
v6_p02,206,El Chorro,Formosa,Ramón Lista,Ramón Lista,flag_sin_match,,,,,,,,
v6_p02,26,El Colorado,Formosa,Pirané,Pirané,auto_ok,localidades-censales,34056020,El Colorado,Pirané,-26.3089554872666,-59.3722926663958,,
v6_p02,162,El Malacara,Santiago del Estero,General Taboada,General Taboada,flag_sin_match,,,,,,,,
v6_p02,249,El Mojón,Santiago del Estero,Pellegrini,Pellegrini,auto_ok,localidades-censales,86133010,El Mojón,Pellegrini,-26.0927408741742,-64.3093807235426,,
v6_p02,213,El Negrito,Santiago del Estero,Figueroa,Figueroa,flag_bahra,asentamientos,86070A10,El Negrito,Figueroa,-27.3445755595329,-63.2520086226798,,El Negrito/Figueroa [86070A10]
v6_p02,237,El Pértigo,Santiago del Estero,Moreno,Moreno,flag_bahra,asentamientos,86119A15,El Pértigo,Moreno,-27.304324497761,-62.7367089496367,,El Pértigo/Moreno [86119A15]
v6_p02,201,El Pintado,Chaco,General Güemes,General Güemes,flag_bahra,asentamientos,22063A47,El Pintado,General Güemes,-24.6254814359824,-61.4220530489615,,El Pintado/General Güemes [22063A47]
v6_p02,94,Enrique Urien,Chaco,Mayor Luis J. Fontana,Mayor Luis J. Fontana,auto_ok,localidades-censales,22098020,Enrique Urien,Mayor Luis J. Fontana,-27.5563253186692,-60.526104132201,,
v6_p02,84,Espinillo,Formosa,Pilagás,Pilagás,flag_variante,,34042020,El Espinillo,Pilagás,-24.9813609061919,-58.552681979334,,El Espinillo/Pilagás [34042020]
v6_p02,149,Estación Atamisqui,Santiago del Estero,Atamisqui,Atamisqui,auto_ok,localidades-censales,86021010,Estación Atamisqui,Atamisqui,-28.4926115700981,-63.9366813224129,,
v6_p02,171,Estación Los Tigres,Santiago del Estero,Copo,Copo,flag_sin_match,,,,,,,,
v6_p02,143,Estación Medellín,Santiago del Estero,Atamisqui,Atamisqui,flag_sin_match,,,,,,,,
v6_p02,66,Estanislao del Campo,Formosa,Patiño,Patiño,auto_ok,localidades-censales,34035050,Estanislao Del Campo,Patiño,-25.0536394072231,-60.09069128362,,
v6_p02,167,Esteros,Santiago del Estero,Figueroa,Figueroa,flag_sin_match,,,,,,,,Santiago del Estero/Capital [86049110]
v6_p02,30,Fernández,Santiago del Estero,Robles,Robles,auto_ok,localidades-censales,86161030,Fernández,Robles,-27.9252710523337,-63.8946713939065,,
v6_p02,49,Fontana,Chaco,San Fernando,San Fernando,auto_ok,localidades-censales,22140040,Fontana,San Fernando,-27.416282851657,-59.0341054119791,,
v6_p02,3,Formosa,Formosa,Formosa,Formosa,auto_ok,localidades-censales,34014020,Formosa,Formosa,-26.1852113386808,-58.1743535107885,,
v6_p02,62,Forres,Santiago del Estero,Robles,Robles,flag_variante,,86161040,Forres (Est. Chaguar Punco),Robles,-27.8789592614758,-63.9804252326013,,Forres (Est. Chaguar Punco)/Robles [86161040]
v6_p02,214,Fortín Aguilar,Chaco,Presidencia de la Plaza,Presidencia de la Plaza,flag_bahra,asentamientos,22119A09,Fortín Aguilar,Presidencia de la Plaza,-27.0727591381788,-59.6484603510921,,Fortín Aguilar/Presidencia de la Plaza [22119A09]
v6_p02,275,Fortín Cardoso,Chaco,Libertad,Libertad,flag_bahra,asentamientos,22077A03,Fortín Cardoso,Libertad,-27.4090145566153,-59.2338517252411,,Fortín Cardoso/Libertad [22077A03]
v6_p03,8,Frías,Santiago del Estero,Choya,Choya,auto_ok,localidades-censales,86063040,Frí­as,Choya,-28.6369810928448,-65.1333947023733,,
v6_p03,67,Frontera,Formosa,Pilcomayo,Pilcomayo,flag_bahra,asentamientos,34049A11,Frontera,Pilcomayo,-25.386638555108,-58.1762051694928,,Frontera/Pilcomayo [34049A11]
v6_p03,125,Gancedo,Chaco,Doce de Octubre,12 de Octubre | 2 de Abril,auto_ok,localidades-censales,22036010,Gancedo,12 de Octubre,-27.4908351834337,-61.6764890060821,,
v6_p03,139,Garza,Santiago del Estero,Sarmiento,Sarmiento,auto_ok,localidades-censales,86182010,Garza,Sarmiento,-28.1531551603023,-63.5391540301825,,
v6_p03,166,General Capdevila,Chaco,Doce de Octubre,12 de Octubre | 2 de Abril,auto_ok,localidades-censales,22036020,General Capdevila,12 de Octubre,-27.4225615391701,-61.4761153101308,,
v6_p03,14,Gral. José de San Martín,Chaco,Lib. Gral. San Martín,Libertador General San Martín,flag_variante,,22084020,General José de San Martín,Libertador General San Martín,-26.5363784114274,-59.3413345136953,,General José de San Martín/Libertador General San Martín [22084020]
v6_p03,22,General Pinedo,Chaco,Doce de Octubre,12 de Octubre | 2 de Abril,auto_ok,localidades-censales,22036030,General Pinedo,12 de Octubre,-27.3253864789587,-61.2809974659165,,
v6_p03,115,General Vedia,Chaco,Bermejo,Bermejo,auto_ok,localidades-censales,22014010,General Vedia,Bermejo,-26.937434596583,-58.6611608813647,,
v6_p03,159,Girardet,Santiago del Estero,Moreno,Moreno,flag_bahra,asentamientos,86119A20,Girardet,Moreno,-27.6197497621466,-62.167053899937,,Girardet/Moreno [86119A20]
v6_p03,112,Gramilla,Santiago del Estero,Jiménez,Jiménez,auto_ok,localidades-censales,86091040,Gramilla,Jiménez,-27.2971935237082,-64.61075364749,,
v6_p03,170,Granadero Gatica,Santiago del Estero,Moreno,Moreno,auto_ok,localidades-censales,86119025,Granadero Gatica,Moreno,-26.8705673991835,-62.7154791979333,,
v6_p03,79,Gran Guardia,Formosa,Formosa,Formosa,auto_ok,localidades-censales,34014030,Gran Guardia,Formosa,-25.8626397866932,-58.8849099802217,,
v6_p03,134,Guardia Escolta,Santiago del Estero,Belgrano,Belgrano,auto_ok,localidades-censales,86042040,Guardia Escolta,Belgrano,-28.9882475755387,-62.1267396460211,,
v6_p03,247,Haase,Santiago del Estero,Moreno,Moreno,flag_variante,,86119030,Hasse,Moreno,-27.0688214579147,-62.6439267601326,,Hasse/Moreno [86119030]
v6_p03,188,Haumonia,Chaco,Tapenagá,Tapenagá,auto_ok,localidades-censales,22161030,Haumonia,Tapenagá,-27.5064767996317,-60.1786363468964,,
v6_p03,56,Herradura,Formosa,Laishí,Laishi,auto_ok,localidades-censales,34021030,Herradura,Laishi,-26.4898536727735,-58.3117339831591,,
v6_p03,55,Herrera,Santiago del Estero,Avellaneda,Avellaneda,auto_ok,localidades-censales,86028020,Herrera,Avellaneda,-28.4861650390016,-63.0706318628775,,
v6_p03,113,Hermoso Campo,Chaco,Doce de Octubre,12 de Octubre | 2 de Abril,auto_ok,localidades-censales,22039010,Hermoso Campo,2 de Abril,-27.6100434060016,-61.3441005350185,,
v6_p03,169,Horquilla,Chaco,Tapenagá,Tapenagá,auto_ok,localidades-censales,22161040,Horquilla,Tapenagá,-27.5406659683784,-59.9557284360732,,
v6_p03,150,Hoyón,Santiago del Estero,Atamisqui,Atamisqui,flag_variante_bahra,asentamientos,86021A07,El Hoyón,Atamisqui,-28.6294638117715,-63.9594266222946,,El Hoyón/Atamisqui [86021A07]
v6_p03,273,Huayamampa,Santiago del Estero,Banda,Banda,flag_variante,,86035070,Huyamampa,Banda,-27.3877114846304,-64.2980122203452,,Huyamampa/Banda [86035070]
v6_p03,20,Ibarreta,Formosa,Patiño,Patiño,auto_ok,localidades-censales,34035080,Ibarreta,Patiño,-25.2102954022707,-59.8546982294831,,
v6_p03,44,Icaño,Santiago del Estero,Avellaneda,Avellaneda,auto_ok,localidades-censales,86028030,Icaño,Avellaneda,-28.6840366606972,-62.8824152815601,,
v6_p03,221,Ingeniero Barbet,Chaco,Sargento Cabral,Sargento Cabral,auto_ok,localidades-censales,22154040,Ingeniero Barbet,Sargento Cabral,-27.002470847776,-59.4837563501856,,
v6_p03,258,Ingeniero Ezcurra,Santiago del Estero,Capital,Capital,flag_bahra,asentamientos,86049A06,Ingeniero Ezcurra,Capital,-27.9757547983503,-64.2392355051877,,Ingeniero Ezcurra/Capital [86049A06]
v6_p03,76,Ingeniero Juárez,Formosa,Matacos,Matacos,flag_variante,,34028010,Ingeniero Guillermo N Juárez,Matacos,-23.8904225993021,-61.8503390437511,,Ingeniero Guillermo N Juárez/Matacos [34028010]
v6_p03,255,Isca Yacu,Santiago del Estero,Jiménez,Jiménez,auto_ok,localidades-censales,86091050,Isca Yacu,Jiménez,-27.0290543254471,-64.6115611334455,,
v6_p03,158,Itín,Chaco,Doce de Octubre,12 de Octubre | 2 de Abril,auto_ok,localidades-censales,22039020,Itín,2 de Abril,-27.4860191000958,-61.3234568653772,,
v6_p03,189,Juan G. Bazán,Formosa,Patiño,Patiño,auto_ok,localidades-censales,34035090,Juan G Bazán,Patiño,-24.5435081473279,-60.832871805885,,
v6_p03,185,Jumial Grande,Santiago del Estero,Figueroa,Figueroa,flag_bahra,asentamientos,86070A17,Jumial Grande,Figueroa,-27.4341615501946,-63.3568006272882,,Jumial Grande/Figueroa [86070A17]
v6_p03,132,Km. 100 Nav. Río Bermejo,Formosa,Laishí,Laishi,flag_sin_match,,,,,,,,
v6_p03,223,Kilómetro 213,Formosa,Pirané,Pirané,flag_variante,,34056050,Villa Kilómetro 213,Pirané,-26.1871527832502,-59.3670536705115,,Villa Kilómetro 213/Pirané [34056050]
v6_p03,154,La Aurora,Santiago del Estero,Banda,Banda,auto_ok,localidades-censales,86035080,La Aurora,Banda,-27.4949684600493,-64.2311486192115,,
v6_p03,4,La Banda,Santiago del Estero,Banda,Banda,auto_ok,localidades-censales,86035090,La Banda,Banda,-27.7356718460822,-64.2434924087851,,
v6_p03,245,La Brea,Santiago del Estero,Figueroa,Figueroa,flag_sin_match,,,,,,,,Brea Pozo/San Martín [86175010]
v6_p03,172,La Cañada,Santiago del Estero,Figueroa,Figueroa,auto_ok,localidades-censales,86070060,La Cañada,Figueroa,-27.7092910715234,-63.7730275154476,,
v6_p03,73,La Clotilde,Chaco,Cap. Gral. O'Higgins,O'Higgins,auto_ok,localidades-censales,22112010,La Clotilde,O'Higgins,-27.177405693677,-60.6325567926889,,
v6_p03,123,La Eduvigis,Chaco,Lib. Gral. San Martín,Libertador General San Martín,auto_ok,localidades-censales,22084030,La Eduvigis,Libertador General San Martín,-26.8364294379226,-59.0623224306712,,
v6_p03,40,La Escondida,Chaco,General Donovan,General Donovan,auto_ok,localidades-censales,22056010,La Escondida,General Donovan,-27.1053416229531,-59.4464169465153,,
v6_p03,135,La Fragua,Santiago del Estero,Pellegrini,Pellegrini,auto_ok,localidades-censales,86133017,La Fragua,Pellegrini,-26.0748480442459,-64.3402001448058,,
v6_p03,236,Laguna Blanca,Chaco,Libertad,Libertad,auto_ok,localidades-censales,22077030,Laguna Blanca,Libertad,-27.2563975612533,-59.2334344828909,,
v6_p04,59,Laguna Blanca,Formosa,Pilcomayo,Pilcomayo,auto_ok,localidades-censales,34049020,Laguna Blanca,Pilcomayo,-25.1317332450578,-58.2468519080472,,
v6_p04,83,Laguna Limpia,Chaco,Lib. Gral. San Martín,Libertador General San Martín,auto_ok,localidades-censales,22084040,Laguna Limpia,Libertador General San Martín,-26.4958321614368,-59.680343558583,,
v6_p04,80,Laguna Naineck,Formosa,Pilcomayo,Pilcomayo,flag_sin_match,,,,,,,,
v6_p04,121,Laguna Yema,Formosa,Bermejo,Bermejo,auto_ok,localidades-censales,34007010,Laguna Yema,Bermejo,-24.2517934446266,-61.2431037225675,,
v6_p04,65,La Isla,Santiago del Estero,Banda,Banda,flag_sin_match,,,,,,,,Isca Yacu/Jiménez [86091050]; Isca Yacu Semaul/Jiménez [86091060]
v6_p04,36,La Leonesa,Chaco,Bermejo,Bermejo,auto_ok,localidades-censales,22014030,La Leonesa,Bermejo,-27.0396595347066,-58.7075928906015,,
v6_p04,144,Lapachito,Chaco,General Donovan,General Donovan,auto_ok,localidades-censales,22056030,Lapachito,General Donovan,-27.1593746893781,-59.3854571479353,,
v6_p04,129,Laprida,Santiago del Estero,Choya,Choya,auto_ok,localidades-censales,86063050,Laprida,Choya,-28.3780494513568,-64.5297100832606,,
v6_p04,195,La Sabana,Chaco,Tapenagá,Tapenagá,auto_ok,localidades-censales,22161050,La Sabana,Tapenagá,-27.8723510962038,-59.937596533296,,
v6_p04,282,Las Abras,Santiago del Estero,Mitre,Mitre,flag_bahra,asentamientos,86112A09,Las Abras,Mitre,-29.2278496826154,-62.9093905557024,,Las Abras/Mitre [86112A09]
v6_p04,13,Las Breñas,Chaco,Nueve de Julio,9 de Julio,auto_ok,localidades-censales,22105010,Las Breñas,9 de Julio,-27.0864334060278,-61.0858298672252,,
v6_p04,64,Las Garcitas,Chaco,Sargento Cabral,Sargento Cabral,auto_ok,localidades-censales,22154050,Las Garcitas,Sargento Cabral,-26.6181251382533,-59.7991420764381,,
v6_p04,60,Las Lomitas,Formosa,Patiño,Patiño,auto_ok,localidades-censales,34035100,Las Lomitas,Patiño,-24.7075299846061,-60.5942717018946,,
v6_p04,27,Las Palmas,Chaco,Bermejo,Bermejo,auto_ok,localidades-censales,22014040,Las Palmas,Bermejo,-27.048880279123,-58.6826372996183,,
v6_p04,12,Las Termas,Santiago del Estero,Río Hondo,Río Hondo,flag_variante,,86147130,Termas de Rí­o Hondo,Río Hondo,-27.508943070716,-64.8504461305867,,Termas de Rí­o Hondo/Río Hondo [86147130]
v6_p04,136,Las Tinajas,Santiago del Estero,Moreno,Moreno,auto_ok,localidades-censales,86119050,Las Tinajas,Moreno,-27.4727061297599,-62.9181904406319,,
v6_p04,190,La Tapa,Santiago del Estero,Figueroa,Figueroa,flag_bahra,asentamientos,86070A27,La Tapa,Figueroa,-27.5266799960603,-63.5615274385172,,La Tapa/Figueroa [86070A27]
v6_p04,108,La Tigra,Chaco,Cap. Gral. O'Higgins,O'Higgins,auto_ok,localidades-censales,22112020,La Tigra,O'Higgins,-27.1095352987589,-60.5873431730066,,
v6_p04,96,Lavalle,Santiago del Estero,Guasayán,Guasayán,auto_ok,localidades-censales,86084010,Lavalle,Guasayán,-28.1944168153345,-65.1064722826183,,
v6_p04,51,La Verde,Chaco,General Donovan,General Donovan,auto_ok,localidades-censales,22056020,La Verde,General Donovan,-27.1304663133689,-59.3763021575274,,
v6_p04,283,La Vicuña,Chaco,Tapenagá,Tapenagá,flag_bahra,asentamientos,22161A05,La Vicuña,Tapenagá,-27.9770656650565,-59.9768179526467,,La Vicuña/Tapenagá [22161A05]
v6_p04,192,Lilo Viejo,Santiago del Estero,Moreno,Moreno,auto_ok,localidades-censales,86119070,Lilo Viejo,Moreno,-26.9363074378515,-62.9558347520541,,
v6_p04,176,Los Chiriguanos,Formosa,Bermejo,Bermejo,auto_ok,localidades-censales,34007020,Los Chiriguanos,Bermejo,-24.0990836042588,-61.464562674337,,
v6_p04,87,Los Frentones,Chaco,Almirante Brown,Almirante Brown,auto_ok,localidades-censales,22007020,Los Frentones,Almirante Brown,-26.4070227010107,-61.4128959164321,,
v6_p04,45,Los Juríes,Santiago del Estero,General Taboada,General Taboada,auto_ok,localidades-censales,86077050,Los Juríes,General Taboada,-28.4630103442399,-62.1105167581767,,
v6_p04,212,Los Linares,Santiago del Estero,General Taboada,General Taboada,flag_bahra,asentamientos,86077A10,Los Linares,General Taboada,-28.3661954658021,-62.5478853619288,,Los Linares/General Taboada [86077A10]
v6_p04,151,Los Matacos,Formosa,Pirané,Pirané,auto_ok,localidades-censales,34056025,Los Matacos,Pirané,-25.4966681637339,-59.4406885440636,,
v6_p04,198,Los Núñez,Santiago del Estero,Río Hondo,Río Hondo,auto_ok,localidades-censales,86147080,Los Nuñez,Río Hondo,-27.534238080479,-64.5288434669149,,
v6_p04,104,Los Telares,Santiago del Estero,Salavina,Salavina,auto_ok,localidades-censales,86168020,Los Telares,Salavina,-28.9849837071246,-63.4505586458905,,
v6_p04,138,Lugones,Santiago del Estero,Avellaneda,Avellaneda,auto_ok,localidades-censales,86028040,Lugones,Avellaneda,-28.3360737696377,-63.3392559343359,,
v6_p04,270,Llajta Mauca,Santiago del Estero,Matará,Juan Felipe Ibarra,flag_bahra,asentamientos,86098A23,Llajta Mauca,Juan Felipe Ibarra,-28.1940052906057,-63.0819881458265,,Llajta Mauca/Juan Felipe Ibarra [86098A23]
v6_p04,17,Machagai,Chaco,Veinticinco de Mayo,25 de Mayo,auto_ok,localidades-censales,22168020,Machagai,25 de Mayo,-26.9261609472508,-60.048417268159,,
v6_p04,222,Mailín,Santiago del Estero,Avellaneda,Avellaneda,flag_variante,,86028060,Villa Mailín,Avellaneda,-28.4825578181861,-63.2760385392362,,Villa Mailín/Avellaneda [86028060]
v6_p04,78,Makalle,Chaco,General Donovan,General Donovan,auto_ok,localidades-censales,22056040,Makallé,General Donovan,-27.2057219943655,-59.2870912835227,,
v6_p04,181,Malbrán,Santiago del Estero,Aguirre,Aguirre,auto_ok,localidades-censales,86007030,Malbrán,Aguirre,-29.3491384090139,-62.441867758277,,
v6_p04,262,Malota,Santiago del Estero,Salavina,Salavina,flag_bahra,asentamientos,86168A19,Malota,Salavina,-28.9800776290107,-63.2643950492107,,Malota/Salavina [86168A19]
v6_p04,197,Mal Paso,Santiago del Estero,Capital,Capital,flag_sin_match,,,,,,,,
v6_p04,52,Margarita Belén,Chaco,Primero de Mayo,1° de Mayo,auto_ok,localidades-censales,22126030,Margarita Belén,1° de Mayo,-27.2590963222991,-58.9704908766766,,
v6_p04,168,Mariano Boedo,Formosa,Formosa,Formosa,auto_ok,localidades-censales,34014040,Mariano Boedo,Formosa,-26.1108617304907,-58.4872123576277,,
v6_p04,175,Matará,Santiago del Estero,Matará,Juan Felipe Ibarra,flag_bahra,localidades,86098030,Matará,Juan Felipe Ibarra,-28.110413912625,-63.1950712509572,,Matará/Juan Felipe Ibarra [86098030]
v6_p04,276,Melero,Santiago del Estero,Matará,Juan Felipe Ibarra,flag_bahra,asentamientos,86098A31,Melero,Juan Felipe Ibarra,-28.2776490078213,-62.9991407715562,,Melero/Juan Felipe Ibarra [86098A31]
v6_p05,120,Mesón de Fierro,Chaco,Doce de Octubre,12 de Octubre | 2 de Abril,auto_ok,localidades-censales,22036040,Mesón de Fierro,12 de Octubre,-27.4305025751148,-61.0166517059775,,
v6_p05,277,Miel de Palo,Santiago del Estero,General Taboada,General Taboada,flag_bahra,asentamientos,86077A16,Miel de Palo,General Taboada,-28.4355953692925,-62.6253992478314,,Miel de Palo/General Taboada [86077A16]
v6_p05,152,Misión Fco. Tacaaglé,Formosa,Pilagás,Pilagás,flag_sin_match,,,,,,,,
v6_p05,43,Misión San Fco. de Laishí,Formosa,Laishí,Laishi,flag_sin_match,,,,,,,,
v6_p05,24,Monte Quemado,Santiago del Estero,Copo,Copo,auto_ok,localidades-censales,86056050,Monte Quemado,Copo,-25.7990235892447,-62.8342522938011,,
v6_p05,253,Napalpí,Chaco,Veinticinco de Mayo,25 de Mayo,auto_ok,localidades-censales,22168030,Napalpí,25 de Mayo,-26.9025422471895,-60.1298000062234,,
v6_p05,88,Napenay,Chaco,Independencia,Independencia,auto_ok,localidades-censales,22070040,Napenay,Independencia,-26.7295703738229,-60.6167815032505,,
v6_p05,285,Navarro,Santiago del Estero,Salavina,Salavina,flag_bahra,asentamientos,86168A21,Navarro,Salavina,-29.1809563989512,-63.2159389016191,,Navarro/Salavina [86168A21]
v6_p05,229,Nueva Esperanza,Santiago del Estero,Pellegrini,Pellegrini,auto_ok,localidades-censales,86133030,Nueva Esperanza,Pellegrini,-26.2001289952087,-64.2400561749509,,
v6_p05,90,Nueva Francia,Santiago del Estero,Silípica,Silípica,auto_ok,localidades-censales,86189020,Nueva Francia,Silípica,-28.1737086728009,-64.2000523385403,,
v6_p05,268,Oetling,Chaco,Tapenagá,Tapenagá,flag_bahra,asentamientos,22161A07,Oetling,Tapenagá,-27.4164661563746,-59.9965435786415,,Oetling/Tapenagá [22161A07]
v6_p05,124,Otumpa,Santiago del Estero,Moreno,Moreno,auto_ok,localidades-censales,86119090,Otumpa,Moreno,-27.3286292105423,-62.2270258658222,,
v6_p05,210,Palo Negro,Santiago del Estero,Rivadavia,Rivadavia,auto_ok,localidades-censales,86154020,Palo Negro,Rivadavia,-29.6749618672656,-62.1360325375563,,
v6_p05,97,Palo Santo,Formosa,Pirané,Pirané,auto_ok,localidades-censales,34056030,Palo Santo,Pirané,-25.5645479128885,-59.3377556193149,,
v6_p05,102,Palma Sola,Formosa,Pilcomayo,Pilcomayo,auto_ok,localidades-censales,34049040,Palma Sola,Pilcomayo,-25.2475754477689,-57.9774638680222,,
v6_p05,85,Pampa Almirón,Chaco,Lib. Gral. San Martín,Libertador General San Martín,auto_ok,localidades-censales,22084050,Pampa Almirón,Libertador General San Martín,-26.7011329752218,-59.1240495825845,,
v6_p05,74,Pampa del Indio,Chaco,Lib. Gral. San Martín,Libertador General San Martín,auto_ok,localidades-censales,22084060,Pampa del Indio,Libertador General San Martín,-26.0485038905591,-59.944625442568,,
v6_p05,93,Pampa del Infierno,Chaco,Almirante Brown,Almirante Brown,auto_ok,localidades-censales,22007030,Pampa del Infierno,Almirante Brown,-26.5035996781196,-61.1765964413343,,
v6_p05,47,Pampa de los Guanacos,Santiago del Estero,Copo,Copo,auto_ok,localidades-censales,86056070,Pampa de los Guanacos,Copo,-26.2287120720206,-61.8348386050167,,
v6_p05,209,Pampa Florida,Chaco,Maipú,Maipú,flag_sin_match,,,,,,,,
v6_p05,220,Pampa Grande,Santiago del Estero,Ojo de Agua,Ojo de Agua,flag_bahra,asentamientos,86126A35,Pampa Grande,Ojo de Agua,-29.4553152974865,-63.588189787045,,Pampa Grande/Ojo de Agua [86126A35]
v6_p05,187,Patay,Santiago del Estero,Moreno,Moreno,auto_ok,localidades-censales,86119080,Patay,Moreno,-26.8419870574462,-62.9305372932632,,
v6_p05,34,Pinto,Santiago del Estero,Aguirre,Aguirre,auto_ok,localidades-censales,86007040,Pinto,Aguirre,-29.1416756253918,-62.6546326135552,,
v6_p05,15,Pirané,Formosa,Pirané,Pirané,auto_ok,localidades-censales,34056040,Pirané,Pirané,-25.7283186628239,-59.1063152858795,,
v6_p05,235,Pozo Betbeder,Santiago del Estero,Pellegrini,Pellegrini,auto_ok,localidades-censales,86133040,Pozo Betbeder,Pellegrini,-26.4091652016167,-64.3381663068661,,
v6_p05,205,Pozo del Indio,Chaco,Nueve de Julio,9 de Julio,flag_bahra,asentamientos,22105A34,Pozo del Indio,9 de Julio,-27.0134052435277,-61.0180108931365,,Pozo del Indio/9 de Julio [22105A34]
v6_p05,208,Pozo del Mortero,Formosa,Bermejo,Bermejo,auto_ok,localidades-censales,34007040,Pozo Del Mortero,Bermejo,-24.4035221751094,-61.0330670173473,,
v6_p05,53,Pozo del Tigre,Formosa,Patiño,Patiño,auto_ok,localidades-censales,34035120,Pozo Del Tigre,Patiño,-24.9016325843654,-60.3271554340023,,
v6_p05,252,Pozo Dulce,Santiago del Estero,Belgrano,Belgrano,flag_bahra,asentamientos,86042A05,Pozo Dulce,Belgrano,-29.0668397753025,-62.0296912312225,,Pozo Dulce/Belgrano [86042A05]
v6_p05,130,Pozo Grande,Santiago del Estero,Avellaneda,Avellaneda,flag_sin_match,,,,,,,,
v6_p05,257,Pozo Herrera,Santiago del Estero,General Taboada,General Taboada,flag_bahra,asentamientos,86077A19,Pozo Herrera,General Taboada,-28.3946006628487,-62.3896431251368,,Pozo Herrera/General Taboada [86077A19]
v6_p05,114,Pozo Hondo,Santiago del Estero,Jiménez,Jiménez,auto_ok,localidades-censales,86091070,Pozo Hondo,Jiménez,-27.1671823470725,-64.4908715943449,,
v6_p05,256,Pozuelos,Santiago del Estero,Río Hondo,Río Hondo,auto_ok,localidades-censales,86147100,Pozuelos,Río Hondo,-27.3073253883574,-64.7554434584739,,
v6_p05,19,Presidencia de la Plaza,Chaco,Presidencia de la Plaza,Presidencia de la Plaza,auto_ok,localidades-censales,22119010,Presidencia de la Plaza,Presidencia de la Plaza,-27.0035477732238,-59.8455123440048,,
v6_p05,48,Presidencia Roca,Chaco,Lib. Gral. San Martín,Libertador General San Martín,auto_ok,localidades-censales,22084070,Presidencia Roca,Libertador General San Martín,-26.1438288531758,-59.5950690378842,,
v6_p05,7,Pcia. Roque Saenz Peña,Chaco,Comandante Fernández,Comandante Fernández,flag_sin_match,,,,,,,,
v6_p05,131,Presidente Irigoyen,Formosa,Formosa,Formosa,flag_variante_bahra,asentamientos,34014A04,Colonia Presidente Yrigoyen,Formosa,-26.1751345947764,-58.8525489367214,,Colonia Presidente Yrigoyen/Formosa [34014A04]
v6_p05,61,Puerto Bermejo,Chaco,Bermejo,Bermejo,flag_variante,,22014050,Puerto Bermejo Nuevo,Bermejo,-26.9078092027303,-58.5417957829609,,Puerto Bermejo Nuevo/Bermejo [22014050]; Puerto Bermejo Viejo/Bermejo [22014060]
v6_p05,211,Puerto Las Palmas,Chaco,Bermejo,Bermejo,flag_bahra,asentamientos,22014A20,Puerto Las Palmas,Bermejo,-27.1184993993826,-58.6454035509598,,Puerto Las Palmas/Bermejo [22014A20]
v6_p05,109,Puerto Pilcomayo,Formosa,Pilcomayo,Pilcomayo,auto_ok,localidades-censales,34049050,Puerto Pilcomayo,Pilcomayo,-25.3671021058467,-57.6553837395444,,
v6_p05,75,Puerto Tirol,Chaco,Libertad,Libertad,auto_ok,localidades-censales,22077040,Puerto Tirol,Libertad,-27.3738700870981,-59.0872661660423,,
v6_p06,246,Puna,Santiago del Estero,Moreno,Moreno,flag_sin_match,,,,,,,,Estación La Punta/Choya [86063030]; Villa La Punta/Choya [86063090]
v6_p06,259,Punta Corral,Santiago del Estero,Avellaneda,Avellaneda,flag_bahra,asentamientos,86028A20,Punta Corral,Avellaneda,-28.5199916106874,-63.5246151791118,,Punta Corral/Avellaneda [86028A20]
v6_p06,50,Punta Pora,Formosa,Pilagás,Pilagás,flag_bahra,asentamientos,34042A12,Punta Porá,Pilagás,-25.1899223949744,-58.5242829019142,,Punta Porá/Pilagás [34042A12]
v6_p06,233,Quebracho Coto,Santiago del Estero,Pellegrini,Pellegrini,auto_ok,localidades-censales,86133045,Quebracho Coto,Pellegrini,-26.2871088687735,-64.4628290554866,,
v6_p06,31,Quimilí,Santiago del Estero,Moreno,Moreno,auto_ok,localidades-censales,86119100,Quimili,Moreno,-27.6482076132514,-62.4113527165175,,
v6_p06,16,Quitilipi,Chaco,Quitilipi,Quitilipi,auto_ok,localidades-censales,22133010,Quitilipi,Quitilipi,-26.8708136413865,-60.2152613607188,,
v6_p06,161,Ramírez de Velasco,Santiago del Estero,Quebrachos,Quebrachos,flag_variante,,86140010,Ramí­rez de Velazco,Quebrachos,-29.231847712881,-63.4745186001748,,Ramí­rez de Velazco/Quebrachos [86140010]
v6_p06,218,Rapelli,Santiago del Estero,Pellegrini,Pellegrini,auto_ok,localidades-censales,86133050,Rapelli,Pellegrini,-26.393347300942,-64.5037105229089,,
v6_p06,207,Real Sayana,Santiago del Estero,Avellaneda,Avellaneda,auto_ok,localidades-censales,86028050,Real Sayana,Avellaneda,-28.8146401026213,-62.8432051808825,,
v6_p06,1,Resistencia,Chaco,San Fernando,San Fernando,auto_ok,localidades-censales,22140060,Resistencia,San Fernando,-27.4511053567767,-58.9864521686869,,
v6_p06,57,Riacho He He,Formosa,Pilcomayo,Pilcomayo,auto_ok,localidades-censales,34049060,Riacho He-he,Pilcomayo,-25.361929620544,-58.2756207176973,,
v6_p06,163,Río Muerto,Chaco,Almirante Brown,Almirante Brown,auto_ok,localidades-censales,22007040,Río Muerto,Almirante Brown,-26.3074302737688,-61.654805481363,,
v6_p06,251,Río Tapenagá,Chaco,Tapenagá,Tapenagá,flag_bahra,asentamientos,22161A08,Río Tapenagá,Tapenagá,-27.5644196607931,-59.6592799156581,,Río Tapenagá/Tapenagá [22161A08]
v6_p06,241,Robles,Santiago del Estero,San Martín,San Martín,flag_variante,,86175020,Estación Robles,San Martín,-28.0477479145993,-63.9913280006558,,Estación Robles/San Martín [86175020]
v6_p06,142,Roversi,Santiago del Estero,Moreno,Moreno,auto_ok,localidades-censales,86119110,Roversi,Moreno,-27.5925184782063,-61.9460851236678,,
v6_p06,219,Sabagasta,Santiago del Estero,Salavina,Salavina,flag_bahra,asentamientos,86168A24,Sabagasta,Salavina,-28.6276918633263,-63.4940669155149,,Sabagasta/Salavina [86168A24]
v6_p06,153,Sachayoj,Santiago del Estero,Alberdi,Alberdi,auto_ok,localidades-censales,86014040,Sachayoj,Alberdi,-26.6754188738086,-61.8151105239062,,
v6_p06,71,Samuhú,Chaco,San Lorenzo,San Lorenzo,auto_ok,localidades-censales,22147010,Samuhú,San Lorenzo,-27.5209026821504,-60.3919196467393,,
v6_p06,164,San Antonio de Copo,Santiago del Estero,Avellaneda,Avellaneda,flag_bahra,asentamientos,86028A25,San Antonio de Copo,Avellaneda,-28.3520986663491,-63.158679554311,,San Antonio de Copo/Avellaneda [86028A25]
v6_p06,58,San Bernardo,Chaco,Cap. Gral. O'Higgins,O'Higgins,auto_ok,localidades-censales,22112030,San Bernardo,O'Higgins,-27.28673001349,-60.7128950397943,,
v6_p06,286,San Francisco,Santiago del Estero,Quebrachos,Quebrachos,flag_bahra,asentamientos,86140A37,San Francisco,Quebrachos,-29.418772582077,-63.1705692929631,,San Francisco/Quebrachos [86140A37]
v6_p06,111,San Hilario,Formosa,Formosa,Formosa,auto_ok,localidades-censales,34014060,San Hilario,Formosa,-26.0290081318531,-58.6506375969222,,
v6_p06,216,San José,Santiago del Estero,Avellaneda,Avellaneda,flag_bahra,asentamientos,86028A26,San José,Avellaneda,-28.6297601708017,-63.2153948805264,,San José/Avellaneda [86028A26]
v6_p06,126,San Pedro,Santiago del Estero,Guasayán,Guasayán,auto_ok,localidades-censales,86084020,San Pedro,Guasayán,-27.953867684998,-65.1664215443119,,
v6_p06,267,San Pedro,Santiago del Estero,Matará,Juan Felipe Ibarra,flag_depto,,86049090,San Pedro,Capital,-27.9463558793645,-64.1638901235678,187,San Pedro/Capital [86049090]; San Pedro/Choya [86063070]; San Pedro/Guasayán [86084020]; San Pedro/Jiménez [86091080]
v6_p06,99,San Ramón,Santiago del Estero,Banda,Banda,flag_variante,,86035100,San Ramón - La Dársena,Banda,-27.6993434904197,-64.2871500081568,,San Ramón - La Dársena/Banda [86035100]
v6_p06,225,Santa Catalina,Santiago del Estero,Guasayán,Guasayán,flag_bahra,asentamientos,86084A25,Santa Catalina,Guasayán,-28.127672560287,-64.7829852997368,,Santa Catalina/Guasayán [86084A25]
v6_p06,32,Santa Sylvina,Chaco,Fray J. Sta. María de Oro,Fray Justo Santa María de Oro | 2 de Abril,auto_ok,localidades-censales,22043020,Santa Sylvina,Fray Justo Santa María de Oro,-27.8315989947315,-61.1359971456112,,
v6_p06,2,Santiago del Estero,Santiago del Estero,Capital,Capital,auto_ok,localidades-censales,86049110,Santiago del Estero,Capital,-27.7876388167204,-64.2596955067656,,
v6_p06,194,Santo Domingo,Santiago del Estero,Ojo de Agua,Ojo de Agua,flag_depto,,86133060,Santo Domingo,Pellegrini,-26.2154783161616,-63.7795634199819,343,Santo Domingo/Pellegrini [86133060]
v6_p06,281,Santo Domingo,Santiago del Estero,Pellegrini,Pellegrini,auto_ok,localidades-censales,86133060,Santo Domingo,Pellegrini,-26.2154783161616,-63.7795634199819,,
v6_p06,269,San Vicente,Santiago del Estero,Loreto,Loreto,flag_bahra,asentamientos,86105A22,San Vicente,Loreto,-28.4870768478513,-64.1351252712122,,San Vicente/Loreto [86105A22]
v6_p06,261,San Vicente,Santiago del Estero,Silípica,Silípica,flag_bahra,asentamientos,86189A09,San Vicente,Silípica,-28.2279153853448,-64.1882806056283,,San Vicente/Silípica [86189A09]
v6_p06,101,Selva,Santiago del Estero,Rivadavia,Rivadavia,auto_ok,localidades-censales,86154030,Selva,Rivadavia,-29.7683331093687,-62.0475282023917,,
v6_p06,63,Siete Palmas,Formosa,Pilcomayo,Pilcomayo,auto_ok,localidades-censales,34049080,Siete Palmas,Pilcomayo,-25.2037594870283,-58.3320403861817,,
v6_p06,191,Simbol,Santiago del Estero,Silípica,Silípica,auto_ok,localidades-censales,86189030,Simbol,Silípica,-28.1000725468272,-64.209843128715,,
v6_p06,140,Simbolar,Santiago del Estero,Banda,Banda,auto_ok,localidades-censales,86035130,Simbolar,Banda,-27.6538300286375,-64.193200530443,,
v6_p06,95,Sol de Julio,Santiago del Estero,Ojo de Agua,Ojo de Agua,auto_ok,localidades-censales,86126020,Sol de Julio,Ojo de Agua,-29.565330817345,-63.4572334595518,,
v6_p06,202,Sumamao,Santiago del Estero,Silípica,Silípica,auto_ok,localidades-censales,86189040,Sumamao,Silípica,-28.1692153949693,-64.0988742124369,,
v6_p06,37,Sumampa,Santiago del Estero,Quebrachos,Quebrachos,auto_ok,localidades-censales,86140020,Sumampa,Quebrachos,-29.3811284345401,-63.4745184157704,,
v6_p06,33,Suncho Corral,Santiago del Estero,Matará,Juan Felipe Ibarra,auto_ok,localidades-censales,86098040,Suncho Corral,Juan Felipe Ibarra,-27.9361085560749,-63.4326672925797,,
v6_p07,178,Taboada,Santiago del Estero,San Martín,San Martín,auto_ok,localidades-censales,86175030,Taboada,San Martín,-28.0086188865537,-63.7436150505556,,
v6_p07,107,Tacañitas,Santiago del Estero,General Taboada,General Taboada,auto_ok,localidades-censales,86077030,Tacañitas,General Taboada,-28.6251496744053,-62.6063748163381,,
v6_p07,155,Taco Pozo,Chaco,Almirante Brown,Almirante Brown,auto_ok,localidades-censales,22007050,Taco Pozo,Almirante Brown,-25.6150014024885,-63.2648516839357,,
v6_p07,234,Taco Pozo,Santiago del Estero,Quebrachos,Quebrachos,flag_bahra,asentamientos,86140A42,Taco Pozo,Quebrachos,-29.7302626429254,-63.0657736853365,,Taco Pozo/Quebrachos [86140A42]
v6_p07,203,Tapso,Santiago del Estero,Choya,Choya,auto_ok,localidades-censales,86063080,Tapso,Choya,-28.4026155601291,-65.0913106874636,,
v6_p07,250,Teniente Brown,Formosa,Patiño,Patiño,flag_bahra,asentamientos,34035A86,Teniente Brown,Patiño,-24.8021494966647,-60.4566159576342,,Teniente Brown/Patiño [34035A86]
v6_p07,70,Tintina,Santiago del Estero,Moreno,Moreno,auto_ok,localidades-censales,86119120,Tintina,Moreno,-27.0328700881388,-62.70473490317,,
v6_p07,256,Tipiro,Santiago del Estero,Capital,Capital,flag_bahra,asentamientos,86049A27,Tipiro,Capital,-27.6412458083343,-64.4092936988125,,Tipiro/Capital [86049A27]
v6_p07,279,Tobas,Santiago del Estero,Matará,Juan Felipe Ibarra,flag_bahra,asentamientos,86098A48,Tobas,Juan Felipe Ibarra,-28.1233636552443,-62.6992121888025,,Tobas/Juan Felipe Ibarra [86098A48]
v6_p07,224,Tomás Young,Santiago del Estero,General Taboada,General Taboada,auto_ok,localidades-censales,86077060,Tomás Young,General Taboada,-28.6006176831261,-62.18286994285,,
v6_p07,21,Tres Isletas,Chaco,Maipú,Maipú,auto_ok,localidades-censales,22091010,Tres Isletas,Maipú,-26.3402725518195,-60.4313332814128,,
v6_p07,274,Tres Pozos,Santiago del Estero,General Taboada,General Taboada,flag_bahra,asentamientos,86077A31,Tres Pozos,General Taboada,-28.3947578152437,-62.2646930080433,,Tres Pozos/General Taboada [86077A31]
v6_p07,193,Urutaú,Santiago del Estero,Copo,Copo,auto_ok,localidades-censales,86056090,Urutaú,Copo,-25.7139174807733,-63.0431207290214,,
v6_p07,182,Velaz,Chaco,Bermejo,Bermejo,flag_variante_bahra,asentamientos,22014A04,Colonia Vélaz,Bermejo,-26.6917439315158,-58.65981622428,,Colonia Vélaz/Bermejo [22014A04]
v6_p07,265,Venados Grandes,Chaco,Fray J. Sta. María de Oro,Fray Justo Santa María de Oro | 2 de Abril,auto_ok,localidades-censales,22043030,Venados Grandes,Fray Justo Santa María de Oro,-27.8153384459143,-61.3858781616122,,
v6_p07,180,Vicentini,Chaco,San Fernando,San Fernando,flag_sin_match,,,,,,,,
v6_p07,72,Vilelas,Santiago del Estero,Matará,Juan Felipe Ibarra,auto_ok,localidades-censales,86098050,Vilelas,Juan Felipe Ibarra,-27.9620576201777,-62.6081296424465,,
v6_p07,6,Villa Angela,Chaco,Mayor Luis J. Fontana,Mayor Luis J. Fontana,auto_ok,localidades-censales,22098030,Villa Angela,Mayor Luis J. Fontana,-27.5768609590872,-60.7111358386623,,
v6_p07,98,Villa Atamisqui,Santiago del Estero,Atamisqui,Atamisqui,auto_ok,localidades-censales,86021030,Villa Atamisqui,Atamisqui,-28.4962459589053,-63.817413799372,,
v6_p07,25,Villa Berthet,Chaco,San Lorenzo,San Lorenzo,auto_ok,localidades-censales,22147020,Villa Berthet,San Lorenzo,-27.2939772749616,-60.4111650246404,,
v6_p07,196,Villa Brana,Santiago del Estero,Moreno,Moreno,auto_ok,localidades-censales,86119125,Villa Brana,Moreno,-27.3470131039966,-62.9180439304435,,
v6_p07,122,Villa Escobar Navegación Río Bermejo,Formosa,Laishí,Laishi,flag_sin_match,,,,,,,,
v6_p07,232,Villa Figueroa,Santiago del Estero,Figueroa,Figueroa,auto_ok,localidades-censales,86070100,Villa Figueroa,Figueroa,-27.7210732873827,-63.5066101281458,,
v6_p07,266,Villa Guasayán,Santiago del Estero,Guasayán,Guasayán,auto_ok,localidades-censales,86084030,Villa Guasayán,Guasayán,-27.8848346386321,-64.8516246609894,,
v6_p07,173,Villa Jiménez,Santiago del Estero,Río Hondo,Río Hondo,flag_variante,,86147140,Villa Giménez,Río Hondo,-27.5717355548092,-64.4771394271041,,Villa Giménez/Río Hondo [86147140]
v6_p07,165,Villa La Punta,Santiago del Estero,Choya,Choya,auto_ok,localidades-censales,86063090,Villa La Punta,Choya,-28.3696820139552,-64.7948769452482,,
v6_p07,254,Villa Matoque,Santiago del Estero,Copo,Copo,flag_bahra,asentamientos,86056A71,Villa Matoque,Copo,-25.8320827104097,-63.7944890160395,,Villa Matoque/Copo [86056A71]
v6_p07,231,Villa Nueva,Santiago del Estero,San Martín,San Martín,auto_ok,localidades-censales,86175040,Villa Nueva,San Martín,-28.3016406315517,-64.0299154464099,,
v6_p07,69,Villa Ojo de Agua,Santiago del Estero,Ojo de Agua,Ojo de Agua,auto_ok,localidades-censales,86126030,Villa Ojo de Agua,Ojo de Agua,-29.5026655219891,-63.6948154735414,,
v6_p07,145,Villa Robles,Santiago del Estero,Robles,Robles,auto_ok,localidades-censales,86161048,Villa Robles,Robles,-27.9183106228177,-64.1106499668725,,
v6_p07,106,Villa Salavina,Santiago del Estero,Salavina,Salavina,auto_ok,localidades-censales,86168030,Villa Salavina,Salavina,-28.8042977863653,-63.4296712720784,,
v6_p07,28,Villa San Martín,Santiago del Estero,Loreto,Loreto,flag_variante,,86105010,Villa San Martí­n (Est. Loreto),Loreto,-28.3008660325566,-64.1841071808748,,Villa San Martí­n (Est. Loreto)/Loreto [86105010]
v6_p07,174,Villa Silípica,Santiago del Estero,Silípica,Silípica,auto_ok,localidades-censales,86189050,Villa Silí­pica,Silípica,-28.1092651697295,-64.1464655132768,,
v6_p07,146,Villa Unión,Santiago del Estero,Mitre,Mitre,auto_ok,localidades-censales,86112010,Villa Unión,Mitre,-29.4135231041315,-62.7903956530041,,
v6_p07,179,Vilmer,Santiago del Estero,Robles,Robles,auto_ok,localidades-censales,86161050,Vilmer,Robles,-27.7860474325585,-64.1503568005197,,
v6_p07,226,Vinará,Santiago del Estero,Río Hondo,Río Hondo,auto_ok,localidades-censales,86147170,Vinara,Río Hondo,-27.3799436347555,-64.7946969449808,,
v6_p07,177,Vuelta de la Barranca,Santiago del Estero,Capital,Capital,auto_ok,localidades-censales,86049120,Vuelta de la Barranca,Capital,-27.8944766267581,-64.1979606183017,,
v6_p07,116,Weisburd,Santiago del Estero,Moreno,Moreno,auto_ok,localidades-censales,86119130,Weisburd,Moreno,-27.318758575952,-62.5851039102445,,
v6_p07,89,Zanjón,Santiago del Estero,Capital,Capital,flag_variante,,86049030,Villa Zanjón,Capital,-27.8801622520391,-64.2426746819345,,Villa Zanjón/Capital [86049030]
v6_p07,156,Zaparinqui,Chaco,General Güemes,General Güemes,auto_ok,localidades-censales,22063120,Zaparinqui,General Güemes,-26.0657643036421,-60.5619475669185,,
v7_p01,376,Abdón Castro Tolay,Jujuy,Cochinoca,Cochinoca,flag_bahra,asentamientos,38007010,Abdón Castro Tolay,Cochinoca,-23.3426413718663,-66.089744997888,,Abdón Castro Tolay/Cochinoca [38007010]
v7_p01,107,Abra Pampa,Jujuy,Cochinoca,Cochinoca,auto_ok,localidades-censales,38007020,Abra Pampa,Cochinoca,-22.7226837735871,-65.697061815766,,
v7_p01,216,Acambuco,Salta,Gral. J. de San Martín,General José de San Martín,flag_bahra,asentamientos,66056A00,Acambuco,General José de San Martín,-22.1659015780915,-63.9105395487973,,Acambuco/General José de San Martín [66056A00]
v7_p01,64,Acheral,Tucumán,Monteros,Monteros | Simoca,auto_ok,localidades-censales,90070010,Acheral,Monteros,-27.12072050474,-65.4705647177524,,
v7_p01,302,Adolfo E. Carranza,Catamarca,Capayán,Capayán,flag_bahra,asentamientos,10042010,Adolfo E. Carranza,Capayán,-29.0258932194616,-66.0035235986031,,Adolfo E. Carranza/Capayán [10042010]
v7_p01,334,Agua Blanca,Salta,Orán,Orán,flag_variante,,66126010,Aguas Blancas,Orán,-22.7350881128123,-64.3552072427665,,Aguas Blancas/Orán [66126010]
v7_p01,146,Agua Dulce,Tucumán,Leales,Leales,flag_bahra,asentamientos,90056A01,Agua Dulce,Leales,-27.0552293833391,-65.0321020485202,,Agua Dulce/Leales [90056A01]
v7_p01,34,Aguaray,Salta,Gral. J. de San Martín,General José de San Martín,auto_ok,localidades-censales,66056010,Aguaray,General José de San Martín,-22.2448749242844,-63.7353428239361,,
v7_p01,362,Agunyo,La Rioja,General San Martín,General San Martín,flag_variante_bahra,asentamientos,46091A01,Aguayo,General San Martín,-31.6905535230927,-65.8873290589864,,Aguayo/General San Martín [46091A01]
v7_p01,17,Aguilares,Tucumán,Río Chico,Río Chico | Juan Bautista Alberdi | Simoca,auto_ok,localidades-censales,90077010,Aguilares,Río Chico,-27.4314587255842,-65.614642664612,,
v7_p01,55,Aimogasta,La Rioja,Arauco,Arauco,auto_ok,localidades-censales,46007010,Aimogasta,Arauco,-28.5537029309805,-66.8134861152964,,
v7_p01,97,Alderetes,Tucumán,Cruz Alta,Cruz Alta,auto_ok,localidades-censales,90014010,Alderetes,Cruz Alta,-26.8202909448057,-65.1434178672606,,
v7_p01,412,Alemania,Salta,Guachipas,Guachipas,auto_ok,localidades-censales,66063003,Alemanía,Guachipas,-25.6247269277373,-65.6126276681117,,
v7_p01,238,Alijilán,Catamarca,Santa Rosa,Santa Rosa,auto_ok,localidades-censales,10098010,Alijilán,Santa Rosa,-28.176244459377,-65.4927230531622,,
v7_p01,323,Almirante Brown,Salta,Rosario de la Frontera,Rosario de la Frontera,auto_ok,localidades-censales,66140005,Almirante Brown,Rosario de la Frontera,-25.8961576285683,-64.7653254452947,,
v7_p01,139,Alpachiri,Tucumán,Chicligasta,Chicligasta | Simoca,auto_ok,localidades-censales,90021010,Alpachiri,Chicligasta,-27.3358411895456,-65.7573982905812,,
v7_p01,315,Alpasinche,La Rioja,San Blas de los Sauces,San Blas de Los Sauces,flag_bahra,localidades,4611901001,Alpasinche,San Blas de Los Sauces,-28.321596561294,-67.053908677707,,Alpasinche/San Blas de Los Sauces [4611901001]
v7_p01,387,Alto de la Sierra,Salta,Rivadavia,Rivadavia,auto_ok,localidades-censales,66133010,Alto de la Sierra,Rivadavia,-22.7403036530061,-62.4977961233708,,
v7_p01,80,Alto Verde,Tucumán,Chicligasta,Chicligasta | Simoca,auto_ok,localidades-censales,90021020,Alto Verde,Chicligasta,-27.3793992485609,-65.6079258666538,,
v7_p01,212,Amaichá del Valle,Tucumán,Tafí,Tafí del Valle | Tafí Viejo | Yerba Buena,auto_ok,localidades-censales,90098010,Amaicha del Valle,Tafí del Valle,-26.5937240500164,-65.9200695796332,,
v7_p01,375,Ambil,La Rioja,General Ocampo,General Ortiz de Ocampo,auto_ok,localidades-censales,46084010,Ambil,General Ortiz de Ocampo,-31.1295198406896,-66.3439073842251,,
v7_p01,263,Aminga,La Rioja,Castro Barros,Castro Barros,auto_ok,localidades-censales,46021010,Aminga,Castro Barros,-28.8476819528689,-66.9305129445686,,
v7_p01,377,Ampascachi,Salta,La Viña,La Viña,auto_ok,localidades-censales,66098010,Ampascachi,La Viña,-25.3523602195855,-65.5276323236594,,
v7_p01,401,Ancasti,Catamarca,Ancasti,Ancasti,auto_ok,localidades-censales,10014010,Ancasti,Ancasti,-28.8124907509088,-65.499736680361,,
v7_p01,46,Andalgalá,Catamarca,Andalgalá,Andalgalá,auto_ok,localidades-censales,10021020,Andalgalá,Andalgalá,-27.5901594446266,-66.3212501175486,,
v7_p01,242,Angastaco,Salta,San Carlos,San Carlos,auto_ok,localidades-censales,66154010,Angastaco,San Carlos,-25.6909064600605,-66.1670201924145,,
v7_p01,141,Anguinán,La Rioja,Chilecito,Chilecito,flag_bahra,localidades,4604201001,Anguinán,Chilecito,-29.1990741866199,-67.4621457728199,,Anguinán/Chilecito [4604201001]
v7_p01,385,Anquincila,Catamarca,Ancasti,Ancasti,auto_ok,localidades-censales,10014020,Anquincila,Ancasti,-28.7469425805385,-65.5489731895385,,
v7_p01,237,Anillaco,La Rioja,Castro Barros,Castro Barros,auto_ok,localidades-censales,46021020,Anillaco,Castro Barros,-28.805978461205,-66.9458187824237,,
v7_p01,211,Animaná,Salta,San Carlos,San Carlos,auto_ok,localidades-censales,66154020,Animaná,San Carlos,-25.9695063928942,-65.9489810010708,,
v7_p01,272,Anjullón,La Rioja,Castro Barros,Castro Barros,auto_ok,localidades-censales,46021030,Anjullón,Castro Barros,-28.7237560105358,-66.9234826223976,,
v7_p01,215,Antilla,Salta,Rosario de la Frontera,Rosario de la Frontera,auto_ok,localidades-censales,66140010,Antilla,Rosario de la Frontera,-26.1195481161076,-64.5934023687462,,
v7_p01,273,Antofagasta de la Sierra,Catamarca,Antofagasta de la Sierra,Antofagasta de la Sierra,auto_ok,localidades-censales,10028010,Antofagasta de la Sierra,Antofagasta de la Sierra,-26.0613194257796,-67.4074485206592,,
v7_p01,118,Apolinario Saravia,Salta,Anta,Anta,auto_ok,localidades-censales,66007010,Apolinario Saravia,Anta,-24.4307293331944,-63.9949879189973,,
v7_p01,305,Aráoz,Tucumán,Leales,Leales,flag_variante,,90056020,Estación Aráoz,Leales,-27.0571152473018,-64.9218123993231,,Estación Aráoz/Leales [90056020]
v7_p01,331,Arauco,La Rioja,Arauco,Arauco,flag_bahra,asentamientos,46007020,Arauco,Arauco,-28.5686336436872,-66.8014515080852,,Arauco/Arauco [46007020]
v7_p01,69,Arcadia,Tucumán,Chicligasta,Chicligasta | Simoca,auto_ok,localidades-censales,90021030,Arcadia,Chicligasta,-27.3069484835773,-65.576067487854,,
v7_p01,368,Arenal,Salta,Rosario de la Frontera,Rosario de la Frontera,flag_bahra,asentamientos,66140A02,Arenal,Rosario de la Frontera,-25.9117719064036,-65.1185693875239,,Arenal/Rosario de la Frontera [66140A02]
v7_p01,247,Atahona,Tucumán,Chicligasta,Chicligasta | Simoca,auto_ok,localidades-censales,90091010,Atahona,Simoca,-27.4175004497156,-65.2878399932446,,
v7_p01,370,Bajo Grande,Salta,Metán,Metán,flag_sin_match,,,,,,,,
v7_p02,425,Balboa,Salta,Rosario de la Frontera,Rosario de la Frontera,flag_bahra,asentamientos,66140A04,Balboa,Rosario de la Frontera,-25.8670045243674,-64.8189285132798,,Balboa/Rosario de la Frontera [66140A04]
v7_p02,226,Balcosna,Catamarca,Paclín,Paclín,flag_variante,,10077110,Villa de Balcozna,Paclín,-27.8838330513722,-65.7278463728793,,Villa de Balcozna/Paclín [10077110]
v7_p02,10,Banda del Río Salí,Tucumán,Cruz Alta,Cruz Alta,auto_ok,localidades-censales,90014020,Banda del Río Salí,Cruz Alta,-26.84425336437,-65.1673879572537,,
v7_p02,223,Banda Florida,La Rioja,General Lavalle,General Felipe Varela,flag_bahra,localidades,4602805001,Banda Florida,General Felipe Varela,-29.3058404948469,-68.2451399795853,,Banda Florida/General Felipe Varela [4602805001]
v7_p02,379,Bañado de Ovanta,Catamarca,Santa Rosa,Santa Rosa,auto_ok,localidades-censales,10098020,Bañado de Ovanta,Santa Rosa,-28.1060492467491,-65.3192170569012,,
v7_p02,29,Belén,Catamarca,Belén,Belén,auto_ok,localidades-censales,10035020,Belén,Belén,-27.6500358414945,-67.0264948058202,,
v7_p02,405,Bella Vista,La Rioja,Gobernador Gordillo,Chamical,flag_bahra,asentamientos,46035A01,Bella Vista,Chamical,-30.5058231658373,-66.2587205222542,,Bella Vista/Chamical [46035A01]
v7_p02,23,Bella Vista,Tucumán,Famaillá,Famaillá | Lules | Yerba Buena,flag_depto,,90056010,Bella Vista,Leales,-27.0327868014525,-65.307120069312,46,Bella Vista/Leales [90056010]
v7_p02,232,Benjamín Aráoz,Tucumán,Burruyacú,Burruyacú,flag_variante,,90007090,Villa Benjamín Aráoz,Burruyacú,-26.5561568164256,-64.7983802312288,,Villa Benjamín Aráoz/Burruyacú [90007090]
v7_p02,180,Benjamín Paz,Tucumán,Trancas,Trancas,auto_ok,localidades-censales,90112005,Benjamín Paz,Trancas,-26.3723131560828,-65.2923249364578,,
v7_p02,198,Betania,Salta,General Martín Miguel de Güemes,General Güemes,auto_ok,localidades-censales,66049005,Betania,General Güemes,-24.6950819183392,-65.1497094654822,,
v7_p02,248,Burruyacú,Tucumán,Burruyacú,Burruyacú,flag_variante,,90007100,Villa Burruyacú,Burruyacú,-26.5010805947294,-64.7419202204846,,Villa Burruyacú/Burruyacú [90007100]
v7_p02,258,Cachi,Salta,Cachi,Cachi,auto_ok,localidades-censales,66014010,Cachi,Cachi,-25.1200819793556,-66.1619614056832,,
v7_p02,59,Cafayate,Salta,Cafayate,Cafayate,auto_ok,localidades-censales,66021010,Cafayate,Cafayate,-26.073027642419,-65.9759378130666,,
v7_p02,109,Caimancito,Jujuy,Ledesma,Ledesma,auto_ok,localidades-censales,38035030,Caimancito,Ledesma,-23.7399719801394,-64.5915897354753,,
v7_p02,28,Calilegua,Jujuy,Ledesma,Ledesma,auto_ok,localidades-censales,38035040,Calilegua,Ledesma,-23.7750847720177,-64.7699122360736,,
v7_p02,286,Campichuelo,Salta,Gral. J. de San Martín,General José de San Martín,auto_ok,localidades-censales,66056030,Campichuelo,General José de San Martín,-23.1103090991876,-63.9984610466857,,
v7_p02,318,Campo Durán,Salta,Gral. J. de San Martín,General José de San Martín,auto_ok,localidades-censales,66056040,Campo Durán,General José de San Martín,-22.2002151374657,-63.6757637279843,,
v7_p02,68,Campo Quijano,Salta,Rosario de Lerma,Rosario de Lerma,auto_ok,localidades-censales,66147010,Campo Quijano,Rosario de Lerma,-24.9081587473101,-65.6428777291965,,
v7_p02,91,Campo Santo,Salta,General Martín Miguel de Güemes,General Güemes,auto_ok,localidades-censales,66049010,Campo Santo,General Güemes,-24.6829140115559,-65.1049700649688,,
v7_p02,317,Cangrejilla,Jujuy,Yaví,Yavi,flag_variante,,38112020,Cangrejillos,Yavi,-22.423791437897,-65.579872144671,,Cangrejillos/Yavi [38112020]
v7_p02,187,Capayán,Catamarca,Capayán,Capayán,auto_ok,localidades-censales,10042030,Capayán,Capayán,-28.7629707502913,-66.0478111566998,,
v7_p02,372,Capitán J. Page,Salta,Rivadavia,Rivadavia,flag_sin_match,,,,,,,,
v7_p02,428,Carahuasi,Jujuy,Rinconada,Rinconada,flag_bahra,asentamientos,38049A00,Carahuasi,Rinconada,-22.5388912680063,-65.9621381528807,,Carahuasi/Rinconada [38049A00]
v7_p02,222,Carrizal,La Rioja,Famatina,Famatina,flag_variante,,46049010,Alto Carrizal,Famatina,-28.8666648232883,-67.5714943236713,,Alto Carrizal/Famatina [46049010]; Bajo Carrizal/Famatina [46049040]
v7_p02,336,Casabindo,Jujuy,Cochinoca,Cochinoca,auto_ok,localidades-censales,38007040,Casabindo,Cochinoca,-22.9867920442778,-66.0329316079049,,
v7_p02,332,Caspalá,Jujuy,Valle Grande,Valle Grande,auto_ok,localidades-censales,38105010,Caspalá,Valle Grande,-23.3633801563282,-65.0924359904006,,
v7_p02,358,Castro Barros,La Rioja,General Belgrano,General Belgrano,auto_ok,localidades-censales,46063010,Castro Barros,General Belgrano,-30.5800019647177,-65.7274123955136,,
v7_p02,3,Catamarca,Catamarca,Capital,Capital,flag_variante,,10049030,San Fernando del Valle de Catamarca,Capital,-28.4680084108186,-65.7889422830592,,San Fernando del Valle de Catamarca/Capital [10049030]
v7_p02,391,Catua,Jujuy,Susques,Susques,auto_ok,localidades-censales,38084010,Catua,Susques,-23.8697878292198,-67.0052751921339,,
v7_p02,341,Cebollar,La Rioja,Capital,Capital,flag_bahra,asentamientos,46014A07,Cebollar,Capital,-29.0898292991728,-66.5670435260945,,Cebollar/Capital [46014A07]
v7_p02,203,Ceibalito,Salta,Anta,Anta,auto_ok,localidades-censales,66007020,Ceibalito,Anta,-25.1103063943963,-64.2751381648939,,
v7_p02,78,Cerrillos,Salta,Cerrillos,Cerrillos,flag_bahra,localidades,66035010,Cerrillos,Cerrillos,-24.8958125202419,-65.4871448167518,,Cerrillos/Cerrillos [66035010]
v7_p02,420,Cerro Negro,Catamarca,Tinogasta,Tinogasta,flag_bahra,asentamientos,10105040,Cerro Negro,Tinogasta,-28.259617467479,-67.1370858152041,,Cerro Negro/Tinogasta [10105040]
v7_p02,151,Cevil Pozo,Tucumán,Cruz Alta,Cruz Alta,flag_sin_match,,,,,,,,
v7_p02,304,Cevil Redondo,Tucumán,Tafí,Tafí del Valle | Tafí Viejo | Yerba Buena,auto_ok,localidades-censales,90119020,Cevil Redondo,Yerba Buena,-26.7697293751424,-65.2717657771515,,
v7_p02,350,Cienaguillas,Jujuy,Santa Catalina,Santa Catalina,flag_variante,,38077030,Cieneguillas,Santa Catalina,-22.1006185450313,-65.8668114321605,,Cieneguillas/Santa Catalina [38077030]
v7_p02,154,Cobos,Salta,General Martín Miguel de Güemes,General Güemes,auto_ok,localidades-censales,66049020,Cobos,General Güemes,-24.7360733863008,-65.0846841869862,,
v7_p02,430,Cobres,Salta,La Poma,La Poma,auto_ok,localidades-censales,66091010,Cobres,La Poma,-23.6504713954903,-66.288559890616,,
v7_p03,280,Cochinoca,Jujuy,Cochinoca,Cochinoca,auto_ok,localidades-censales,38007050,Cochinoca,Cochinoca,-22.7453255798251,-65.8961226675285,,
v7_p03,179,Colalao del Valle,Tucumán,Tafí,Tafí del Valle | Tafí Viejo | Yerba Buena,auto_ok,localidades-censales,90098020,Colalao del Valle,Tafí del Valle,-26.3605355069816,-65.9589195037969,,
v7_p03,281,Colana,Catamarca,Pomán,Pomán,auto_ok,localidades-censales,10084020,Colana,Pomán,-28.3613972060566,-66.1600271026533,,
v7_p03,83,Colombres,Tucumán,Cruz Alta,Cruz Alta,auto_ok,localidades-censales,90014040,Colombres,Cruz Alta,-26.8933084736461,-65.1065912053515,,
v7_p03,94,Colonia Santa Rosa,Salta,Orán,Orán,auto_ok,localidades-censales,66126020,Colonia Santa Rosa,Orán,-23.3943044952579,-64.4255941891667,,
v7_p03,414,Comandante Leal,La Rioja,General Ocampo,General Ortiz de Ocampo,flag_bahra,asentamientos,46084A03,Comandante Leal,General Ortiz de Ocampo,-30.8826996721935,-65.7915336033799,,Comandante Leal/General Ortiz de Ocampo [46084A03]
v7_p03,8,Concepción,Tucumán,Chicligasta,Chicligasta | Simoca,auto_ok,localidades-censales,90021050,Concepción,Chicligasta,-27.3459550184635,-65.5927454367359,,
v7_p03,149,Copacabana,Catamarca,Tinogasta,Tinogasta,auto_ok,localidades-censales,10105050,Copacabana,Tinogasta,-28.1787946066535,-67.4892656760762,,
v7_p03,426,Copo Quile,Salta,Rosario de la Frontera,Rosario de la Frontera,auto_ok,localidades-censales,66140020,Copo Quile,Rosario de la Frontera,-26.0112534309253,-64.6711387915656,,
v7_p03,311,Coranzuli,Jujuy,Susques,Susques,auto_ok,localidades-censales,38084020,Coranzuli,Susques,-23.0137942918259,-66.366664912856,,
v7_p03,148,Coronel Cornejo,Salta,Gral. J. de San Martín,General José de San Martín,auto_ok,localidades-censales,66056070,Coronel Cornejo,General José de San Martín,-22.7368432261441,-63.8186469436218,,
v7_p03,153,Cnel. Juan Solá Morillo,Salta,Rivadavia,Rivadavia,flag_sin_match,,,,,,,,
v7_p03,82,Coronel Moldes,Salta,La Viña,La Viña,auto_ok,localidades-censales,66098030,Coronel Moldes,La Viña,-25.2800779965598,-65.4786364266459,,
v7_p03,404,Coronel Mollinedo,Salta,Anta,Anta,auto_ok,localidades-censales,66007040,Coronel Mollinedo,Anta,-24.5399850837113,-64.100951323159,,
v7_p03,418,Corral de Isaac,La Rioja,General San Martín,General San Martín,flag_variante_bahra,asentamientos,46091A02,Alto Corral de Isaac,General San Martín,-31.9400356792032,-66.3929283801864,,Alto Corral de Isaac/General San Martín [46091A02]; Bajo Corral de Isaac/General San Martín [46091A03]
v7_p03,422,Crossmayo,Jujuy,Rinconada,Rinconada,flag_variante,,38049035,Orosmayo,Rinconada,-22.556858770105,-66.3564239894112,,Orosmayo/Rinconada [38049035]
v7_p03,111,Chalicán,Jujuy,Ledesma,Ledesma,auto_ok,localidades-censales,38035050,Chalicán,Ledesma,-24.0701319470485,-64.8068636697633,,
v7_p03,40,Chamical,La Rioja,Gobernador Gordillo,Chamical,auto_ok,localidades-censales,46035010,Chamical,Chamical,-30.3653966132418,-66.3165606807448,,
v7_p03,168,Chañar,La Rioja,General Belgrano,General Belgrano,auto_ok,localidades-censales,46063020,Chañar,General Belgrano,-30.5429423613449,-65.9567766420863,,
v7_p03,164,Chaquiago,Catamarca,Andalgalá,Andalgalá,auto_ok,localidades-censales,10021030,Chaquiago,Andalgalá,-27.5489522882567,-66.332473305587,,
v7_p03,399,Chelcos,La Rioja,General Roca,Rosario Vera Peñaloza,flag_bahra,asentamientos,46112A05,Chelcos,Rosario Vera Peñaloza,-31.2173140716347,-66.3903464924421,,Chelcos/Rosario Vera Peñaloza [46112A05]
v7_p03,50,Chepes,La Rioja,General Roca,Rosario Vera Peñaloza,auto_ok,localidades-censales,46112010,Chepes,Rosario Vera Peñaloza,-31.341272793355,-66.5886071290667,,
v7_p03,257,Chicligasta,Tucumán,Chicligasta,Chicligasta | Simoca,flag_variante,,90091060,Villa Chicligasta,Simoca,-27.4340757256643,-65.1643601246984,,Villa Chicligasta/Simoca [90091060]
v7_p03,137,Chicoana,Salta,Chicoana,Chicoana,auto_ok,localidades-censales,66042010,Chicoana,Chicoana,-25.1026592343677,-65.5350415962814,,
v7_p03,18,Chilecito,La Rioja,Chilecito,Chilecito,auto_ok,localidades-censales,46042010,Chilecito,Chilecito,-29.1623029654334,-67.4994411291483,,
v7_p03,189,Choromoro,Tucumán,Trancas,Trancas,auto_ok,localidades-censales,90112010,Choromoro,Trancas,-26.4112647255384,-65.3199582198102,,
v7_p03,65,Chumbicha,Catamarca,Capayán,Capayán,auto_ok,localidades-censales,10042040,Chumbicha,Capayán,-28.8534848169642,-66.2374360436486,,
v7_p03,335,Chuquis,La Rioja,Castro Barros,Castro Barros,auto_ok,localidades-censales,46021040,Chuquis,Castro Barros,-28.8908524722224,-66.971713646569,,
v7_p03,60,Delfín Gallo,Tucumán,Cruz Alta,Cruz Alta,auto_ok,localidades-censales,90014060,Delfín Gallo,Cruz Alta,-26.8438891245584,-65.0924231677112,,
v7_p03,240,Desiderio Tello,La Rioja,General Roca,Rosario Vera Peñaloza,auto_ok,localidades-censales,46112020,Desiderio Tello,Rosario Vera Peñaloza,-31.2129580538415,-66.3179683276962,,
v7_p03,293,Dr. Facundo Zuviría,Salta,Chicoana,Chicoana,flag_sin_match,,,,,,,,
v7_p03,116,Donato Alvarez,Tucumán,Río Chico,Río Chico | Juan Bautista Alberdi | Simoca,flag_bahra,asentamientos,90042A02,Donato Álvarez,Juan Bautista Alberdi,-27.5564564852111,-65.6215411169514,,Donato Álvarez/Juan Bautista Alberdi [90042A02]
v7_p03,246,Dragones,Salta,Gral. J. de San Martín,General José de San Martín,auto_ok,localidades-censales,66056080,Dragones,General José de San Martín,-23.2498310704719,-63.3366367744226,,
v7_p03,35,El Aguilar,Jujuy,Humahuaca,Humahuaca,auto_ok,localidades-censales,38028020,El Aguilar,Humahuaca,-23.213307361295,-65.6789243343683,,
v7_p03,102,El Bordo,Salta,General Martín Miguel de Güemes,General Güemes,auto_ok,localidades-censales,66049030,El Bordo,General Güemes,-24.6623592894473,-65.1001113878154,,
v7_p03,241,El Bracho,Tucumán,Cruz Alta,Cruz Alta,auto_ok,localidades-censales,90014070,El Bracho,Cruz Alta,-26.990946479913,-65.1810489909426,,
v7_p03,69,El Carmen,Jujuy,El Carmen,El Carmen,auto_ok,localidades-censales,38014040,El Carmen,El Carmen,-24.3888764354752,-65.2613228064276,,
v7_p03,101,El Carril,Salta,Chicoana,Chicoana,auto_ok,localidades-censales,66042020,El Carril,Chicoana,-25.0791497119209,-65.493348014995,,
v7_p03,121,El Chañar,Tucumán,Burruyacú,Burruyacú,auto_ok,localidades-censales,90007020,El Chañar,Burruyacú,-26.7573697668434,-65.0680125254048,,
v7_p04,76,El Galpón,Salta,Metán,Metán,auto_ok,localidades-censales,66112010,El Galpón,Metán,-25.3806434150571,-64.6516220517937,,
v7_p04,181,El Molino,Tucumán,Chicligasta,Chicligasta | Simoca,auto_ok,localidades-censales,90021053,El Molino,Chicligasta,-27.3368481414913,-65.6972311405454,,
v7_p04,310,El Morano,Jujuy,Tumbaya,Tumbaya,flag_variante,,38098020,El Moreno,Tumbaya,-23.8509115379981,-65.8316510262887,,El Moreno/Tumbaya [38098020]
v7_p04,178,El Naranjo,Salta,Rosario de la Frontera,Rosario de la Frontera,auto_ok,localidades-censales,66140030,El Naranjo,Rosario de la Frontera,-25.7222678327486,-65.0137405503644,,
v7_p04,309,El Pajonal,Catamarca,Pomán,Pomán,auto_ok,localidades-censales,10084040,El Pajonal,Pomán,-28.3718450482693,-66.2952046374586,,
v7_p04,44,El Piquete,Jujuy,Santa Bárbara,Santa Bárbara,auto_ok,localidades-censales,38070020,El Piquete,Santa Bárbara,-24.1784497838108,-64.6790606156922,,
v7_p04,294,El Portezuelo,Catamarca,Valle Viejo,Valle Viejo,auto_ok,localidades-censales,10112010,El Portezuelo,Valle Viejo,-28.4677477671536,-65.6433026159551,,
v7_p04,359,El Portezuelo,La Rioja,Rivadavia,General Juan Facundo Quiroga,flag_variante,,46070030,Portezuelo,General Juan Facundo Quiroga,-30.8377518244981,-66.7023574981748,,Portezuelo/General Juan Facundo Quiroga [46070030]
v7_p04,288,El Potrero,Salta,Rosario de la Frontera,Rosario de la Frontera,auto_ok,localidades-censales,66140040,El Potrero,Rosario de la Frontera,-26.0474405289942,-64.6502466227726,,
v7_p04,184,El Puesto,Catamarca,Tinogasta,Tinogasta,auto_ok,localidades-censales,10105090,El Puesto,Tinogasta,-27.9641323875359,-67.6304002049274,,
v7_p04,123,El Quebrachal,Salta,Anta,Anta,auto_ok,localidades-censales,66007060,El Quebrachal,Anta,-25.3319755815871,-64.017689813285,,
v7_p04,188,El Quemado,Jujuy,San Pedro,San Pedro,auto_ok,localidades-censales,38063060,El Quemado,San Pedro,-24.1058565563838,-64.823062158756,,
v7_p04,298,El Recreo,Catamarca,Santa María,Santa María,flag_sin_match,,,,,,,,Recreo/La Paz [10070140]
v7_p04,204,El Rodeo,Catamarca,Ambato,Ambato,auto_ok,localidades-censales,10007040,El Rodeo,Ambato,-28.2141516424861,-65.8738600634115,,
v7_p04,408,El Taco,Catamarca,Ancasti,Ancasti,flag_bahra,asentamientos,10014A16,El Taco,Ancasti,-28.7026880841233,-65.6003505606408,,El Taco/Ancasti [10014A16]
v7_p04,386,El Tobar,Tucumán,Chicligasta,Chicligasta | Simoca,flag_sin_match,,,,,,,,
v7_p04,303,El Tunal,Salta,Metán,Metán,auto_ok,localidades-censales,66112020,El Tunal,Metán,-25.253160806242,-64.3977454665688,,
v7_p04,25,Embarcación,Salta,Gral. J. de San Martín,General José de San Martín,auto_ok,localidades-censales,66056090,Embarcación,General José de San Martín,-23.2102741419214,-64.097310554309,,
v7_p04,84,Esquina,Tucumán,Leales,Leales,auto_ok,localidades-censales,90056018,Esquina,Leales,-27.0266634703944,-65.1970641894723,,
v7_p04,231,Esquiú,Catamarca,La Paz,La Paz,auto_ok,localidades-censales,10070060,Esquiú,La Paz,-29.3790661944991,-65.2898287859815,,
v7_p04,183,Estación Masán,La Rioja,Arauco,Arauco,flag_variante,,46007040,Estación Mazán,Arauco,-28.6761561999691,-66.4909777816356,,Estación Mazán/Arauco [46007040]
v7_p04,363,Esteban de Urizar,Salta,Orán,Orán,flag_bahra,asentamientos,66126A12,Esteban de Urizar,Orán,-23.5730911810782,-64.1127369575766,,Esteban de Urizar/Orán [66126A12]
v7_p04,27,Famaillá,Tucumán,Famaillá,Famaillá | Lules | Yerba Buena,auto_ok,localidades-censales,90028030,Famaillá,Famaillá,-27.0543416228784,-65.4020524659725,,
v7_p04,110,Famatina,La Rioja,Famatina,Famatina,auto_ok,localidades-censales,46049070,Famatina,Famatina,-28.9249866798096,-67.5196447524815,,
v7_p04,103,Fiambalá,Catamarca,Tinogasta,Tinogasta,auto_ok,localidades-censales,10105110,Fiambalá,Tinogasta,-27.690397183898,-67.6197477034953,,
v7_p04,84,Fraile Pintado,Jujuy,Ledesma,Ledesma,auto_ok,localidades-censales,38035060,Fraile Pintado,Ledesma,-23.9440362382103,-64.803054962934,,
v7_p04,202,Fuerte Quemado,Catamarca,Santa María,Santa María,auto_ok,localidades-censales,10091080,Fuerte Quemado,Santa María,-26.6212083689507,-66.0499844478734,,
v7_p04,134,Gaona,Salta,Anta,Anta,auto_ok,localidades-censales,66007070,Gaona,Anta,-25.241474155376,-64.0372137653145,,
v7_p04,96,Gastona,Tucumán,Chicligasta,Chicligasta | Simoca,flag_variante,,90021055,Gastona Norte,Chicligasta,-27.3132861618673,-65.5084471563204,,Gastona Norte/Chicligasta [90021055]; Gastona Sud/Chicligasta [90021056]
v7_p04,398,General Alvarado,Salta,Capital,Capital,flag_sin_match,,,,,,,,
v7_p04,171,General Ballivián,Salta,Gral. J. de San Martín,General José de San Martín,auto_ok,localidades-censales,66056100,General Ballivián,General José de San Martín,-22.9325064274675,-63.8587457297363,,
v7_p04,19,General Martín Miguel de Güemes,Salta,General Martín Miguel de Güemes,General Güemes,flag_sin_match,,,,,,,,
v7_p04,201,General Pizarro,Salta,Anta,Anta,auto_ok,localidades-censales,66007080,General Pizarro,Anta,-24.2275641855757,-63.9885650807573,,
v7_p04,182,Gobernador Garmendia,Tucumán,Burruyacú,Burruyacú,flag_sin_match,,,,,,,,
v7_p04,308,Gobernador Piedrabuena,Tucumán,Burruyacú,Burruyacú,auto_ok,localidades-censales,90007070,Gobernador Piedrabuena,Burruyacú,-26.7398604939507,-64.6493356391965,,
v7_p04,279,Golpes,Catamarca,Pomán,Pomán,flag_variante,,10084030,Colpes,Pomán,-28.0590715321667,-66.199040204444,,Colpes/Pomán [10084030]
v7_p04,130,Graneros,Tucumán,Graneros,Graneros | La Cocha,auto_ok,localidades-censales,90035010,Graneros,Graneros,-27.649462115746,-65.4394394327172,,
v7_p04,284,Guachipas,Salta,Guachipas,Guachipas,auto_ok,localidades-censales,66063010,Guachipas,Guachipas,-25.5225154907913,-65.5102980156683,,
v7_p04,120,Guandacol,La Rioja,General Lavalle,General Felipe Varela,auto_ok,localidades-censales,46028020,Guandacol,General Felipe Varela,-29.5252109448349,-68.5627829993576,,
v7_p05,296,Hickman,Salta,Gral. J. de San Martín,General José de San Martín,auto_ok,localidades-censales,66056120,Hickman,General José de San Martín,-23.2123520842011,-63.5688392204548,,
v7_p05,206,Huacalera,Jujuy,Tilcara,Tilcara,auto_ok,localidades-censales,38094020,Huacalera,Tilcara,-23.4390480706822,-65.3500234884475,,
v7_p05,152,Huaco,Catamarca,Andalgalá,Andalgalá,flag_sin_match,,,,,,,,
v7_p05,225,Hualfín,Catamarca,Belén,Belén,auto_ok,localidades-censales,10035070,Hualfín,Belén,-27.2251089488391,-66.8257494663378,,
v7_p05,402,Huasa Pampa Sud,Tucumán,Graneros,Graneros | La Cocha,flag_sin_match,,,,,,,,
v7_p05,157,Huillapima,Catamarca,Capayán,Capayán,auto_ok,localidades-censales,10042100,Huillapima,Capayán,-28.7257822138396,-65.9788924467878,,
v7_p05,57,Humahuaca,Jujuy,Humahuaca,Humahuaca,auto_ok,localidades-censales,38028040,Humahuaca,Humahuaca,-23.2058721357612,-65.3477193431866,,
v7_p05,343,Horcones,Salta,Rosario de la Frontera,Rosario de la Frontera,flag_bahra,asentamientos,66140A12,Horcones,Rosario de la Frontera,-25.72072478017,-64.9043214646215,,Horcones/Rosario de la Frontera [66140A12]
v7_p05,131,Icaño,Catamarca,La Paz,La Paz,auto_ok,localidades-censales,10070070,Icaño,La Paz,-28.9192754006731,-65.3303209607385,,
v7_p05,30,Ingenio La Esperanza,Jujuy,San Pedro,San Pedro,flag_sin_match,,,,,,,,
v7_p05,106,Ingenio Lules,Tucumán,Famaillá,Famaillá | Lules | Yerba Buena,flag_sin_match,,,,,,,,
v7_p05,14,Ingenio Santa Ana,Tucumán,Río Chico,Río Chico | Juan Bautista Alberdi | Simoca,flag_sin_match,,,,,,,,
v7_p05,410,Ipisca,Catamarca,Ancasti,Ancasti,flag_variante_bahra,asentamientos,10014A18,Ipizca,Ancasti,-28.8375102779945,-65.5587984400878,,Ipizca/Ancasti [10014A18]; Rincón de Ipizca/Ancasti [10014A27]
v7_p05,429,Iruya,Salta,Iruya,Iruya,auto_ok,localidades-censales,66070010,Iruya,Iruya,-22.7927425002829,-65.2190841035615,,
v7_p05,321,Iturbe,Jujuy,Humahuaca,Humahuaca,flag_sin_match,,,,,,,,
v7_p05,227,Jagüé,La Rioja,General Sarmiento,Vinchina,auto_ok,localidades-censales,46098010,Jagüé,Vinchina,-28.6593545629769,-68.3932296263413,,
v7_p05,306,Jerónimo Matorras,Salta,Orán,Orán,flag_bahra,asentamientos,66126A13,Jerónimo Matorras,Orán,-23.6982111415131,-64.0740694657122,,Jerónimo Matorras/Orán [66126A13]
v7_p05,45,Joaquín V. González,Salta,Anta,Anta,auto_ok,localidades-censales,66007090,Joaquín V. Gonzalez,Anta,-25.1174153857729,-64.1247840766009,,
v7_p05,228,La Caldera,Salta,La Caldera,La Caldera,auto_ok,localidades-censales,66077010,La Caldera,La Caldera,-24.6026746037364,-65.380655028734,,
v7_p05,260,La Candelaria,Salta,Candelaria,La Candelaria,auto_ok,localidades-censales,66084030,La Candelaria,La Candelaria,-26.1272998626541,-65.0512880545297,,
v7_p05,194,La Carrera,Catamarca,Fray Mamerto Esquiú,Fray Mamerto Esquiú,flag_bahra,localidades,1006304002,La Carrera,Fray Mamerto Esquiú,-28.3568429260322,-65.7073114373778,,La Carrera/Fray Mamerto Esquiú [1006304002]
v7_p05,259,La Ciénaga,Catamarca,Belén,Belén,auto_ok,localidades-censales,10035085,La Ciénaga,Belén,-27.4884967392703,-66.977309600722,,
v7_p05,79,La Cocha,Tucumán,Graneros,Graneros | La Cocha,auto_ok,localidades-censales,90049010,La Cocha,La Cocha,-27.7701711763944,-65.588352938187,,
v7_p05,360,La Dorada,Catamarca,La Paz,La Paz,auto_ok,localidades-censales,10070080,La Dorada,La Paz,-29.242675656388,-65.481025509459,,
v7_p05,77,La Encantada,Tucumán,Leales,Leales,flag_bahra,asentamientos,90056A34,La Encantada,Leales,-27.0841444714827,-65.2348129613957,,La Encantada/Leales [90056A34]
v7_p05,287,La Falda,Catamarca,Fray Mamerto Esquiú,Fray Mamerto Esquiú,flag_variante_bahra,localidades,1006304003,La Falda de San Antonio,Fray Mamerto Esquiú,-28.4249926112323,-65.6967351961,,La Falda de San Antonio/Fray Mamerto Esquiú [1006304003]
v7_p05,119,La Fronterita,Tucumán,Famaillá,Famaillá | Lules | Yerba Buena,flag_variante,,90028040,Ingenio Fronterita,Famaillá,-27.0354707281153,-65.455616412105,,Ingenio Fronterita/Famaillá [90028040]
v7_p05,289,La Guardia,Catamarca,La Paz,La Paz,auto_ok,localidades-censales,10070090,La Guardia,La Paz,-29.5561339073476,-65.453619266804,,
v7_p05,352,La Jarilla,La Rioja,General Roca,Rosario Vera Peñaloza,flag_bahra,asentamientos,46112A15,La Jarilla,Rosario Vera Peñaloza,-31.4845695628847,-66.393949360875,,La Jarilla/Rosario Vera Peñaloza [46112A15]
v7_p05,67,La Madrid,Tucumán,Graneros,Graneros | La Cocha,flag_sin_match,,,,,,,,
v7_p05,326,La Majada,Catamarca,Ancasti,Ancasti,auto_ok,localidades-censales,10014040,La Majada,Ancasti,-29.0325413290139,-65.5447826327556,,
v7_p05,49,La Mendieta,Jujuy,San Pedro,San Pedro,auto_ok,localidades-censales,38063090,La Mendieta,San Pedro,-24.3143385307266,-64.9666343437097,,
v7_p05,159,La Merced,Catamarca,Paclín,Paclín,auto_ok,localidades-censales,10077050,La Merced,Paclín,-28.1546371076953,-65.6594951558473,,
v7_p05,73,La Merced,Salta,Cerrillos,Cerrillos,auto_ok,localidades-censales,66035020,La Merced,Cerrillos,-24.9669077775814,-65.4890588515795,,
v7_p05,411,La Poma,Salta,La Poma,La Poma,auto_ok,localidades-censales,66091020,La Poma,La Poma,-24.7225647204397,-66.2005652679813,,
v7_p05,354,La Posta,Tucumán,Graneros,Graneros | La Cocha,flag_bahra,asentamientos,90049A18,La Posta,La Cocha,-27.8261690309111,-65.5819404263641,,La Posta/La Cocha [90049A18]
v7_p05,278,La Puerta,Catamarca,Ambato,Ambato,auto_ok,localidades-censales,10007060,La Puerta,Ambato,-28.1626587737167,-65.7925474524669,,
v7_p05,396,La Puerta de San José,Catamarca,Belén,Belén,flag_variante,,10035140,Puerta de San José,Belén,-27.5470355905703,-67.0187087467868,,Puerta de San José/Belén [10035140]
v7_p05,26,La Quiaca,Jujuy,Yaví,Yavi,auto_ok,localidades-censales,38112050,La Quiaca,Yavi,-22.1044616409392,-65.5963795315246,,
v7_p05,88,La Ramada,Tucumán,Burruyacú,Burruyacú,auto_ok,localidades-censales,90007050,La Ramada,Burruyacú,-26.6866252442062,-64.9481650969981,,
v7_p06,191,La Reducción,Tucumán,Famaillá,Famaillá | Lules | Yerba Buena,auto_ok,localidades-censales,90063040,La Reducción,Lules,-26.9601338991114,-65.3514727517897,,
v7_p06,5,La Rioja,La Rioja,Capital,Capital,auto_ok,localidades-censales,46014010,La Rioja,Capital,-29.4127883450019,-66.8558712964321,,
v7_p06,397,Las Cañas,Catamarca,Santa Rosa,Santa Rosa,auto_ok,localidades-censales,10098030,Las Cañas,Santa Rosa,-28.2047979078123,-65.2142623784416,,
v7_p06,87,Las Cejas,Tucumán,Cruz Alta,Cruz Alta,auto_ok,localidades-censales,90014090,Las Cejas,Cruz Alta,-26.8884300100023,-64.7411390505326,,
v7_p06,316,La Silleta,Salta,Rosario de Lerma,Rosario de Lerma,auto_ok,localidades-censales,66147020,La Silleta,Rosario de Lerma,-24.8749748187126,-65.5905007072727,,
v7_p06,173,Las Lajitas,Salta,Anta,Anta,auto_ok,localidades-censales,66007100,Las Lajitas,Anta,-24.7274240813892,-64.1954801594607,,
v7_p06,100,Las Pirquitas,Catamarca,Fray Mamerto Esquiú,Fray Mamerto Esquiú,flag_variante,,10063050,Villa Las Pirquitas,Fray Mamerto Esquiú,-28.2802797854743,-65.7317839843282,,Villa Las Pirquitas/Fray Mamerto Esquiú [10063050]
v7_p06,39,Lastenia,Tucumán,Cruz Alta,Cruz Alta,flag_bahra,localidades,9001402003,Lastenia,Cruz Alta,-26.8597004363626,-65.1588895516206,,Lastenia/Cruz Alta [9001402003]
v7_p06,37,La Trinidad,Tucumán,Chicligasta,Chicligasta | Simoca,auto_ok,localidades-censales,90021070,La Trinidad,Chicligasta,-27.4135905511037,-65.5211026480444,,
v7_p06,394,La Unión,Salta,Rivadavia,Rivadavia,auto_ok,localidades-censales,66133040,La Unión,Rivadavia,-23.8967675840677,-63.1969911495228,,
v7_p06,235,La Viña,Salta,La Viña,La Viña,auto_ok,localidades-censales,66098040,La Viña,La Viña,-25.4680595420757,-65.565632694381,,
v7_p06,127,Leales,Tucumán,Leales,Leales,flag_variante,,90056070,Santa Rosa de Leales,Leales,-27.1378169980594,-65.2608293281297,,Santa Rosa de Leales/Leales [90056070]; Villa Fiad - Ingenio Leales/Leales [90056080]; Villa de Leales/Leales [90056090]
v7_p06,234,Leocadio Paz,Tucumán,Trancas,Trancas,flag_bahra,asentamientos,90112A24,Leocadio Paz,Trancas,-26.1522345520135,-65.307326480371,,Leocadio Paz/Trancas [90112A24]
v7_p06,261,León,Jujuy,Capital,Dr. Manuel Belgrano | Palpalá,auto_ok,localidades-censales,38021030,León,Dr. Manuel Belgrano,-24.0357163844583,-65.4321791931412,,
v7_p06,47,León Rouges,Tucumán,Monteros,Monteros | Simoca,flag_sin_match,,,,,,,,
v7_p06,31,Lib. Gral. San Martín,Jujuy,Ledesma,Ledesma,flag_sin_match,,,,,,,,
v7_p06,62,Londres,Catamarca,Belén,Belén,auto_ok,localidades-censales,10035110,Londres,Belén,-27.7134561207369,-67.1341623957122,,
v7_p06,176,Loro Huasi,Catamarca,Santa María,Santa María,flag_bahra,asentamientos,10091120,Loro Huasi,Santa María,-26.7487420997088,-66.0553960834313,,Loro Huasi/Santa María [10091120]
v7_p06,353,Los Aguirres,La Rioja,General Ocampo,General Ortiz de Ocampo,flag_variante_bahra,asentamientos,46084A18,Los Aguirre,General Ortiz de Ocampo,-30.8049599045582,-66.0908672540187,,Los Aguirre/General Ortiz de Ocampo [46084A18]
v7_p06,285,Los Altos,Catamarca,Santa Rosa,Santa Rosa,auto_ok,localidades-censales,10098050,Los Altos,Santa Rosa,-28.0488590493489,-65.4973640431533,,
v7_p06,299,Los Angeles,Catamarca,Capayán,Capayán,auto_ok,localidades-censales,10042110,Los Angeles,Capayán,-28.5221476801225,-65.9556625928682,,
v7_p06,409,Los Baños,Salta,Rosario de la Frontera,Rosario de la Frontera,auto_ok,localidades-censales,66140045,Los Baños,Rosario de la Frontera,-25.8363455479522,-64.9147999358055,,
v7_p06,251,Los Blancos,Salta,Rivadavia,Rivadavia,auto_ok,localidades-censales,66133050,Los Blancos,Rivadavia,-23.6093129710289,-62.5948428275414,,
v7_p06,384,Los Castillos,Catamarca,Ambato,Ambato,auto_ok,localidades-censales,10007090,Los Castillos,Ambato,-27.9582295650792,-65.820685723313,,
v7_p06,249,Los Gómez,Tucumán,Leales,Leales,auto_ok,localidades-censales,90056027,Los Gómez,Leales,-27.3237211450763,-65.2095831685787,,
v7_p06,161,Los Lapachos,Jujuy,El Carmen,El Carmen,auto_ok,localidades-censales,38014050,Los Lapachos,El Carmen,-24.477100348494,-65.0768806639919,,
v7_p06,190,Los Palacios,La Rioja,General Lavalle,General Felipe Varela,auto_ok,localidades-censales,46028030,Los Palacios,General Felipe Varela,-29.3689090746524,-68.2360737736367,,
v7_p06,328,Los Puestos,Tucumán,Leales,Leales,auto_ok,localidades-censales,90056030,Los Puestos,Leales,-27.2808998221653,-65.0190299575107,,
v7_p06,72,Los Ralos,Tucumán,Cruz Alta,Cruz Alta,auto_ok,localidades-censales,90014100,Los Ralos,Cruz Alta,-26.8884699317095,-65.000966255747,,
v7_p06,51,Los Sarmientos,Tucumán,Río Chico,Río Chico | Juan Bautista Alberdi | Simoca,auto_ok,localidades-censales,90077020,Los Sarmientos,Río Chico,-27.413720870217,-65.695439891394,,
v7_p06,392,Los Varela,Catamarca,Ambato,Ambato,auto_ok,localidades-censales,10007110,Los Varela,Ambato,-27.9315072697354,-65.8718930206442,,
v7_p06,186,Luis Burela,Salta,Anta,Anta,auto_ok,localidades-censales,66007110,Luis Burela,Anta,-24.3868530086445,-63.9884001830516,,
v7_p06,406,Luisiana,Tucumán,Cruz Alta,Cruz Alta,flag_sin_match,,,,,,,,
v7_p06,32,Lules,Tucumán,Famaillá,Famaillá | Lules | Yerba Buena,auto_ok,localidades-censales,90063050,Lules,Lules,-26.9221963785829,-65.3378074619515,,
v7_p06,221,Lumbreras,Salta,Metán,Metán,auto_ok,localidades-censales,66112030,Lumbreras,Metán,-25.2101836622525,-64.9250503730973,,
v7_p06,267,Macapillo,Salta,Anta,Anta,auto_ok,localidades-censales,66007120,Macapillo,Anta,-25.4036869488419,-63.9806802681599,,
v7_p06,208,Maconitas,Tucumán,Burruyacú,Burruyacú,flag_variante,,90007060,Macomitas,Burruyacú,-26.7298086664523,-65.0103912722356,,Macomitas/Burruyacú [90007060]
v7_p06,217,Machigasta,La Rioja,Arauco,Arauco,flag_bahra,localidades,4600701002,Machigasta,Arauco,-28.5435379588255,-66.7911093070646,,Machigasta/Arauco [4600701002]
v7_p06,115,Maimará,Jujuy,Tilcara,Tilcara,auto_ok,localidades-censales,38094040,Maimará,Tilcara,-23.6245369481464,-65.4088172324649,,
v7_p06,349,Malanzán,La Rioja,Rivadavia,General Juan Facundo Quiroga,auto_ok,localidades-censales,46070010,Malanzán,General Juan Facundo Quiroga,-30.8046201469024,-66.6042792213775,,
v7_p07,165,Malligasta,La Rioja,Chilecito,Chilecito,auto_ok,localidades-censales,46042070,Malligasta,Chilecito,-29.1764781301396,-67.4349808967161,,
v7_p07,155,Manantial,Tucumán,Tafí,Tafí del Valle | Tafí Viejo | Yerba Buena,flag_sin_match,,,,,,,,El Manantial/Lules [90063020]
v7_p07,421,Manuel Elordi,Salta,Orán,Orán,flag_bahra,asentamientos,66126A20,Manuel Elordi,Orán,-23.2813470912067,-64.1593625644499,,Manuel Elordi/Orán [66126A20]
v7_p07,199,Manuel García Fernández,Tucumán,Famaillá,Famaillá | Lules | Yerba Buena,flag_depto,,90056040,Manuel García Fernández,Leales,-26.9557033913379,-65.272073063004,46,Manuel García Fernández/Leales [90056040]
v7_p07,213,Mariño,Tucumán,Burruyacú,Burruyacú,flag_bahra,asentamientos,90007A61,Mariño,Burruyacú,-26.7369060436789,-65.0335538519045,,Mariño/Burruyacú [90007A61]
v7_p07,415,Martínez del Tineo,Salta,Orán,Orán,flag_bahra,asentamientos,66126A21,Martínez del Tineo,Orán,-23.9094997770869,-64.0617098832718,,Martínez del Tineo/Orán [66126A21]
v7_p07,342,Maucasén,La Rioja,General Roca,Rosario Vera Peñaloza,flag_variante_bahra,asentamientos,46112A17,Mascasín,Rosario Vera Peñaloza,-31.3918416402481,-66.9788718193805,,Mascasín/Rosario Vera Peñaloza [46112A17]
v7_p07,132,Medinas,Tucumán,Chicligasta,Chicligasta | Simoca,flag_variante,,90021080,Medina,Chicligasta,-27.4220814621762,-65.5329319729898,,Medina/Chicligasta [90021080]
v7_p07,12,Metán,Salta,Metán,Metán,flag_variante,,66112040,San José de Metán,Metán,-25.4970768115473,-64.9710647020115,,San José de Metán/Metán [66112040]
v7_p07,192,Metán Viejo,Salta,Metán,Metán,flag_bahra,asentamientos,66112050,Metán Viejo,Metán,-25.5377948544552,-64.9801620981971,,Metán Viejo/Metán [66112050]
v7_p07,71,Milagro,La Rioja,General Ocampo,General Ortiz de Ocampo,auto_ok,localidades-censales,46084030,Milagro,General Ortiz de Ocampo,-31.0057797974111,-65.9923454777144,,
v7_p07,254,Mina Pirquita,Jujuy,Rinconada,Rinconada,flag_variante_bahra,asentamientos,38049A10,Mina Pirquitas,Rinconada,-22.6944637366652,-66.4978555466405,,Mina Pirquitas/Rinconada [38049A10]
v7_p07,229,Miraflores,Catamarca,Capayán,Capayán,auto_ok,localidades-censales,10042120,Miraflores,Capayán,-28.5992923387222,-65.9038333977687,,
v7_p07,345,Mixta,Tucumán,Leales,Leales,flag_variante_bahra,asentamientos,90056A05,Arroyo Mista,Leales,-27.186289869428,-65.1108716321049,,Arroyo Mista/Leales [90056A05]; Mista/Leales [90056A67]
v7_p07,312,Mojotoro,Salta,La Caldera,La Caldera,flag_bahra,asentamientos,66077A06,Mojotoro,La Caldera,-24.7090753104596,-65.286463897414,,Mojotoro/La Caldera [66077A06]
v7_p07,390,Molinos,Salta,Molinos,Molinos,auto_ok,localidades-censales,66119020,Molinos,Molinos,-25.437176677207,-66.2945562514034,,
v7_p07,177,Monteagudo,Tucumán,Chicligasta,Chicligasta | Simoca,auto_ok,localidades-censales,90091020,Monteagudo,Simoca,-27.5107229229826,-65.2773944698689,,
v7_p07,125,Monte Rico,Jujuy,El Carmen,El Carmen,flag_sin_match,,,,,,,,
v7_p07,13,Monteros,Tucumán,Monteros,Monteros | Simoca,auto_ok,localidades-censales,90070030,Monteros,Monteros,-27.165337670505,-65.4972137713359,,
v7_p07,163,Mutquín,Catamarca,Pomán,Pomán,auto_ok,localidades-censales,10084060,Mutquin,Pomán,-28.3208022220184,-66.1473862550351,,
v7_p07,416,Nacate,La Rioja,Rivadavia,General Juan Facundo Quiroga,auto_ok,localidades-censales,46070020,Nácate,General Juan Facundo Quiroga,-30.8547722337825,-66.4247646899601,,
v7_p07,313,Nasareno,Salta,Santa Victoria,Santa Victoria,flag_variante,,66161040,Nazareno,Santa Victoria,-22.5098499596688,-65.1019337368813,,Nazareno/Santa Victoria [66161040]
v7_p07,86,Nonogasta,La Rioja,Chilecito,Chilecito,auto_ok,localidades-censales,46042090,Nonogasta,Chilecito,-29.3022224469491,-67.5063301700462,,
v7_p07,169,Ntra.Sra. de Talavera,Salta,Anta,Anta,flag_sin_match,,,,,,,,
v7_p07,144,Nueva Trinidad,Tucumán,Río Chico,Río Chico | Juan Bautista Alberdi | Simoca,auto_ok,localidades-censales,90091030,Nueva Trinidad,Simoca,-27.4843993802925,-65.491061229798,,
v7_p07,382,Noquebe,La Rioja,General Roca,Rosario Vera Peñaloza,flag_variante_bahra,asentamientos,46112A18,ñoqueve,Rosario Vera Peñaloza,-31.20728796609,-66.7515255638284,,ñoqueve/Rosario Vera Peñaloza [46112A18]
v7_p07,423,Olpas,La Rioja,General Ocampo,General Ortiz de Ocampo,auto_ok,localidades-censales,46084040,Olpas,General Ortiz de Ocampo,-30.8060893808733,-66.243975463728,,
v7_p07,122,Olta,La Rioja,General Belgrano,General Belgrano,auto_ok,localidades-censales,46063040,Olta,General Belgrano,-30.6306205931688,-66.2672879409251,,
v7_p07,339,Oratorio,Jujuy,Santa Catalina,Santa Catalina,auto_ok,localidades-censales,38077070,Oratorio,Santa Catalina,-22.0991710039884,-66.1325561087962,,
v7_p07,344,Osma,Salta,La Viña,La Viña,flag_sin_match,,,,,,,,
v7_p07,291,Padilla,Tucumán,Famaillá,Famaillá | Lules | Yerba Buena,auto_ok,localidades-censales,90028070,Padilla,Famaillá,-27.0214023224852,-65.3925033011755,,
v7_p07,364,Padre Lozana,Salta,Gral. J. de San Martín,General José de San Martín,flag_variante,,66056180,Padre Lozano,General José de San Martín,-23.2165059276958,-63.8484066671787,,Padre Lozano/General José de San Martín [66056180]
v7_p07,195,Pagancillo,La Rioja,General Lavalle,General Felipe Varela,auto_ok,localidades-censales,46028040,Pagancillo,General Felipe Varela,-29.5411861113663,-68.1001050067339,,
v7_p07,197,Palma Sola,Jujuy,Santa Bárbara,Santa Bárbara,auto_ok,localidades-censales,38070040,Palma Sola,Santa Bárbara,-23.9768663561888,-64.3054126492648,,
v7_p07,275,Palomitas,Salta,General Martín Miguel de Güemes,General Güemes,flag_bahra,asentamientos,66049A20,Palomitas,General Güemes,-24.8986558896389,-64.9735653191335,,Palomitas/General Güemes [66049A20]
v7_p07,16,Palpalá,Jujuy,Capital,Dr. Manuel Belgrano | Palpalá,auto_ok,localidades-censales,38042040,Palpalá,Palpalá,-24.2573118791059,-65.2136654804331,,
v7_p07,378,Palta de Aparzo,Jujuy,Humahuaca,Humahuaca,flag_variante,,38028043,Palca de Aparzo,Humahuaca,-23.1227346792463,-65.1341571365782,,Palca de Aparzo/Humahuaca [38028043]
v7_p07,346,Pampa Blanca,Jujuy,El Carmen,El Carmen,auto_ok,localidades-censales,38014080,Pampa Blanca,El Carmen,-24.5352215421891,-65.0718138707193,,
v7_p07,367,Pampa Grande,Salta,Guachipas,Guachipas,flag_bahra,asentamientos,66063A09,Pampa Grande,Guachipas,-25.8679589604708,-65.5080243151649,,Pampa Grande/Guachipas [66063A09]
v7_p08,365,Pampichuela,Jujuy,Valle Grande,Valle Grande,auto_ok,localidades-censales,38105020,Pampichuela,Valle Grande,-23.554625268408,-65.0081725677584,,
v7_p08,166,Patquía,La Rioja,Independencia,Independencia,auto_ok,localidades-censales,46105020,Patquía,Independencia,-30.0480360397584,-66.8797949923223,,
v7_p08,324,Payogasta,Salta,Cachi,Cachi,auto_ok,localidades-censales,66014020,Payogasta,Cachi,-25.0514170197287,-66.1031367847284,,
v7_p08,58,Pedro G. Méndes,Tucumán,Cruz Alta,Cruz Alta,flag_sin_match,,,,,,,,
v7_p08,38,Perico,Jujuy,El Carmen,El Carmen,auto_ok,localidades-censales,38014090,Perico,El Carmen,-24.3755753721138,-65.1175369719544,,
v7_p08,56,Pichanal,Salta,Orán,Orán,auto_ok,localidades-censales,66126060,Pichanal,Orán,-23.3295158466827,-64.2241100748872,,
v7_p08,314,Piquete Cabado,Salta,Anta,Anta,auto_ok,localidades-censales,66007140,Piquete Cabado,Anta,-24.8208072884685,-64.1778684456348,,
v7_p08,209,Piquirenda,Salta,Gral. J. de San Martín,General José de San Martín,auto_ok,localidades-censales,66056190,Piquirenda,General José de San Martín,-22.3239401617442,-63.7521782585579,,
v7_p08,158,Pituil,La Rioja,Famatina,Famatina,auto_ok,localidades-censales,46049090,Pituil,Famatina,-28.5758890527935,-67.4491777936398,,
v7_p08,338,Pluma de Pato,Salta,Rivadavia,Rivadavia,auto_ok,localidades-censales,66133060,Pluma de Pato,Rivadavia,-23.3730167926266,-63.0936718652939,,
v7_p08,43,Pocitos,Salta,Gral. J. de San Martín,General José de San Martín,flag_sin_match,,,,,,,,Salar de Pocitos/Los Andes [66105017]
v7_p08,135,Pomán,Catamarca,Pomán,Pomán,auto_ok,localidades-censales,10084070,Pomán,Pomán,-28.3967346331107,-66.2184974628754,,
v7_p08,307,Pomancillo,Catamarca,Fray Mamerto Esquiú,Fray Mamerto Esquiú,flag_variante,,10063020,Pomancillo Este,Fray Mamerto Esquiú,-28.3029043029118,-65.7209898167255,,Pomancillo Este/Fray Mamerto Esquiú [10063020]; Pomancillo Oeste/Fray Mamerto Esquiú [10063030]
v7_p08,74,Poso del Alto,Tucumán,Cruz Alta,Cruz Alta,flag_sin_match,,,,,,,,
v7_p08,22,Pueblo Ledesma,Jujuy,Ledesma,Ledesma,flag_bahra,localidades,3803508002,Pueblo Ledesma,Ledesma,-23.8346075028739,-64.7896499047357,,Pueblo Ledesma/Ledesma [3803508002]
v7_p08,400,Puente de Plata,Salta,Rosario de la Frontera,Rosario de la Frontera,flag_bahra,asentamientos,66140A24,Puente de Plata,Rosario de la Frontera,-25.9514400411667,-64.7206778561441,,Puente de Plata/Rosario de la Frontera [66140A24]
v7_p08,380,Puerto La Paz,Salta,Rivadavia,Rivadavia,flag_sin_match,,,,,,,,
v7_p08,337,Puesto del Marquéz,Jujuy,Cochinoca,Cochinoca,auto_ok,localidades-censales,38007060,Puesto del Marquéz,Cochinoca,-22.5369276932757,-65.6974837675053,,
v7_p08,383,Puesto Grande,Jujuy,Santa Catalina,Santa Catalina,flag_bahra,asentamientos,38077A09,Puesto Grande,Santa Catalina,-22.0508975776563,-65.9501672532125,,Puesto Grande/Santa Catalina [38077A09]
v7_p08,292,Pumahuasi,Jujuy,Yaví,Yavi,auto_ok,localidades-censales,38112070,Pumahuasi,Yavi,-22.2899363240929,-65.6798827753743,,
v7_p08,252,Punta de Los Llanos,La Rioja,Vélez Sarsfield,Ángel Vicente Peñaloza,auto_ok,localidades-censales,46056010,Punta de los Llanos,Ángel Vicente Peñaloza,-30.1539415913312,-66.5464699255084,,
v7_p08,269,Purmamarca,Jujuy,Tumbaya,Tumbaya,auto_ok,localidades-censales,38098030,Purmamarca,Tumbaya,-23.7466237919117,-65.4991975289627,,
v7_p08,167,Quirós,Catamarca,La Paz,La Paz,auto_ok,localidades-censales,10070120,Quirós,La Paz,-28.7856405433085,-65.1109786102691,,
v7_p08,200,Raco,Tucumán,Tafí,Tafí del Valle | Tafí Viejo | Yerba Buena,auto_ok,localidades-censales,90105078,Raco,Tafí Viejo,-26.6778114166837,-65.4295238264671,,
v7_p08,75,Ranchillos,Tucumán,Cruz Alta,Cruz Alta,auto_ok,localidades-censales,90014120,Ranchillos,Cruz Alta,-26.9574007028769,-65.0442907410861,,
v7_p08,52,Recreo,Catamarca,La Paz,La Paz,auto_ok,localidades-censales,10070140,Recreo,La Paz,-29.2768611237227,-65.0565641552447,,
v7_p08,355,Reyes,Jujuy,Capital,Dr. Manuel Belgrano | Palpalá,flag_variante_bahra,localidades,3802107002,San Pablo de Reyes,Dr. Manuel Belgrano,-24.1468540136486,-65.3939437454147,,San Pablo de Reyes/Dr. Manuel Belgrano [3802107002]
v7_p08,256,Rincón,Catamarca,Pomán,Pomán,auto_ok,localidades-censales,10084080,Rincón,Pomán,-28.2235059375508,-66.1419095671404,,
v7_p08,174,Rinconada,Jujuy,Rinconada,Rinconada,auto_ok,localidades-censales,38049040,Rinconada,Rinconada,-22.4406993919167,-66.1671505979613,,
v7_p08,348,Rinconadillas,Jujuy,Cochinoca,Cochinoca,auto_ok,localidades-censales,38007070,Rinconadillas,Cochinoca,-23.3854659685318,-65.9569963840946,,
v7_p08,105,Río Colorado,Tucumán,Famaillá,Famaillá | Lules | Yerba Buena,flag_depto,,90056060,Río Colorado,Leales,-27.1496800217878,-65.3560513582608,46,Río Colorado/Leales [90056060]
v7_p08,193,Río Chico,Tucumán,Río Chico,Río Chico | Juan Bautista Alberdi | Simoca,auto_ok,localidades-censales,90077030,Río Chico,Río Chico,-27.4809961150586,-65.6214061319444,,
v7_p08,213,Río del Valle,Salta,Anta,Anta,flag_bahra,localidades,66007150,Río del Valle,Anta,-24.6747984174126,-64.201349993083,,Río del Valle/Anta [66007150]
v7_p08,300,Río Piedras,Salta,Metán,Metán,flag_bahra,localidades,66112070,Río Piedras,Metán,-25.3143250298143,-64.9103816832585,,Río Piedras/Metán [66112070]
v7_p08,63,Río Seco,Tucumán,Monteros,Monteros | Simoca,auto_ok,localidades-censales,90070050,Río Seco,Monteros,-27.2675214057625,-65.559286946136,,
v7_p08,366,Rivadavia,Salta,Rivadavia,Rivadavia,auto_ok,localidades-censales,66133070,Rivadavia,Rivadavia,-24.1849709885935,-62.8882419003039,,
v7_p08,21,Rosario de la Frontera,Salta,Rosario de la Frontera,Rosario de la Frontera,auto_ok,localidades-censales,66140050,Rosario de la Frontera,Rosario de la Frontera,-25.7986184671044,-64.9739437142179,,
v7_p08,389,Rosario del Dorado,Salta,Anta,Anta,flag_sin_match,,,,,,,,
v7_p08,36,Rosario de Lerma,Salta,Rosario de Lerma,Rosario de Lerma,auto_ok,localidades-censales,66147030,Rosario de Lerma,Rosario de Lerma,-24.9858665417235,-65.5784404821565,,
v7_p08,262,Rumi-Punco,Tucumán,Graneros,Graneros | La Cocha,auto_ok,localidades-censales,90049016,Rumi Punco,La Cocha,-27.9847962676876,-65.5738815143882,,
v7_p09,265,Sacrificio,Tucumán,Graneros,Graneros | La Cocha,flag_variante,,90049005,El Sacrificio,La Cocha,-27.6509621985048,-65.5736230439475,,El Sacrificio/La Cocha [90049005]
v7_p09,218,Salado,Catamarca,Tinogasta,Tinogasta,flag_variante,,10105100,El Salado,Tinogasta,-28.3031811347636,-67.2533227600658,,El Salado/Tinogasta [10105100]
v7_p09,220,Salinas,La Rioja,San Blas de los Sauces,San Blas de Los Sauces,flag_variante,,46119010,Salicas - San Blas,San Blas de Los Sauces,-28.373737271654,-67.0705706119765,,Salicas - San Blas/San Blas de Los Sauces [46119010]
v7_p09,2,Salta,Salta,Capital,Capital,auto_ok,localidades-censales,66028050,Salta,Capital,-24.7830991431743,-65.4110357993511,,
v7_p09,92,San Andrés,Tucumán,Cruz Alta,Cruz Alta,auto_ok,localidades-censales,90014130,San Andrés,Cruz Alta,-26.8897855663448,-65.1942538195792,,
v7_p09,114,San Antonio,Catamarca,Fray Mamerto Esquiú,Fray Mamerto Esquiú,flag_depto,,10070150,San Antonio,La Paz,-28.9331053161662,-65.0949655869377,129,San Antonio/La Paz [10070150]; San Antonio/Paclín [10077100]
v7_p09,356,San Antonio,Catamarca,Paclín,Paclín,auto_ok,localidades-censales,10077100,San Antonio,Paclín,-28.0083669224685,-65.7110438629801,,
v7_p09,253,San Antonio,Jujuy,San Antonio,San Antonio,auto_ok,localidades-censales,38056030,San Antonio,San Antonio,-24.3698373981438,-65.3315936578938,,
v7_p09,98,San Antonio de la Paz,Catamarca,La Paz,La Paz,flag_sin_match,,,,,,,,
v7_p09,104,San Antonio de los Cobres,Salta,Los Andes,Los Andes,auto_ok,localidades-censales,66105020,San Antonio de los Cobres,Los Andes,-24.2197078275657,-66.3205972562561,,
v7_p09,347,San Blas de los Sauces,La Rioja,San Blas de los Sauces,San Blas de Los Sauces,flag_sin_match,,,,,,,,
v7_p09,210,San Carlos,Salta,San Carlos,San Carlos,auto_ok,localidades-censales,66154040,San Carlos,San Carlos,-25.8930445412731,-65.9291668204991,,
v7_p09,374,San Fernando,Catamarca,Belén,Belén,auto_ok,localidades-censales,10035145,San Fernando,Belén,-27.3341999168915,-66.8980203740392,,
v7_p09,124,San Gabriel,Tucumán,Famaillá,Famaillá | Lules | Yerba Buena,auto_ok,localidades-censales,90028080,San Gabriel,Famaillá,-27.1040255586791,-65.4510620248276,,
v7_p09,371,San Ignacio,Tucumán,Graneros,Graneros | La Cocha,flag_bahra,asentamientos,90049A28,San Ignacio,La Cocha,-27.7524222803091,-65.6270423084612,,San Ignacio/La Cocha [90049A28]
v7_p09,61,San Isidro,Catamarca,Valle Viejo,Valle Viejo,auto_ok,localidades-censales,10112040,San Isidro,Valle Viejo,-28.4531163077345,-65.7181915412924,,
v7_p09,268,San José,Catamarca,Santa María,Santa María,auto_ok,localidades-censales,10091140,San José,Santa María,-26.8014250875105,-66.069758682746,,
v7_p09,266,San José,Catamarca,Tinogasta,Tinogasta,flag_depto,,10063040,San José,Fray Mamerto Esquiú,-28.4201081680484,-65.708383858994,233,San José/Fray Mamerto Esquiú [10063040]; San José/Santa María [10091140]
v7_p09,407,San José,Tucumán,Graneros,Graneros | La Cocha,flag_variante,,90049020,San José de La Cocha,La Cocha,-27.7314987475879,-65.5842568120541,,San José de La Cocha/La Cocha [90049020]
v7_p09,255,San José de Escalchi,Salta,Cachi,Cachi,auto_ok,localidades-censales,66014030,San José de Escalchi,Cachi,-25.2227355947173,-66.2044236339999,,
v7_p09,140,San José de Fray Mamerto Esquiú,Catamarca,Fray Mamerto Esquiú,Fray Mamerto Esquiú,flag_sin_match,,,,,,,,
v7_p09,126,San Juancito,Jujuy,El Carmen,El Carmen,auto_ok,localidades-censales,38014120,San Juancito,El Carmen,-24.3834122025487,-64.99522206922,,
v7_p09,147,San Lorenzo,Salta,Capital,Capital,auto_ok,localidades-censales,66028060,San Lorenzo,Capital,-24.7311972282408,-65.4866007122903,,
v7_p09,351,San Lorenzo,Salta,Rosario de la Frontera,Rosario de la Frontera,auto_ok,localidades-censales,66140070,San Lorenzo,Rosario de la Frontera,-26.1056745290965,-64.6534283977031,,
v7_p09,373,San Martín,Catamarca,Capayán,Capayán,auto_ok,localidades-censales,10042130,San Martín,Capayán,-29.2212290393625,-65.7749657917283,,
v7_p09,90,San Miguel,Tucumán,Cruz Alta,Cruz Alta,flag_bahra,asentamientos,90014A48,San Miguel,Cruz Alta,-26.9088639594411,-65.1156528525714,,San Miguel/Cruz Alta [90014A48]
v7_p09,1,San Miguel de Tucumán,Tucumán,Capital,Capital | Yerba Buena,auto_ok,localidades-censales,90084010,San Miguel de Tucumán,Capital,-26.8330706975512,-65.2044074976478,,
v7_p09,99,San Pablo,Tucumán,Famaillá,Famaillá | Lules | Yerba Buena,flag_variante,,90063030,Ingenio San Pablo,Lules,-26.8704388436245,-65.3108911104434,,Ingenio San Pablo/Lules [90063030]
v7_p09,340,San Pedro,Catamarca,Capayán,Capayán,auto_ok,localidades-censales,10042150,San Pedro,Capayán,-28.741855603575,-66.1270167477957,,
v7_p09,9,San Pedro,Jujuy,San Pedro,San Pedro,auto_ok,localidades-censales,38063180,San Pedro,San Pedro,-24.2313021129282,-64.8681693070463,,
v7_p09,357,San Pedro,La Rioja,Castro Barros,Castro Barros,auto_ok,localidades-censales,46021070,San Pedro,Castro Barros,-28.6616970940093,-66.9230770990177,,
v7_p09,162,San Pedro de Colalao,Tucumán,Trancas,Trancas,auto_ok,localidades-censales,90112020,San Pedro de Colalao,Trancas,-26.2348713633796,-65.4948573864932,,
v7_p09,185,San Rafael,Tucumán,Famaillá,Famaillá | Lules | Yerba Buena,flag_sin_match,,,,,,,,
v7_p09,11,San Ramón de la Nueva Orán,Salta,Orán,Orán,auto_ok,localidades-censales,66126070,San Ramón de la Nueva Orán,Orán,-23.1286385513745,-64.3213844603846,,
v7_p09,4,San Salvador de Jujuy,Jujuy,Capital,Dr. Manuel Belgrano | Palpalá,auto_ok,localidades-censales,38021060,San Salvador de Jujuy,Dr. Manuel Belgrano,-24.185813089784,-65.2990832994208,,
v7_p09,327,San Solano,La Rioja,General San Martín,General San Martín,flag_bahra,asentamientos,46091A32,San Solano,General San Martín,-31.4797220551473,-65.9209043429991,,San Solano/General San Martín [46091A32]
v7_p09,322,Santa Ana,Jujuy,Valle Grande,Valle Grande,auto_ok,localidades-censales,38105040,Santa Ana,Valle Grande,-23.3560234387255,-64.9891670514674,,
v7_p09,320,Santa Catalina,Jujuy,Santa Catalina,Santa Catalina,auto_ok,localidades-censales,38077100,Santa Catalina,Santa Catalina,-21.9470909867398,-66.0517468591889,,
v7_p09,93,Santa Clara,Jujuy,Santa Bárbara,Santa Bárbara,auto_ok,localidades-censales,38070060,Santa Clara,Santa Bárbara,-24.3078151766845,-64.6610648577922,,
v7_p10,196,Santa Clara,La Rioja,General Lavalle,General Felipe Varela,flag_bahra,localidades,4602802002,Santa Clara,General Felipe Varela,-29.561280919834,-68.5330542580943,,Santa Clara/General Felipe Varela [4602802002]
v7_p10,142,Santa Cruz,Tucumán,Chicligasta,Chicligasta | Simoca,auto_ok,localidades-censales,90091040,Santa Cruz,Simoca,-27.3894478589519,-65.4581248095807,,
v7_p10,70,Santa Lucía,Tucumán,Monteros,Monteros | Simoca,auto_ok,localidades-censales,90070060,Santa Lucía,Monteros,-27.0931139918484,-65.5333037617942,,
v7_p10,53,Santa María,Catamarca,Santa María,Santa María,auto_ok,localidades-censales,10091150,Santa María,Santa María,-26.6977269655562,-66.046560256239,,
v7_p10,424,Santa María,Salta,Rivadavia,Rivadavia,auto_ok,localidades-censales,66133080,Santa Marí­a,Rivadavia,-22.1545359864759,-62.8090798928455,,
v7_p10,205,Santa Rita de Catuna,La Rioja,General Ocampo,General Ortiz de Ocampo,auto_ok,localidades-censales,46084050,Santa Rita de Catuna,General Ortiz de Ocampo,-30.9547011317801,-66.2207364277133,,
v7_p10,143,Santa Rosa,Catamarca,Tinogasta,Tinogasta,flag_sin_match,,,,,,,,
v7_p10,128,Santa Rosa,Catamarca,Valle Viejo,Valle Viejo,flag_bahra,localidades,1011204005,Santa Rosa,Valle Viejo,-28.4425610943667,-65.710838370244,,Santa Rosa/Valle Viejo [1011204005]
v7_p10,66,Santa Rosa de Leales,Tucumán,Leales,Leales,auto_ok,localidades-censales,90056070,Santa Rosa de Leales,Leales,-27.1378169980594,-65.2608293281297,,
v7_p10,388,Santa Rosa de Tastil,Salta,Rosario de Lerma,Rosario de Lerma,flag_bahra,asentamientos,66147A32,Santa Rosa de Tastil,Rosario de Lerma,-24.4507793830836,-65.9518291140803,,Santa Rosa de Tastil/Rosario de Lerma [66147A32]
v7_p10,413,Santa Victoria,Salta,Rivadavia,Rivadavia,flag_depto,,66161070,Santa Victoria,Santa Victoria,-22.250720289512,-64.9655763649701,246,Santa Victoria/Santa Victoria [66161070]
v7_p10,393,Santa Victoria,Salta,Santa Victoria,Santa Victoria,auto_ok,localidades-censales,66161070,Santa Victoria,Santa Victoria,-22.250720289512,-64.9655763649701,,
v7_p10,95,Sañogasta,La Rioja,Chilecito,Chilecito,auto_ok,localidades-censales,46042120,Sañogasta,Chilecito,-29.3304016965574,-67.6133785354293,,
v7_p10,333,Saucelito,Salta,Orán,Orán,flag_bahra,asentamientos,66126A34,Saucelito,Orán,-23.4367232323648,-64.3339703017437,,Saucelito/Orán [66126A34]
v7_p10,172,Saujil,Catamarca,Pomán,Pomán,auto_ok,localidades-censales,10084100,Saujil,Pomán,-28.173337080009,-66.2145148644181,,
v7_p10,319,Schaqui,La Rioja,San Blas de los Sauces,San Blas de Los Sauces,flag_variante_bahra,localidades,4611901010,Shaqui,San Blas de Los Sauces,-28.4806277192518,-67.1284401544396,,Shaqui/San Blas de Los Sauces [4611901010]
v7_p10,156,Seclantas,Salta,Molinos,Molinos,auto_ok,localidades-censales,66119030,Seclantás,Molinos,-25.3317436952513,-66.2442051928857,,
v7_p10,277,Senador Péres,Jujuy,Humahuaca,Humahuaca,flag_sin_match,,,,,,,,
v7_p10,325,Sey,Jujuy,Susques,Susques,flag_variante,,38084080,Puesto Sey,Susques,-23.9450800745364,-66.4880705176388,,Puesto Sey/Susques [38084080]
v7_p10,236,Siete de Abril,Tucumán,Burruyacú,Burruyacú,flag_sin_match,,,,,,,,
v7_p10,175,Siján,Catamarca,Pomán,Pomán,auto_ok,localidades-censales,10084110,Siján,Pomán,-28.2623558875079,-66.2209299175292,,
v7_p10,48,Simoca,Tucumán,Monteros,Monteros | Simoca,auto_ok,localidades-censales,90091050,Simoca,Simoca,-27.2629015939786,-65.3580572772022,,
v7_p10,329,Solca,La Rioja,Rivadavia,General Juan Facundo Quiroga,flag_bahra,asentamientos,46070A26,Solca,General Juan Facundo Quiroga,-30.7636793564856,-66.4441208657226,,Solca/General Juan Facundo Quiroga [46070A26]
v7_p10,219,Sumalao,Catamarca,Valle Viejo,Valle Viejo,flag_bahra,localidades,1011204006,Sumalao,Valle Viejo,-28.4749648388181,-65.737589732477,,Sumalao/Valle Viejo [1011204006]
v7_p10,243,Susques,Jujuy,Susques,Susques,auto_ok,localidades-censales,38084100,Susques,Susques,-23.3993487788994,-66.3663509046119,,
v7_p10,15,Tabacal,Salta,Orán,Orán,flag_variante,,66126030,El Tabacal,Orán,-23.253268335436,-64.2465645569251,,El Tabacal/Orán [66126030]
v7_p10,245,Taco Ralo,Tucumán,Graneros,Graneros | La Cocha,auto_ok,localidades-censales,90035030,Taco Ralo,Graneros,-27.8350683836867,-65.1946017699559,,
v7_p10,207,Tafí del Valle,Tucumán,Tafí,Tafí del Valle | Tafí Viejo | Yerba Buena,auto_ok,localidades-censales,90098040,Tafí del Valle,Tafí del Valle,-26.8527978993495,-65.7085573791718,,
v7_p10,6,Tafí Viejo,Tucumán,Tafí,Tafí del Valle | Tafí Viejo | Yerba Buena,auto_ok,localidades-censales,90105080,Tafí Viejo,Tafí Viejo,-26.7343243010404,-65.2593279850237,,
v7_p10,136,Tala,Salta,Candelaria,La Candelaria,flag_variante,,66084020,El Tala,La Candelaria,-26.1121168889331,-65.2778009875003,,El Tala/La Candelaria [66084020]
v7_p10,330,Tala Pampa,Salta,La Viña,La Viña,flag_sin_match,,,,,,,,
v7_p10,290,Tama,La Rioja,Vélez Sarsfield,Ángel Vicente Peñaloza,auto_ok,localidades-censales,46056020,Tama,Ángel Vicente Peñaloza,-30.508814204812,-66.5288369610807,,
v7_p10,255,Tapia,Tucumán,Trancas,Trancas,auto_ok,localidades-censales,90112025,Tapia,Trancas,-26.5938338600569,-65.2791317723554,,
v7_p10,7,Tartagal,Salta,Gral. J. de San Martín,General José de San Martín,auto_ok,localidades-censales,66056220,Tartagal,General José de San Martín,-22.5167723466293,-63.8055985991564,,
v7_p10,271,Taruca Pampa,Tucumán,Burruyacú,Burruyacú,auto_ok,localidades-censales,90007085,Taruca Pampa,Burruyacú,-26.5761214386643,-64.8247126628135,,
v7_p10,419,Telaritos,Catamarca,Capayán,Capayán,flag_bahra,asentamientos,10042A15,Telaritos,Capayán,-29.4744570808957,-65.6572495544608,,Telaritos/Capayán [10042A15]
v7_p10,381,Termas de Reyes,Jujuy,Capital,Dr. Manuel Belgrano | Palpalá,flag_bahra,asentamientos,38021A08,Termas de Reyes,Dr. Manuel Belgrano,-24.170047374922,-65.4905073805748,,Termas de Reyes/Dr. Manuel Belgrano [38021A08]
v7_p10,85,Tilcara,Jujuy,Tilcara,Tilcara,auto_ok,localidades-censales,38094050,Tilcara,Tilcara,-23.5769363225349,-65.393365165314,,
v7_p10,42,Tinogasta,Catamarca,Tinogasta,Tinogasta,auto_ok,localidades-censales,10105180,Tinogasta,Tinogasta,-28.0637510698675,-67.5802695760226,,
v7_p11,301,Tolar Grande,Salta,Los Andes,Los Andes,auto_ok,localidades-censales,66105040,Tolar Grande,Los Andes,-24.5904255635821,-67.395938110293,,
v7_p11,250,Toloche,Salta,Anta,Anta,flag_variante,,66007160,Tolloche,Anta,-25.5254824769381,-63.5237430742904,,Tolloche/Anta [66007160]
v7_p11,264,Tolombón,Salta,Cafayate,Cafayate,auto_ok,localidades-censales,66021020,Tolombón,Cafayate,-26.1827375945744,-65.9398972254241,,
v7_p11,129,Trancas,Tucumán,Trancas,Trancas,flag_variante,,90112030,Villa de Trancas,Trancas,-26.2310292550499,-65.2834605285953,,Villa de Trancas/Trancas [90112030]
v7_p11,274,Tres Cruces,Jujuy,Humahuaca,Humahuaca,auto_ok,localidades-censales,38028050,Tres Cruces,Humahuaca,-22.9169380002989,-65.5878327366614,,
v7_p11,403,Tuisón,La Rioja,Vélez Sarsfield,Ángel Vicente Peñaloza,flag_variante_bahra,asentamientos,46056A19,Tuizón,Ángel Vicente Peñaloza,-30.4250811556774,-66.5406401564882,,Tuizón/Ángel Vicente Peñaloza [46056A19]
v7_p11,283,Tumbaya,Jujuy,Tumbaya,Tumbaya,auto_ok,localidades-censales,38098040,Tumbaya,Tumbaya,-23.8577067205619,-65.4676955539026,,
v7_p11,282,Ulapes,La Rioja,General San Martín,General San Martín,auto_ok,localidades-censales,46091010,Ulapes,General San Martín,-31.5727237816428,-66.2375842738488,,
v7_p11,54,Urundel,Salta,Orán,Orán,auto_ok,localidades-censales,66126080,Urundel,Orán,-23.5578366581158,-64.3969714186738,,
v7_p11,369,Valle Grande,Jujuy,Valle Grande,Valle Grande,auto_ok,localidades-censales,38105060,Valle Grande,Valle Grande,-23.4758465611018,-64.9469047343163,,
v7_p11,170,Vaqueros,Salta,La Caldera,La Caldera,auto_ok,localidades-censales,66077020,Vaqueros,La Caldera,-24.6965743799378,-65.410554934593,,
v7_p11,361,Veintitrés de Agosto,Jujuy,Ledesma,Ledesma,flag_sin_match,,,,,,,,
v7_p11,24,Vespucio,Salta,Gral. J. de San Martín,General José de San Martín,flag_variante_bahra,asentamientos,66056020,Campamento Vespucio,General José de San Martín,-22.5848253527577,-63.8546133818611,,Campamento Vespucio/General José de San Martín [66056020]
v7_p11,133,Vichigasta,La Rioja,Chilecito,Chilecito,auto_ok,localidades-censales,46042140,Vichigasta,Chilecito,-29.4853117429422,-67.5068956773753,,
v7_p11,427,Vilisman,Catamarca,El Alto,El Alto,auto_ok,localidades-censales,10056060,Vilismán,El Alto,-28.4972031395527,-65.4337680389204,,
v7_p11,20,Villa Alberdi,Tucumán,Río Chico,Río Chico | Juan Bautista Alberdi | Simoca,flag_sin_match,,,,,,,,
v7_p11,145,Villa Belgrano,Tucumán,Río Chico,Río Chico | Juan Bautista Alberdi | Simoca,auto_ok,localidades-censales,90042020,Villa Belgrano,Juan Bautista Alberdi,-27.5309021796214,-65.6158747007436,,
v7_p11,113,Villa Bustos,La Rioja,Sanagasta,Sanagasta,flag_sin_match,,,,,,,,
v7_p11,224,Villa Castelli,La Rioja,General Lamadrid,General Lamadrid,auto_ok,localidades-censales,46077010,Villa Castelli,General Lamadrid,-29.0095119583782,-68.2239601300355,,
v7_p11,395,Villa Chepes,La Rioja,General Roca,Rosario Vera Peñaloza,flag_bahra,asentamientos,46112A27,Villa Chepes,Rosario Vera Peñaloza,-31.2600655721296,-66.5855721951218,,Villa Chepes/Rosario Vera Peñaloza [46112A27]
v7_p11,160,Villa Clodomiro Hileret,Tucumán,Río Chico,Río Chico | Juan Bautista Alberdi | Simoca,auto_ok,localidades-censales,90077050,Villa Clodomiro Hileret,Río Chico,-27.4739466117854,-65.6592300213907,,
v7_p11,108,Villa Dolores,Catamarca,Valle Viejo,Valle Viejo,flag_bahra,localidades,1011204007,Villa Dolores,Valle Viejo,-28.4611661862365,-65.7328190343883,,Villa Dolores/Valle Viejo [1011204007]
v7_p11,244,Villa El Alto,Catamarca,El Alto,El Alto,flag_variante,,10056010,Villa Concepcion del Alto,El Alto,-28.3105289310144,-65.3644100118657,,Villa Concepcion del Alto/El Alto [10056010]
v7_p11,150,Villa Mazán,La Rioja,Arauco,Arauco,auto_ok,localidades-censales,46007050,Villa Mazán,Arauco,-28.6520439919202,-66.5442167062845,,
v7_p11,138,Villa Nva. de Monte Rico,Tucumán,Chicligasta,Chicligasta | Simoca,flag_sin_match,,,,,,,,
v7_p11,41,Villa Quinteros,Tucumán,Monteros,Monteros | Simoca,auto_ok,localidades-censales,90070100,Villa Quinteros,Monteros,-27.252889386819,-65.5493003940663,,
v7_p11,81,Villa Unión,La Rioja,General Lavalle,General Felipe Varela,auto_ok,localidades-censales,46028050,Villa Unión,General Felipe Varela,-29.3177647139629,-68.2277639116593,,
v7_p11,297,Vinchina,La Rioja,General Sarmiento,Vinchina,flag_variante,,46098020,Villa San José de Vinchina,Vinchina,-28.7537205926495,-68.2049190613806,,Villa San José de Vinchina/Vinchina [46098020]
v7_p11,230,Vipos,Tucumán,Trancas,Trancas,auto_ok,localidades-censales,90112040,Vipos,Trancas,-26.4811433454964,-65.3468271732962,,
v7_p11,112,Volcán,Jujuy,Tumbaya,Tumbaya,auto_ok,localidades-censales,38098050,Volcán,Tumbaya,-23.9165986512201,-65.4655058903446,,
v7_p11,214,Yala,Jujuy,Capital,Dr. Manuel Belgrano | Palpalá,auto_ok,localidades-censales,38021070,Yala,Dr. Manuel Belgrano,-24.1201364173499,-65.401785782867,,
v7_p11,270,Yaví,Jujuy,Yaví,Yavi,auto_ok,localidades-censales,38112080,Yavi,Yavi,-22.1307312422532,-65.4625344481329,,
v7_p11,33,Yerba Buena,Tucumán,Tafí,Tafí del Valle | Tafí Viejo | Yerba Buena,flag_depto,,90063090,Yerba Buena,Lules,-26.8321539580069,-65.3069313452341,12,Yerba Buena/Lules [90063090]
v7_p11,417,Yoscaba,Jujuy,Santa Catalina,Santa Catalina,auto_ok,localidades-censales,38077110,Yoscaba,Santa Catalina,-22.1671932548934,-66.0247356350832,,
v7_p11,239,Yuchán,Salta,Orán,Orán,flag_bahra,asentamientos,66126A37,Yuchán,Orán,-23.4366982398471,-64.1439445722895,,Yuchán/Orán [66126A37]
v7_p11,276,Yuto,Jujuy,Ledesma,Ledesma,auto_ok,localidades-censales,38035110,Yuto,Ledesma,-23.6427075122006,-64.4717302732701,,
v8_p01,200,Agua Escondida,Mendoza,Malargüe,Malargüe,auto_ok,localidades-censales,50077010,Agua Escondida,Malargüe,-36.1532390359812,-68.3048428543176,,
v8_p01,22,Albardón,San Juan,Albardón,Albardón,flag_sin_match,,,,,,,,
v8_p01,47,Algarrobal,Mendoza,Las Heras,Las Heras,flag_variante_bahra,localidades,5004905003,El Algarrobal,Las Heras,-32.836885004476,-68.7707577387305,,El Algarrobal/Las Heras [5004905003]
v8_p01,92,Algarrobo Verde,San Juan,Veinticinco de Mayo,25 de Mayo,flag_bahra,asentamientos,70126A00,Algarrobo Verde,25 de Mayo,-31.7726765995831,-68.304445020894,,Algarrobo Verde/25 de Mayo [70126A00]
v8_p01,44,Alto de Sierra,San Juan,Santa Lucía,Santa Lucía,flag_depto,,70063010,Alto de Sierra,9 de Julio,-31.5372607161788,-68.4211937544812,14,Alto de Sierra/9 de Julio [70063010]
v8_p01,192,Alto Pelado,San Luis,La Capital,Juan Martín de Pueyrredón,auto_ok,localidades-censales,74056010,Alto Pelado,Juan Martín de Pueyrredón,-33.8369973160712,-66.1391335197348,,
v8_p01,165,Alto Pencoso,San Luis,La Capital,Juan Martín de Pueyrredón,auto_ok,localidades-censales,74056020,Alto Pencoso,Juan Martín de Pueyrredón,-33.4318349890426,-66.9274555070049,,
v8_p01,117,Anchorena,San Luis,Gobernador Dupuy,Gobernador Dupuy,auto_ok,localidades-censales,74042010,Anchorena,Gobernador Dupuy,-35.6756997966016,-65.4246947346804,,
v8_p01,100,Andrade,Mendoza,Rivadavia,Rivadavia,auto_ok,localidades-censales,50084010,Andrade,Rivadavia,-33.1817074350305,-68.5237212096493,,
v8_p01,169,Angualasto,San Juan,Iglesia,Iglesia,auto_ok,localidades-censales,70049010,Angualasto,Iglesia,-30.0600502398538,-69.1749897279416,,
v8_p01,101,Arizona,San Luis,Gobernador Dupuy,Gobernador Dupuy,auto_ok,localidades-censales,74042020,Arizona,Gobernador Dupuy,-35.7250240474772,-65.3206068408142,,
v8_p01,167,Astica,San Juan,Valle Fértil,Valle Fértil,auto_ok,localidades-censales,70119010,Astica,Valle Fértil,-30.9539271241098,-67.3010939412141,,
v8_p01,168,Bagual,San Luis,Gobernador Dupuy,Gobernador Dupuy,auto_ok,localidades-censales,74042030,Bagual,Gobernador Dupuy,-35.1427708697692,-65.5696629196809,,
v8_p01,141,Balde,San Luis,La Capital,Juan Martín de Pueyrredón,auto_ok,localidades-censales,74056030,Balde,Juan Martín de Pueyrredón,-33.3419670796738,-66.6262471913313,,
v8_p01,75,Barreal,San Juan,Calingasta,Calingasta,flag_variante,,70021010,Barreal - Villa Pituil,Calingasta,-31.6493358622174,-69.4763632145309,,Barreal - Villa Pituil/Calingasta [70021010]
v8_p01,148,Batavia,San Luis,Gobernador Dupuy,Gobernador Dupuy,auto_ok,localidades-censales,74042040,Batavia,Gobernador Dupuy,-34.7786376420243,-65.6882164824171,,
v8_p01,110,Beazley,San Luis,La Capital,Juan Martín de Pueyrredón,auto_ok,localidades-censales,74056040,Beazley,Juan Martín de Pueyrredón,-33.757590277536,-66.6448173607139,,
v8_p01,30,Bermejito,San Juan,Santa Lucía,Santa Lucía,flag_sin_match,,,,,,,,Bermejo/Caucete [70035010]
v8_p01,138,Bermejo,San Juan,Caucete,Caucete,auto_ok,localidades-censales,70035010,Bermejo,Caucete,-31.5903013423777,-67.6604600688417,,
v8_p01,33,Bowen,Mendoza,General Alvear,General Alvear,auto_ok,localidades-censales,50014010,Bowen,General Alvear,-35.0004221380396,-67.5104559960815,,
v8_p01,104,Buena Esperanza,San Luis,Gobernador Dupuy,Gobernador Dupuy,auto_ok,localidades-censales,74042050,Buena Esperanza,Gobernador Dupuy,-34.7578672759304,-65.2535894208749,,
v8_p01,115,Calingasta,San Juan,Calingasta,Calingasta,auto_ok,localidades-censales,70021020,Calingasta,Calingasta,-31.3344794669802,-69.4205535228165,,
v8_p01,94,Candelaria,San Luis,Ayacucho,Ayacucho,auto_ok,localidades-censales,74007010,Candelaria,Ayacucho,-32.0611889274482,-65.8248518706818,,
v8_p01,163,Cañada Honda,San Juan,Sarmiento,Sarmiento,auto_ok,localidades-censales,70105010,Cañada Honda,Sarmiento,-31.9850527438787,-68.5481911385325,,
v8_p01,58,Cañada Seca,Mendoza,San Rafael,San Rafael,flag_bahra,asentamientos,50105A04,Cañada Seca,San Rafael,-34.7438923130411,-68.1541286460311,,Cañada Seca/San Rafael [50105A04]
v8_p01,179,Carpintería,San Juan,Pocito,Pocito,auto_ok,localidades-censales,70070020,Carpintería,Pocito,-31.8197340262041,-68.5420480840304,,
v8_p01,53,Carrodilla,Mendoza,Luján,Luján de Cuyo,flag_bahra,localidades,5006309001,Carrodilla,Luján de Cuyo,-32.9674232624478,-68.8516196087317,,Carrodilla/Luján de Cuyo [5006309001]
v8_p01,13,Caucete,San Juan,Caucete,Caucete,auto_ok,localidades-censales,70035020,Caucete,Caucete,-31.6514787868907,-68.2821404352408,,
v8_p01,161,Cienegüita,San Juan,Sarmiento,Sarmiento,flag_variante,,70105020,Cienaguita,Sarmiento,-32.0771624084154,-68.6961680242861,,Cienaguita/Sarmiento [70105020]
v8_p01,89,Cochagual,San Juan,Sarmiento,Sarmiento,auto_ok,localidades-censales,70105025,Cochagual,Sarmiento,-31.8814965205259,-68.3844718532843,,
v8_p01,37,Colonia Alvear Oeste,Mendoza,General Alvear,General Alvear,flag_sin_match,,,,,,,,
v8_p01,74,Concarán,San Luis,Chacabuco,Chacabuco,auto_ok,localidades-censales,74028010,Concarán,Chacabuco,-32.5608234064086,-65.2444335936418,,
v8_p01,54,Coquimbito,Mendoza,Maipú,Maipú,flag_bahra,localidades,5007006002,Coquimbito,Maipú,-32.9709296458884,-68.7567309374964,,Coquimbito/Maipú [5007006002]
v8_p01,50,Costa del Araujo,Mendoza,Lavalle,Lavalle,flag_variante,,50056080,Costa de Araujo,Lavalle,-32.7589352699959,-68.3951235497088,,Costa de Araujo/Lavalle [50056080]
v8_p01,67,Cuadro Nacional,Mendoza,San Rafael,San Rafael,flag_bahra,localidades,5010521001,Cuadro Nacional,San Rafael,-34.6171378885148,-68.2753742994292,,Cuadro Nacional/San Rafael [5010521001]
v8_p01,63,Cruz de Piedra,Mendoza,Maipú,Maipú,auto_ok,localidades-censales,50070030,Cruz de Piedra,Maipú,-33.0327352532182,-68.826767336305,,
v8_p01,32,Chacras de Coria,Mendoza,Luján,Luján de Cuyo,flag_bahra,localidades,5006309002,Chacras de Coria,Luján de Cuyo,-32.9694816435606,-68.8715140834301,,Chacras de Coria/Luján de Cuyo [5006309002]
v8_p01,78,Chilecito,Mendoza,San Carlos,San Carlos,auto_ok,localidades-censales,50091020,Chilecito,San Carlos,-33.8915305879832,-69.071267150964,,
v8_p01,15,Chimbas,San Juan,Chimbas,Chimbas,auto_ok,localidades-censales,70042010,Chimbas,Chimbas,-31.4931935738869,-68.5335424387439,,
v8_p01,197,Chosmes,San Luis,La Capital,Juan Martín de Pueyrredón,auto_ok,localidades-censales,74056060,Chosmes,Juan Martín de Pueyrredón,-33.4035920537354,-66.8037146623549,,
v8_p01,191,Chucuma,San Juan,Valle Fértil,Valle Fértil,auto_ok,localidades-censales,70119030,Chucuma,Valle Fértil,-31.0694386139607,-67.282150243193,,
v8_p02,109,Divisoria,San Juan,Veinticinco de Mayo,25 de Mayo,flag_depto,,70035025,Divisoria,Caucete,-31.7037717576509,-68.2851573396025,60,Divisoria/Caucete [70035025]
v8_p02,151,Dixonville,San Luis,Gobernador Dupuy,Gobernador Dupuy,flag_sin_match,,,,,,,,
v8_p02,154,El Chorrillo,San Luis,La Capital,Juan Martín de Pueyrredón,flag_bahra,localidades,7405610003,El Chorrillo,Juan Martín de Pueyrredón,-33.2904470528437,-66.265531650787,,El Chorrillo/Juan Martín de Pueyrredón [7405610003]
v8_p02,196,El Gigante,San Luis,Belgrano,Belgrano,flag_variante_bahra,asentamientos,74014A35,Santa Rosa del Gigante,Belgrano,-32.9912059521926,-66.8120345902443,,Santa Rosa del Gigante/Belgrano [74014A35]
v8_p02,108,El Nihuil,Mendoza,San Rafael,San Rafael,auto_ok,localidades-censales,50105070,El Nihuil,San Rafael,-35.0353713864246,-68.6806149266928,,
v8_p02,48,El Resguardo,Mendoza,Las Heras,Las Heras,flag_bahra,localidades,5004905008,El Resguardo,Las Heras,-32.8303390304647,-68.8209663176292,,El Resguardo/Las Heras [5004905008]
v8_p02,153,El Volcán,San Luis,La Capital,Juan Martín de Pueyrredón,auto_ok,localidades-censales,74056080,El Volcán,Juan Martín de Pueyrredón,-33.2506413694995,-66.1804387524134,,
v8_p02,155,Embalse La Florida,San Luis,Coronel Pringles,Coronel Pringles,flag_sin_match,,,,,,,,
v8_p02,65,Eugenio Bustos,Mendoza,San Carlos,San Carlos,auto_ok,localidades-censales,50091030,Eugenio Bustos,San Carlos,-33.779539008603,-69.0548771361893,,
v8_p02,130,Fortuna,San Luis,Gobernador Dupuy,Gobernador Dupuy,auto_ok,localidades-censales,74042070,Fortuna,Gobernador Dupuy,-35.130673091663,-65.3830045151238,,
v8_p02,135,Fraga,San Luis,Coronel Pringles,Coronel Pringles,auto_ok,localidades-censales,74021030,Fraga,Coronel Pringles,-33.5020934225152,-65.7927430683989,,
v8_p02,55,Fray Luis Beltrán,Mendoza,Maipú,Maipú,auto_ok,localidades-censales,50070050,Fray Luis Beltrán,Maipú,-33.0043976922582,-68.6499236657067,,
v8_p02,12,General Alvear,Mendoza,General Alvear,General Alvear,auto_ok,localidades-censales,50014030,General Alvear,General Alvear,-34.9774837777834,-67.6963132418926,,
v8_p02,16,General Gutierrez,Mendoza,Maipú,Maipú,flag_bahra,localidades,5007006003,General Gutiérrez,Maipú,-32.9604074494578,-68.7874652844763,,General Gutiérrez/Maipú [5007006003]
v8_p02,4,Godoy Cruz,Mendoza,Godoy Cruz,Godoy Cruz,auto_ok,localidades-censales,50021010,Godoy Cruz,Godoy Cruz,-32.9383990762159,-68.8409629642207,,
v8_p02,73,Goudge,Mendoza,San Rafael,San Rafael,auto_ok,localidades-censales,50105100,Goudge,San Rafael,-34.6766223405705,-68.1331548753633,,
v8_p02,174,Guanacache,San Juan,Sarmiento,Sarmiento,flag_bahra,asentamientos,70105050,Guanacache,Sarmiento,-32.0644360689192,-68.5896898648339,,Guanacache/Sarmiento [70105050]
v8_p02,3,Guaymallén,Mendoza,Guaymallén,Guaymallén,auto_ok,localidades-censales,50028020,Guaymallén,Guaymallén,-32.893423062057,-68.776140776093,,
v8_p02,143,Hipólito Irigoyen,San Luis,Belgrano,Belgrano,flag_sin_match,,,,,,,,
v8_p02,98,Huaco,San Juan,Jáchal,Jáchal,auto_ok,localidades-censales,70056030,Huaco,Jáchal,-30.1577584761793,-68.4826412677447,,
v8_p02,139,Iglesia,San Juan,Iglesia,Iglesia,auto_ok,localidades-censales,70049030,Iglesia,Iglesia,-30.4241594403505,-69.2290874734081,,
v8_p02,137,Ingeniero Balloffet,Mendoza,San Rafael,San Rafael,flag_sin_match,,,,,,,,
v8_p02,64,Ingeniero Gustavo André,Mendoza,Lavalle,Lavalle,auto_ok,localidades-censales,50056110,Ingeniero Gustavo André,Lavalle,-32.6801598458727,-68.3163327823829,,
v8_p02,24,Jáchal,San Juan,Jáchal,Jáchal,flag_variante,,70056080,San José de Jáchal,Jáchal,-30.2416434548614,-68.746584232251,,San José de Jáchal/Jáchal [70056080]
v8_p02,87,Jaime Prats,Mendoza,San Rafael,San Rafael,auto_ok,localidades-censales,50105110,Jaime Prats,San Rafael,-34.910364529096,-67.8204858353936,,
v8_p02,189,Jarrilla,San Luis,La Capital,Juan Martín de Pueyrredón,flag_variante,,74056090,Jarilla,Juan Martín de Pueyrredón,-33.3992256815535,-67.0257914547147,,Jarilla/Juan Martín de Pueyrredón [74056090]
v8_p02,56,Jocolí,Mendoza,Lavalle,Lavalle,auto_ok,localidades-censales,50056120,Jocolí,Lavalle,-32.5892687727158,-68.6686260585443,,
v8_p02,140,Juan Jorba,San Luis,General Pedernera,General Pedernera,auto_ok,localidades-censales,74035010,Juan Jorba,General Pedernera,-33.6128571229721,-65.2727491335928,,
v8_p02,142,Juan Llerena,San Luis,General Pedernera,General Pedernera,auto_ok,localidades-censales,74035020,Juan Llerena,General Pedernera,-33.2809294703151,-65.6140093408269,,
v8_p02,26,Justo Daract,San Luis,General Pedernera,General Pedernera,auto_ok,localidades-censales,74035030,Justo Daract,General Pedernera,-33.8632979596971,-65.1780912933418,,
v8_p02,57,La Bebida,San Juan,Rivadavia,Rivadavia,flag_sin_match,,,,,,,,
v8_p02,194,La Botija,San Luis,Ayacucho,Ayacucho,flag_bahra,asentamientos,74007A24,La Botija,Ayacucho,-32.2360653521321,-66.5784829026988,,La Botija/Ayacucho [74007A24]
v8_p02,118,La Cañada,San Juan,Albardón,Albardón,flag_sin_match,,,,,,,,Cañada Honda/Sarmiento [70105010]
v8_p02,156,La Carolina,San Luis,Coronel Pringles,Coronel Pringles,auto_ok,localidades-censales,74021010,La Carolina,Coronel Pringles,-32.8136226554095,-66.0945048715545,,
v8_p02,195,La Ciénaga,San Juan,Jáchal,Jáchal,flag_bahra,asentamientos,70056A13,La Ciénaga,Jáchal,-30.148273842188,-68.577983200187,,La Ciénaga/Jáchal [70056A13]
v8_p02,34,La Colonia,Mendoza,Junín,Junín,auto_ok,localidades-censales,50035030,La Colonia,Junín,-33.0989625485293,-68.4805421035978,,
v8_p02,20,La Consulta,Mendoza,San Carlos,San Carlos,auto_ok,localidades-censales,50091040,La Consulta,San Carlos,-33.7386757381913,-69.1281255649691,,
v8_p02,62,La Dormida,Mendoza,Santa Rosa,Santa Rosa,auto_ok,localidades-censales,50112040,La Dormida,Santa Rosa,-33.3467137505143,-67.9171754216459,,
v8_p02,175,Lafinur,San Luis,Junín,Junín,auto_ok,localidades-censales,74049030,Lafinur,Junín,-32.0626665535639,-65.3502528817131,,
v8_p02,81,La Legua,San Juan,Santa Lucía,Santa Lucía,flag_sin_match,,,,,,,,
v8_p02,85,La Puntilla,Mendoza,Luján,Luján de Cuyo,flag_bahra,localidades,5006309004,La Puntilla,Luján de Cuyo,-32.9620757495015,-68.8609733262489,,La Puntilla/Luján de Cuyo [5006309004]
v8_p03,36,Las Casuarinas,San Juan,Veinticinco de Mayo,25 de Mayo,flag_bahra,asentamientos,70126A06,Las Casuarinas,25 de Mayo,-31.7860072298522,-68.2950283995613,,Las Casuarinas/25 de Mayo [70126A06]
v8_p03,95,Las Catitas,Mendoza,Santa Rosa,Santa Rosa,auto_ok,localidades-censales,50112050,Las Catitas,Santa Rosa,-33.2938581044134,-68.0486120668893,,
v8_p03,121,Las Cortaderas,San Luis,Chacabuco,Chacabuco,flag_variante,,74028020,Cortaderas,Chacabuco,-32.5052292429871,-64.9921994233503,,Cortaderas/Chacabuco [74028020]
v8_p03,185,Las Cuevas,Mendoza,Las Heras,Las Heras,auto_ok,localidades-censales,50049040,Las Cuevas,Las Heras,-32.8127913121977,-70.0495258443685,,
v8_p03,157,Las Chacras,San Luis,San Martín,Libertador General San Martín,auto_ok,localidades-censales,74063030,Las Chacras,Libertador General San Martín,-32.5625390813809,-65.7769610648721,,
v8_p03,131,Las Flores,San Juan,Iglesia,Iglesia,auto_ok,localidades-censales,70049040,Las Flores,Iglesia,-30.3153069336798,-69.2176611317102,,
v8_p03,7,Las Heras,Mendoza,Las Heras,Las Heras,auto_ok,localidades-censales,50049050,Las Heras,Las Heras,-32.84908036795,-68.8460355137272,,
v8_p03,71,Las Malvinas,Mendoza,San Rafael,San Rafael,auto_ok,localidades-censales,50105130,Las Malvinas,San Rafael,-34.8351132201347,-68.2485656697773,,
v8_p03,45,La Toma,San Luis,Coronel Pringles,Coronel Pringles,auto_ok,localidades-censales,74021060,La Toma,Coronel Pringles,-33.0544376204479,-65.62269821015,,
v8_p03,164,Lavaisse,San Luis,General Pedernera,General Pedernera,auto_ok,localidades-censales,74035050,Lavaisse,General Pedernera,-33.8240334888806,-65.4248162452021,,
v8_p03,150,Leandro N. Alem,San Luis,Ayacucho,Ayacucho,auto_ok,localidades-censales,74007030,Leandro N. Alem,Ayacucho,-32.487221446504,-66.0539126200253,,
v8_p03,88,Los Arboles,Mendoza,Rivadavia,Rivadavia,auto_ok,localidades-censales,50084090,Los Árboles,Rivadavia,-33.182824752999,-68.5656953375049,,
v8_p03,129,Los Berros,San Juan,Sarmiento,Sarmiento,auto_ok,localidades-censales,70105070,Los Berros,Sarmiento,-31.9527250663157,-68.6542740137653,,
v8_p03,59,Los Campamentos,Mendoza,Rivadavia,Rivadavia,auto_ok,localidades-censales,50084100,Los Campamentos,Rivadavia,-33.2755298774618,-68.3926332664906,,
v8_p03,29,Luján,Mendoza,Luján,Luján de Cuyo,flag_variante,,50063090,Luján de Cuyo,Luján de Cuyo,-33.0339983971284,-68.8883741550889,,Luján de Cuyo/Luján de Cuyo [50063090]
v8_p03,76,Luján,San Luis,Ayacucho,Ayacucho,auto_ok,localidades-censales,74007040,Luján,Ayacucho,-32.3645103468737,-65.9330437957769,,
v8_p03,10,Maipú,Mendoza,Maipú,Maipú,auto_ok,localidades-censales,50070060,Maipú,Maipú,-32.9791481716669,-68.7983205922319,,
v8_p03,128,Marayes,San Juan,Caucete,Caucete,auto_ok,localidades-censales,70035050,Marayes,Caucete,-31.4634265859233,-67.3515986493911,,
v8_p03,83,Marquesado,San Juan,Rivadavia,Rivadavia,flag_sin_match,,,,,,,,
v8_p03,28,Mayor Drummond,Mendoza,Luján,Luján de Cuyo,flag_bahra,localidades,5006309005,Mayor Drummond,Luján de Cuyo,-33.0194203114596,-68.8757421386204,,Mayor Drummond/Luján de Cuyo [5006309005]
v8_p03,102,Médano de Oro,San Juan,Rawson,Rawson,flag_variante,,70077020,Villa Bolaños (Médano de Oro),Rawson,-31.6289641148455,-68.4804887494444,,Villa Bolaños (Médano de Oro)/Rawson [70077020]
v8_p03,40,Media Agua,San Juan,Sarmiento,Sarmiento,flag_variante,,70105100,Villa Media Agua,Sarmiento,-31.9813990324589,-68.4268179122078,,Villa Media Agua/Sarmiento [70105100]
v8_p03,111,Medrano,Mendoza,Rivadavia,Rivadavia,auto_ok,localidades-censales,50084110,Medrano,Rivadavia,-33.1810293847419,-68.6144359047197,,
v8_p03,4,Mendoza,Mendoza,Capital,Capital,auto_ok,localidades-censales,50007010,Mendoza,Capital,-32.8985811304419,-68.8464060446987,,
v8_p03,8,Mercedes,San Luis,General Pedernera,General Pedernera,flag_variante,,74035070,Villa Mercedes,General Pedernera,-33.6744309804673,-65.4623806406395,,Villa Mercedes/General Pedernera [74035070]
v8_p03,123,Merlo,San Luis,Junín,Junín,flag_bahra,localidades,74049060,Merlo,Junín,-32.3426351395134,-65.013732533825,,Merlo/Junín [74049060]
v8_p03,158,Mogna,San Juan,Jáchal,Jáchal,auto_ok,localidades-censales,70056040,Mogna,Jáchal,-30.6953942337489,-68.3602647734984,,
v8_p03,31,Monte Comán,Mendoza,San Rafael,San Rafael,auto_ok,localidades-censales,50105150,Monte Comán,San Rafael,-34.5923563452847,-67.8689658069078,,
v8_p03,193,Mosmota,San Luis,La Capital,Juan Martín de Pueyrredón,auto_ok,localidades-censales,74056110,Mosmota,Juan Martín de Pueyrredón,-33.671397861663,-66.972801567873,,
v8_p03,127,Naschel,San Luis,Chacabuco,Chacabuco,auto_ok,localidades-censales,74028030,Naschel,Chacabuco,-32.9152793889441,-65.3759512115352,,
v8_p03,178,Navia,San Luis,Gobernador Dupuy,Gobernador Dupuy,auto_ok,localidades-censales,74042120,Navia,Gobernador Dupuy,-34.7749107620736,-66.5864706436242,,
v8_p03,90,Niquivil,San Juan,Jáchal,Jáchal,auto_ok,localidades-censales,70056050,Niquivil,Jáchal,-30.4095010941777,-68.6900501664038,,
v8_p03,52,Nueva California,Mendoza,San Martín,San Martín,auto_ok,localidades-censales,50098090,Nueva California,San Martín,-32.7494973761983,-68.3242459516646,,
v8_p03,125,Nueva Galia,San Luis,Gobernador Dupuy,Gobernador Dupuy,auto_ok,localidades-censales,74042130,Nueva Galia,Gobernador Dupuy,-35.1152554630808,-65.2587324880435,,
v8_p03,126,Nueve de Julio,San Juan,Nueve de Julio,9 de Julio,flag_sin_match,,,,,,,,
v8_p03,19,Palmira,Mendoza,San Martín,San Martín,flag_bahra,localidades,5009810001,Palmira,San Martín,-33.0505033699186,-68.5609120309006,,Palmira/San Martín [5009810001]
v8_p03,82,Pampa del Chañar,San Juan,Jáchal,Jáchal,flag_sin_match,,,,,,,,
v8_p03,124,Pampa Vieja,San Juan,Jáchal,Jáchal,auto_ok,localidades-censales,70056060,Pampa Vieja,Jáchal,-30.2143712482073,-68.6883438048505,,
v8_p03,172,Paso Grande,San Luis,San Martín,Libertador General San Martín,auto_ok,localidades-censales,74063050,Paso Grande,Libertador General San Martín,-32.8773732633457,-65.6350974917893,,
v8_p03,113,Perdriel,Mendoza,Luján,Luján de Cuyo,auto_ok,localidades-censales,50063100,Perdriel,Luján de Cuyo,-33.0663835700212,-68.8764556438187,,
v8_p03,112,Pie de Palo,San Juan,Caucete,Caucete,auto_ok,localidades-censales,70035060,Pie de Palo,Caucete,-31.6682003875414,-68.224065223161,,
v8_p04,122,Piedra Blanca,San Luis,Junín,Junín,flag_sin_match,,,,,,,,
v8_p04,144,Polvaredas,Mendoza,Las Heras,Las Heras,auto_ok,localidades-censales,50049080,Polvaredas,Las Heras,-32.7929099592299,-69.6511854690389,,
v8_p04,182,Potrerillo,San Luis,San Martín,Libertador General San Martín,auto_ok,localidades-censales,74063060,Potrerillo,Libertador General San Martín,-32.6710816165548,-65.6549881141628,,
v8_p04,186,Potrero de los Funes,San Luis,La Capital,Juan Martín de Pueyrredón,auto_ok,localidades-censales,74056120,Potrero de los Funes,Juan Martín de Pueyrredón,-33.2201411232087,-66.2270690784648,,
v8_p04,184,Pozo del Tala,San Luis,Belgrano,Belgrano,flag_bahra,asentamientos,74014A28,Pozo del Tala,Belgrano,-32.6027142411611,-66.2915132094879,,Pozo del Tala/Belgrano [74014A28]
v8_p04,198,Punta del Agua,San Juan,Jáchal,Jáchal,flag_bahra,asentamientos,70056A23,Punta del Agua,Jáchal,-30.2819120946076,-68.3046468234159,,Punta del Agua/Jáchal [70056A23]
v8_p04,176,Punta de Vacas,Mendoza,Las Heras,Las Heras,auto_ok,localidades-censales,50049100,Punta de Vacas,Las Heras,-32.8515773213672,-69.7526265191167,,
v8_p04,39,Quines,San Luis,Ayacucho,Ayacucho,auto_ok,localidades-censales,74007050,Quines,Ayacucho,-32.2328442440147,-65.8050663481491,,
v8_p04,68,Real del Padre,Mendoza,San Rafael,San Rafael,auto_ok,localidades-censales,50105190,Real del Padre,San Rafael,-34.8425709144348,-67.7689662584238,,
v8_p04,171,Renca,San Luis,Chacabuco,Chacabuco,auto_ok,localidades-censales,74028050,Renca,Chacabuco,-32.7715762969052,-65.3642319519665,,
v8_p04,180,Retamito,San Juan,Sarmiento,Sarmiento,flag_bahra,asentamientos,70105A06,Retamito,Sarmiento,-32.1032027498862,-68.5988000011851,,Retamito/Sarmiento [70105A06]
v8_p04,105,Rinconada,San Juan,Pocito,Pocito,flag_variante,,70070040,Villa Aberastain - La Rinconada,Pocito,-31.6580203841877,-68.5795741904511,,Villa Aberastain - La Rinconada/Pocito [70070040]
v8_p04,152,Rincón del Este,San Luis,Junín,Junín,flag_sin_match,,,,,,,,
v8_p04,11,Rivadavia,Mendoza,Rivadavia,Rivadavia,auto_ok,localidades-censales,50084140,Rivadavia,Rivadavia,-33.19403215031,-68.4736188877526,,
v8_p04,17,Rivadavia,San Juan,Rivadavia,Rivadavia,auto_ok,localidades-censales,70084010,Rivadavia,Rivadavia,-31.5335200372447,-68.5920689785483,,
v8_p04,119,Rodeo,San Juan,Iglesia,Iglesia,auto_ok,localidades-censales,70049060,Rodeo,Iglesia,-30.2108188116132,-69.1320903597642,,
v8_p04,23,Rodeo de la Cruz,Mendoza,Guaymallén,Guaymallén,flag_bahra,localidades,5002802011,Rodeo de la Cruz,Guaymallén,-32.9210463916055,-68.7389029800416,,Rodeo de la Cruz/Guaymallén [5002802011]
v8_p04,69,Rodeo del Medio,Mendoza,Maipú,Maipú,auto_ok,localidades-censales,50070070,Rodeo del Medio,Maipú,-32.9880056754694,-68.7010652608485,,
v8_p04,97,Rodolfo Iselin (La Llave),Mendoza,San Rafael,San Rafael,flag_sin_match,,,,,,,,
v8_p04,51,Russell,Mendoza,Maipú,Maipú,flag_bahra,asentamientos,50070080,Russell,Maipú,-33.005845686362,-68.7966256471329,,Russell/Maipú [50070080]
v8_p04,173,Saladillo,San Luis,Coronel Pringles,Coronel Pringles,auto_ok,localidades-censales,74021090,Saladillo,Coronel Pringles,-33.2024087537396,-65.8553724626418,,
v8_p04,181,San Antonio,San Luis,Belgrano,Belgrano,flag_bahra,asentamientos,74014A31,San Antonio,Belgrano,-32.6459767683126,-66.8976041125515,,San Antonio/Belgrano [74014A31]
v8_p04,69,San Francisco,San Luis,Ayacucho,Ayacucho,flag_variante,,74007070,San Francisco del Monte de Oro,Ayacucho,-32.6002709030025,-66.127149270559,,San Francisco del Monte de Oro/Ayacucho [74007070]
v8_p04,66,San Isidro,San Juan,San Martín,San Martín,auto_ok,localidades-censales,70091030,San Isidro,San Martín,-31.4870993000717,-68.325134344897,,
v8_p04,190,San Jerónimo,San Luis,La Capital,Juan Martín de Pueyrredón,auto_ok,localidades-censales,74056140,San Jerónimo,Juan Martín de Pueyrredón,-33.1386569519015,-66.5197463701194,,
v8_p04,103,Salto de las Rosas,Mendoza,San Rafael,San Rafael,auto_ok,localidades-censales,50105200,Salto de las Rosas,San Rafael,-34.7236891186834,-68.2280421347362,,
v8_p04,183,San José del Morro,San Luis,General Pedernera,General Pedernera,auto_ok,localidades-censales,74035060,San José del Morro,General Pedernera,-33.2124247915114,-65.4911353087834,,
v8_p04,2,San Juan,San Juan,Capital,Capital,auto_ok,localidades-censales,70028010,San Juan,Capital,-31.5371970378027,-68.5250183173793,,
v8_p04,6,San Luis,San Luis,La Capital,Juan Martín de Pueyrredón,auto_ok,localidades-censales,74056150,San Luis,Juan Martín de Pueyrredón,-33.30206625434,-66.336934749759,,
v8_p04,9,San Martín,Mendoza,San Martín,San Martín,flag_bahra,localidades,50098100,San Martín,San Martín,-33.0877142385908,-68.475807203147,,San Martín/San Martín [50098100]; San Martín/San Martín [5009810002]
v8_p04,84,San Martín,San Juan,San Martín,San Martín,flag_variante,,70091070,Villa San Martín,San Martín,-31.516761980837,-68.3526471246019,,Villa San Martín/San Martín [70091070]
v8_p04,159,San Martín,San Luis,San Martín,Libertador General San Martín,auto_ok,localidades-censales,74063070,San Martín,Libertador General San Martín,-32.4106321159259,-65.6756669759672,,
v8_p04,147,San Pablo,San Luis,Chacabuco,Chacabuco,auto_ok,localidades-censales,74028060,San Pablo,Chacabuco,-32.6612350221489,-65.3056309060596,,
v8_p04,5,San Rafael,Mendoza,San Rafael,San Rafael,auto_ok,localidades-censales,50105210,San Rafael,San Rafael,-34.6074135938185,-68.3291684724082,,
v8_p04,93,San Roque,Mendoza,Maipú,Maipú,auto_ok,localidades-censales,50070090,San Roque,Maipú,-33.0285638174611,-68.5981475648442,,
v8_p04,146,San Roque,San Juan,Jáchal,Jáchal,flag_bahra,asentamientos,70056A24,San Roque,Jáchal,-30.2789226148174,-68.7034860849941,,San Roque/Jáchal [70056A24]
v8_p04,14,Santa Lucía,San Juan,Santa Lucía,Santa Lucía,auto_ok,localidades-censales,70098010,Santa Lucía,Santa Lucía,-31.5404720701142,-68.4979971663393,,
v8_p04,70,Santa María de Oro,Mendoza,Rivadavia,Rivadavia,auto_ok,localidades-censales,50084150,Santa María de Oro,Rivadavia,-33.2087717600844,-68.4291302111225,,
v8_p04,42,Santa Rosa,San Luis,Junín,Junín,flag_variante,,74049070,Santa Rosa del Conlara,Junín,-32.3428395324331,-65.2089545266787,,Santa Rosa del Conlara/Junín [74049070]
v8_p04,199,Talacasto,San Juan,Ullún,Ullum,flag_bahra,asentamientos,70112A08,Talacasto,Ullum,-31.0986207192355,-68.6399509408779,,Talacasto/Ullum [70112A08]
v8_p04,177,Talita,San Luis,Junín,Junín,auto_ok,localidades-censales,74049080,Talita,Junín,-32.2495306670869,-65.5833620040942,,
v8_p05,106,Tamberías,San Juan,Calingasta,Calingasta,auto_ok,localidades-censales,70021030,Tamberías,Calingasta,-31.4579602626869,-69.4214896876964,,
v8_p05,72,Tilisarao,San Luis,Chacabuco,Chacabuco,auto_ok,localidades-censales,74028070,Tilisarao,Chacabuco,-32.7312181012152,-65.2914954755362,,
v8_p05,145,Trapiche,San Luis,Coronel Pringles,Coronel Pringles,flag_variante,,74021020,El Trapiche,Coronel Pringles,-33.1119560524385,-66.0650864215088,,El Trapiche/Coronel Pringles [74021020]
v8_p05,79,Tres de Mayo,Mendoza,Lavalle,Lavalle,flag_sin_match,,,,,,,,
v8_p05,188,Tucunuco,San Juan,Jáchal,Jáchal,flag_bahra,asentamientos,70056A25,Tucunuco,Jáchal,-30.5934974606962,-68.6194790636966,,Tucunuco/Jáchal [70056A25]
v8_p05,132,Tudcum,San Juan,Iglesia,Iglesia,auto_ok,localidades-censales,70049070,Tudcum,Iglesia,-30.1881483820754,-69.2707468856479,,
v8_p05,18,Tunuyán,Mendoza,Tunuyán,Tunuyán,auto_ok,localidades-censales,50119060,Tunuyán,Tunuyán,-33.5775549686559,-69.0253759357637,,
v8_p05,41,Ullún,San Juan,Ullún,Ullum,flag_variante_bahra,asentamientos,70112A02,Dique Ullum,Ullum,-31.4634266836496,-68.6528461287844,,Dique Ullum/Ullum [70112A02]
v8_p05,133,Unión,San Luis,Gobernador Dupuy,Gobernador Dupuy,auto_ok,localidades-censales,74042140,Unión,Gobernador Dupuy,-35.1537914269567,-65.9461705165682,,
v8_p05,38,Uspallata,Mendoza,Las Heras,Las Heras,auto_ok,localidades-censales,50049110,Uspallata,Las Heras,-32.5913881739202,-69.3444271969361,,
v8_p05,160,Varela,San Luis,La Capital,Juan Martín de Pueyrredón,flag_bahra,asentamientos,74056A32,Varela,Juan Martín de Pueyrredón,-34.1240410465768,-66.4639702161896,,Varela/Juan Martín de Pueyrredón [74056A32]
v8_p05,80,Villa Aberastain,San Juan,Pocito,Pocito,flag_bahra,localidades,7007004002,Villa Aberastain,Pocito,-31.6538304185602,-68.5759955169046,,Villa Aberastain/Pocito [7007004002]
v8_p05,25,Villa Atuel,Mendoza,San Rafael,San Rafael,auto_ok,localidades-censales,50105230,Villa Atuel,San Rafael,-34.8316025502137,-67.9228605405057,,
v8_p05,170,Villa de la Quebrada,San Luis,Belgrano,Belgrano,auto_ok,localidades-censales,74014030,Villa de la Quebrada,Belgrano,-33.0167591643291,-66.2931746391126,,
v8_p05,134,Villa del Carmen,San Luis,Chacabuco,Chacabuco,auto_ok,localidades-censales,74028080,Villa del Carmen,Chacabuco,-32.9400400486048,-65.0390029921947,,
v8_p05,77,Villa del Salvador,San Juan,Angaco,Angaco,flag_depto,,70091040,Villa del Salvador,San Martín,-31.4636666297769,-68.4109532790942,38,Villa del Salvador/San Martín [70091040]
v8_p05,166,Villa General Roca,San Luis,Belgrano,Belgrano,flag_bahra,localidades,74014040,Villa General Roca,Belgrano,-32.6659413909673,-66.4507847001664,,Villa General Roca/Belgrano [74014040]
v8_p05,96,Villa Independencia,San Juan,Caucete,Caucete,auto_ok,localidades-censales,70035080,Villa Independencia,Caucete,-31.6245292071939,-68.3138150331219,,
v8_p05,60,Villa Junín,Mendoza,Junín,Junín,flag_sin_match,,,,,,,,
v8_p05,21,Villa Krause,San Juan,Rawson,Rawson,flag_sin_match,,,,,,,,
v8_p05,43,Villa La Paz,Mendoza,La Paz,La Paz,flag_sin_match,,,,,,,,
v8_p05,149,Villa Larca,San Luis,Chacabuco,Chacabuco,auto_ok,localidades-censales,74028090,Villa Larca,Chacabuco,-32.6204279429747,-64.9787672464019,,
v8_p05,27,Villa Malargüe,Mendoza,Malargüe,Malargüe,flag_sin_match,,,,,,,,
v8_p05,114,Villa Mercedes,San Juan,Jáchal,Jáchal,auto_ok,localidades-censales,70056110,Villa Mercedes,Jáchal,-30.1083450239315,-68.7034512079895,,
v8_p05,162,Villa Praga,San Luis,San Martín,Libertador General San Martín,flag_variante,,74063080,Villa de Praga,Libertador General San Martín,-32.53328486846,-65.6458584277793,,Villa de Praga/Libertador General San Martín [74063080]
v8_p05,116,Villa Reynolds,San Luis,General Pedernera,General Pedernera,auto_ok,localidades-censales,74035080,Villa Reynolds,General Pedernera,-33.7212118872285,-65.3825350637797,,
v8_p05,91,Villa San Agustín,San Juan,Valle Fértil,Valle Fértil,auto_ok,localidades-censales,70119060,Villa San Agustín,Valle Fértil,-30.6345320658803,-67.467886888001,,
v8_p05,120,Villa San Carlos,Mendoza,San Carlos,San Carlos,flag_sin_match,,,,,,,,
v8_p05,136,Villa Santa Rosa,Mendoza,Santa Rosa,Santa Rosa,flag_sin_match,,,,,,,,
v8_p05,99,Villa Santa Rosa,San Juan,Veinticinco de Mayo,25 de Mayo,auto_ok,localidades-censales,70126050,Villa Santa Rosa,25 de Mayo,-31.7448085385712,-68.3142412332522,,
v8_p05,49,Villa Tulumaya,Mendoza,Lavalle,Lavalle,auto_ok,localidades-censales,50056160,Villa Tulumaya,Lavalle,-32.7213084731016,-68.595778412737,,
v8_p05,35,Villa Tupungato,Mendoza,Tupungato,Tupungato,flag_sin_match,,,,,,,,
v8_p05,86,Villa 25 de Mayo,Mendoza,San Rafael,San Rafael,flag_sin_match,,,,,,,,
v8_p05,107,Vista Flores,Mendoza,Tunuyán,Tunuyán,auto_ok,localidades-censales,50119070,Vista Flores,Tunuyán,-33.6508979816791,-69.1558251833401,,
v8_p05,187,Zanjitas,San Luis,La Capital,Juan Martín de Pueyrredón,auto_ok,localidades-censales,74056160,Zanjitas,Juan Martín de Pueyrredón,-33.8055668521228,-66.4147433862352,,
v8_p05,46,Zonda,San Juan,Veinticinco de Mayo,25 de Mayo,flag_sin_match,,,,,,,,Cañada Honda/Sarmiento [70105010]
v9_1_2_p01,127,Aguada Cecilio,Río Negro,Valcheta,Valcheta,auto_ok,localidades-censales,62084010,Aguada Cecilio,Valcheta,-40.848033466739,-65.8434792938633,,
v9_1_2_p01,145,Aguada de Guerra,Río Negro,25 de Mayo,25 de Mayo,auto_ok,localidades-censales,62091010,Aguada de Guerra,25 de Mayo,-41.0670325814629,-68.3827286310481,,
v9_1_2_p01,131,Aldea Apeleg,Chubut,Río Senguer,Río Senguer,auto_ok,localidades-censales,26084010,Aldea Apeleg,Río Senguer,-44.687186852131,-70.8535056952695,,
v9_1_2_p01,51,Alejandro Stefanelli,Río Negro,General Roca,General Roca,flag_sin_match,,,,,,,,
v9_1_2_p01,8,Allen,Río Negro,General Roca,General Roca,auto_ok,localidades-censales,62042010,Allen,General Roca,-38.9795106570689,-67.828021398161,,
v9_1_2_p01,62,Alto Río Senguerr,Chubut,Río Senguer,Río Senguer,flag_variante,,26084030,Alto Río Senguer,Río Senguer,-45.0419550181726,-70.8234403972491,,Alto Río Senguer/Río Senguer [26084030]
v9_1_2_p01,82,Aluminé,Neuquén,Aluminé,Aluminé,auto_ok,localidades-censales,58007010,Aluminé,Aluminé,-39.2384060186233,-70.9159080653272,,
v9_1_2_p01,95,Andacollo,Neuquén,Minas,Minas,auto_ok,localidades-censales,58077010,Andacollo,Minas,-37.1796778745903,-70.6700148075152,,
v9_1_2_p01,160,Añelo,Neuquén,Añelo,Añelo,auto_ok,localidades-censales,58014010,Añelo,Añelo,-38.3514440221419,-68.7919715586172,,
v9_1_2_p01,68,Astra,Chubut,Escalante,Escalante,auto_ok,localidades-censales,26021010,Astra,Escalante,-45.7325075074661,-67.4920381888966,,
v9_1_2_p01,143,Auca Mahuída,Neuquén,Añelo,Añelo,flag_bahra,asentamientos,58014A04,Auca Mahuida,Añelo,-37.885659694437,-68.5193441345967,,Auca Mahuida/Añelo [58014A04]
v9_1_2_p01,153,Bahía Laura,Santa Cruz,Deseado,Deseado,flag_bahra,asentamientos,78014A02,Bahía Laura,Deseado,-48.3938900655788,-66.4781940641785,,Bahía Laura/Deseado [78014A02]
v9_1_2_p01,99,Bajada del Agrio,Neuquén,Picunches,Picunches,auto_ok,localidades-censales,58105010,Bajada del Agrio,Picunches,-38.4081690892817,-70.0299178373494,,
v9_1_2_p01,65,Barda del Medio,Río Negro,General Roca,General Roca,auto_ok,localidades-censales,62042030,Barda del Medio,General Roca,-38.7256081693586,-68.1559712107985,,
v9_1_2_p01,5,Bariloche,Río Negro,Bariloche,Bariloche,flag_variante,,62021060,San Carlos de Bariloche,Bariloche,-41.1335181791713,-71.3101230266527,,San Carlos de Bariloche/Bariloche [62021060]
v9_1_2_p01,157,Barrio Laprida y Manantial Rosales,Chubut,Escalante,Escalante,flag_sin_match,,,,,,,,
v9_1_2_p01,158,Benjamín Zorrilla,Río Negro,Avellaneda,Avellaneda,flag_bahra,asentamientos,62014A02,Benjamín Zorrilla,Avellaneda,-39.0958199997846,-65.4809229839758,,Benjamín Zorrilla/Avellaneda [62014A02]
v9_1_2_p01,123,Buen Pasto,Chubut,Sarmiento,Sarmiento,auto_ok,localidades-censales,26091010,Buen Pasto,Sarmiento,-45.0772918067446,-69.4588633393087,,
v9_1_2_p01,101,Buta Ranquil,Neuquén,Pehuenches,Pehuenches,auto_ok,localidades-censales,58091020,Buta Ranquil,Pehuenches,-37.0516831418303,-69.8779026127114,,
v9_1_2_p01,25,Caleta Olivia,Santa Cruz,Deseado,Deseado,auto_ok,localidades-censales,78014010,Caleta Olivia,Deseado,-46.4477343844645,-67.5227023744583,,
v9_1_2_p01,103,Camarones,Chubut,Florentino Ameghino,Florentino Ameghino,auto_ok,localidades-censales,26028010,Camarones,Florentino Ameghino,-44.79829087317,-65.7105992934951,,
v9_1_2_p01,42,Cañadón Seco,Santa Cruz,Deseado,Deseado,auto_ok,localidades-censales,78014020,Cañadón Seco,Deseado,-46.5613431609594,-67.6093011930422,,
v9_1_2_p01,19,Centenario,Neuquén,Confluencia,Confluencia,auto_ok,localidades-censales,58035030,Centenario,Confluencia,-38.830091779645,-68.1215045725478,,
v9_1_2_p01,116,Centro Río Mayo,Chubut,Río Senguer,Río Senguer,flag_sin_match,,,,,,,,
v9_1_2_p01,89,Cervantes,Río Negro,General Roca,General Roca,auto_ok,localidades-censales,62042370,Cervantes,General Roca,-39.0539441955405,-67.3941886082652,,
v9_1_2_p01,11,Cinco Saltos,Río Negro,General Roca,General Roca,auto_ok,localidades-censales,62042390,Cinco Saltos,General Roca,-38.8275620197176,-68.0660962055201,,
v9_1_2_p01,3,Cipolletti,Río Negro,General Roca,General Roca,auto_ok,localidades-censales,62042400,Cipolletti,General Roca,-38.9292908711398,-67.9843320069784,,
v9_1_2_p01,137,Clemente Onelli,Río Negro,25 de Mayo,25 de Mayo,auto_ok,localidades-censales,62091020,Clemente Onelli,25 de Mayo,-41.2448350046555,-70.0342029410146,,
v9_1_2_p01,125,Colan-Conhué,Chubut,Languiñeo,Languiñeo,auto_ok,localidades-censales,26056030,Colan Conhué,Languiñeo,-43.2425977048335,-69.9302181856069,,
v9_1_2_p01,88,Colonia Catriel,Río Negro,General Roca,General Roca,flag_sin_match,,,,,,,,
v9_1_2_p01,38,Colonia Las Heras,Santa Cruz,Deseado,Deseado,flag_sin_match,,,,,,,,
v9_1_2_p01,74,Comallo,Río Negro,Pilcaniyeu,Pilcaniyeu,auto_ok,localidades-censales,62070010,Comallo,Pilcaniyeu,-41.0299477490166,-70.2678493336528,,
v9_1_2_p01,50,Comandante Luis Piedrabuena,Santa Cruz,Corpen Aike,Corpen Aike,auto_ok,localidades-censales,78007010,Comandante Luis Piedrabuena,Corpen Aike,-49.9827053148632,-68.9136317623813,,
v9_1_2_p01,1,Comodoro Rivadavia,Chubut,Escalante,Escalante,auto_ok,localidades-censales,26021030,Comodoro Rivadavia,Escalante,-45.8806237030771,-67.5194575718113,,
v9_1_2_p01,106,Cona Niyeo,Río Negro,9 de Julio,9 de Julio,flag_variante,,62049020,Cona Niyeu,9 de Julio,-41.8648230756222,-66.938029904312,,Cona Niyeu/9 de Julio [62049020]
v9_1_2_p01,63,Contralmirante Cordero,Río Negro,General Roca,General Roca,auto_ok,localidades-censales,62042410,Contralmirante Cordero,General Roca,-38.7570062611988,-68.0994972104866,,
v9_1_2_p01,91,El Corcovado,Chubut,Futaleufú,Futaleufú,flag_variante,,26035020,Corcovado,Futaleufú,-43.5392375875905,-71.4688505677306,,Corcovado/Futaleufú [26035020]
v9_1_2_p01,76,Coronel Belisle,Río Negro,Avellaneda,Avellaneda,auto_ok,localidades-censales,62014050,Coronel Belisle,Avellaneda,-39.1858299915745,-65.9563191181266,,
v9_1_2_p02,120,Coronel Eugenio del Busto,Río Negro,Pichi-Mahuida,Pichi Mahuida,flag_bahra,asentamientos,62063A03,Coronel Eugenio del Busto,Pichi Mahuida,-38.9431544877458,-64.246765715667,,Coronel Eugenio del Busto/Pichi Mahuida [62063A03]
v9_1_2_p02,58,Coronel Gómez,Río Negro,General Roca,General Roca,flag_sin_match,,,,,,,,
v9_1_2_p02,155,Cubanea,Río Negro,Adolfo Alsina,Adolfo Alsina,flag_bahra,asentamientos,62007A03,Cubanea,Adolfo Alsina,-40.6173566505519,-63.5568106763696,,Cubanea/Adolfo Alsina [62007A03]
v9_1_2_p02,10,Cutral-Có,Neuquén,Confluencia,Confluencia,auto_ok,localidades-censales,58035040,Cutral Có,Confluencia,-38.9379007509951,-69.2293580990891,,
v9_1_2_p02,129,Challacó,Neuquén,Confluencia,Confluencia,flag_bahra,asentamientos,58035A04,Challacó,Confluencia,-38.9701577114512,-68.9632593274039,,Challacó/Confluencia [58035A04]
v9_1_2_p02,115,Chelforo,Río Negro,Avellaneda,Avellaneda,auto_ok,localidades-censales,62014020,Chelforó,Avellaneda,-39.0875054939476,-66.5211251558587,,
v9_1_2_p02,37,Chichinales,Río Negro,General Roca,General Roca,auto_ok,localidades-censales,62042380,Chichinales,General Roca,-39.1148814347412,-66.9425150029993,,
v9_1_2_p02,64,Chimpay,Río Negro,Avellaneda,Avellaneda,auto_ok,localidades-censales,62014030,Chimpay,Avellaneda,-39.1648726337913,-66.1457907851535,,
v9_1_2_p02,30,Choele-Choel,Río Negro,Avellaneda,Avellaneda,auto_ok,localidades-censales,62014040,Choele Choel,Avellaneda,-39.2911700685106,-65.6554137207825,,
v9_1_2_p02,49,Cholita,Chubut,Cushamen,Cushamen,flag_variante,,26014020,Cholila,Cushamen,-42.5112701603574,-71.4312770648423,,Cholila/Cushamen [26014020]
v9_1_2_p02,31,Chos-Malal,Neuquén,Chos-Malal,Chos Malal,auto_ok,localidades-censales,58042010,Chos Malal,Chos Malal,-37.3747818526022,-70.2764670994555,,
v9_1_2_p02,83,Darwin,Río Negro,Avellaneda,Avellaneda,auto_ok,localidades-censales,62014060,Darwin,Avellaneda,-39.2030079227621,-65.7397724810603,,
v9_1_2_p02,28,Deseado,Santa Cruz,Deseado,Deseado,flag_variante,,78014080,Puerto Deseado,Deseado,-47.751662398045,-65.9009897257478,,Puerto Deseado/Deseado [78014080]
v9_1_2_p02,60,Diadema Argentina,Chubut,Escalante,Escalante,auto_ok,localidades-censales,26021040,Diadema Argentina,Escalante,-45.7786900668836,-67.6734969209701,,
v9_1_2_p02,59,Dique Florentino Ameghino,Chubut,Gaiman,Gaiman,auto_ok,localidades-censales,26042010,Dique Florentino Ameghino,Gaiman,-43.6991316910158,-66.4723254682645,,
v9_1_2_p02,53,Dolavon,Chubut,Gaiman,Gaiman,auto_ok,localidades-censales,26042020,Dolavon,Gaiman,-43.309297578868,-65.7087388385691,,
v9_1_2_p02,34,El Bolsón,Río Negro,Bariloche,Bariloche,auto_ok,localidades-censales,62021030,El Bolsón,Bariloche,-41.9685422718056,-71.5354725447602,,
v9_1_2_p02,98,El Calafate,Santa Cruz,Lago Argentino,Lago Argentino,auto_ok,localidades-censales,78028010,El Calafate,Lago Argentino,-50.3416879945748,-72.267380481072,,
v9_1_2_p02,121,El Cuy,Río Negro,El Cuy,El Cuy,auto_ok,localidades-censales,62035030,El Cuy,El Cuy,-39.9269033443135,-68.3447480312889,,
v9_1_2_p02,90,El Cholar,Neuquén,Norquín,Ñorquín,auto_ok,localidades-censales,58084030,El Cholar,Ñorquín,-37.4415263672344,-70.6454930311798,,
v9_1_2_p02,126,El Huecu,Neuquén,Norquín,Ñorquín,auto_ok,localidades-censales,58084040,El Huecú,Ñorquín,-37.6448773700196,-70.5813141013418,,
v9_1_2_p02,35,El Maitén,Chubut,Cushamen,Cushamen,auto_ok,localidades-censales,26014050,El Maitén,Cushamen,-42.0503141432852,-71.1677901870101,,
v9_1_2_p02,141,El Mayoco,Chubut,Cushamen,Cushamen,flag_bahra,asentamientos,26014A09,El Mayoco,Cushamen,-42.704778577141,-70.9639282258249,,El Mayoco/Cushamen [26014A09]
v9_1_2_p02,94,El Turbio,Santa Cruz,Güer Aike,Güer Aike,auto_ok,localidades-censales,78021010,El Turbio,Güer Aike,-51.6803162369585,-72.0903111125434,,
v9_1_2_p02,70,Epuyén,Chubut,Cushamen,Cushamen,auto_ok,localidades-censales,26014060,Epuyén,Cushamen,-42.2275527840394,-71.3652473238513,,
v9_1_2_p02,12,Esquel,Chubut,Futaleufú,Futaleufú,auto_ok,localidades-censales,26035030,Esquel,Futaleufú,-42.9133238858291,-71.3185116319277,,
v9_1_2_p02,108,Facundo,Chubut,Río Senguer,Río Senguer,auto_ok,localidades-censales,26084050,Facundo,Río Senguer,-45.3089555737106,-69.9739347811972,,
v9_1_2_p02,156,Fitz Roy,Santa Cruz,Deseado,Deseado,auto_ok,localidades-censales,78014030,Fitz Roy,Deseado,-47.026469473213,-67.2490550974287,,
v9_1_2_p02,52,Gaiman,Chubut,Gaiman,Gaiman,auto_ok,localidades-censales,26042030,Gaiman,Gaiman,-43.2915081476151,-65.4981751903427,,
v9_1_2_p02,130,Gan Gan,Chubut,Telsen,Telsen,auto_ok,localidades-censales,26105010,Gan Gan,Telsen,-42.5216121925254,-68.2850603016658,,
v9_1_2_p02,159,Gastre,Chubut,Gastre,Gastre,auto_ok,localidades-censales,26049030,Gastre,Gastre,-42.2633131708343,-69.221646411155,,
v9_1_2_p02,78,Gobernador Costa,Chubut,Tehuelches,Tehuelches,auto_ok,localidades-censales,26098020,Gobernador Costa,Tehuelches,-44.0486682056067,-70.5990660979135,,
v9_1_2_p02,79,Gobernador Gregores,Santa Cruz,Río Chico,Río Chico,auto_ok,localidades-censales,78049020,Gobernador Gregores,Río Chico,-48.7508480506016,-70.2485240176428,,
v9_1_2_p02,85,General Conesa,Río Negro,General Conesa,Conesa,auto_ok,localidades-censales,62028020,General Conesa,Conesa,-40.1062211634033,-64.4530350148868,,
v9_1_2_p02,36,General Fernández Oro,Río Negro,General Roca,General Roca,auto_ok,localidades-censales,62042440,General Fernández Oro,General Roca,-38.9539541604392,-67.9291694200066,,
v9_1_2_p02,46,General E. Godoy,Río Negro,General Roca,General Roca,flag_variante,,62042430,General Enrique Godoy,General Roca,-39.0795501222919,-67.1575508259755,,General Enrique Godoy/General Roca [62042430]
v9_1_2_p02,128,General Lorenzo Vintter,Río Negro,Adolfo Alsina,Adolfo Alsina,flag_bahra,asentamientos,62007A09,General Lorenzo Vintter,Adolfo Alsina,-40.7461574015449,-64.4950520129867,,General Lorenzo Vintter/Adolfo Alsina [62007A09]
v9_1_2_p02,2,General Roca,Río Negro,General Roca,General Roca,auto_ok,localidades-censales,62042450,General Roca,General Roca,-39.0267025182087,-67.5748540962425,,
v9_1_2_p03,80,Guardia Mitre,Río Negro,Adolfo Alsina,Adolfo Alsina,auto_ok,localidades-censales,62007040,Guardia Mitre,Adolfo Alsina,-40.4291260834078,-63.6728639081296,,
v9_1_2_p03,113,Gualjaina,Chubut,Cushamen,Cushamen,auto_ok,localidades-censales,26014070,Gualjaina,Cushamen,-42.7239468870931,-70.5385974401346,,
v9_1_2_p03,29,Ingeniero Huergo,Río Negro,General Roca,General Roca,flag_variante,,62042460,Ingeniero Luis A. Huergo,General Roca,-39.0711757468082,-67.2328876350348,,Ingeniero Luis A. Huergo/General Roca [62042460]
v9_1_2_p03,33,Ingeniero Jacobacci,Río Negro,25 de Mayo,25 de Mayo,auto_ok,localidades-censales,62091050,Ingeniero Jacobacci,25 de Mayo,-41.3268134240327,-69.5441263890306,,
v9_1_2_p03,107,Jaramillo,Santa Cruz,Deseado,Deseado,auto_ok,localidades-censales,78014040,Jaramillo,Deseado,-47.1839759601696,-67.1447565634293,,
v9_1_2_p03,61,José de San Martín,Chubut,Tehuelches,Tehuelches,auto_ok,localidades-censales,26098030,José de San Martín,Tehuelches,-44.0514262900004,-70.4704125618846,,
v9_1_2_p03,142,Juan de Garay,Río Negro,Pichi-Mahuida,Pichi Mahuida,flag_bahra,asentamientos,62063A05,Juan de Garay,Pichi Mahuida,-38.8639605299679,-64.5668392652011,,Juan de Garay/Pichi Mahuida [62063A05]
v9_1_2_p03,56,Junín de los Andes,Neuquén,Huiliches,Huiliches,auto_ok,localidades-censales,58049010,Junín de los Andes,Huiliches,-39.9508613691568,-71.0708748681817,,
v9_1_2_p03,32,Kilómetro 8 (Petroquímica),Chubut,Escalante,Escalante,flag_sin_match,,,,,,,,
v9_1_2_p03,135,Lago Blanco,Chubut,Río Senguer,Río Senguer,auto_ok,localidades-censales,26084060,Lago Blanco,Río Senguer,-45.9370032883328,-71.2681237676716,,
v9_1_2_p03,96,Lago Futalaufquen,Chubut,Futaleufú,Futaleufú,flag_sin_match,,,,,,,,
v9_1_2_p03,117,Llao-Llao,Río Negro,Bariloche,Bariloche,flag_variante_bahra,localidades,6202106003,Villa Llao Llao,Bariloche,-41.0464476944193,-71.5147156577085,,Villa Llao Llao/Bariloche [6202106003]
v9_1_2_p03,55,Lamarque,Río Negro,Avellaneda,Avellaneda,auto_ok,localidades-censales,62014070,Lamarque,Avellaneda,-39.4250920186421,-65.7020594065264,,
v9_1_2_p03,69,Las Coloradas,Neuquén,Catán-Lil,Catán Lil,auto_ok,localidades-censales,58021010,Las Coloradas,Catán Lil,-39.5564504688464,-70.5940833827027,,
v9_1_2_p03,40,Las Lajas,Neuquén,Picunches,Picunches,auto_ok,localidades-censales,58105030,Las Lajas,Picunches,-38.5234738725145,-70.3616491095099,,
v9_1_2_p03,122,Las Ovejas,Neuquén,Minas,Minas,auto_ok,localidades-censales,58077030,Las Ovejas,Minas,-36.9881343331798,-70.7487001311443,,
v9_1_2_p03,139,Las Plumas,Chubut,Mártires,Mártires,auto_ok,localidades-censales,26063020,Las Plumas,Mártires,-43.7205459956224,-67.284934963307,,
v9_1_2_p03,111,Leleque,Chubut,Cushamen,Cushamen,auto_ok,localidades-censales,26014100,Leleque,Cushamen,-42.4129185865076,-71.0712036013475,,
v9_1_2_p03,75,Loncopué,Neuquén,Loncopué,Loncopué,auto_ok,localidades-censales,58063020,Loncopué,Loncopué,-38.0732031449515,-70.6144247851562,,
v9_1_2_p03,86,Los Antiguos,Santa Cruz,Lago Buenos Aires,Lago Buenos Aires,auto_ok,localidades-censales,78035010,Los Antiguos,Lago Buenos Aires,-46.5495721450214,-71.6251231326287,,
v9_1_2_p03,41,Los Menucos,Río Negro,25 de Mayo,25 de Mayo,auto_ok,localidades-censales,62091060,Los Menucos,25 de Mayo,-40.8427748494578,-68.0858731459467,,
v9_1_2_p03,67,Luis Beltrán,Río Negro,Avellaneda,Avellaneda,auto_ok,localidades-censales,62014080,Luis Beltrán,Avellaneda,-39.31071900317,-65.7635927108058,,
v9_1_2_p03,148,Mainque,Río Negro,General Roca,General Roca,auto_ok,localidades-censales,62042480,Mainqué,General Roca,-39.0637561999382,-67.3042811813575,,
v9_1_2_p03,109,Manantiales Behr,Chubut,Escalante,Escalante,flag_bahra,asentamientos,26021A08,Manantiales Behr,Escalante,-45.6783635345626,-67.7364862925991,,Manantiales Behr/Escalante [26021A08]
v9_1_2_p03,152,Mancha Blanca,Río Negro,San Antonio,San Antonio,flag_bahra,asentamientos,62077A05,Mancha Blanca,San Antonio,-40.7777700572722,-65.4509300813712,,Mancha Blanca/San Antonio [62077A05]
v9_1_2_p03,39,Maquinchao,Río Negro,25 de Mayo,25 de Mayo,auto_ok,localidades-censales,62091070,Maquinchao,25 de Mayo,-41.2475165638608,-68.7003410687453,,
v9_1_2_p03,97,Mariano Moreno,Neuquén,Zapala,Zapala,auto_ok,localidades-censales,58112020,Mariano Moreno,Zapala,-38.7613604301781,-70.0365565760114,,
v9_1_2_p03,138,Mencué,Río Negro,El Cuy,El Cuy,auto_ok,localidades-censales,62035050,Mencué,El Cuy,-40.4231830868941,-69.6142841897527,,
v9_1_2_p03,87,Ministro Ramos Mejía,Río Negro,9 de Julio,9 de Julio,flag_variante,,62049030,Ministro Ramos Mexía,9 de Julio,-40.5069745777706,-67.2607321434005,,Ministro Ramos Mexía/9 de Julio [62049030]
v9_1_2_p03,4,Neuquén,Neuquén,Confluencia,Confluencia,auto_ok,localidades-censales,58035070,Neuquén,Confluencia,-38.9513065600706,-68.0591439619475,,
v9_1_2_p03,93,Norquincó,Río Negro,Norquincó,Ñorquinco,auto_ok,localidades-censales,62056030,Ñorquincó,Ñorquinco,-41.8495986960274,-70.9000497739921,,
v9_1_2_p03,133,Pampa del Castillo,Chubut,Escalante,Escalante,flag_bahra,asentamientos,26021A10,Pampa del Castillo,Escalante,-45.7879602799647,-68.0555627178326,,Pampa del Castillo/Escalante [26021A10]
v9_1_2_p03,66,Paso de Indios,Chubut,Paso de Indios,Paso de Indios,auto_ok,localidades-censales,26070030,Paso de Indios,Paso de Indios,-43.8643737895973,-69.0465879468661,,
v9_1_2_p03,47,Perito Moreno,Santa Cruz,Lago Buenos Aires,Lago Buenos Aires,auto_ok,localidades-censales,78035020,Perito Moreno,Lago Buenos Aires,-46.5937760745817,-70.9299049561865,,
v9_1_2_p03,48,Pico Truncado,Santa Cruz,Deseado,Deseado,auto_ok,localidades-censales,78014070,Pico Truncado,Deseado,-46.7992587599431,-67.9577982389072,,
v9_1_2_p03,104,Picún-Leufú,Neuquén,Picún-Leufú,Picún Leufú,auto_ok,localidades-censales,58098020,Picún Leufú,Picún Leufú,-39.518663092297,-69.2911370364414,,
v9_1_2_p03,151,Pichi-Mahuída,Río Negro,Pichi-Mahuida,Pichi Mahuida,auto_ok,localidades-censales,62063017,Pichi Mahuida,Pichi Mahuida,-38.8315124331669,-64.9353760431225,,
v9_1_2_p03,144,Piedra del Aguila,Neuquén,Collón-Curá,Collón Curá,auto_ok,localidades-censales,58028010,Piedra del Águila,Collón Curá,-40.0485747443279,-70.0751663788792,,
v9_1_2_p03,112,Pilcaniyeu,Río Negro,Pilcaniyeu,Pilcaniyeu,auto_ok,localidades-censales,62070060,Pilcaniyeu,Pilcaniyeu,-41.1225377407397,-70.7201720219768,,
v9_1_2_p04,154,Planta Compresora Conesa,Río Negro,General Conesa,Conesa,flag_sin_match,,,,,,,,
v9_1_2_p04,54,Playa Bonita,Río Negro,Bariloche,Bariloche,flag_sin_match,,,,,,,,
v9_1_2_p04,20,Plaza Huincul,Neuquén,Confluencia,Confluencia,auto_ok,localidades-censales,58035090,Plaza Huincul,Confluencia,-38.9293596504221,-69.2052749675769,,
v9_1_2_p04,72,Plottier,Neuquén,Confluencia,Confluencia,auto_ok,localidades-censales,58035100,Plottier,Confluencia,-38.9522710952118,-68.2269699840594,,
v9_1_2_p04,92,Pomona,Río Negro,Avellaneda,Avellaneda,auto_ok,localidades-censales,62014090,Pomona,Avellaneda,-39.4845136244737,-65.6099026342301,,
v9_1_2_p04,134,Puerto Coyle,Santa Cruz,Güer Aike,Güer Aike,flag_sin_match,,,,,,,,
v9_1_2_p04,140,Puerto Lobos,Chubut,Biedma,Biedma,flag_bahra,asentamientos,26007A13,Puerto Lobos,Biedma,-42.0037766846173,-65.0749374342452,,Puerto Lobos/Biedma [26007A13]
v9_1_2_p04,16,Puerto Madryn,Chubut,Chubut,,flag_sin_match,,,,,,,,
v9_1_2_p04,110,Puerto Pirámides,Chubut,Biedma,Biedma,auto_ok,localidades-censales,26007030,Puerto Pirámides,Biedma,-42.5721003711422,-64.2842874882041,,
v9_1_2_p04,146,Quili Malal,Neuquén,Picunches,Picunches,auto_ok,localidades-censales,58105040,Quili Malal,Picunches,-38.3269041336757,-69.8136315416504,,
v9_1_2_p04,22,Rawson,Chubut,Rawson,Rawson,auto_ok,localidades-censales,26077030,Rawson,Rawson,-43.2995632148847,-65.1055522733608,,
v9_1_2_p04,15,Río Colorado,Río Negro,Pichi-Mahuida,Pichi Mahuida,auto_ok,localidades-censales,62063020,Río Colorado,Pichi Mahuida,-38.9907758378102,-64.0959331776754,,
v9_1_2_p04,84,Río Chico,Río Negro,Norquincó,Ñorquinco,auto_ok,localidades-censales,62056050,Río Chico,Ñorquinco,-41.7114838228569,-70.4755446107403,,
v9_1_2_p04,6,Río Gallegos,Santa Cruz,Güer Aike,Güer Aike,auto_ok,localidades-censales,78021040,Río Gallegos,Güer Aike,-51.6234085204239,-69.2161035841345,,
v9_1_2_p04,23,Río Grande,"Tierra del Fuego, Antártida e Islas del Atlántico Sur",San Sebastián,Río Grande | Tolhuin,auto_ok,localidades-censales,94008010,Río Grande,Río Grande,-53.7863542199069,-67.6961297756257,,
v9_1_2_p04,71,Río Mayo,Chubut,Río Senguer,Río Senguer,auto_ok,localidades-censales,26084070,Río Mayo,Río Senguer,-45.6922507002308,-70.2626320401804,,
v9_1_2_p04,73,Río Pico,Chubut,Tehuelches,Tehuelches,auto_ok,localidades-censales,26098040,Río Pico,Tehuelches,-44.1793008126455,-71.3682376379478,,
v9_1_2_p04,149,Río Villegas,Río Negro,Bariloche,Bariloche,auto_ok,localidades-censales,62021050,Río Villegas,Bariloche,-41.5783733182773,-71.5015568041266,,
v9_1_2_p04,17,San Antonio Oeste,Río Negro,San Antonio,San Antonio,auto_ok,localidades-censales,62077050,San Antonio Oeste,San Antonio,-40.7331212540475,-64.9569503627857,,
v9_1_2_p04,119,San Javier,Río Negro,Adolfo Alsina,Adolfo Alsina,auto_ok,localidades-censales,62007080,San Javier,Adolfo Alsina,-40.750758264576,-63.2680075844713,,
v9_1_2_p04,24,San Julián,Santa Cruz,Magallanes,Magallanes,flag_variante,,78042010,Puerto San Julián,Magallanes,-49.3074700497826,-67.7233158886263,,Puerto San Julián/Magallanes [78042010]
v9_1_2_p04,21,San Martín de los Andes,Neuquén,Lácar,Lácar,auto_ok,localidades-censales,58056010,San Martín de los Andes,Lácar,-40.1568214586407,-71.3526581825789,,
v9_1_2_p04,132,San Pedro,Río Negro,Bariloche,Bariloche,flag_sin_match,,,,,,,,
v9_1_2_p04,57,Santa Cruz,Santa Cruz,Corpen Aike,Corpen Aike,flag_variante,,78007020,Puerto Santa Cruz,Corpen Aike,-50.0199697539944,-68.5237971236235,,Puerto Santa Cruz/Corpen Aike [78007020]
v9_1_2_p04,18,Sarmiento,Chubut,Sarmiento,Sarmiento,auto_ok,localidades-censales,26091020,Sarmiento,Sarmiento,-45.5868150781619,-69.068700853908,,
v9_1_2_p04,114,Senillosa,Neuquén,Confluencia,Confluencia,auto_ok,localidades-censales,58035110,Senillosa,Confluencia,-39.0088495538719,-68.4268395877098,,
v9_1_2_p04,100,Sierra Colorada,Río Negro,9 de Julio,9 de Julio,auto_ok,localidades-censales,62049050,Sierra Colorada,9 de Julio,-40.5860560078576,-67.7581536457979,,
v9_1_2_p04,102,Sierra Grande,Río Negro,San Antonio,San Antonio,auto_ok,localidades-censales,62077060,Sierra Grande,San Antonio,-41.6054617233192,-65.3570106430209,,
v9_1_2_p04,81,Tecka,Chubut,Languiñeo,Languiñeo,auto_ok,localidades-censales,26056050,Tecka,Languiñeo,-43.4928972365364,-70.8107343308032,,
v9_1_2_p04,150,Tellier,Santa Cruz,Deseado,Deseado,auto_ok,localidades-censales,78014090,Tellier,Deseado,-47.6490324413438,-66.0399514962929,,
v9_1_2_p04,105,Telsen,Chubut,Telsen,Telsen,auto_ok,localidades-censales,26105020,Telsen,Telsen,-42.4356154617633,-66.9433151443118,,
v9_1_2_p04,7,Trelew,Chubut,Rawson,Rawson,auto_ok,localidades-censales,26077040,Trelew,Rawson,-43.2530972556468,-65.3095157059582,,
v9_1_2_p04,136,Tres Lagos,Santa Cruz,Lago Argentino,Lago Argentino,auto_ok,localidades-censales,78028030,Tres Lagos,Lago Argentino,-49.598244841223,-71.4463447881434,,
v9_1_2_p04,44,Trevelín,Chubut,Futaleufú,Futaleufú,auto_ok,localidades-censales,26035060,Trevelín,Futaleufú,-43.0790524945439,-71.464103778743,,
v9_1_2_p04,118,Tricao Malal,Neuquén,Chos-Malal,Chos Malal,auto_ok,localidades-censales,58042020,Tricao Malal,Chos Malal,-37.0447977461483,-70.3249379599167,,
v9_1_2_p04,27,Ushuaia,"Tierra del Fuego, Antártida e Islas del Atlántico Sur",Ushuaia,Ushuaia,auto_ok,localidades-censales,94015020,Ushuaia,Ushuaia,-54.8127033710513,-68.3225299045399,,
v9_1_2_p04,43,Valcheta,Río Negro,Valcheta,Valcheta,auto_ok,localidades-censales,62084060,Valcheta,Valcheta,-40.6765683226766,-66.1670507439209,,
v9_1_2_p04,14,Viedma,Río Negro,Adolfo Alsina,Adolfo Alsina,auto_ok,localidades-censales,62007090,Viedma,Adolfo Alsina,-40.8083003043731,-62.9946732081875,,
v9_1_2_p04,77,Villa La Angostura,Neuquén,Los Lagos,Los Lagos,auto_ok,localidades-censales,58070010,Villa La Angostura,Los Lagos,-40.761913018976,-71.6478611859564,,
v9_1_2_p05,124,Villa Llanquín,Río Negro,Pilcaniyeu,Pilcaniyeu,auto_ok,localidades-censales,62070080,Villa Llanquín,Pilcaniyeu,-40.8973113785307,-71.0333464611883,,
v9_1_2_p05,9,Villa Regina,Río Negro,General Roca,General Roca,auto_ok,localidades-censales,62042560,Villa Regina,General Roca,-39.1016064708259,-67.0794672073914,,
v9_1_2_p05,45,Vista Alegre,Neuquén,Confluencia,Confluencia,flag_variante,,58035130,Vista Alegre Norte,Confluencia,-38.7343523485892,-68.1711815622046,,Vista Alegre Norte/Confluencia [58035130]; Vista Alegre Sur/Confluencia [58035140]
v9_1_2_p05,26,Yacimiento Río Turbio,Santa Cruz,Güer Aike,Güer Aike,flag_variante,,78021070,Yacimientos Río Turbio,Güer Aike,-51.5363660986296,-72.3377851708169,,Yacimientos Río Turbio/Güer Aike [78021070]
v9_1_2_p05,147,Yacimiento Petrolífero Solano,Chubut,Escalante,Escalante,flag_sin_match,,,,,,,,
v9_1_2_p05,13,Zapala,Neuquén,Zapala,Zapala,auto_ok,localidades-censales,58112040,Zapala,Zapala,-38.8964289256233,-70.0675799196231,,
