page,n_orden,localidad,provincia,depto_1960,poblacion,estado_flag,tier,propuesta,tipo_resolucion,georef_id,id_no_censal,nombre_oficial,lat,lon,fuente,fuente_url,confianza,nota
v3_p21,9,3 de Febrero,Buenos Aires,3 de Febrero,263391,flag_sin_match,C-generador,Tres de Febrero,confirmar_candidato_georef,06840010,,Tres de Febrero,-34.6048497158582,-58.5609615725508,georef/localidades-censales,https://apis.datos.gob.ar/georef/api,alta (match exacto en depto del conjunto),candidato probado: 'Tres de Febrero' [digito -> numero-palabra: 3->tres]
v3_p09,13,General Sarmiento,Buenos Aires,General Sarmiento,167160,flag_sin_match,C1-cabecera,San Miguel,cabecera_del_depto,06760010,,San Miguel,-34.5438144507937,-58.712723882421,web+georef,https://es.wikipedia.org/wiki/Partido_de_General_Sarmiento,alta,el censo 1960 listo la cabecera con el nombre del depto. f(1)=total del partido. Partido DISUELTO 1994 -> San Miguel + Jose C. Paz + Malvinas Argentinas; no existe localidad 'General Sarmiento'. San Miguel fue la cabecera toda la vida del partido. DECISION de Jose: 1 punto en San Miguel (la poblacion 1960 estaba repartida sobre los 3)
v3_p20,22,San Nicolás,Buenos Aires,San Nicolás,49082,flag_variante,A (aparcado),San Nicolás de los Arroyos,confirmar_candidato_georef,06763050,,San Nicolás de los Arroyos,,,georef/,https://apis.datos.gob.ar/georef/api,media (nombre difiere),variante de nombre en el depto correcto
v7_p02,3,Catamarca,Catamarca,Capital,45929,flag_variante,A (aparcado),San Fernando del Valle de Catamarca,confirmar_candidato_georef,10049030,,San Fernando del Valle de Catamarca,,,georef/,https://apis.datos.gob.ar/georef/api,media (nombre difiere),variante de nombre en el depto correcto
v8_p03,8,Mercedes,San Luis,General Pedernera,35449,flag_variante,A (aparcado),Villa Mercedes,confirmar_candidato_georef,74035070,,Villa Mercedes,,,georef/,https://apis.datos.gob.ar/georef/api,media (nombre difiere),variante de nombre en el depto correcto
v3_p16,33,Necochea,Buenos Aires,Necochea,29319,flag_bahra,A (aparcado),Necochea,confirmar_candidato_georef,0658104001,true,Necochea,,,georef/localidades,https://apis.datos.gob.ar/georef/api,alta,BAHRA: el nombre no es localidad censal -> BAHRA es la fuente correcta (P7). id de capa 'localidades' NO es id censal INDEC valido
v8_p04,9,San Martín,Mendoza,San Martín,20466,flag_bahra,D,,desambiguar,,,,,,georef,,baja,>1 candidato: San Martín/San Martín [50098100]; San Martín/San Martín [5009810002]
v4_p14,15,Río Tercero,Córdoba,Tercero Arriba,18512,flag_bahra,A (aparcado),Río Tercero,confirmar_candidato_georef,14161150,true,Río Tercero,,,georef/localidades,https://apis.datos.gob.ar/georef/api,alta,BAHRA: el nombre no es localidad censal -> BAHRA es la fuente correcta (P7). id de capa 'localidades' NO es id censal INDEC valido
v3_p18,45,Puerto de la Plata,Buenos Aires,Puerto de la Plata,17338,flag_sin_match,C-especial,(coord citada),manual_coord,,,,-34.85,-57.8667,web,https://es.wikipedia.org/wiki/Puerto_de_La_Plata,media,"= 'Zona Nacional Puerto La Plata' (cod 57-120, 17.338 hab). NO es una localidad: es la zona portuaria, repartida entre Ensenada y Berisso (sin fuente que la reparta). Los 17.338 son PERSONAS del cordon Ensenada-Berisso, no infraestructura. Coord = punto del puerto (entre ambas). AMBIGUO, a confirmar"
v9_1_2_p01,5,Bariloche,Río Negro,Bariloche,15995,flag_variante,A (aparcado),San Carlos de Bariloche,confirmar_candidato_georef,62021060,,San Carlos de Bariloche,,,georef/,https://apis.datos.gob.ar/georef/api,media (nombre difiere),variante de nombre en el depto correcto
v3_p03,49,Bolívar,Buenos Aires,Bolívar,15750,flag_variante,A (aparcado),San Carlos de Bolívar,confirmar_candidato_georef,06105060,,San Carlos de Bolívar,,,georef/,https://apis.datos.gob.ar/georef/api,media (nombre difiere),variante de nombre en el depto correcto
v6_p05,7,Pcia. Roque Saenz Peña,Chaco,Comandante Fernández,14381,flag_sin_match,C-generador,Presidencia Roque Sáenz Peña,confirmar_candidato_georef,22021010,,Presidencia Roque Sáenz Peña,-26.7909684280648,-60.4413051819243,georef/localidades-censales,https://apis.datos.gob.ar/georef/api,alta (match exacto en depto del conjunto),candidato probado: 'Presidencia Roque Saenz Peña' [abreviatura: Pcia.->Presidencia]
v7_p07,12,Metán,Salta,Metán,12849,flag_variante,A (aparcado),San José de Metán,confirmar_candidato_georef,66112040,,San José de Metán,,,georef/,https://apis.datos.gob.ar/georef/api,media (nombre difiere),variante de nombre en el depto correcto
v4_p14,23,Reinaldo Cullen,Santa Fe,La Capital,11881,flag_sin_match,C5-sin_coordenada,,sin_coordenada,,,,,,,,,"[C5 web] No figura ninguna localidad, comuna ni estacion 'Reinaldo Cullen' en el depto La Capital actual ni en OSM/Georef; pob 1960=11881 sugiere dis"
v7_p05,14,Ingenio Santa Ana,Tucumán,Río Chico,11771,flag_sin_match,C-generador,Santa Ana,confirmar_candidato_georef,90077040,,Santa Ana,-27.4743563775771,-65.6816597572553,georef/localidades-censales,https://apis.datos.gob.ar/georef/api,alta (match exacto en depto del conjunto),candidato probado: 'Santa Ana' [prefijo: se quita 'Ingenio']
v3_p03,55,Belén de Escobar,Buenos Aires,Escobar,11480,flag_bahra,A (aparcado),Belén de Escobar,confirmar_candidato_georef,0625201001,true,Belén de Escobar,,,georef/localidades,https://apis.datos.gob.ar/georef/api,alta,BAHRA: el nombre no es localidad censal -> BAHRA es la fuente correcta (P7). id de capa 'localidades' NO es id censal INDEC valido
v7_p10,15,Tabacal,Salta,Orán,11346,flag_variante,A (aparcado),El Tabacal,confirmar_candidato_georef,66126030,,El Tabacal,,,georef/,https://apis.datos.gob.ar/georef/api,media (nombre difiere),variante de nombre en el depto correcto
v4_p13,30,Posta de San Martín,Santa Fe,Rosario,10152,flag_sin_match,C5-sin_coordenada,,sin_coordenada,,,,,,,,,"[C5 web] Sin match confiable en Rosario; pob 10152 sugiere distrito/barrio de la ciudad de Rosario, no localizable como localidad puntual. No confund"
v8_p02,16,General Gutierrez,Mendoza,Maipú,10126,flag_bahra,A (aparcado),General Gutiérrez,confirmar_candidato_georef,5007006003,true,General Gutiérrez,,,georef/localidades,https://apis.datos.gob.ar/georef/api,alta,BAHRA: el nombre no es localidad censal -> BAHRA es la fuente correcta (P7). id de capa 'localidades' NO es id censal INDEC valido
v4_p08,34,Jobson,Santa Fe,Vera,9754,flag_sin_match,C5-rename,Vera,rename,,,,-29.4667,-60.2167,Wikipedia,https://es.wikipedia.org/wiki/Vera_(Santa_Fe),verde (guard: coord en depto esperado),[guard=verde; punto en Vera] Jobson fue uno de los nombres previos de la actual ciudad de Vera (La Curva/Jobson/Jobson Vera/Gobernador Vera/Vera). Po
v8_p03,19,Palmira,Mendoza,San Martín,9645,flag_bahra,A (aparcado),Palmira,confirmar_candidato_georef,5009810001,true,Palmira,,,georef/localidades,https://apis.datos.gob.ar/georef/api,alta,BAHRA: el nombre no es localidad censal -> BAHRA es la fuente correcta (P7). id de capa 'localidades' NO es id censal INDEC valido
v3_p12,64,Juárez,Buenos Aires,Juárez,9535,flag_variante,A (aparcado),Benito Juárez,confirmar_candidato_georef,06084020,,Benito Juárez,,,georef/,https://apis.datos.gob.ar/georef/api,media (nombre difiere),variante de nombre en el depto correcto
v7_p04,19,General Martín Miguel de Güemes,Salta,General Martín Miguel de Güemes,8748,flag_sin_match,C1-cabecera,General Güemes,cabecera_del_depto,66049040,,General Güemes,-24.6744252131537,-65.0466832189438,web+georef,https://es.wikipedia.org/wiki/Departamento_General_G%C3%BCemes_(Salta),alta,el censo 1960 listo la cabecera con el nombre del depto. cabecera (mismo nombre que el depto; 'Martin Miguel de' es la forma ceremonial)
v3_p09,73,Gral. Alvarado (Miramar),Buenos Aires,General Alvarado,7782,flag_sin_match,C-generador,Miramar,confirmar_candidato_georef,06280040,,Miramar,-38.2704290017702,-57.8387822151677,georef/localidades-censales,https://apis.datos.gob.ar/georef/api,alta (match exacto en depto del conjunto),candidato probado: 'Miramar' [parentesis: se usa el contenido del parentesis]
v3_p18,76,Quequén,Buenos Aires,Lobería,7589,flag_sin_match,C5-manual_coord,Quequén,manual_coord,,,,-38.5553,-58.7162,Wikipedia,https://es.wikipedia.org/wiki/Quequ%C3%A9n,REVISAR (rojo),"[guard=rojo; punto en Necochea] Localidad portuaria; perteneció al partido de Lobería hasta 1979, hoy en Necochea, partido limítrofe de Lobería"
v4_p14,43,Río Segundo,Córdoba,Río Segundo,7572,flag_bahra,A (aparcado),Río Segundo,confirmar_candidato_georef,14119190,true,Río Segundo,,,georef/localidades,https://apis.datos.gob.ar/georef/api,alta,BAHRA: el nombre no es localidad censal -> BAHRA es la fuente correcta (P7). id de capa 'localidades' NO es id censal INDEC valido
v3_p10,79,Guernica,Buenos Aires,San Vicente,7423,flag_bahra,A (aparcado),Guernica,confirmar_candidato_georef,0664801002,true,Guernica,,,georef/localidades,https://apis.datos.gob.ar/georef/api,alta,BAHRA: el nombre no es localidad censal -> BAHRA es la fuente correcta (P7). id de capa 'localidades' NO es id censal INDEC valido
v6_p04,12,Las Termas,Santiago del Estero,Río Hondo,7412,flag_variante,A (aparcado),Termas de Rí­o Hondo,confirmar_candidato_georef,86147130,,Termas de Rí­o Hondo,,,georef/,https://apis.datos.gob.ar/georef/api,media (nombre difiere),variante de nombre en el depto correcto
v8_p05,21,Villa Krause,San Juan,Rawson,7311,flag_sin_match,C5-manual_coord,Villa Krause (cabecera del depto Rawson),manual_coord,,,,-31.5811,-68.5428,Wikipedia,https://es.wikipedia.org/wiki/Departamento_Rawson_(San_Juan),verde (guard: coord en depto esperado),"[guard=verde; punto en Rawson] Villa Krause es la ciudad cabecera del depto Rawson, hoy conurbada al Gran San Juan; conserva su nombre"
v7_p11,20,Villa Alberdi,Tucumán,Río Chico,7266,flag_sin_match,C5-rename,Juan Bautista Alberdi,rename,,,,-27.5861,-65.6197,Wikipedia,https://es.wikipedia.org/wiki/Juan_Bautista_Alberdi_(Tucum%C3%A1n),verde (guard: coord en depto esperado),"[guard=verde; punto en Juan Bautista Alberdi] Ciudad denominada originalmente Villa Alberdi; hoy Juan Bautista Alberdi, cabecera del depto homonimo (depto 1960 Rio Ch"
v3_p09,80,Gral. Juan Madariaga,Buenos Aires,General Juan Madariaga,7196,flag_variante,A (aparcado),General Juan Madariaga,confirmar_candidato_georef,06315010,,General Juan Madariaga,,,georef/,https://apis.datos.gob.ar/georef/api,media (nombre difiere),variante de nombre en el depto correcto
v3_p09,81,General Viamonte,Buenos Aires,General Viamonte,7174,flag_sin_match,C1-cabecera,Los Toldos,cabecera_del_depto,06385030,,Los Toldos,-35.0002289478671,-61.0383489252287,web+georef,https://es.wikipedia.org/wiki/Partido_de_General_Viamonte,alta,el censo 1960 listo la cabecera con el nombre del depto. cabecera
v8_p01,22,Albardón,San Juan,Albardón,6985,flag_sin_match,C1-cabecera,Villa General San Martín - Campo Afuera,cabecera_del_depto,70007020,,Villa General San Martín - Campo Afuera,-31.4396422437255,-68.5205567477965,web+georef,https://es.wikipedia.org/wiki/Departamento_Albard%C3%B3n,alta,el censo 1960 listo la cabecera con el nombre del depto. cabecera = Villa General San Martin (NO existe pueblo 'Albardon'); Georef la lista con el nombre compuesto 'Villa General San Martin - Campo Afuera'
v8_p04,23,Rodeo de la Cruz,Mendoza,Guaymallén,6955,flag_bahra,A (aparcado),Rodeo de la Cruz,confirmar_candidato_georef,5002802011,true,Rodeo de la Cruz,,,georef/localidades,https://apis.datos.gob.ar/georef/api,alta,BAHRA: el nombre no es localidad censal -> BAHRA es la fuente correcta (P7). id de capa 'localidades' NO es id censal INDEC valido
v8_p02,24,Jáchal,San Juan,Jáchal,6886,flag_variante,A (aparcado),San José de Jáchal,confirmar_candidato_georef,70056080,,San José de Jáchal,,,georef/,https://apis.datos.gob.ar/georef/api,media (nombre difiere),variante de nombre en el depto correcto
v7_p08,22,Pueblo Ledesma,Jujuy,Ledesma,6871,flag_bahra,A (aparcado),Pueblo Ledesma,confirmar_candidato_georef,3803508002,true,Pueblo Ledesma,,,georef/localidades,https://apis.datos.gob.ar/georef/api,alta,BAHRA: el nombre no es localidad censal -> BAHRA es la fuente correcta (P7). id de capa 'localidades' NO es id censal INDEC valido
v4_p19,48,Villa Diego,Santa Fe,Rosario,6852,flag_sin_match,C5-barrio_de,Villa Diego (barrio/localidad de Villa Gobernador Gálvez),barrio_de,,,,-33.0231,-60.6252,Wikipedia (Estación Villa Diego),https://es.wikipedia.org/wiki/Estaci%C3%B3n_Villa_Diego,verde (guard: coord en depto esperado),"[guard=verde; punto en Rosario] Villa Diego es hoy parte de Villa Gobernador Gálvez, depto Rosario; coordenada de la estación homónima."
v7_p02,23,Bella Vista,Tucumán,Famaillá,6816,flag_depto,B,,transferencia_vs_homonimo,,,,,,georef+centroides,https://apis.datos.gob.ar/georef/api/departamentos,media,dist_km=46 -> transferencia de limite plausible (adyacente). candidatos: Bella Vista/Leales [90056010]
v7_p11,24,Vespucio,Salta,Gral. J. de San Martín,6809,flag_variante_bahra,E-bahra-fuzzy,Campamento Vespucio,confirmar_o_rechazar_candidato,,,,,,georef/asentamientos,https://apis.datos.gob.ar/georef/api,BAJA (fuzzy en capa BAHRA: puede no ser el mismo lugar),antes era sin_match. candidatos: Campamento Vespucio/General José de San Martín [66056020]
v3_p07,86,Empalme San Vicente,Buenos Aires,San Vicente,6459,flag_sin_match,C-generador,San Vicente,confirmar_candidato_georef,06778020,,San Vicente,-35.0240394387399,-58.4205914420453,georef/localidades-censales,https://apis.datos.gob.ar/georef/api,alta (match exacto en depto del conjunto),candidato probado: 'San Vicente' [prefijo: se quita 'Empalme']
v3_p09,87,Garín,Buenos Aires,Escobar,6341,flag_bahra,A (aparcado),Garín,confirmar_candidato_georef,0625201003,true,Garín,,,georef/localidades,https://apis.datos.gob.ar/georef/api,alta,BAHRA: el nombre no es localidad censal -> BAHRA es la fuente correcta (P7). id de capa 'localidades' NO es id censal INDEC valido
v4_p14,56,Pueblo Nuevo,Santa Fe,Rosario,6321,flag_sin_match,C5-barrio_de,Pueblo Nuevo (barrio de Villa Gobernador Gálvez),barrio_de,,,,-33.0236,-60.6353,Wikipedia (Villa Gobernador Gálvez),https://es.wikipedia.org/wiki/Villa_Gobernador_G%C3%A1lvez,verde (guard: coord en depto esperado),"[guard=verde; punto en Rosario] Barrio industrial surgido junto al Frigorífico Swift; hoy parte de Villa Gobernador Gálvez, depto Rosario. Coordenada = "
v3_p01,89,Adolfo Alsina,Buenos Aires,Adolfo Alsina,6183,flag_sin_match,C1-cabecera,Carhué,cabecera_del_depto,06007010,,Carhué,-37.179441526348,-62.760041120204,web+georef,https://es.wikipedia.org/wiki/Partido_de_Adolfo_Alsina,alta,el censo 1960 listo la cabecera con el nombre del depto. cabecera
v4_p17,57,Santa Teresa,Santa Fe,Iriondo,6103,flag_depto,B,,transferencia_vs_homonimo,,,,,,georef+centroides,https://apis.datos.gob.ar/georef/api/departamentos,media,dist_km=96 -> zona gris. candidatos: Santa Teresa/Constitución [82028190]
v3_p11,91,Ingeniero White,Buenos Aires,Bahía Blanca,6089,flag_bahra,A (aparcado),Ingeniero White,confirmar_candidato_georef,0605601003,true,Ingeniero White,,,georef/localidades,https://apis.datos.gob.ar/georef/api,alta,BAHRA: el nombre no es localidad censal -> BAHRA es la fuente correcta (P7). id de capa 'localidades' NO es id censal INDEC valido
v4_p05,60,Corral de Bustos,Córdoba,Marcos Juárez,5986,flag_bahra,A (aparcado),Corral de Bustos,confirmar_candidato_georef,14063090,true,Corral de Bustos,,,georef/localidades,https://apis.datos.gob.ar/georef/api,alta,BAHRA: el nombre no es localidad censal -> BAHRA es la fuente correcta (P7). id de capa 'localidades' NO es id censal INDEC valido
v3_p10,93,González Chaves,Buenos Aires,González Chaves,5774,flag_variante,A (aparcado),Adolfo Gonzales Chaves,confirmar_candidato_georef,06014010,,Adolfo Gonzales Chaves,,,georef/,https://apis.datos.gob.ar/georef/api,media (nombre difiere),variante de nombre en el depto correcto
v9_1_2_p04,16,Puerto Madryn,Chubut,Chubut,5586,flag_sin_match,C5-pendiente,,,,,,,,,,,investigacion web/imagen PENDIENTE (sin pista)
v6_p03,14,Gral. José de San Martín,Chaco,Lib. Gral. San Martín,5390,flag_variante,A (aparcado),General José de San Martín,confirmar_candidato_georef,22084020,,General José de San Martín,,,georef/,https://apis.datos.gob.ar/georef/api,media (nombre difiere),variante de nombre en el depto correcto
v4_p18,72,Teodolina,Santa Fe,General López,5317,flag_variante,A (aparcado),Teodelina,confirmar_candidato_georef,82042280,,Teodelina,,,georef/,https://apis.datos.gob.ar/georef/api,media (nombre difiere),variante de nombre en el depto correcto
v3_p18,100,Rivadavia,Buenos Aires,Rivadavia,5315,flag_sin_match,C1-cabecera,América,cabecera_del_depto,06679040,,América,-35.4891109711641,-62.9757109723008,web+georef,https://es.wikipedia.org/wiki/Partido_de_Rivadavia,alta,el censo 1960 listo la cabecera con el nombre del depto. cabecera
v5_p08,29,Villa Federal,Entre Ríos,Concordia,5256,flag_sin_match,C-generador,Federal,confirmar_candidato_georef,30035030,,Federal,-30.9562272249038,-58.7796219319481,georef/localidades-censales,https://apis.datos.gob.ar/georef/api,alta (match exacto en depto del conjunto),candidato probado: 'Federal' [prefijo: se quita 'Villa']
v4_p12,75,Moldes,Córdoba,Río Cuarto,5230,flag_variante,A (aparcado),Coronel Moldes,confirmar_candidato_georef,14098100,,Coronel Moldes,,,georef/,https://apis.datos.gob.ar/georef/api,media (nombre difiere),variante de nombre en el depto correcto
v3_p07,102,Empalme Lobos,Buenos Aires,Lobos,5170,flag_sin_match,C-generador,Lobos,confirmar_candidato_georef,06483040,,Lobos,-35.1855001355473,-59.0925986919386,georef/localidades-censales,https://apis.datos.gob.ar/georef/api,alta (match exacto en depto del conjunto),candidato probado: 'Lobos' [prefijo: se quita 'Empalme']
v3_p09,103,General Lamadrid,Buenos Aires,General Lamadrid,5161,flag_variante,A (aparcado),General La Madrid,confirmar_candidato_georef,06322010,,General La Madrid,,,georef/,https://apis.datos.gob.ar/georef/api,media (nombre difiere),variante de nombre en el depto correcto
v7_p05,30,Ingenio La Esperanza,Jujuy,San Pedro,5076,flag_sin_match,C-generador,La Esperanza,confirmar_candidato_georef,38063070,,La Esperanza,-24.2246609288053,-64.8380090421522,georef/localidades-censales,https://apis.datos.gob.ar/georef/api,alta (match exacto en depto del conjunto),candidato probado: 'La Esperanza' [prefijo: se quita 'Ingenio']
v3_p18,104,Presidente Derqui,Buenos Aires,Pilar,5068,flag_bahra,A (aparcado),Presidente Derqui,confirmar_candidato_georef,0663804009,true,Presidente Derqui,,,georef/localidades,https://apis.datos.gob.ar/georef/api,alta,BAHRA: el nombre no es localidad censal -> BAHRA es la fuente correcta (P7). id de capa 'localidades' NO es id censal INDEC valido
v7_p06,31,Lib. Gral. San Martín,Jujuy,Ledesma,5051,flag_sin_match,C-generador,Libertador General San Martín,confirmar_candidato_georef,38035080,,Libertador General San Martín,-23.8147964129635,-64.7931158335435,georef/localidades-censales,https://apis.datos.gob.ar/georef/api,alta (match exacto en depto del conjunto),"candidato probado: 'Libertador General San Martín' [abreviatura: Lib.->Libertador, Gral.->General]"
v3_p06,108,Darragueira,Buenos Aires,Puán,4981,flag_variante,A (aparcado),Darregueira,confirmar_candidato_georef,06651030,,Darregueira,,,georef/,https://apis.datos.gob.ar/georef/api,media (nombre difiere),variante de nombre en el depto correcto
v8_p05,27,Villa Malargüe,Mendoza,Malargüe,4523,flag_sin_match,C-generador,Malargüe,confirmar_candidato_georef,50077040,,Malargüe,-35.4761492032467,-69.5802312483587,georef/localidades-censales,https://apis.datos.gob.ar/georef/api,alta (match exacto en depto del conjunto),candidato probado: 'Malargüe' [prefijo: se quita 'Villa']
v7_p11,33,Yerba Buena,Tucumán,Tafí,4519,flag_depto,B,,transferencia_vs_homonimo,,,,,,georef+centroides,https://apis.datos.gob.ar/georef/api/departamentos,media,dist_km=12 -> transferencia de limite plausible (adyacente). candidatos: Yerba Buena/Lules [90063090]
v4_p08,92,Humberto 1º,Santa Fe,Castellanos,4453,flag_sin_match,C5-rename,Humberto Primo,rename,,,,-30.8683,-61.3481,wikipedia,https://en.wikipedia.org/wiki/Humberto_Primo,verde (guard: coord en depto esperado),"[guard=verde; punto en Castellanos] Humberto 1º = Humberto Primo, comuna del depto Castellanos, Santa Fe. Coincide depto."
v8_p03,28,Mayor Drummond,Mendoza,Luján,4422,flag_bahra,A (aparcado),Mayor Drummond,confirmar_candidato_georef,5006309005,true,Mayor Drummond,,,georef/localidades,https://apis.datos.gob.ar/georef/api,alta,BAHRA: el nombre no es localidad censal -> BAHRA es la fuente correcta (P7). id de capa 'localidades' NO es id censal INDEC valido
v8_p03,29,Luján,Mendoza,Luján,4418,flag_variante,A (aparcado),Luján de Cuyo,confirmar_candidato_georef,50063090,,Luján de Cuyo,,,georef/,https://apis.datos.gob.ar/georef/api,media (nombre difiere),variante de nombre en el depto correcto
v8_p01,30,Bermejito,San Juan,Santa Lucía,4403,flag_sin_match,C5-manual_coord,Bermejito,manual_coord,,,,-31.5122,-68.5031,osm,"https://nominatim.openstreetmap.org/search?q=Bermejito,+Santa+Lucia,+San+Juan,+Argentina",verde (guard: coord en depto esperado),[guard=verde; punto en Santa Lucía] Barrio/aldea Bermejito en depto Santa Lucía (San Juan). NO es el homónimo Bermejo/Caucete de la pista.
v3_p11,113,José M. Blanco,Buenos Aires,Pellegrini,4251,flag_sin_match,C5-manual_coord,Tres Lomas (ex Colonia/estación José M. Blanco),manual_coord,,,,-36.4582,-62.8756,OSM Nominatim; treslomas.gob.ar,https://www.treslomas.gob.ar/?q=historia,verde (guard: coord en depto esperado),[guard=verde; punto en Tres Lomas] No existe localidad moderna 'José M. Blanco'. José María Blanco fue el terrateniente que fundó la Colonia Blanco y cedió
v3_p05,114,Conhello,La Pampa,Conhello,4248,flag_variante,A (aparcado),Conhelo,confirmar_candidato_georef,42035010,,Conhelo,,,georef/,https://apis.datos.gob.ar/georef/api,media (nombre difiere),variante de nombre en el depto correcto
v3_p01,116,Ameghino,Buenos Aires,General Pinto,4154,flag_variante,A (aparcado),Florentino Ameghino,confirmar_candidato_georef,06277020,,Florentino Ameghino,,,georef/,https://apis.datos.gob.ar/georef/api,media (nombre difiere),variante de nombre en el depto correcto
v6_p01,23,Castelli,Chaco,General Güemes,4131,flag_variante,A (aparcado),Juan José Castelli,confirmar_candidato_georef,22063060,,Juan José Castelli,,,georef/,https://apis.datos.gob.ar/georef/api,media (nombre difiere),variante de nombre en el depto correcto
v8_p01,32,Chacras de Coria,Mendoza,Luján,4109,flag_bahra,A (aparcado),Chacras de Coria,confirmar_candidato_georef,5006309002,true,Chacras de Coria,,,georef/localidades,https://apis.datos.gob.ar/georef/api,alta,BAHRA: el nombre no es localidad censal -> BAHRA es la fuente correcta (P7). id de capa 'localidades' NO es id censal INDEC valido
v4_p14,104,Puerto San Martín,Santa Fe,San Lorenzo,4065,flag_variante,A (aparcado),Puerto General San Martín,confirmar_candidato_georef,82119080,,Puerto General San Martín,,,georef/,https://apis.datos.gob.ar/georef/api,media (nombre difiere),variante de nombre en el depto correcto
v3_p05,117,Cte. Nicanor Otamendi,Buenos Aires,General Alvarado,4046,flag_sin_match,C-generador,Comandante Nicanor Otamendi,confirmar_candidato_georef,06280010,,Comandante Nicanor Otamendi,-38.1104895688634,-57.8412127291463,georef/localidades-censales,https://apis.datos.gob.ar/georef/api,alta (match exacto en depto del conjunto),candidato probado: 'Comandante Nicanor Otamendi' [abreviatura: Cte.->Comandante]
v3_p11,118,Ingeniero Maschwitz,Buenos Aires,Escobar,4029,flag_bahra,A (aparcado),Ingeniero Maschwitz,confirmar_candidato_georef,0625201004,true,Ingeniero Maschwitz,,,georef/localidades,https://apis.datos.gob.ar/georef/api,alta,BAHRA: el nombre no es localidad censal -> BAHRA es la fuente correcta (P7). id de capa 'localidades' NO es id censal INDEC valido
v7_p06,39,Lastenia,Tucumán,Cruz Alta,3851,flag_bahra,A (aparcado),Lastenia,confirmar_candidato_georef,9001402003,true,Lastenia,,,georef/localidades,https://apis.datos.gob.ar/georef/api,alta,BAHRA: el nombre no es localidad censal -> BAHRA es la fuente correcta (P7). id de capa 'localidades' NO es id censal INDEC valido
v8_p05,35,Villa Tupungato,Mendoza,Tupungato,3716,flag_sin_match,C-generador,Tupungato,confirmar_candidato_georef,50126060,,Tupungato,-33.3638714972518,-69.1436948968176,georef/localidades-censales,https://apis.datos.gob.ar/georef/api,alta (match exacto en depto del conjunto),candidato probado: 'Tupungato' [prefijo: se quita 'Villa']
v8_p03,36,Las Casuarinas,San Juan,Veinticinco de Mayo,3691,flag_bahra,A (aparcado),Las Casuarinas,confirmar_candidato_georef,70126A06,,Las Casuarinas,,,georef/asentamientos,https://apis.datos.gob.ar/georef/api,alta,BAHRA: el nombre no es localidad censal -> fuente correcta (P7)
v8_p01,37,Colonia Alvear Oeste,Mendoza,General Alvear,3665,flag_sin_match,C5-manual_coord,Colonia Alvear Oeste,manual_coord,,,,-35.0,-67.6667,dices.net,https://www.dices.net/mapas/argentina/mapa.php?nombre=&id=31783,verde (guard: coord en depto esperado),"[guard=verde; punto en General Alvear] Localidad/estación FC en el depto General Alvear, Mendoza"
v9_1_2_p04,24,San Julián,Santa Cruz,Magallanes,3649,flag_variante,A (aparcado),Puerto San Julián,confirmar_candidato_georef,78042010,,Puerto San Julián,,,georef/,https://apis.datos.gob.ar/georef/api,media (nombre difiere),variante de nombre en el depto correcto
v3_p18,126,Puerto Belgrano,Buenos Aires,Coronel de Marina Leonardo Rosales,3607,flag_sin_match,C5-manual_coord,Base Naval Puerto Belgrano (Punta Alta),manual_coord,,,,-38.8869,-62.0978,Wikipedia,https://en.wikipedia.org/wiki/Port_Belgrano_Naval_Base,verde (guard: coord en depto esperado),"[guard=verde; punto en Coronel de Marina Leonardo Rosales] Base naval junto a Punta Alta, partido Coronel de Marina L. Rosales"
v4_p03,124,Cañada Verde,Córdoba,General Roca,3558,flag_sin_match,C5-rename,Villa Huidobro,rename,,,,-34.8403,-64.5867,Wikipedia,https://es.wikipedia.org/wiki/Villa_Huidobro,verde (guard: coord en depto esperado),"[guard=verde; punto en General Roca] Poblacion llamada Cañada Verde erigida en villa como Villa Huidobro en 1904; cabecera depto General Roca, Cordoba"
v9_1_2_p05,26,Yacimiento Río Turbio,Santa Cruz,Güer Aike,3506,flag_variante,A (aparcado),Yacimientos Río Turbio,confirmar_candidato_georef,78021070,,Yacimientos Río Turbio,,,georef/,https://apis.datos.gob.ar/georef/api,media (nombre difiere),variante de nombre en el depto correcto
v4_p04,127,Colonia Ella,Santa Fe,General Obligado,3498,flag_sin_match,C5-rename,Malabrigo,rename,,,,-29.3486,-59.9694,Wikipedia (Malabrigo),https://es.wikipedia.org/wiki/Malabrigo_(Argentina),verde (guard: coord en depto esperado),[guard=verde; punto en General Obligado] Colonia Ella fue renombrada Malabrigo por ley 5.700 en 1964; depto General Obligado.
v7_p08,43,Pocitos,Salta,Gral. J. de San Martín,3438,flag_sin_match,C5-rename,Profesor Salvador Mazza,rename,,,,-22.05,-63.7,Wikipedia (Salvador Mazza),https://es.wikipedia.org/wiki/Salvador_Mazza_(Salta),verde (guard: coord en depto esperado),[guard=verde; punto en General José de San Martín] Pocitos renombrada Prof. Salvador Mazza en 1951; depto Gral José de San Martín. La pista Salar de Pocitos es un homónimo
v4_p08,130,Irivilli,Córdoba,Marcos Juárez,3408,flag_variante,A (aparcado),Inriville,confirmar_candidato_georef,14063140,,Inriville,,,georef/,https://apis.datos.gob.ar/georef/api,media (nombre difiere),variante de nombre en el depto correcto
v4_p17,132,Sta. Rosa del Río Primero,Córdoba,Río Primero,3390,flag_variante_bahra,E-bahra-fuzzy,Santa Rosa de Río Primero,confirmar_o_rechazar_candidato,,true,,,,georef/localidades,https://apis.datos.gob.ar/georef/api,BAJA (fuzzy en capa BAHRA: puede no ser el mismo lugar),antes era sin_match. candidatos: Santa Rosa de Río Primero/Río Primero [14105260]
v6_p07,28,Villa San Martín,Santiago del Estero,Loreto,3354,flag_variante,A (aparcado),Villa San Martí­n (Est. Loreto),confirmar_candidato_georef,86105010,,Villa San Martí­n (Est. Loreto),,,georef/,https://apis.datos.gob.ar/georef/api,media (nombre difiere),variante de nombre en el depto correcto
v5_p08,42,Villa General Ramírez,Entre Ríos,Diamante,3203,flag_sin_match,C-generador,General Ramírez,confirmar_candidato_georef,30021120,,General Ramírez,-32.1772053319515,-60.2017343560406,georef/localidades-censales,https://apis.datos.gob.ar/georef/api,alta (match exacto en depto del conjunto),candidato probado: 'General Ramírez' [prefijo: se quita 'Villa']
v7_p06,47,León Rouges,Tucumán,Monteros,3196,flag_sin_match,C5-rename,León Rougés,rename,,,,-27.2158,-65.5333,gazetteer,https://www.mindat.org/feature-3846949.html,verde (guard: coord en depto esperado),"[guard=verde; punto en Monteros] Localidad de León Rougés, depto Monteros, Tucuman. Coincide depto."
v9_1_2_p02,28,Deseado,Santa Cruz,Deseado,3120,flag_variante,A (aparcado),Puerto Deseado,confirmar_candidato_georef,78014080,,Puerto Deseado,,,georef/,https://apis.datos.gob.ar/georef/api,media (nombre difiere),variante de nombre en el depto correcto
v3_p11,147,Jáuregui,Buenos Aires,Luján,3113,flag_sin_match,C5-rename,José María Jáuregui (Villa Flandria),rename,,,,-34.6000,-59.1670,wikipedia,https://es.wikipedia.org/wiki/Jos%C3%A9_Mar%C3%ADa_J%C3%A1uregui,verde (guard: coord en depto esperado),"[guard=verde; punto en Luján] Localidad de Luján, llamada Villa Flandria 1978-1990s; hoy José María Jáuregui."
v8_p03,40,Media Agua,San Juan,Sarmiento,3098,flag_variante,A (aparcado),Villa Media Agua,confirmar_candidato_georef,70105100,,Villa Media Agua,,,georef/,https://apis.datos.gob.ar/georef/api,media (nombre difiere),variante de nombre en el depto correcto
v4_p06,146,Empalme V. Constitución,Santa Fe,Constitución,3095,flag_sin_match,C5-manual_coord,Empalme Villa Constitución,manual_coord,,,,-33.2611,-60.3806,Wikipedia,https://es.wikipedia.org/wiki/Empalme_Villa_Constituci%C3%B3n-Barrio_Mitre,verde (guard: coord en depto esperado),"[guard=verde; punto en Constitución] Comuna Empalme Villa Constitución, depto Constitución, a 5 km de Villa Constitución."
v9_1_2_p03,29,Ingeniero Huergo,Río Negro,General Roca,3083,flag_variante,A (aparcado),Ingeniero Luis A. Huergo,confirmar_candidato_georef,62042460,,Ingeniero Luis A. Huergo,,,georef/,https://apis.datos.gob.ar/georef/api,media (nombre difiere),variante de nombre en el depto correcto
v3_p15,154,Matheu,Buenos Aires,Escobar,2993,flag_bahra,A (aparcado),Matheu,confirmar_candidato_georef,0625201006,true,Matheu,,,georef/localidades,https://apis.datos.gob.ar/georef/api,alta,BAHRA: el nombre no es localidad censal -> BAHRA es la fuente correcta (P7). id de capa 'localidades' NO es id censal INDEC valido
v4_p01,155,Alejandro,Córdoba,Juárez Celman,2921,flag_variante,A (aparcado),Alejandro Roca,confirmar_candidato_georef,14056010,,Alejandro Roca,,,georef/,https://apis.datos.gob.ar/georef/api,media (nombre difiere),variante de nombre en el depto correcto
v8_p05,41,Ullún,San Juan,Ullún,2896,flag_variante_bahra,C1-cabecera,Villa Ibáñez,cabecera_del_depto,70112010,,Villa Ibáñez,-31.4659385111811,-68.7353338028121,web+georef,https://es.wikipedia.org/wiki/Departamento_Ullum,alta,el censo 1960 listo la cabecera con el nombre del depto. cabecera: NO existe pueblo 'Ullum'
v8_p04,42,Santa Rosa,San Luis,Junín,2880,flag_variante,A (aparcado),Santa Rosa del Conlara,confirmar_candidato_georef,74049070,,Santa Rosa del Conlara,,,georef/,https://apis.datos.gob.ar/georef/api,media (nombre difiere),variante de nombre en el depto correcto
v3_p11,158,Juan B. Alberdi,Buenos Aires,Leandro N. Alem,2873,flag_sin_match,C5-manual_coord,Juan Bautista Alberdi,manual_coord,,,,-34.4333,-61.8,Wikipedia,https://es.wikipedia.org/wiki/Juan_Bautista_Alberdi_(Buenos_Aires),verde (guard: coord en depto esperado),"[guard=verde; punto en Leandro N. Alem] Localidad del partido Leandro N. Alem, BA (km 340 RN7)"
v4_p02,161,Brinkman,Córdoba,San Justo,2826,flag_variante,A (aparcado),Brinkmann,confirmar_candidato_georef,14140050,,Brinkmann,,,georef/,https://apis.datos.gob.ar/georef/api,media (nombre difiere),variante de nombre en el depto correcto
v5_p08,46,Villa Hernandarias,Entre Ríos,Paraná,2788,flag_sin_match,C-generador,Hernandarias,confirmar_candidato_georef,30084110,,Hernandarias,-31.2300150387102,-59.9882854435468,georef/localidades-censales,https://apis.datos.gob.ar/georef/api,alta (match exacto en depto del conjunto),candidato probado: 'Hernandarias' [prefijo: se quita 'Villa']
v9_1_2_p03,32,Kilómetro 8 (Petroquímica),Chubut,Escalante,2783,flag_sin_match,C5-barrio_de,Kilómetro 8 / Don Bosco (barrio de Comodoro Rivadavia),barrio_de,,,,-45.8000,-67.5333,Wikipedia,https://es.wikipedia.org/wiki/Don_Bosco_(Chubut),verde (guard: coord en depto esperado),"[guard=verde; punto en Escalante] Barrio industrial (Petroquímica) a 8 km del centro de Comodoro Rivadavia, depto Escalante"
v3_p21,169,Tortuguitas,Buenos Aires,Pilar,2628,flag_bahra,D,,desambiguar,,,,,,georef,,baja,>1 candidato: Tortuguitas/Pilar [0663804012]; Tortuguitas/Malvinas Argentinas [0651501007]
v4_p01,168,Alto Verde,Santa Fe,La Capital,2627,flag_sin_match,C5-barrio_de,Barrio Alto Verde (Santa Fe capital),barrio_de,,,,-31.6613,-60.6986,Wikimapia/dices.net,https://www.dices.net/mapas/argentina/mapa.php?nombre=Alto-Verde&id=24458,verde (guard: coord en depto esperado),"[guard=verde; punto en La Capital] Barrio de la ciudad de Santa Fe sobre Isla Sirgadero, depto La Capital"
v5_p02,52,Concepción,Corrientes,Concepción,2593,flag_bahra,A (aparcado),Concepción,confirmar_candidato_georef,18028010,true,Concepción,,,georef/localidades,https://apis.datos.gob.ar/georef/api,alta,BAHRA: el nombre no es localidad censal -> BAHRA es la fuente correcta (P7). id de capa 'localidades' NO es id censal INDEC valido
v5_p04,53,Iguazú,Misiones,Iguazú,2547,flag_variante,A (aparcado),Puerto Iguazú,confirmar_candidato_georef,54063030,,Puerto Iguazú,,,georef/,https://apis.datos.gob.ar/georef/api,media (nombre difiere),variante de nombre en el depto correcto
v8_p05,43,Villa La Paz,Mendoza,La Paz,2502,flag_sin_match,C-generador,La Paz,confirmar_candidato_georef,50042020,,La Paz,-33.4610193184125,-67.5595785270435,georef/localidades-censales,https://apis.datos.gob.ar/georef/api,alta (match exacto en depto del conjunto),candidato probado: 'La Paz' [prefijo: se quita 'Villa']
v3_p04,173,Carlos Pellegrini,Buenos Aires,Pellegrini,2470,flag_sin_match,C5-rename,Pellegrini (cabecera del partido de Pellegrini),rename,,,,-36.2682,-63.1646,Wikipedia / OSM Nominatim,https://es.wikipedia.org/wiki/Pellegrini_(Buenos_Aires),verde (guard: coord en depto esperado),[guard=verde; punto en Pellegrini] La localidad censal 'Carlos Pellegrini' es la ciudad cabecera Pellegrini; coordenada OSM confirmada dentro del partido d
v8_p01,44,Alto de Sierra,San Juan,Santa Lucía,2468,flag_depto,B,,transferencia_vs_homonimo,,,,,,georef+centroides,https://apis.datos.gob.ar/georef/api/departamentos,media,dist_km=14 -> transferencia de limite plausible (adyacente). candidatos: Alto de Sierra/9 de Julio [70063010]
v4_p08,175,Holmberg,Córdoba,Río Cuarto,2439,flag_variante,A (aparcado),Santa Catalina Holmberg,confirmar_candidato_georef,14098260,,Santa Catalina Holmberg,,,georef/,https://apis.datos.gob.ar/georef/api,media (nombre difiere),variante de nombre en el depto correcto
v7_p08,58,Pedro G. Méndes,Tucumán,Cruz Alta,2425,flag_sin_match,C5-rename,La Florida (Estación Pedro G. Méndez),rename,,,,-26.8208,-65.0953,Wikipedia (La Florida Tucumán),https://es.wikipedia.org/wiki/La_Florida_(Tucum%C3%A1n),verde (guard: coord en depto esperado),"[guard=verde; punto en Cruz Alta] Estación Pedro G. Méndez del Ingenio La Florida, localidad La Florida, depto Cruz Alta."
v5_p04,58,Lib. Gral. San Martín,Misiones,Lib. Gral. San Martín,2267,flag_sin_match,C1-cabecera,Puerto Rico,cabecera_del_depto,54077060,,Puerto Rico,-26.8148524027618,-55.0240728847562,web+georef,https://es.wikipedia.org/wiki/Departamento_Libertador_General_San_Mart%C3%ADn_(Misiones),alta,el censo 1960 listo la cabecera con el nombre del depto. cabecera
v3_p09,182,General Paz,Buenos Aires,General Paz,2217,flag_sin_match,C1-cabecera,Ranchos,cabecera_del_depto,06343020,,Ranchos,-35.5164055625349,-58.3189734205107,web+georef,https://es.wikipedia.org/wiki/Partido_de_General_Paz,alta,el censo 1960 listo la cabecera con el nombre del depto. cabecera
v4_p17,181,Sta. Rosa de Calamuchita,Córdoba,Calamuchita,2217,flag_variante,A (aparcado),Santa Rosa de Calamuchita,confirmar_candidato_georef,14007210,,Santa Rosa de Calamuchita,,,georef/,https://apis.datos.gob.ar/georef/api,media (nombre difiere),variante de nombre en el depto correcto
v8_p05,46,Zonda,San Juan,Veinticinco de Mayo,2183,flag_sin_match,C5-sin_coordenada,,sin_coordenada,,,,,,,,,"[C5 web] ADVERTENCIA depto: la unica 'Zonda' de San Juan es Villa Basilio Nievas en el depto Zonda (approx -31.54,-68.74), NO en 25 de Mayo ni depto "
v7_p05,67,La Madrid,Tucumán,Graneros,2116,flag_sin_match,C5-manual_coord,La Madrid (Lamadrid),manual_coord,,,,-27.6833,-65.2000,wikipedia,https://es.wikipedia.org/wiki/La_Madrid_(Tucum%C3%A1n),verde (guard: coord en depto esperado),"[guard=verde; punto en Graneros] Depto Graneros, Tucumán; también escrito Lamadrid. Coord 27°41'S 65°12'W."
v8_p01,47,Algarrobal,Mendoza,Las Heras,2093,flag_variante_bahra,E-bahra-fuzzy,El Algarrobal,confirmar_o_rechazar_candidato,,true,,,,georef/localidades,https://apis.datos.gob.ar/georef/api,BAJA (fuzzy en capa BAHRA: puede no ser el mismo lugar),antes era sin_match. candidatos: El Algarrobal/Las Heras [5004905003]
v4_p16,184,Santa María,Córdoba,Punilla,2070,flag_variante,A (aparcado),Santa Mari­a de Punilla,confirmar_candidato_georef,14091210,,Santa Mari­a de Punilla,,,georef/,https://apis.datos.gob.ar/georef/api,media (nombre difiere),variante de nombre en el depto correcto
v3_p09,186,General O'Brien,Buenos Aires,Bragado,2065,flag_bahra,A (aparcado),General O'Brien,confirmar_candidato_georef,06112030,true,General O'Brien,,,georef/localidades,https://apis.datos.gob.ar/georef/api,alta,BAHRA: el nombre no es localidad censal -> BAHRA es la fuente correcta (P7). id de capa 'localidades' NO es id censal INDEC valido
v8_p02,48,El Resguardo,Mendoza,Las Heras,2012,flag_bahra,A (aparcado),El Resguardo,confirmar_candidato_georef,5004905008,true,El Resguardo,,,georef/localidades,https://apis.datos.gob.ar/georef/api,alta,BAHRA: el nombre no es localidad censal -> BAHRA es la fuente correcta (P7). id de capa 'localidades' NO es id censal INDEC valido
v8_p01,50,Costa del Araujo,Mendoza,Lavalle,2003,flag_variante,A (aparcado),Costa de Araujo,confirmar_candidato_georef,50056080,,Costa de Araujo,,,georef/,https://apis.datos.gob.ar/georef/api,media (nombre difiere),variante de nombre en el depto correcto
v8_p04,51,Russell,Mendoza,Maipú,2002,flag_bahra,A (aparcado),Russell,confirmar_candidato_georef,50070080,,Russell,,,georef/asentamientos,https://apis.datos.gob.ar/georef/api,alta,BAHRA: el nombre no es localidad censal -> fuente correcta (P7)
v8_p01,53,Carrodilla,Mendoza,Luján,2000,flag_bahra,A (aparcado),Carrodilla,confirmar_candidato_georef,5006309001,true,Carrodilla,,,georef/localidades,https://apis.datos.gob.ar/georef/api,alta,BAHRA: el nombre no es localidad censal -> BAHRA es la fuente correcta (P7). id de capa 'localidades' NO es id censal INDEC valido
v8_p01,54,Coquimbito,Mendoza,Maipú,1998,flag_bahra,A (aparcado),Coquimbito,confirmar_candidato_georef,5007006002,true,Coquimbito,,,georef/localidades,https://apis.datos.gob.ar/georef/api,alta,BAHRA: el nombre no es localidad censal -> BAHRA es la fuente correcta (P7). id de capa 'localidades' NO es id censal INDEC valido
v5_p04,65,Juan B. Arruabarrena,Entre Ríos,Federación,1997,flag_sin_match,C5-manual_coord,Juan B. Arruabarrena,manual_coord,,,,-30.3394,-58.3019,OSM Nominatim,https://nominatim.openstreetmap.org/,verde (guard: coord en depto esperado),"[guard=verde; punto en Federación] Paraje en depto Federación (San Jaime de la Frontera / Distrito Tatutí), Entre Ríos."
v5_p04,66,Libertad,Misiones,Iguazú,1996,flag_variante,A (aparcado),Puerto Libertad,confirmar_candidato_georef,54063020,,Puerto Libertad,,,georef/,https://apis.datos.gob.ar/georef/api,media (nombre difiere),variante de nombre en el depto correcto
v5_p03,67,Gobernador Ingeniero Valentín Virasoro,Corrientes,Santo Tomé,1993,flag_variante_bahra,E-bahra-fuzzy,Gobernador Igr. Valentín Virasoro,confirmar_o_rechazar_candidato,,true,,,,georef/localidades,https://apis.datos.gob.ar/georef/api,BAJA (fuzzy en capa BAHRA: puede no ser el mismo lugar),antes era sin_match. candidatos: Gobernador Igr. Valentín Virasoro/Santo Tomé [18168030]
v5_p08,68,Villa Larroque,Entre Ríos,Gualeguaychú,1993,flag_sin_match,C-generador,Larroque,confirmar_candidato_georef,30056090,,Larroque,-33.0354242763647,-59.001853656082,georef/localidades-censales,https://apis.datos.gob.ar/georef/api,alta (match exacto en depto del conjunto),candidato probado: 'Larroque' [prefijo: se quita 'Villa']
v8_p02,57,La Bebida,San Juan,Rivadavia,1992,flag_sin_match,C5-manual_coord,La Bebida,manual_coord,,,,-31.5333,-68.6167,dices.net,https://www.dices.net/mapas/argentina/mapa.php?nombre=La-Bebida&id=44348,verde (guard: coord en depto esperado),"[guard=verde; punto en Rivadavia] Localidad del depto Rivadavia, Gran San Juan"
v8_p01,58,Cañada Seca,Mendoza,San Rafael,1986,flag_bahra,A (aparcado),Cañada Seca,confirmar_candidato_georef,50105A04,,Cañada Seca,,,georef/asentamientos,https://apis.datos.gob.ar/georef/api,alta,BAHRA: el nombre no es localidad censal -> fuente correcta (P7)
v8_p05,60,Villa Junín,Mendoza,Junín,1972,flag_sin_match,C-generador,Junín,confirmar_candidato_georef,50035020,,Junín,-33.1450869905894,-68.4921156012444,georef/localidades-censales,https://apis.datos.gob.ar/georef/api,alta (match exacto en depto del conjunto),candidato probado: 'Junín' [prefijo: se quita 'Villa']
v3_p11,193,José A. Guisasola,Buenos Aires,Coronel Dorrego,1967,flag_sin_match,C5-manual_coord,Estación José A. Guisasola,manual_coord,,,,-37.1306,-62.0253,Wikipedia,https://es.wikipedia.org/wiki/Estaci%C3%B3n_Jos%C3%A9_A._Guisasola,REVISAR (rojo),"[guard=rojo; punto en Coronel Suárez] Estación de FC en partido Coronel Dorrego, cercana a El Perdido"
v6_p02,42,Colonia Villafañe,Formosa,Pirané,1966,flag_variante_bahra,E-bahra-fuzzy,Colonia Campo Villafañe,confirmar_o_rechazar_candidato,,true,,,,georef/localidades,https://apis.datos.gob.ar/georef/api,BAJA (fuzzy en capa BAHRA: puede no ser el mismo lugar),antes era sin_match. candidatos: Colonia Campo Villafañe/Pirané [34056010]
v4_p04,191,Concepción del Tío,Córdoba,San Justo,1962,flag_variante_bahra,E-bahra-fuzzy,Villa Concepción del Tío,confirmar_o_rechazar_candidato,,true,,,,georef/localidades,https://apis.datos.gob.ar/georef/api,BAJA (fuzzy en capa BAHRA: puede no ser el mismo lugar),antes era sin_match. candidatos: Villa Concepción del Tío/San Justo [14140420]
v4_p07,192,Froilán Palacios,Santa Fe,Iriondo,1948,flag_sin_match,C5-manual_coord,Froilán Palacios,manual_coord,,,,-32.6667,-61.1000,SIPAR Archivo Historico / Mapcarta,https://mapcarta.com/20056348,verde (guard: coord en depto esperado),[guard=verde; punto en Iriondo] Localidad del depto Iriondo (Municipio Salto Grande); traza aprobada 1891 en km 373 del FC Cordoba-Rosario
v6_p05,43,Misión San Fco. de Laishí,Formosa,Laishí,1944,flag_sin_match,C5-manual_coord,San Francisco de Laishí,manual_coord,,,,-26.2465,-58.6312,Wikipedia (San Francisco de Laishí),https://es.wikipedia.org/wiki/San_Francisco_de_Laish%C3%AD,verde (guard: coord en depto esperado),"[guard=verde; punto en Laishi] Mismo lugar; municipio Misión San Francisco de Laishí, cabecera del depto Laishí."
v3_p22,197,Vicente Casares,Buenos Aires,Cañuelas,1935,flag_bahra,A (aparcado),Vicente Casares,confirmar_candidato_georef,06134080,true,Vicente Casares,,,georef/localidades,https://apis.datos.gob.ar/georef/api,alta,BAHRA: el nombre no es localidad censal -> BAHRA es la fuente correcta (P7). id de capa 'localidades' NO es id censal INDEC valido
v3_p18,200,Quiroga,Buenos Aires,9 de Julio,1925,flag_variante,A (aparcado),Facundo Quiroga,confirmar_candidato_georef,06588010,,Facundo Quiroga,,,georef/,https://apis.datos.gob.ar/georef/api,media (nombre difiere),variante de nombre en el depto correcto
v4_p11,198,Los Saladillos,Santa Fe,9 de Julio,1920,flag_sin_match,C5-rename,Gregoria Pérez de Denis (Los Saladillos),rename,,,,-28.2333,-61.5333,Wikipedia (Gregoria Pérez de Denis),https://es.wikipedia.org/wiki/Gregoria_P%C3%A9rez_de_Denis_(Santa_Fe),verde (guard: coord en depto esperado),[guard=verde; punto en 9 de Julio] Comuna del depto 9 de Julio también conocida como Los Saladillos.
v4_p06,202,Despeñaderos,Córdoba,Santa María,1904,flag_bahra,A (aparcado),Despeñaderos,confirmar_candidato_georef,14147080,true,Despeñaderos,,,georef/localidades,https://apis.datos.gob.ar/georef/api,alta,BAHRA: el nombre no es localidad censal -> BAHRA es la fuente correcta (P7). id de capa 'localidades' NO es id censal INDEC valido
v9_1_2_p01,38,Colonia Las Heras,Santa Cruz,Deseado,1880,flag_sin_match,C-generador,Las Heras,confirmar_candidato_georef,78014060,,Las Heras,-46.5412880468344,-68.9323714985692,georef/localidades-censales,https://apis.datos.gob.ar/georef/api,alta (match exacto en depto del conjunto),candidato probado: 'Las Heras' [prefijo: se quita 'Colonia']
v8_p01,67,Cuadro Nacional,Mendoza,San Rafael,1879,flag_bahra,A (aparcado),Cuadro Nacional,confirmar_candidato_georef,5010521001,true,Cuadro Nacional,,,georef/localidades,https://apis.datos.gob.ar/georef/api,alta,BAHRA: el nombre no es localidad censal -> BAHRA es la fuente correcta (P7). id de capa 'localidades' NO es id censal INDEC valido
v7_p08,74,Poso del Alto,Tucumán,Cruz Alta,1875,flag_sin_match,C5-rename,Pozo del Alto,rename,,,,-26.9025,-65.1456,gazetteer,https://mapcarta.com/20026742,verde (guard: coord en depto esperado),"[guard=verde; punto en Cruz Alta] Poso del Alto = Pozo del Alto, localidad depto Cruz Alta, Tucuman (cerca de Colombres/Banda del Rio Sali). Coincide dept"
v8_p04,69,San Francisco,San Luis,Ayacucho,1864,flag_variante,A (aparcado),San Francisco del Monte de Oro,confirmar_candidato_georef,74007070,,San Francisco del Monte de Oro,,,georef/,https://apis.datos.gob.ar/georef/api,media (nombre difiere),variante de nombre en el depto correcto
v3_p17,207,Pérez Millán,Buenos Aires,Ramallo,1860,flag_bahra,A (aparcado),Pérez Millán,confirmar_candidato_georef,06665030,true,Pérez Millán,,,georef/localidades,https://apis.datos.gob.ar/georef/api,alta,BAHRA: el nombre no es localidad censal -> BAHRA es la fuente correcta (P7). id de capa 'localidades' NO es id censal INDEC valido
v4_p08,207,Jesús María,Santa Fe,San Lorenzo,1855,flag_sin_match,C5-manual_coord,"Jesús María (paraje, Timbúes)",manual_coord,,,,-32.6718,-60.7835,osm,"https://nominatim.openstreetmap.org/search?q=Jesus+Maria,+San+Lorenzo,+Santa+Fe,+Argentina",verde (guard: coord en depto esperado),[guard=verde; punto en San Lorenzo] Paraje/colonia Jesús María en depto San Lorenzo cerca de Timbúes. Confianza media (OSM solo registra vías con ese nombre
v4_p16,216,San Marcos,Córdoba,Unión,1801,flag_bahra,A (aparcado),San Marcos,confirmar_candidato_georef,14182250,true,San Marcos,,,georef/localidades,https://apis.datos.gob.ar/georef/api,alta,BAHRA: el nombre no es localidad censal -> BAHRA es la fuente correcta (P7). id de capa 'localidades' NO es id censal INDEC valido
v4_p19,217,Villa General Mitre,Córdoba,Totoral,1797,flag_sin_match,C5-rename,Villa del Totoral,rename,,,,-30.7000,-64.0667,Wikipedia; Mapcarta,https://mapcarta.com/20011142,verde (guard: coord en depto esperado),"[guard=verde; punto en Totoral] Villa General Mitre fue el nombre original (1862) de la actual Villa del Totoral, depto Totoral."
v7_p05,77,La Encantada,Tucumán,Leales,1793,flag_bahra,A (aparcado),La Encantada,confirmar_candidato_georef,90056A34,,La Encantada,,,georef/asentamientos,https://apis.datos.gob.ar/georef/api,alta,BAHRA: el nombre no es localidad censal -> fuente correcta (P7)
v4_p06,218,Dumesnil,Córdoba,Colón,1791,flag_bahra,A (aparcado),Dumesnil,confirmar_candidato_georef,1402115001,true,Dumesnil,,,georef/localidades,https://apis.datos.gob.ar/georef/api,alta,BAHRA: el nombre no es localidad censal -> BAHRA es la fuente correcta (P7). id de capa 'localidades' NO es id censal INDEC valido
v8_p01,75,Barreal,San Juan,Calingasta,1790,flag_variante,A (aparcado),Barreal - Villa Pituil,confirmar_candidato_georef,70021010,,Barreal - Villa Pituil,,,georef/,https://apis.datos.gob.ar/georef/api,media (nombre difiere),variante de nombre en el depto correcto
v4_p02,221,Berabevú,Santa Fe,Caseros,1774,flag_variante,A (aparcado),Beravebú,confirmar_candidato_georef,82014030,,Beravebú,,,georef/,https://apis.datos.gob.ar/georef/api,media (nombre difiere),variante de nombre en el depto correcto
v3_p22,215,Villa Numancia,Buenos Aires,San Vicente,1735,flag_sin_match,C5-manual_coord,Estación Villa Numancia (Guernica),manual_coord,,,,-34.9219,-58.4012,Wikipedia,https://es.wikipedia.org/wiki/Estaci%C3%B3n_Villa_Numancia,verde (guard: coord en depto esperado),"[guard=verde; punto en Presidente Perón] Estación/barrio de Guernica, hoy partido Presidente Perón"
v4_p19,233,Villa Reducción,Córdoba,Juárez Celman,1731,flag_bahra,A (aparcado),Villa Reducción,confirmar_candidato_georef,14056170,true,Villa Reducción,,,georef/localidades,https://apis.datos.gob.ar/georef/api,alta,BAHRA: el nombre no es localidad censal -> BAHRA es la fuente correcta (P7). id de capa 'localidades' NO es id censal INDEC valido
v6_p06,50,Punta Pora,Formosa,Pilagás,1729,flag_bahra,A (aparcado),Punta Porá,confirmar_candidato_georef,34042A12,,Punta Porá,,,georef/asentamientos,https://apis.datos.gob.ar/georef/api,alta,BAHRA: el nombre no es localidad censal -> fuente correcta (P7)
v7_p02,78,Cerrillos,Salta,Cerrillos,1718,flag_bahra,A (aparcado),Cerrillos,confirmar_candidato_georef,66035010,true,Cerrillos,,,georef/localidades,https://apis.datos.gob.ar/georef/api,alta,BAHRA: el nombre no es localidad censal -> BAHRA es la fuente correcta (P7). id de capa 'localidades' NO es id censal INDEC valido
v3_p11,217,Isla Martín García,Buenos Aires,Isla Martín García,1712,flag_sin_match,C-especial,(coord citada),manual_coord,,,,-34.1825,-58.25,web,https://es.wikipedia.org/wiki/Isla_Mart%C3%ADn_Garc%C3%ADa,media,unidad censal 1960 propia (cod 119). Isla con un unico poblado/puerto sin nombre censal. OJO: depende administrativamente del partido de La Plata pero esta a ~35 km al NO -> NO usar el punto de La Plata. Coord = el poblado de la isla
v5_p05,78,Manuel F. Mantilla,Corrientes,San Roque,1697,flag_sin_match,C5-rename,Mantilla (ex nombre oficial Pedro R. Fernández),rename,,,,-28.7508,-58.6558,Wikipedia,https://es.wikipedia.org/wiki/Mantilla_(Argentina),verde (guard: coord en depto esperado),[guard=verde; punto en San Roque] Localidad de San Roque nombrada por la estación Manuel F. Mantilla; nombre oficial Mantilla desde 2023
v5_p03,79,General Paz,Corrientes,General Paz,1689,flag_sin_match,C1-cabecera,Nuestra Señora del Rosario de Caá Catí,cabecera_del_depto,18063030,,Nuestra Señora del Rosario de Caá Catí,-27.751995828158,-57.6225136238666,web+georef,https://es.wikipedia.org/wiki/General_Paz_(departamento),alta,el censo 1960 listo la cabecera con el nombre del depto. cabecera = Caa Cati. Ley 1910 renombro depto Y pueblo de Caa Cati a General Paz; el depto quedo 'General Paz' y el pueblo volvio a 'Caa Cati' -> el censo 1960 nombro la cabecera con el nombre del depto. Georef la lista con el nombre completo 'Nuestra Senora del Rosario de Caa Cati'
v5_p05,80,Miguel Lanús,Misiones,Capital,1681,flag_sin_match,C5-barrio_de,Barrio Miguel Lanús (Posadas),barrio_de,,,,-27.4292,-55.8797,Wikimapia,http://wikimapia.org/9166957/es/Barrio-Miguel-Lan%C3%BAs,verde (guard: coord en depto esperado),"[guard=verde; punto en Capital] Antigua Villa Lanus, hoy barrio del sur de Posadas, depto Capital, Misiones"
v3_p12,222,La Dulce,Buenos Aires,Necochea,1662,flag_sin_match,C5-rename,Nicanor Olivera (La Dulce),rename,,,,-38.3008,-59.3808,Wikipedia (La Dulce),https://es.wikipedia.org/wiki/La_Dulce,REVISAR (rojo),"[guard=rojo; punto en San Cayetano] Nombre oficial Nicanor Olivera, conocida como La Dulce; depto Necochea. Coord 38°18'03''S 59°22'51''O."
v6_p05,61,Puerto Bermejo,Chaco,Bermejo,1646,flag_variante,D,,desambiguar,,,,,,georef,,baja,>1 candidato: Puerto Bermejo Nuevo/Bermejo [22014050]; Puerto Bermejo Viejo/Bermejo [22014060]
v5_p07,81,Solari,Corrientes,Mercedes,1636,flag_variante,A (aparcado),Mariano I. Loza (Est. Justino Solari),confirmar_candidato_georef,18105020,,Mariano I. Loza (Est. Justino Solari),,,georef/,https://apis.datos.gob.ar/georef/api,media (nombre difiere),variante de nombre en el depto correcto
v6_p02,62,Forres,Santiago del Estero,Robles,1634,flag_variante,A (aparcado),Forres (Est. Chaguar Punco),confirmar_candidato_georef,86161040,,Forres (Est. Chaguar Punco),,,georef/,https://apis.datos.gob.ar/georef/api,media (nombre difiere),variante de nombre en el depto correcto
v9_1_2_p05,45,Vista Alegre,Neuquén,Confluencia,1606,flag_variante,D,,desambiguar,,,,,,georef,,baja,>1 candidato: Vista Alegre Norte/Confluencia [58035130]; Vista Alegre Sur/Confluencia [58035140]
v3_p22,228,Villa Rosa,Buenos Aires,Pilar,1598,flag_bahra,A (aparcado),Villa Rosa,confirmar_candidato_georef,0663804014,true,Villa Rosa,,,georef/localidades,https://apis.datos.gob.ar/georef/api,alta,BAHRA: el nombre no es localidad censal -> BAHRA es la fuente correcta (P7). id de capa 'localidades' NO es id censal INDEC valido
v8_p05,77,Villa del Salvador,San Juan,Angaco,1592,flag_depto,B,,transferencia_vs_homonimo,,,,,,georef+centroides,https://apis.datos.gob.ar/georef/api/departamentos,media,dist_km=38 -> transferencia de limite plausible (adyacente). candidatos: Villa del Salvador/San Martín [70091040]
v9_1_2_p02,46,General E. Godoy,Río Negro,General Roca,1591,flag_variante,A (aparcado),General Enrique Godoy,confirmar_candidato_georef,62042430,,General Enrique Godoy,,,georef/,https://apis.datos.gob.ar/georef/api,media (nombre difiere),variante de nombre en el depto correcto
v7_p09,90,San Miguel,Tucumán,Cruz Alta,1574,flag_bahra,A (aparcado),San Miguel,confirmar_candidato_georef,90014A48,,San Miguel,,,georef/asentamientos,https://apis.datos.gob.ar/georef/api,alta,BAHRA: el nombre no es localidad censal -> fuente correcta (P7)
v8_p05,79,Tres de Mayo,Mendoza,Lavalle,1574,flag_sin_match,C-generador,3 de Mayo,confirmar_candidato_georef,50056150,,3 de Mayo,-32.6787552978389,-68.6341723946046,georef/localidades-censales,https://apis.datos.gob.ar/georef/api,alta (match exacto en depto del conjunto),candidato probado: '3 de Mayo' [numero-palabra -> digito: Tres->3]
v8_p05,80,Villa Aberastain,San Juan,Pocito,1569,flag_bahra,A (aparcado),Villa Aberastain,confirmar_candidato_georef,7007004002,true,Villa Aberastain,,,georef/localidades,https://apis.datos.gob.ar/georef/api,alta,BAHRA: el nombre no es localidad censal -> BAHRA es la fuente correcta (P7). id de capa 'localidades' NO es id censal INDEC valido
v6_p04,65,La Isla,Santiago del Estero,Banda,1562,flag_sin_match,C5-sin_coordenada,,sin_coordenada,,,,,,,,,[C5 web] La única 'La Isla' documentada está en depto Jiménez (homónimo; coincide con la pista Isca Yacu pero lejos del depto objetivo Banda). Posibl
v4_p07,268,Frank,Santa Fe,Las Colonias,1553,flag_variante,A (aparcado),Franck,confirmar_candidato_georef,82070070,,Franck,,,georef/,https://apis.datos.gob.ar/georef/api,media (nombre difiere),variante de nombre en el depto correcto
v8_p02,81,La Legua,San Juan,Santa Lucía,1551,flag_sin_match,C5-rename,La Legua,rename,,,,-31.5559,-68.4658,osm,https://nominatim.openstreetmap.org/search?q=La%20Legua%2C%20Santa%20Lucia%2C%20San%20Juan,verde (guard: coord en depto esperado),"[guard=verde; punto en Santa Lucía] La Legua, distrito/localidad del depto Santa Lucia, San Juan. Coincide depto."
v4_p16,275,S. Martín de las Escobas,Santa Fe,San Martín,1521,flag_sin_match,C5-manual_coord,San Martín de las Escobas,manual_coord,,,,-31.8578,-61.5760,wikipedia,https://es.wikipedia.org/wiki/San_Mart%C3%ADn_de_las_Escobas,verde (guard: coord en depto esperado),"[guard=verde; punto en San Martín] Comuna en depto San Martín (Santa Fe), km 152 RN34."
v8_p03,82,Pampa del Chañar,San Juan,Jáchal,1521,flag_sin_match,C5-manual_coord,Pampa del Chañar,manual_coord,,,,-30.1812,-68.6795,OSM Nominatim,https://nominatim.openstreetmap.org/,verde (guard: coord en depto esperado),"[guard=verde; punto en Jáchal] Aldea en el valle Jáchal-Niquivil, depto Jáchal, San Juan."
v6_p03,67,Frontera,Formosa,Pilcomayo,1514,flag_bahra,A (aparcado),Frontera,confirmar_candidato_georef,34049A11,,Frontera,,,georef/asentamientos,https://apis.datos.gob.ar/georef/api,alta,BAHRA: el nombre no es localidad censal -> fuente correcta (P7)
v8_p03,83,Marquesado,San Juan,Rivadavia,1514,flag_sin_match,C5-manual_coord,Marquesado,manual_coord,,,,-31.5167,-68.6167,dices.net,https://www.dices.net/mapas/argentina/mapa.php?nombre=Marquesado&id=3859,verde (guard: coord en depto esperado),"[guard=verde; punto en Rivadavia] Localidad del depto Rivadavia, Gran San Juan"
v7_p04,96,Gastona,Tucumán,Chicligasta,1506,flag_variante,D,,desambiguar,,,,,,georef,,baja,>1 candidato: Gastona Norte/Chicligasta [90021055]; Gastona Sud/Chicligasta [90021056]
v8_p04,84,San Martín,San Juan,San Martín,1494,flag_variante,A (aparcado),Villa San Martín,confirmar_candidato_georef,70091070,,Villa San Martín,,,georef/,https://apis.datos.gob.ar/georef/api,media (nombre difiere),variante de nombre en el depto correcto
v8_p02,85,La Puntilla,Mendoza,Luján,1491,flag_bahra,A (aparcado),La Puntilla,confirmar_candidato_georef,5006309004,true,La Puntilla,,,georef/localidades,https://apis.datos.gob.ar/georef/api,alta,BAHRA: el nombre no es localidad censal -> BAHRA es la fuente correcta (P7). id de capa 'localidades' NO es id censal INDEC valido
v4_p05,285,Chateaubriand,Santa Fe,General López,1490,flag_sin_match,C5-manual_coord,Chateaubriand (paraje/estación),manual_coord,,,,-33.6333,-61.8667,OpenStreetMap Nominatim (reverse) / Globefeed,https://nominatim.openstreetmap.org/reverse?lat=-33.6333&lon=-61.8667&format=json,verde (guard: coord en depto esperado),"[guard=verde; punto en General López] Reverse-geocoding confirma que cae en Departamento General López, al NE de Venado Tuerto"
v7_p09,98,San Antonio de la Paz,Catamarca,La Paz,1489,flag_sin_match,C5-manual_coord,San Antonio de La Paz,manual_coord,,,,-28.9330,-65.1000,Wikipedia (EN),https://en.wikipedia.org/wiki/San_Antonio_de_La_Paz,verde (guard: coord en depto esperado),"[guard=verde; punto en La Paz] Pueblo del depto La Paz, Catamarca"
v7_p09,99,San Pablo,Tucumán,Famaillá,1481,flag_variante,A (aparcado),Ingenio San Pablo,confirmar_candidato_georef,90063030,,Ingenio San Pablo,,,georef/,https://apis.datos.gob.ar/georef/api,media (nombre difiere),variante de nombre en el depto correcto
v3_p19,241,Sánchez,Buenos Aires,Ramallo,1480,flag_sin_match,C5-rename,Villa General Savio,rename,,,,-33.4350,-60.1460,Wikipedia (Villa General Savio),https://en.wikipedia.org/wiki/Villa_General_Savio,verde (guard: coord en depto esperado),[guard=verde; punto en Ramallo] Estación/localidad Sánchez renombrada Villa General Savio en 1967; partido de Ramallo.
v6_p03,76,Ingeniero Juárez,Formosa,Matacos,1478,flag_variante,A (aparcado),Ingeniero Guillermo N Juárez,confirmar_candidato_georef,34028010,,Ingeniero Guillermo N Juárez,,,georef/,https://apis.datos.gob.ar/georef/api,media (nombre difiere),variante de nombre en el depto correcto
v7_p06,100,Las Pirquitas,Catamarca,Fray Mamerto Esquiú,1470,flag_variante,A (aparcado),Villa Las Pirquitas,confirmar_candidato_georef,10063050,,Villa Las Pirquitas,,,georef/,https://apis.datos.gob.ar/georef/api,media (nombre difiere),variante de nombre en el depto correcto
v4_p01,290,Andino,Santa Fe,Iriondo,1464,flag_variante,D,,desambiguar,,,,,,georef,,baja,>1 candidato: Pueblo Andino/Iriondo [82056110]; Villa La Ribera (Pueblo Andino)/Iriondo [82056170]
v4_p06,292,El Tío,Córdoba,San Justo,1463,flag_bahra,A (aparcado),El Tío,confirmar_candidato_georef,14140200,true,El Tío,,,georef/localidades,https://apis.datos.gob.ar/georef/api,alta,BAHRA: el nombre no es localidad censal -> BAHRA es la fuente correcta (P7). id de capa 'localidades' NO es id censal INDEC valido
v8_p05,86,Villa 25 de Mayo,Mendoza,San Rafael,1460,flag_sin_match,C-generador,25 de Mayo,confirmar_candidato_georef,50105220,,25 de Mayo,-34.5837978477056,-68.544542912251,georef/localidades-censales,https://apis.datos.gob.ar/georef/api,alta (match exacto en depto del conjunto),candidato probado: '25 de Mayo' [prefijo: se quita 'Villa']
v9_1_2_p02,49,Cholita,Chubut,Cushamen,1458,flag_variante,A (aparcado),Cholila,confirmar_candidato_georef,26014020,,Cholila,,,georef/,https://apis.datos.gob.ar/georef/api,media (nombre difiere),variante de nombre en el depto correcto
v4_p16,296,Sta. Clara de Buena Vista,Santa Fe,Las Colonias,1456,flag_variante,A (aparcado),Santa Clara de Buena Vista,confirmar_candidato_georef,82070290,,Santa Clara de Buena Vista,,,georef/,https://apis.datos.gob.ar/georef/api,media (nombre difiere),variante de nombre en el depto correcto
v4_p17,297,Saturnino M. Laspiur,Córdoba,San Justo,1445,flag_sin_match,C5-rename,Saturnino María Laspiur,rename,,,,-31.7039,-62.4825,Wikipedia (Saturnino María Laspiur),https://es.wikipedia.org/wiki/Saturnino_Mar%C3%ADa_Laspiur_(C%C3%B3rdoba),verde (guard: coord en depto esperado),[guard=verde; punto en San Justo] Localidad del depto San Justo sobre RN 158.
v6_p04,80,Laguna Naineck,Formosa,Pilcomayo,1445,flag_sin_match,C5-rename,Laguna Naick Neck,rename,,,,-25.2190,-58.1219,wikipedia,https://es.wikipedia.org/wiki/Laguna_Naick_Neck,verde (guard: coord en depto esperado),"[guard=verde; punto en Pilcomayo] Laguna Naineck = Laguna Naick Neck, depto Pilcomayo, Formosa. Coincide depto."
v5_p03,89,Gobernador J.E. Martínez,Corrientes,Lavalle,1434,flag_sin_match,C5-rename,Gobernador Juan E. Martínez,rename,,,,-28.9125,-58.9361,wikipedia,https://es.wikipedia.org/wiki/Gobernador_Juan_E._Mart%C3%ADnez,verde (guard: coord en depto esperado),[guard=verde; punto en Lavalle] Localidad de depto Lavalle (Corrientes); ex Yatay/Pueblo Arroyo Juárez.
v7_p08,105,Río Colorado,Tucumán,Famaillá,1433,flag_depto,B,,transferencia_vs_homonimo,,,,,,georef+centroides,https://apis.datos.gob.ar/georef/api/departamentos,media,dist_km=46 -> transferencia de limite plausible (adyacente). candidatos: Río Colorado/Leales [90056060]
v3_p15,248,Martínez de Hoz,Buenos Aires,Lincoln,1428,flag_variante,A (aparcado),Coronel Martí­nez de Hoz,confirmar_candidato_georef,06469040,,Coronel Martí­nez de Hoz,,,georef/,https://apis.datos.gob.ar/georef/api,media (nombre difiere),variante de nombre en el depto correcto
v7_p05,106,Ingenio Lules,Tucumán,Famaillá,1427,flag_sin_match,C-generador,Lules,confirmar_candidato_georef,90063050,,Lules,-26.9221963785829,-65.3378074619515,georef/localidades-censales,https://apis.datos.gob.ar/georef/api,alta (match exacto en depto del conjunto),candidato probado: 'Lules' [prefijo: se quita 'Ingenio']
v3_p16,251,Open Door,Buenos Aires,Luján,1426,flag_bahra,A (aparcado),Open Door,confirmar_candidato_georef,0649706008,true,Open Door,,,georef/localidades,https://apis.datos.gob.ar/georef/api,alta,BAHRA: el nombre no es localidad censal -> BAHRA es la fuente correcta (P7). id de capa 'localidades' NO es id censal INDEC valido
v6_p01,82,Benítez,Chaco,Primero de Mayo,1426,flag_variante,A (aparcado),Colonia Benítez,confirmar_candidato_georef,22126020,,Colonia Benítez,,,georef/,https://apis.datos.gob.ar/georef/api,media (nombre difiere),variante de nombre en el depto correcto
v4_p15,302,San Francisco de Sta. Fe,Santa Fe,General López,1414,flag_sin_match,C-generador,San Francisco de Santa Fe,confirmar_candidato_georef,82042240,,San Francisco de Santa Fe,-33.5884690989966,-62.1239801785483,georef/localidades-censales,https://apis.datos.gob.ar/georef/api,alta (match exacto en depto del conjunto),candidato probado: 'San Francisco de Santa Fe' [abreviatura: Sta.->Santa]
v4_p16,304,San Julián,Santa Fe,San Jerónimo,1405,flag_sin_match,C5-sin_coordenada,,sin_coordenada,,,,,,,,,[C5 web] No se halló localidad 'San Julián' vigente en depto San Jerónimo (Santa Fe); no figura en el listado de localidades del depto. Único homónim
v6_p02,84,Espinillo,Formosa,Pilagás,1398,flag_variante,A (aparcado),El Espinillo,confirmar_candidato_georef,34042020,,El Espinillo,,,georef/,https://apis.datos.gob.ar/georef/api,media (nombre difiere),variante de nombre en el depto correcto
v5_p02,94,Colonia Delicia,Misiones,Eldorado,1389,flag_bahra,A (aparcado),Colonia Delicia,confirmar_candidato_georef,54042A03,,Colonia Delicia,,,georef/asentamientos,https://apis.datos.gob.ar/georef/api,alta,BAHRA: el nombre no es localidad censal -> fuente correcta (P7)
v3_p01,260,Alsina,Buenos Aires,Baradero,1375,flag_variante,A (aparcado),Villa Alsina,confirmar_candidato_georef,06070040,,Villa Alsina,,,georef/,https://apis.datos.gob.ar/georef/api,media (nombre difiere),variante de nombre en el depto correcto
v3_p18,261,Río Tala,Buenos Aires,San Pedro,1375,flag_bahra,A (aparcado),Río Tala,confirmar_candidato_georef,06770040,true,Río Tala,,,georef/localidades,https://apis.datos.gob.ar/georef/api,alta,BAHRA: el nombre no es localidad censal -> BAHRA es la fuente correcta (P7). id de capa 'localidades' NO es id censal INDEC valido
v3_p22,262,Villa Gessell,Buenos Aires,General Juan Madariaga,1374,flag_variante,A (aparcado),Villa Gesell,confirmar_candidato_georef,06868020,,Villa Gesell,,,georef/,https://apis.datos.gob.ar/georef/api,media (nombre difiere),variante de nombre en el depto correcto
v5_p04,98,Libertador,Corrientes,Esquina,1360,flag_variante,A (aparcado),Pueblo Libertador,confirmar_candidato_georef,18049020,,Pueblo Libertador,,,georef/,https://apis.datos.gob.ar/georef/api,media (nombre difiere),variante de nombre en el depto correcto
v5_p07,99,Strobel,Entre Ríos,Diamante,1358,flag_bahra,A (aparcado),Strobel,confirmar_candidato_georef,3002108002,true,Strobel,,,georef/localidades,https://apis.datos.gob.ar/georef/api,alta,BAHRA: el nombre no es localidad censal -> BAHRA es la fuente correcta (P7). id de capa 'localidades' NO es id censal INDEC valido
v7_p11,108,Villa Dolores,Catamarca,Valle Viejo,1355,flag_bahra,A (aparcado),Villa Dolores,confirmar_candidato_georef,1011204007,true,Villa Dolores,,,georef/localidades,https://apis.datos.gob.ar/georef/api,alta,BAHRA: el nombre no es localidad censal -> BAHRA es la fuente correcta (P7). id de capa 'localidades' NO es id censal INDEC valido
v3_p15,266,Mariano M. Alfonso,Buenos Aires,Pergamino,1353,flag_sin_match,C5-rename,Mariano H. Alfonzo,rename,,,,-33.883,-60.833,Wikipedia,https://en.wikipedia.org/wiki/Mariano_H._Alfonzo,verde (guard: coord en depto esperado),[guard=verde; punto en Pergamino] Estación/localidad del partido Pergamino; estación renombrada Mariano H. Alfonzo en 1945
v9_1_2_p01,51,Alejandro Stefanelli,Río Negro,General Roca,1346,flag_sin_match,C5-rename,Padre Alejandro Stefenelli,rename,,,,-39.0345,-67.5388,OpenStreetMap Nominatim,https://nominatim.openstreetmap.org/search?q=Padre+Alejandro+Stefenelli+General+Roca+Rio+Negro&format=json,verde (guard: coord en depto esperado),"[guard=verde; punto en General Roca] Localidad/estación al este de la ciudad de General Roca, depto General Roca"
v4_p12,317,Médanos de las Cañas,Córdoba,Unión,1337,flag_sin_match,C5-sin_coordenada,,sin_coordenada,,,,,,,,,[C5 web] No localizado con confianza en depto Union (Cordoba); sin registro en Georef ni OSM/Nominatim; no se arriesga coordenada
v5_p08,102,Wanda,Misiones,Iguazú,1331,flag_variante,A (aparcado),Colonia Wanda,confirmar_candidato_georef,54063040,,Colonia Wanda,,,georef/,https://apis.datos.gob.ar/georef/api,media (nombre difiere),variante de nombre en el depto correcto
v4_p15,321,San Bartolomé,Córdoba,San Justo,1324,flag_depto,B,,transferencia_vs_homonimo,,,,,,georef+centroides,https://apis.datos.gob.ar/georef/api/departamentos,media,dist_km=297 -> homonimo probable (lejano). candidatos: San Bartolome/Río Cuarto [14098245]
v3_p01,271,Algarrobo,Buenos Aires,Villarino,1317,flag_variante_bahra,E-bahra-fuzzy,Chosoico Algarrobo,confirmar_o_rechazar_candidato,,,,,,georef/asentamientos,https://apis.datos.gob.ar/georef/api,BAJA (fuzzy en capa BAHRA: puede no ser el mismo lugar),antes era sin_match. candidatos: Chosoico Algarrobo/Villarino [06875A05]; El Algarrobo/Villarino [06875A13]
v7_p11,113,Villa Bustos,La Rioja,Sanagasta,1314,flag_sin_match,C5-rename,Villa Sanagasta,rename,,,,-29.267,-67.017,Wikipedia (Villa Sanagasta),https://es.wikipedia.org/wiki/Villa_Sanagasta,verde (guard: coord en depto esperado),"[guard=verde; punto en Sanagasta] Villa Sanagasta, anteriormente conocida como Villa Bustos; cabecera del depto Sanagasta."
v7_p09,114,San Antonio,Catamarca,Fray Mamerto Esquiú,1312,flag_depto,B,,transferencia_vs_homonimo,,,,,,georef+centroides,https://apis.datos.gob.ar/georef/api/departamentos,media,dist_km=129 -> zona gris. candidatos: San Antonio/La Paz [10070150]; San Antonio/Paclín [10077100]
v3_p04,272,Carlos N. Naón,Buenos Aires,9 de Julio,1310,flag_sin_match,C5-rename,Carlos María Naón,rename,,,,-35.24,-60.8253,Wikipedia (Estación Carlos María Naón),https://es.wikipedia.org/wiki/Estaci%C3%B3n_Carlos_Mar%C3%ADa_Na%C3%B3n,verde (guard: coord en depto esperado),[guard=verde; punto en 9 de Julio] Localidad/estación en partido 9 de Julio.
v7_p03,116,Donato Alvarez,Tucumán,Río Chico,1304,flag_bahra,A (aparcado),Donato Álvarez,confirmar_candidato_georef,90042A02,,Donato Álvarez,,,georef/asentamientos,https://apis.datos.gob.ar/georef/api,alta,BAHRA: el nombre no es localidad censal -> fuente correcta (P7)
v6_p07,89,Zanjón,Santiago del Estero,Capital,1300,flag_variante,A (aparcado),Villa Zanjón,confirmar_candidato_georef,86049030,,Villa Zanjón,,,georef/,https://apis.datos.gob.ar/georef/api,media (nombre difiere),variante de nombre en el depto correcto
v7_p05,119,La Fronterita,Tucumán,Famaillá,1283,flag_variante,A (aparcado),Ingenio Fronterita,confirmar_candidato_georef,90028040,,Ingenio Fronterita,,,georef/,https://apis.datos.gob.ar/georef/api,media (nombre difiere),variante de nombre en el depto correcto
v8_p01,92,Algarrobo Verde,San Juan,Veinticinco de Mayo,1279,flag_bahra,A (aparcado),Algarrobo Verde,confirmar_candidato_georef,70126A00,,Algarrobo Verde,,,georef/asentamientos,https://apis.datos.gob.ar/georef/api,alta,BAHRA: el nombre no es localidad censal -> fuente correcta (P7)
v9_1_2_p04,54,Playa Bonita,Río Negro,Bariloche,1249,flag_sin_match,C5-manual_coord,Playa Bonita (Bariloche),manual_coord,,,,-41.1235,-71.4008,osm,https://nominatim.openstreetmap.org/search?q=Playa%20Bonita%2C%20Bariloche,verde (guard: coord en depto esperado),"[guard=verde; punto en Bariloche] Barrio/paraje sobre Av. Bustillo (km 8), costa del lago Nahuel Huapi, depto/municipio San Carlos de Bariloche. Coincide "
v3_p04,282,Carabelas,Buenos Aires,Rojas,1239,flag_variante,A (aparcado),Las Carabelas,confirmar_candidato_georef,06686020,,Las Carabelas,,,georef/,https://apis.datos.gob.ar/georef/api,media (nombre difiere),variante de nombre en el depto correcto
v3_p13,284,Las Chacras,Buenos Aires,Lobos,1229,flag_bahra,A (aparcado),Las Chacras,confirmar_candidato_georef,06483A13,,Las Chacras,,,georef/asentamientos,https://apis.datos.gob.ar/georef/api,alta,BAHRA: el nombre no es localidad censal -> fuente correcta (P7)
v8_p04,97,Rodolfo Iselin (La Llave),Mendoza,San Rafael,1228,flag_sin_match,C5-manual_coord,La Llave (Rodolfo Iselín),manual_coord,,,,-34.6399,-67.9780,gazetteer,https://provinciademendoza.ar/MENU=Municipios&NMUN=San%20Rafael&INFO=Localidad&NLOC=Rodolfo%20Isel%C3%ADn,verde (guard: coord en depto esperado),"[guard=verde; punto en San Rafael] Distrito La Llave, depto San Rafael; nombre oficial Rodolfo Iselín (1953). Coord del sitio oficial de la Provincia de Me"
v3_p05,288,Coronel Mom,Buenos Aires,Alberti,1201,flag_sin_match,C5-rename,Villa Ortiz (Estación Coronel Mom),rename,,,,-34.8414,-60.3061,Wikipedia,https://es.wikipedia.org/wiki/Estaci%C3%B3n_Coronel_Mom,verde (guard: coord en depto esperado),"[guard=verde; punto en Alberti] Localidad Villa Ortiz, conocida por su estación Coronel Mom (FC Sarmiento), partido de Alberti."
v5_p08,111,Villa Piedras Blancas,Entre Ríos,La Paz,1196,flag_sin_match,C-generador,Piedras Blancas,confirmar_candidato_georef,30070050,,Piedras Blancas,-31.1850501541661,-59.9499597211808,georef/localidades-censales,https://apis.datos.gob.ar/georef/api,alta (match exacto en depto del conjunto),candidato probado: 'Piedras Blancas' [prefijo: se quita 'Villa']
v3_p16,290,Otamendi,Buenos Aires,Campana,1190,flag_sin_match,C5-rename,Ingeniero Otamendi,rename,,,,-34.2342,-58.8642,dices.net,https://www.dices.net/mapas/argentina/mapa.php?nombre=Otamendi&id=42326,verde (guard: coord en depto esperado),"[guard=verde; punto en Campana] En partido Campana; NO es Comandante Nicanor Otamendi (Gral Alvarado), homónimo lejano de la pista"
v5_p06,112,Puerto Panambí,Misiones,Oberá,1190,flag_sin_match,C-generador,Panambí,confirmar_candidato_georef,54091090,,Panambí,-27.7220950975831,-54.9146417031445,georef/localidades-censales,https://apis.datos.gob.ar/georef/api,alta (match exacto en depto del conjunto),candidato probado: 'Panambí' [prefijo: se quita 'Puerto']
v4_p08,358,J. B. Molina,Santa Fe,Constitución,1189,flag_sin_match,C5-rename,Juan Bernabé Molina,rename,,,,-33.4936,-60.5092,Wikipedia,https://es.wikipedia.org/wiki/Juan_Bernab%C3%A9_Molina,verde (guard: coord en depto esperado),[guard=verde; punto en Constitución] Localidad del depto Constitución surgida en torno a la estación J. B. Molina (FC Belgrano)
v9_1_2_p04,57,Santa Cruz,Santa Cruz,Corpen Aike,1178,flag_variante,A (aparcado),Puerto Santa Cruz,confirmar_candidato_georef,78007020,,Puerto Santa Cruz,,,georef/,https://apis.datos.gob.ar/georef/api,media (nombre difiere),variante de nombre en el depto correcto
v7_p07,125,Monte Rico,Jujuy,El Carmen,1177,flag_sin_match,C5-rename,Monterrico,rename,,,,-24.4428,-65.1661,Wikipedia,https://en.wikipedia.org/wiki/Monterrico,verde (guard: coord en depto esperado),"[guard=verde; punto en El Carmen] Monte Rico = Monterrico, municipio del depto El Carmen, Jujuy"
v3_p15,292,Moll,Buenos Aires,Navarro,1175,flag_variante,A (aparcado),Villa Moll,confirmar_candidato_georef,06574040,,Villa Moll,,,georef/,https://apis.datos.gob.ar/georef/api,media (nombre difiere),variante de nombre en el depto correcto
v4_p06,365,Dalmacio Vélez Sarsfield,Córdoba,Tercero Arriba,1175,flag_sin_match,C5-manual_coord,Dalmacio Vélez (Sársfield),manual_coord,,,,-32.6100,-63.5769,Wikipedia (Dalmacio Vélez Sarsfield),https://es.wikipedia.org/wiki/Dalmacio_V%C3%A9lez_Sarsfield_(C%C3%B3rdoba),verde (guard: coord en depto esperado),[guard=verde; punto en Tercero Arriba] Mismo lugar; depto Tercero Arriba. Coord 32°36'36''S 63°34'37''O.
v4_p12,367,Miramar,Córdoba,San Justo,1175,flag_bahra,A (aparcado),Miramar,confirmar_candidato_georef,14140290,true,Miramar,,,georef/localidades,https://apis.datos.gob.ar/georef/api,alta,BAHRA: el nombre no es localidad censal -> BAHRA es la fuente correcta (P7). id de capa 'localidades' NO es id censal INDEC valido
v3_p12,294,La Barrancosa,Buenos Aires,Saladillo,1174,flag_bahra,A (aparcado),La Barrancosa,confirmar_candidato_georef,06707A13,,La Barrancosa,,,georef/asentamientos,https://apis.datos.gob.ar/georef/api,alta,BAHRA: el nombre no es localidad censal -> fuente correcta (P7)
v7_p06,127,Leales,Tucumán,Leales,1168,flag_variante,D,,desambiguar,,,,,,georef,,baja,>1 candidato: Santa Rosa de Leales/Leales [90056070]; Villa Fiad - Ingenio Leales/Leales [90056080]; Villa de Leales/Leales [90056090]
v5_p02,114,Dos de Mayo,Misiones,Lib. Gral. San Martín,1165,flag_depto,B,,transferencia_vs_homonimo,,,,,,georef+centroides,https://apis.datos.gob.ar/georef/api/departamentos,media,dist_km=31 -> transferencia de limite plausible (adyacente). candidatos: Dos de Mayo/Cainguás [54014030]
v8_p03,102,Médano de Oro,San Juan,Rawson,1163,flag_variante,A (aparcado),Villa Bolaños (Médano de Oro),confirmar_candidato_georef,70077020,,Villa Bolaños (Médano de Oro),,,georef/,https://apis.datos.gob.ar/georef/api,media (nombre difiere),variante de nombre en el depto correcto
v3_p02,296,Banderaló,Buenos Aires,General Villegas,1161,flag_bahra,A (aparcado),Banderaló,confirmar_candidato_georef,06392010,true,Banderaló,,,georef/localidades,https://apis.datos.gob.ar/georef/api,alta,BAHRA: el nombre no es localidad censal -> BAHRA es la fuente correcta (P7). id de capa 'localidades' NO es id censal INDEC valido
v5_p06,115,Puerto Gisela,Misiones,San Ignacio,1161,flag_sin_match,C5-manual_coord,Colonia Gisela (Municipio General Urquiza),manual_coord,,,,-27.1079,-55.3767,Wikipedia (General Urquiza),https://es.wikipedia.org/wiki/General_Urquiza_(Misiones),verde (guard: coord en depto esperado),[guard=verde; punto en San Ignacio] Antiguo puerto/colonia sobre el río Paraná dentro del municipio de General Urquiza (depto San Ignacio). Coordenada = cen
v9_1_2_p02,58,Coronel Gómez,Río Negro,General Roca,1161,flag_sin_match,C5-rename,Coronel Juan José Gómez,rename,,,,-39.0194,-67.6364,wikipedia,https://es.wikipedia.org/wiki/Coronel_Juan_Jos%C3%A9_G%C3%B3mez_(R%C3%ADo_Negro),verde (guard: coord en depto esperado),"[guard=verde; punto en General Roca] Coronel Gomez = Coronel Juan Jose Gomez, hoy barrio oeste de General Roca, depto General Roca, Rio Negro. Fue localidad "
v4_p18,369,Tío Pujio,Córdoba,General San Martín,1159,flag_bahra,A (aparcado),Tío Pujio,confirmar_candidato_georef,14042150,true,Tío Pujio,,,georef/localidades,https://apis.datos.gob.ar/georef/api,alta,BAHRA: el nombre no es localidad censal -> BAHRA es la fuente correcta (P7). id de capa 'localidades' NO es id censal INDEC valido
v3_p06,297,Domselaar,Buenos Aires,San Vicente,1155,flag_bahra,A (aparcado),Domselaar,confirmar_candidato_georef,0677802003,true,Domselaar,,,georef/localidades,https://apis.datos.gob.ar/georef/api,alta,BAHRA: el nombre no es localidad censal -> BAHRA es la fuente correcta (P7). id de capa 'localidades' NO es id censal INDEC valido
v7_p10,128,Santa Rosa,Catamarca,Valle Viejo,1149,flag_bahra,A (aparcado),Santa Rosa,confirmar_candidato_georef,1011204005,true,Santa Rosa,,,georef/localidades,https://apis.datos.gob.ar/georef/api,alta,BAHRA: el nombre no es localidad censal -> BAHRA es la fuente correcta (P7). id de capa 'localidades' NO es id censal INDEC valido
v5_p03,117,Gobernador Racedo,Entre Ríos,Paraná,1147,flag_depto,B,,transferencia_vs_homonimo,,,,,,georef+centroides,https://apis.datos.gob.ar/georef/api/departamentos,media,dist_km=75 -> zona gris. candidatos: Gobernador Racedo/Diamante [30021110]
v8_p04,105,Rinconada,San Juan,Pocito,1143,flag_variante,A (aparcado),Villa Aberastain - La Rinconada,confirmar_candidato_georef,70070040,,Villa Aberastain - La Rinconada,,,georef/,https://apis.datos.gob.ar/georef/api,media (nombre difiere),variante de nombre en el depto correcto
v7_p11,129,Trancas,Tucumán,Trancas,1135,flag_variante,A (aparcado),Villa de Trancas,confirmar_candidato_georef,90112030,,Villa de Trancas,,,georef/,https://apis.datos.gob.ar/georef/api,media (nombre difiere),variante de nombre en el depto correcto
v7_p07,132,Medinas,Tucumán,Chicligasta,1110,flag_variante,A (aparcado),Medina,confirmar_candidato_georef,90021080,,Medina,,,georef/,https://apis.datos.gob.ar/georef/api,media (nombre difiere),variante de nombre en el depto correcto
v9_1_2_p01,62,Alto Río Senguerr,Chubut,Río Senguer,1110,flag_variante,A (aparcado),Alto Río Senguer,confirmar_candidato_georef,26084030,,Alto Río Senguer,,,georef/,https://apis.datos.gob.ar/georef/api,media (nombre difiere),variante de nombre en el depto correcto
v7_p10,136,Tala,Salta,Candelaria,1099,flag_variante,A (aparcado),El Tala,confirmar_candidato_georef,66084020,,El Tala,,,georef/,https://apis.datos.gob.ar/georef/api,media (nombre difiere),variante de nombre en el depto correcto
v7_p11,138,Villa Nva. de Monte Rico,Tucumán,Chicligasta,1092,flag_sin_match,C5-manual_coord,Monte Rico,manual_coord,,,,-27.3835,-65.6272,osm,"https://nominatim.openstreetmap.org/search?q=Monte+Rico,+Chicligasta,+Tucuman,+Argentina",verde (guard: coord en depto esperado),"[guard=verde; punto en Chicligasta] Aldea Monte Rico en depto Chicligasta, cerca de Concepción."
v4_p01,381,Albarrellos,Santa Fe,Rosario,1090,flag_variante,A (aparcado),Albarellos,confirmar_candidato_georef,82084020,,Albarellos,,,georef/,https://apis.datos.gob.ar/georef/api,media (nombre difiere),variante de nombre en el depto correcto
v8_p02,109,Divisoria,San Juan,Veinticinco de Mayo,1090,flag_depto,B,,transferencia_vs_homonimo,,,,,,georef+centroides,https://apis.datos.gob.ar/georef/api/departamentos,media,dist_km=60 -> zona gris. candidatos: Divisoria/Caucete [70035025]
v4_p14,382,Pueblo Britos,Santa Fe,Rosario,1085,flag_sin_match,C5-sin_coordenada,,sin_coordenada,,,,,,,,,"[C5 web] No se localizó 'Pueblo Britos' en depto Rosario (Santa Fe) en Wikipedia, Nominatim ni gacetero. Sin coordenada confiable."
v6_p06,99,San Ramón,Santiago del Estero,Banda,1082,flag_variante,A (aparcado),San Ramón - La Dársena,confirmar_candidato_georef,86035100,,San Ramón - La Dársena,,,georef/,https://apis.datos.gob.ar/georef/api,media (nombre difiere),variante de nombre en el depto correcto
v5_p03,122,Gobernador Gral. López,Misiones,Leandro N. Alem,1080,flag_sin_match,C5-rename,Gobernador López,rename,,,,-27.6663,-55.2135,Wikipedia,https://es.wikipedia.org/wiki/Gobernador_L%C3%B3pez_(Misiones),verde (guard: coord en depto esperado),"[guard=verde; punto en Leandro N. Alem] Municipio del depto Leandro N. Alem, Misiones"
v5_p03,124,Fábrica Colón,Entre Ríos,Colón,1067,flag_sin_match,C5-rename,Pueblo Liebig (ex Fábrica Colón),rename,,,,-32.1531,-58.1911,Wikipedia,https://es.wikipedia.org/wiki/Pueblo_Liebig,verde (guard: coord en depto esperado),"[guard=verde; punto en Colón] Pueblo nacido alrededor del frigorífico Fábrica Colón (Liebig's), depto Colón"
v7_p09,140,San José de Fray Mamerto Esquiú,Catamarca,Fray Mamerto Esquiú,1053,flag_sin_match,C5-rename,San José de Piedra Blanca,rename,,,,-28.3667,-65.7000,Wikipedia,https://es.wikipedia.org/wiki/San_Jos%C3%A9_de_Piedra_Blanca,verde (guard: coord en depto esperado),"[guard=verde; punto en Fray Mamerto Esquiú] San Jose (de Piedra Blanca), cabecera del depto Fray Mamerto Esquiu, Catamarca"
v4_p02,390,Bajo Chico,Córdoba,Santa María,1051,flag_bahra,A (aparcado),Bajo Chico,confirmar_candidato_georef,14147A01,,Bajo Chico,,,georef/asentamientos,https://apis.datos.gob.ar/georef/api,alta,BAHRA: el nombre no es localidad censal -> fuente correcta (P7)
v3_p16,316,Mosconi,Buenos Aires,25 de Mayo,1050,flag_variante,A (aparcado),Agustí­n Mosconi,confirmar_candidato_georef,06854010,,Agustí­n Mosconi,,,georef/,https://apis.datos.gob.ar/georef/api,media (nombre difiere),variante de nombre en el depto correcto
v7_p01,141,Anguinán,La Rioja,Chilecito,1017,flag_bahra,A (aparcado),Anguinán,confirmar_candidato_georef,4604201001,true,Anguinán,,,georef/localidades,https://apis.datos.gob.ar/georef/api,alta,BAHRA: el nombre no es localidad censal -> BAHRA es la fuente correcta (P7). id de capa 'localidades' NO es id censal INDEC valido
v3_p05,323,Cortines,Buenos Aires,Luján,1012,flag_bahra,A (aparcado),Cortines,confirmar_candidato_georef,0649706002,true,Cortines,,,georef/localidades,https://apis.datos.gob.ar/georef/api,alta,BAHRA: el nombre no es localidad censal -> BAHRA es la fuente correcta (P7). id de capa 'localidades' NO es id censal INDEC valido
v4_p04,400,Clucellas,Santa Fe,Castellanos,1011,flag_variante,D,,desambiguar,,,,,,georef,,baja,>1 candidato: Estación Clucellas/Castellanos [82021160]; Plaza Clucellas/Castellanos [82021270]
v4_p17,402,Sebastián el Cano,Córdoba,Río Seco,1010,flag_sin_match,C5-rename,Sebastián Elcano,rename,,,,-30.1611,-63.5897,Wikipedia (Sebastián Elcano),https://es.wikipedia.org/wiki/Sebasti%C3%A1n_Elcano_(C%C3%B3rdoba),verde (guard: coord en depto esperado),[guard=verde; punto en Río Seco] Grafía moderna Sebastián Elcano; depto Río Seco. Coord 30°09'40''S 63°35'23''O.
v7_p10,143,Santa Rosa,Catamarca,Tinogasta,1006,flag_sin_match,C5-manual_coord,Santa Rosa (Tinogasta),manual_coord,,,,-28.033,-67.617,Wikipedia (Santa Rosa Tinogasta),https://es.wikipedia.org/wiki/Santa_Rosa_(Tinogasta),verde (guard: coord en depto esperado),"[guard=verde; punto en Tinogasta] Comuna a 5 km al norte de Tinogasta, depto Tinogasta."
v3_p19,324,Ruiz,Buenos Aires,San Andrés de Giles,1004,flag_variante,A (aparcado),Villa Ruiz,confirmar_candidato_georef,06728070,,Villa Ruiz,,,georef/,https://apis.datos.gob.ar/georef/api,media (nombre difiere),variante de nombre en el depto correcto
v3_p10,326,Grumbein,Buenos Aires,Bahía Blanca,1003,flag_variante_bahra,E-bahra-fuzzy,Grünbein,confirmar_o_rechazar_candidato,,true,,,,georef/localidades,https://apis.datos.gob.ar/georef/api,BAJA (fuzzy en capa BAHRA: puede no ser el mismo lugar),antes era sin_match. candidatos: Grünbein/Bahía Blanca [0605601002]
v4_p05,406,Cosme,Córdoba,Santa María,998,flag_variante_bahra,E-bahra-fuzzy,Cosme Norte,confirmar_o_rechazar_candidato,,,,,,georef/asentamientos,https://apis.datos.gob.ar/georef/api,BAJA (fuzzy en capa BAHRA: puede no ser el mismo lugar),antes era sin_match. candidatos: Cosme Norte/Santa María [14147A09]; Cosme Sur/Santa María [14147A10]
v7_p01,146,Agua Dulce,Tucumán,Leales,984,flag_bahra,A (aparcado),Agua Dulce,confirmar_candidato_georef,90056A01,,Agua Dulce,,,georef/asentamientos,https://apis.datos.gob.ar/georef/api,alta,BAHRA: el nombre no es localidad censal -> fuente correcta (P7)
v4_p03,413,Canteras el Sauce,Córdoba,Colón,975,flag_bahra,A (aparcado),Canteras El Sauce,confirmar_candidato_georef,14021030,,Canteras El Sauce,,,georef/asentamientos,https://apis.datos.gob.ar/georef/api,alta,BAHRA: el nombre no es localidad censal -> fuente correcta (P7)
v4_p07,419,Golondrina,Santa Fe,General Obligado,966,flag_depto,B,,transferencia_vs_homonimo,,,,,,georef+centroides,https://apis.datos.gob.ar/georef/api/departamentos,media,dist_km=93 -> zona gris. candidatos: Golondrina/Vera [82133060]
v3_p03,339,Camet,Buenos Aires,General Pueyrredón,956,flag_bahra,A (aparcado),Camet,confirmar_candidato_georef,0635711001,true,Camet,,,georef/localidades,https://apis.datos.gob.ar/georef/api,alta,BAHRA: el nombre no es localidad censal -> BAHRA es la fuente correcta (P7). id de capa 'localidades' NO es id censal INDEC valido
v5_p08,132,Villa Zorraquín,Entre Ríos,Concordia,952,flag_bahra,A (aparcado),Villa Zorraquín,confirmar_candidato_georef,3001506007,true,Villa Zorraquín,,,georef/localidades,https://apis.datos.gob.ar/georef/api,alta,BAHRA: el nombre no es localidad censal -> BAHRA es la fuente correcta (P7). id de capa 'localidades' NO es id censal INDEC valido
v4_p04,425,Colonia la Tordilla,Córdoba,San Justo,950,flag_sin_match,C-generador,La Tordilla,confirmar_candidato_georef,14140250,,La Tordilla,-31.236549587976,-63.0610632727038,georef/localidades-censales,https://apis.datos.gob.ar/georef/api,alta (match exacto en depto del conjunto),candidato probado: 'la Tordilla' [prefijo: se quita 'Colonia']
v5_p07,134,Veinticinco de Mayo,Misiones,25 de Mayo,935,flag_sin_match,C-generador,25 de Mayo,confirmar_candidato_georef,54119060,,25 de Mayo,-27.3814747084572,-54.7453078816329,georef/localidades-censales,https://apis.datos.gob.ar/georef/api,alta (match exacto en depto del conjunto),candidato probado: '25 de Mayo' [numero-palabra -> digito: Veinticinco->25]
v5_p01,136,Aranguren,Entre Ríos,Victoria,932,flag_sin_match,C5-rename,Villa Aranguren,rename,,,,-32.2500,-60.1667,wikipedia,https://es.wikipedia.org/wiki/Villa_Aranguren,REVISAR (rojo),"[guard=rojo; punto en Nogoyá] Aranguren = Villa Aranguren. Wikipedia la ubica en depto Nogoya (limitrofe con Victoria, depto_1960); coincide con pista"
v7_p02,151,Cevil Pozo,Tucumán,Cruz Alta,930,flag_sin_match,C5-manual_coord,Cevil Pozo,manual_coord,,,,-26.8553,-65.1256,wikipedia,https://es.wikipedia.org/wiki/Estaci%C3%B3n_Cevil_Pozo,verde (guard: coord en depto esperado),"[guard=verde; punto en Cruz Alta] Estación/localidad en Banda del Río Salí, depto Cruz Alta (Tucumán). Coord 26°51'19\\""S 65°07'32\""\""W."""
v7_p05,152,Huaco,Catamarca,Andalgalá,929,flag_sin_match,C5-manual_coord,Huaco,manual_coord,,,,-27.6088,-66.3330,Wikipedia,https://es.wikipedia.org/wiki/Huaco_(Catamarca),verde (guard: coord en depto esperado),"[guard=verde; punto en Andalgalá] Localidad ~5 km al sur de Andalgalá; sede de la ex Estación Huaco (FC Belgrano), depto Andalgalá."
v5_p05,139,Nueve de Julio,Misiones,Eldorado,920,flag_sin_match,C5-rename,9 de Julio,rename,,,,-26.4301,-54.466,Wikipedia,https://es.wikipedia.org/wiki/9_de_Julio_(Misiones),verde (guard: coord en depto esperado),"[guard=verde; punto en Eldorado] Localidad del depto Eldorado, Misiones"
v7_p03,153,Cnel. Juan Solá Morillo,Salta,Rivadavia,920,flag_sin_match,C5-rename,Coronel Juan Solá (Estación Morillo),rename,,,,-23.4667,-62.8833,Wikipedia,https://es.wikipedia.org/wiki/Coronel_Juan_Sol%C3%A1,verde (guard: coord en depto esperado),"[guard=verde; punto en Rivadavia] Cabecera de Rivadavia Banda Norte; conocida como Morillo por su estación, depto Rivadavia"
v3_p22,349,Villars,Buenos Aires,Marcos Paz,915,flag_depto,B,,transferencia_vs_homonimo,,,,,,georef+centroides,https://apis.datos.gob.ar/georef/api/departamentos,media,dist_km=17 -> transferencia de limite plausible (adyacente). candidatos: Villars/General Las Heras [06329040]
v5_p08,142,Yuquerí,Entre Ríos,Concordia,914,flag_variante,D,,desambiguar,,,,,,georef,,baja,>1 candidato: Barrio Yuquerí Chico/Concordia [30015007]; Estacion Yuquerí/Concordia [30015083]
v5_p02,143,Desvío Parada Pucheta,Corrientes,Paso de los Libres,912,flag_sin_match,C-generador,Parada Pucheta,confirmar_candidato_georef,18119020,,Parada Pucheta,-29.9060483262042,-57.5742039571964,georef/localidades-censales,https://apis.datos.gob.ar/georef/api,alta (match exacto en depto del conjunto),candidato probado: 'Parada Pucheta' [prefijo: se quita 'Desvío']
v7_p07,155,Manantial,Tucumán,Tafí,911,flag_sin_match,C5-manual_coord,El Manantial,manual_coord,,,,-26.8442,-65.2900,Wikipedia,https://es.wikipedia.org/wiki/El_Manantial_(Tucum%C3%A1n),REVISAR (rojo),"[guard=rojo; punto en Lules] El Manantial, hoy en depto Lules (surgido del antiguo depto Tafi), conurbado y lindante con Yerba Buena (depto moderno l"
v3_p06,353,Curumalán,Buenos Aires,Coronel Suárez,896,flag_variante,A (aparcado),Curamalal,confirmar_candidato_georef,06203030,,Curamalal,,,georef/,https://apis.datos.gob.ar/georef/api,media (nombre difiere),variante de nombre en el depto correcto
v4_p19,441,Villa Las Rosas,Córdoba,San Javier,896,flag_variante,A (aparcado),Villa de las Rosas,confirmar_candidato_georef,14133190,,Villa de las Rosas,,,georef/,https://apis.datos.gob.ar/georef/api,media (nombre difiere),variante de nombre en el depto correcto
v5_p02,145,Colonia Caseros,Entre Ríos,Uruguay,885,flag_sin_match,C-generador,Caseros,confirmar_candidato_georef,30098020,,Caseros,-32.4621264573722,-58.479409722348,georef/localidades-censales,https://apis.datos.gob.ar/georef/api,alta (match exacto en depto del conjunto),candidato probado: 'Caseros' [prefijo: se quita 'Colonia']
v5_p05,146,Malvinas,Corrientes,Esquina,872,flag_variante_bahra,E-bahra-fuzzy,Malvinas Centro,confirmar_o_rechazar_candidato,,,,,,georef/asentamientos,https://apis.datos.gob.ar/georef/api,BAJA (fuzzy en capa BAHRA: puede no ser el mismo lugar),antes era sin_match. candidatos: Malvinas Centro/Esquina [18049A23]; Malvinas Norte/Esquina [18049A24]; Malvinas 
v4_p12,447,Mariano Saavedra,Santa Fe,Las Colonias,871,flag_sin_match,C5-rename,San Mariano (Estación Mariano Saavedra),rename,,,,-31.6684,-61.3475,Wikipedia (San Mariano),https://es.wikipedia.org/wiki/San_Mariano_(Santa_Fe),verde (guard: coord en depto esperado),[guard=verde; punto en Las Colonias] La estación Mariano Saavedra está en la localidad de San Mariano; depto Las Colonias.
v4_p02,450,Ascochingas,Santa Fe,La Capital,864,flag_sin_match,C5-rename,Ascochinga (paraje distrito Monte Vera),rename,,,,-31.4833,-60.6333,dices.net,https://www.dices.net/mapas/argentina/mapa.php?nombre=Desvio-Ascochinga&id=25412,verde (guard: coord en depto esperado),"[guard=verde; punto en La Capital] Paraje/desvío Ascochinga en el distrito Monte Vera, depto La Capital."
v8_p02,118,La Cañada,San Juan,Albardón,858,flag_sin_match,C5-rename,La Cañada,rename,,,,-31.4446,-68.4759,osm,https://nominatim.openstreetmap.org/search?q=La%20Ca%C3%B1ada%2C%20Albard%C3%B3n%2C%20San%20Juan,verde (guard: coord en depto esperado),"[guard=verde; punto en Albardón] La Cañada, localidad del depto Albardon, San Juan. Coincide depto."
v4_p19,451,Villa Quilino,Córdoba,Ischilín,857,flag_bahra,A (aparcado),Villa Quilino,confirmar_candidato_georef,14049130,,Villa Quilino,,,georef/asentamientos,https://apis.datos.gob.ar/georef/api,alta,BAHRA: el nombre no es localidad censal -> fuente correcta (P7)
v3_p22,364,Villa Sauce,Buenos Aires,General Villegas,853,flag_variante,A (aparcado),Villa Sauze,confirmar_candidato_georef,06392120,,Villa Sauze,,,georef/,https://apis.datos.gob.ar/georef/api,media (nombre difiere),variante de nombre en el depto correcto
v5_p02,148,Don Cristóbal,Entre Ríos,Nogoyá,852,flag_bahra,A (aparcado),Don Cristóbal,confirmar_candidato_georef,30077030,true,Don Cristóbal,,,georef/localidades,https://apis.datos.gob.ar/georef/api,alta,BAHRA: el nombre no es localidad censal -> BAHRA es la fuente correcta (P7). id de capa 'localidades' NO es id censal INDEC valido
v4_p07,453,Eusebia,Santa Fe,Castellanos,849,flag_variante,A (aparcado),Eusebia y Carolina,confirmar_candidato_georef,82021180,,Eusebia y Carolina,,,georef/,https://apis.datos.gob.ar/georef/api,media (nombre difiere),variante de nombre en el depto correcto
v5_p08,150,Yataití Calle,Corrientes,Lavalle,845,flag_variante_bahra,E-bahra-fuzzy,Yatayti Calle,confirmar_o_rechazar_candidato,,true,,,,georef/localidades,https://apis.datos.gob.ar/georef/api,BAJA (fuzzy en capa BAHRA: puede no ser el mismo lugar),antes era sin_match. candidatos: Yatayti Calle/Lavalle [18091060]
v7_p07,169,Ntra.Sra. de Talavera,Salta,Anta,827,flag_sin_match,C5-manual_coord,Nuestra Señora de Talavera,manual_coord,,,,-25.4567,-63.7789,wikipedia,https://es.wikipedia.org/wiki/Nuestra_Se%C3%B1ora_de_Talavera_(actual),verde (guard: coord en depto esperado),"[guard=verde; punto en Anta] Pueblo en depto Anta (Salta), municipio El Quebrachal, sobre RN16."
v5_p08,254,Yofré,Corrientes,Mercedes,826,flag_variante,A (aparcado),Felipe Yofré,confirmar_candidato_georef,18105010,,Felipe Yofré,,,georef/,https://apis.datos.gob.ar/georef/api,media (nombre difiere),variante de nombre en el depto correcto
v3_p12,373,La Nueva Plata,Buenos Aires,Pehuajó,825,flag_variante,A (aparcado),Nueva Plata,confirmar_candidato_georef,06609060,,Nueva Plata,,,georef/,https://apis.datos.gob.ar/georef/api,media (nombre difiere),variante de nombre en el depto correcto
v5_p04,155,Lib. Gral. San Martín,Entre Ríos,Diamante,809,flag_sin_match,C5-rename,Libertador San Martín (Puiggari),rename,,,,-32.0730,-60.4644,Wikipedia,https://es.wikipedia.org/wiki/Libertador_San_Mart%C3%ADn,verde (guard: coord en depto esperado),"[guard=verde; punto en Diamante] Ex Aldea Camarero / Puiggari; municipio Libertador San Martín, depto Diamante, Entre Ríos."
v8_p05,120,Villa San Carlos,Mendoza,San Carlos,809,flag_sin_match,C-generador,San Carlos,confirmar_candidato_georef,50091060,,San Carlos,-33.7721604874157,-69.0404291393231,georef/localidades-censales,https://apis.datos.gob.ar/georef/api,alta (match exacto en depto del conjunto),candidato probado: 'San Carlos' [prefijo: se quita 'Villa']
v5_p01,156,Acuña,Corrientes,Monte Caseros,805,flag_variante,A (aparcado),Parada Acuña,confirmar_candidato_georef,18112060,,Parada Acuña,,,georef/,https://apis.datos.gob.ar/georef/api,media (nombre difiere),variante de nombre en el depto correcto
v3_p20,378,San Patricio,Buenos Aires,Chacabuco,803,flag_bahra,A (aparcado),San Patricio,confirmar_candidato_georef,06210A14,,San Patricio,,,georef/asentamientos,https://apis.datos.gob.ar/georef/api,alta,BAHRA: el nombre no es localidad censal -> fuente correcta (P7)
v3_p21,380,Sucre,Buenos Aires,Luján,802,flag_bahra,A (aparcado),Sucre,confirmar_candidato_georef,06497A04,,Sucre,,,georef/asentamientos,https://apis.datos.gob.ar/georef/api,alta,BAHRA: el nombre no es localidad censal -> fuente correcta (P7)
v4_p05,468,Curupaity,Santa Fe,San Cristóbal,799,flag_variante,A (aparcado),Curupaytí,confirmar_candidato_georef,82091110,,Curupaytí,,,georef/,https://apis.datos.gob.ar/georef/api,media (nombre difiere),variante de nombre en el depto correcto
v5_p05,158,Nueve de Julio,Corrientes,San Roque,794,flag_sin_match,C-generador,9 de Julio,confirmar_candidato_georef,18161030,,9 de Julio,-28.8407771600765,-58.8300857171651,georef/localidades,https://apis.datos.gob.ar/georef/api,media (match exacto pero en capa BAHRA),candidato probado: '9 de Julio' [numero-palabra -> digito: Nueve->9 [capa localidades]]
v8_p03,121,Las Cortaderas,San Luis,Chacabuco,794,flag_variante,A (aparcado),Cortaderas,confirmar_candidato_georef,74028020,,Cortaderas,,,georef/,https://apis.datos.gob.ar/georef/api,media (nombre difiere),variante de nombre en el depto correcto
v8_p04,122,Piedra Blanca,San Luis,Junín,790,flag_sin_match,C5-barrio_de,Villa de Merlo (barrio Piedra Blanca),barrio_de,,,,-32.32,-65.014,Mapcarta,https://mapcarta.com/N2579934389,verde (guard: coord en depto esperado),"[guard=verde; punto en Junín] Barrio histórico de Villa de Merlo, depto Junín; coordenada aproximada (~2,5 km al N del centro de Merlo)"
v8_p03,123,Merlo,San Luis,Junín,785,flag_bahra,A (aparcado),Merlo,confirmar_candidato_georef,74049060,true,Merlo,,,georef/localidades,https://apis.datos.gob.ar/georef/api,alta,BAHRA: el nombre no es localidad censal -> BAHRA es la fuente correcta (P7). id de capa 'localidades' NO es id censal INDEC valido
v4_p13,472,Pinoén,Córdoba,General Roca,783,flag_variante,A (aparcado),Pincén,confirmar_candidato_georef,14035090,,Pincén,,,georef/,https://apis.datos.gob.ar/georef/api,media (nombre difiere),variante de nombre en el depto correcto
v3_p09,384,Gándara,Buenos Aires,Chascomús,782,flag_bahra,A (aparcado),Gándara,confirmar_candidato_georef,06218A11,,Gándara,,,georef/asentamientos,https://apis.datos.gob.ar/georef/api,alta,BAHRA: el nombre no es localidad censal -> fuente correcta (P7)
v3_p06,387,Del Viso,Buenos Aires,Pilar,778,flag_bahra,A (aparcado),Del Viso,confirmar_candidato_georef,0663804001,true,Del Viso,,,georef/localidades,https://apis.datos.gob.ar/georef/api,alta,BAHRA: el nombre no es localidad censal -> BAHRA es la fuente correcta (P7). id de capa 'localidades' NO es id censal INDEC valido
v8_p03,126,Nueve de Julio,San Juan,Nueve de Julio,776,flag_sin_match,C-generador,9 de Julio,confirmar_candidato_georef,70063040,,9 de Julio,-31.669750919971,-68.3900416378963,georef/localidades-censales,https://apis.datos.gob.ar/georef/api,alta (match exacto en depto del conjunto),candidato probado: '9 de Julio' [numero-palabra -> digito: Nueve->9]
v4_p02,474,Baver y Sigel,Santa Fe,Castellanos,775,flag_variante,A (aparcado),Bauer y Sigel,confirmar_candidato_georef,82021060,,Bauer y Sigel,,,georef/,https://apis.datos.gob.ar/georef/api,media (nombre difiere),variante de nombre en el depto correcto
v6_p07,122,Villa Escobar Navegación Río Bermejo,Formosa,Laishí,775,flag_sin_match,C5-rename,Villa Escolar,rename,,,,-26.6219,-58.6697,Wikipedia,https://es.wikipedia.org/wiki/Villa_Escolar,verde (guard: coord en depto esperado),[guard=verde; punto en Laishi] Localidad del depto Laishí sobre el río Bermejo; el nombre del censo (Villa Escobar) corresponde a Villa Escolar
v5_p04,160,Irasusta,Entre Ríos,Gualeguaychú,773,flag_variante,A (aparcado),Irazusta,confirmar_candidato_georef,30056080,,Irazusta,,,georef/,https://apis.datos.gob.ar/georef/api,media (nombre difiere),variante de nombre en el depto correcto
v7_p06,176,Loro Huasi,Catamarca,Santa María,772,flag_bahra,A (aparcado),Loro Huasi,confirmar_candidato_georef,10091120,,Loro Huasi,,,georef/asentamientos,https://apis.datos.gob.ar/georef/api,alta,BAHRA: el nombre no es localidad censal -> fuente correcta (P7)
v3_p19,389,Roosvelt,Buenos Aires,Rivadavia,771,flag_variante,A (aparcado),Roosevelt,confirmar_candidato_georef,06679050,,Roosevelt,,,georef/,https://apis.datos.gob.ar/georef/api,media (nombre difiere),variante de nombre en el depto correcto
v4_p07,475,Gobernador Candioti,Santa Fe,La Capital,767,flag_sin_match,C5-manual_coord,Gobernador Candioti,manual_coord,,,,-31.4008,-60.7485,Wikipedia,https://es.wikipedia.org/wiki/Gobernador_Candioti,verde (guard: coord en depto esperado),"[guard=verde; punto en La Capital] Comuna del depto La Capital, Santa Fe, km 495 RN11"
v5_p01,161,Berón de Astrada,Corrientes,Berón de Astrada,765,flag_bahra,A (aparcado),Berón de Astrada,confirmar_candidato_georef,18014010,true,Berón de Astrada,,,georef/localidades,https://apis.datos.gob.ar/georef/api,alta,BAHRA: el nombre no es localidad censal -> BAHRA es la fuente correcta (P7). id de capa 'localidades' NO es id censal INDEC valido
v3_p18,390,Río Colorado,La Pampa,Caleu-Caleu,764,flag_sin_match,C5-rename,La Adela,rename,,,,-38.9854,-64.0907,OSM Nominatim,"https://nominatim.openstreetmap.org/search?q=La+Adela,+Caleu+Caleu,+La+Pampa,+Argentina",verde (guard: coord en depto esperado),"[guard=verde; punto en Caleu Caleu] El poblado del lado La Pampa (ex 'Río Colorado-La Pampa') es la actual La Adela, cabecera de Caleu Caleu; Río Colorado c"
v4_p06,476,Eguzquiza,Santa Fe,Castellanos,763,flag_variante,A (aparcado),Egusquiza,confirmar_candidato_georef,82021140,,Egusquiza,,,georef/,https://apis.datos.gob.ar/georef/api,media (nombre difiere),variante de nombre en el depto correcto
v5_p05,163,Monteagudo,Misiones,Guaraní,761,flag_bahra,A (aparcado),Monteagudo,confirmar_candidato_georef,54056A25,,Monteagudo,,,georef/asentamientos,https://apis.datos.gob.ar/georef/api,alta,BAHRA: el nombre no es localidad censal -> fuente correcta (P7)
v4_p16,478,San Javier,Córdoba,San Javier,759,flag_variante,A (aparcado),San Javier y Yacanto,confirmar_candidato_georef,14133170,,San Javier y Yacanto,,,georef/,https://apis.datos.gob.ar/georef/api,media (nombre difiere),variante de nombre en el depto correcto
v3_p18,393,Rivas,Buenos Aires,Suipacha,757,flag_variante,A (aparcado),General Rivas,confirmar_candidato_georef,06784010,,General Rivas,,,georef/,https://apis.datos.gob.ar/georef/api,media (nombre difiere),variante de nombre en el depto correcto
v4_p03,480,Cap. de la Sgrda. Familia,Córdoba,Río Primero,749,flag_sin_match,C5-rename,Sagrada Familia,rename,,,,-31.2833,-63.4167,Wikipedia (Sagrada Familia Córdoba),https://es.wikipedia.org/wiki/Sagrada_Familia_(C%C3%B3rdoba),verde (guard: coord en depto esperado),"[guard=verde; punto en Río Primero] Comuna Sagrada Familia (ex Capilla de la Sagrada Familia), depto Río Primero."
v4_p19,454,Yoscina,Córdoba,Santa María,745,flag_variante_bahra,E-bahra-fuzzy,Yocsina,confirmar_o_rechazar_candidato,,,,,,georef/asentamientos,https://apis.datos.gob.ar/georef/api,BAJA (fuzzy en capa BAHRA: puede no ser el mismo lugar),antes era sin_match. candidatos: Yocsina/Santa María [14147380]
v6_p05,130,Pozo Grande,Santiago del Estero,Avellaneda,745,flag_sin_match,C5-sin_coordenada,,sin_coordenada,,,,,,,,,"[C5 web] 5 homonimos 'Pozo Grande' en Sgo del Estero (deptos Ojo de Agua, Rio Hondo, Figueroa, Alberdi) pero NINGUNO en depto Avellaneda. No se confi"
v4_p02,485,Bismarck,Córdoba,Unión,741,flag_variante,A (aparcado),Colonia Bismarck,confirmar_candidato_georef,14182110,,Colonia Bismarck,,,georef/,https://apis.datos.gob.ar/georef/api,media (nombre difiere),variante de nombre en el depto correcto
v4_p15,487,Saguier,Santa Fe,Castellanos,741,flag_variante,D,,desambiguar,,,,,,georef,,baja,>1 candidato: Estación Saguier/Castellanos [82021170]; Plaza Saguier/Castellanos [82021280]; Santa Clara de Saguier/Castellanos [82021350]
v7_p04,182,Gobernador Garmendia,Tucumán,Burruyacú,740,flag_sin_match,C5-manual_coord,Gobernador Garmendia,manual_coord,,,,-26.5689,-64.5561,wikipedia,https://en.wikipedia.org/wiki/Gobernador_Garmendia,verde (guard: coord en depto esperado),"[guard=verde; punto en Burruyacú] Localidad de depto Burruyacú (Tucumán), sobre RP336."
v5_p01,164,Calabacillas,Entre Ríos,Concordia,737,flag_variante,A (aparcado),Calabacilla,confirmar_candidato_georef,30015010,,Calabacilla,,,georef/,https://apis.datos.gob.ar/georef/api,media (nombre difiere),variante de nombre en el depto correcto
v4_p10,491,Los Amores,Santa Fe,General Obligado,736,flag_depto,B,,transferencia_vs_homonimo,,,,,,georef+centroides,https://apis.datos.gob.ar/georef/api/departamentos,media,dist_km=93 -> zona gris. candidatos: Los Amores/Vera [82133100]
v6_p05,131,Presidente Irigoyen,Formosa,Formosa,732,flag_variante_bahra,E-bahra-fuzzy,Colonia Presidente Yrigoyen,confirmar_o_rechazar_candidato,,,,,,georef/asentamientos,https://apis.datos.gob.ar/georef/api,BAJA (fuzzy en capa BAHRA: puede no ser el mismo lugar),antes era sin_match. candidatos: Colonia Presidente Yrigoyen/Formosa [34014A04]
v4_p09,492,La Buena Parada,Córdoba,Río Primero,730,flag_sin_match,C5-sin_coordenada,,sin_coordenada,,,,,,,,,"[C5 web] No se halló 'La Buena Parada' en depto Río Primero (Córdoba). El homónimo 'Pueblo Buena Parada' está en depto Pichi Mahuida, Río Negro (leja"
v3_p11,401,Ingeniero Balbín,Buenos Aires,General Pinto,728,flag_variante,A (aparcado),Villa Roth (Est. Ingeniero Balbín),confirmar_candidato_georef,06351060,,Villa Roth (Est. Ingeniero Balbín),,,georef/,https://apis.datos.gob.ar/georef/api,media (nombre difiere),variante de nombre en el depto correcto
v3_p06,402,Defferrari,Buenos Aires,San Cayetano,727,flag_bahra,A (aparcado),Defferrari,confirmar_candidato_georef,06742A02,,Defferrari,,,georef/asentamientos,https://apis.datos.gob.ar/georef/api,alta,BAHRA: el nombre no es localidad censal -> fuente correcta (P7)
v5_p06,167,Puerto Naranjito,Misiones,San Ignacio,726,flag_sin_match,C5-manual_coord,Puerto Naranjito,manual_coord,,,,-26.95,-55.3,dices.net,https://www.dices.net/mapas/argentina/mapa.php?nombre=Puerto-Naranjito&id=10749,REVISAR (sin_depto),"[guard=sin_depto; punto en ] Lugar poblado del depto San Ignacio, Misiones"
v7_p04,183,Estación Masán,La Rioja,Arauco,726,flag_variante,A (aparcado),Estación Mazán,confirmar_candidato_georef,46007040,,Estación Mazán,,,georef/,https://apis.datos.gob.ar/georef/api,media (nombre difiere),variante de nombre en el depto correcto
v7_p09,185,San Rafael,Tucumán,Famaillá,722,flag_sin_match,C5-manual_coord,San Rafael,manual_coord,,,,-26.9667,-65.3833,dices.net,https://www.dices.net/mapas/argentina/mapa.php?nombre=San-Rafael&id=16024,verde (guard: coord en depto esperado),"[guard=verde; punto en Famaillá] Lugar poblado en el área Famaillá/Lules, provincia de Tucumán"
v6_p03,132,Km. 100 Nav. Río Bermejo,Formosa,Laishí,717,flag_sin_match,C5-sin_coordenada,,sin_coordenada,,,,,,,,,[C5 web] Marcador de km 100 de la navegacion del Rio Bermejo en depto Laishi (Formosa); punto fluvial de campamento no identificable con confianza; s
v4_p04,498,Cello,Santa Fe,Castellanos,716,flag_variante,A (aparcado),Colonia Cello,confirmar_candidato_georef,82021100,,Colonia Cello,,,georef/,https://apis.datos.gob.ar/georef/api,media (nombre difiere),variante de nombre en el depto correcto
v7_p07,192,Metán Viejo,Salta,Metán,710,flag_bahra,A (aparcado),Metán Viejo,confirmar_candidato_georef,66112050,,Metán Viejo,,,georef/asentamientos,https://apis.datos.gob.ar/georef/api,alta,BAHRA: el nombre no es localidad censal -> fuente correcta (P7)
v3_p05,410,Colonia 25 de Mayo,La Pampa,Puelén,709,flag_sin_match,C-generador,25 de Mayo,confirmar_candidato_georef,42112020,,25 de Mayo,-37.7700150466245,-67.7180795675134,georef/localidades-censales,https://apis.datos.gob.ar/georef/api,alta (match exacto en depto del conjunto),candidato probado: '25 de Mayo' [prefijo: se quita 'Colonia']
v9_1_2_p03,87,Ministro Ramos Mejía,Río Negro,9 de Julio,708,flag_variante,A (aparcado),Ministro Ramos Mexía,confirmar_candidato_georef,62049030,,Ministro Ramos Mexía,,,georef/,https://apis.datos.gob.ar/georef/api,media (nombre difiere),variante de nombre en el depto correcto
v9_1_2_p01,88,Colonia Catriel,Río Negro,General Roca,707,flag_sin_match,C-generador,Catriel,confirmar_candidato_georef,62042360,,Catriel,-37.8815288625891,-67.7945569701758,georef/localidades-censales,https://apis.datos.gob.ar/georef/api,alta (match exacto en depto del conjunto),candidato probado: 'Catriel' [prefijo: se quita 'Colonia']
v3_p08,414,Fournier,Buenos Aires,9 de Julio,704,flag_variante_bahra,E-bahra-fuzzy,Villa Fournier,confirmar_o_rechazar_candidato,,true,,,,georef/localidades,https://apis.datos.gob.ar/georef/api,BAJA (fuzzy en capa BAHRA: puede no ser el mismo lugar),antes era sin_match. candidatos: Villa Fournier/9 de Julio [06588120]
v3_p18,416,Ramón Otero,Buenos Aires,Balcarce,701,flag_variante,A (aparcado),Ramos Otero,confirmar_candidato_georef,06063040,,Ramos Otero,,,georef/,https://apis.datos.gob.ar/georef/api,media (nombre difiere),variante de nombre en el depto correcto
v5_p01,169,Capiovy,Misiones,Lib. Gral. San Martín,701,flag_variante,A (aparcado),Capioví,confirmar_candidato_georef,54077010,,Capioví,,,georef/,https://apis.datos.gob.ar/georef/api,media (nombre difiere),variante de nombre en el depto correcto
v5_p07,170,Santa Ana,Corrientes,San Cosme,698,flag_bahra,A (aparcado),Santa Ana,confirmar_candidato_georef,18133040,true,Santa Ana,,,georef/localidades,https://apis.datos.gob.ar/georef/api,alta,BAHRA: el nombre no es localidad censal -> BAHRA es la fuente correcta (P7). id de capa 'localidades' NO es id censal INDEC valido
v3_p12,418,Juan J. Almeyra,Buenos Aires,Navarro,696,flag_sin_match,C5-rename,José Juan Almeyra,rename,,,,-34.917,-59.567,Wikipedia / citypopulation,https://en.wikipedia.org/wiki/Jos%C3%A9_Juan_Almeyra,REVISAR (rojo),[guard=rojo; punto en Suipacha] Grafía moderna José Juan Almeyra (J.J. Almeyra); partido de Navarro.
v7_p05,194,La Carrera,Catamarca,Fray Mamerto Esquiú,696,flag_bahra,A (aparcado),La Carrera,confirmar_candidato_georef,1006304002,true,La Carrera,,,georef/localidades,https://apis.datos.gob.ar/georef/api,alta,BAHRA: el nombre no es localidad censal -> BAHRA es la fuente correcta (P7). id de capa 'localidades' NO es id censal INDEC valido
v4_p04,505,Colonia Santa María,Córdoba,Unión,694,flag_depto,B,,transferencia_vs_homonimo,,,,,,georef+centroides,https://apis.datos.gob.ar/georef/api/departamentos,media,dist_km=184 -> homonimo probable (lejano). candidatos: Colonia Santa Marí­a/San Justo [14140130]
v5_p05,171,Ombucito,Corrientes,Paso de los Libres,692,flag_bahra,A (aparcado),Ombucito,confirmar_candidato_georef,18119A08,,Ombucito,,,georef/asentamientos,https://apis.datos.gob.ar/georef/api,alta,BAHRA: el nombre no es localidad censal -> fuente correcta (P7)
v5_p07,172,Valle María,Entre Ríos,Diamante,690,flag_variante,A (aparcado),Aldea Valle María,confirmar_candidato_georef,30021060,,Aldea Valle María,,,georef/,https://apis.datos.gob.ar/georef/api,media (nombre difiere),variante de nombre en el depto correcto
v5_p08,173,Yabebiry,Misiones,Oberá,689,flag_sin_match,C5-manual_coord,Colonia Yabebiry,manual_coord,,,,-27.45,-55.3,dices.net,https://www.dices.net/mapas/argentina/mapa.php?nombre=Cerro-Negro&id=32008,verde (guard: coord en depto esperado),"[guard=verde; punto en Oberá] Colonia Yabebiry, depto Oberá. Coordenada aproximada."
v3_p19,424,San Jorge,Buenos Aires,Laprida,684,flag_variante,A (aparcado),Pueblo San Jorge,confirmar_candidato_georef,06448030,,Pueblo San Jorge,,,georef/,https://apis.datos.gob.ar/georef/api,media (nombre difiere),variante de nombre en el depto correcto
v7_p10,196,Santa Clara,La Rioja,General Lavalle,684,flag_bahra,A (aparcado),Santa Clara,confirmar_candidato_georef,4602802002,true,Santa Clara,,,georef/localidades,https://apis.datos.gob.ar/georef/api,alta,BAHRA: el nombre no es localidad censal -> BAHRA es la fuente correcta (P7). id de capa 'localidades' NO es id censal INDEC valido
v3_p12,426,Lago Epecuén,Buenos Aires,Adolfo Alsina,682,flag_variante_bahra,E-bahra-fuzzy,Villa Lago Epecuén,confirmar_o_rechazar_candidato,,,,,,georef/asentamientos,https://apis.datos.gob.ar/georef/api,BAJA (fuzzy en capa BAHRA: puede no ser el mismo lugar),antes era sin_match. candidatos: Villa Lago Epecuén/Adolfo Alsina [06007A20]
v7_p07,199,Manuel García Fernández,Tucumán,Famaillá,681,flag_depto,B,,transferencia_vs_homonimo,,,,,,georef+centroides,https://apis.datos.gob.ar/georef/api/departamentos,media,dist_km=46 -> transferencia de limite plausible (adyacente). candidatos: Manuel García Fernández/Leales [90056040]
v4_p11,513,Margarita,Santa Fe,Castellanos,680,flag_depto,B,,transferencia_vs_homonimo,,,,,,georef+centroides,https://apis.datos.gob.ar/georef/api/departamentos,media,dist_km=278 -> homonimo probable (lejano). candidatos: Margarita/Vera [82133110]
v3_p13,429,Las Nutrias,Buenos Aires,Lobería,673,flag_bahra,A (aparcado),Las Nutrias,confirmar_candidato_georef,06476A12,,Las Nutrias,,,georef/asentamientos,https://apis.datos.gob.ar/georef/api,alta,BAHRA: el nombre no es localidad censal -> fuente correcta (P7)
v4_p16,519,San José,Córdoba,Tulumba,673,flag_depto,B,,transferencia_vs_homonimo,,,,,,georef+centroides,https://apis.datos.gob.ar/georef/api/departamentos,media,dist_km=241 -> homonimo probable (lejano). candidatos: San Jose/San Javier [14133180]
v3_p07,431,Durcudoy,Buenos Aires,Puán,670,flag_sin_match,C5-rename,Villa Durcudoy (Estación 17 de Agosto),rename,,,,-37.9128,-62.9381,wikipedia,https://es.wikipedia.org/wiki/Estaci%C3%B3n_17_de_Agosto,verde (guard: coord en depto esperado),"[guard=verde; punto en Puán] Durcudoy = Villa Durcudoy / Estacion 17 de Agosto, en localidad Diecisiete de Agosto, partido Puan, Buenos Aires. Coinci"
v4_p15,521,San Carlos,Córdoba,Minas,668,flag_variante,A (aparcado),San Carlos Minas,confirmar_candidato_georef,14070060,,San Carlos Minas,,,georef/,https://apis.datos.gob.ar/georef/api,media (nombre difiere),variante de nombre en el depto correcto
v3_p23,436,Zelaya,Buenos Aires,Pilar,661,flag_bahra,A (aparcado),Zelaya,confirmar_candidato_georef,0663804015,true,Zelaya,,,georef/localidades,https://apis.datos.gob.ar/georef/api,alta,BAHRA: el nombre no es localidad censal -> BAHRA es la fuente correcta (P7). id de capa 'localidades' NO es id censal INDEC valido
v5_p04,179,Invernada de Itacuararé,Misiones,San Javier,661,flag_variante_bahra,E-bahra-fuzzy,Invernada de Itacaruaré,confirmar_o_rechazar_candidato,,,,,,georef/asentamientos,https://apis.datos.gob.ar/georef/api,BAJA (fuzzy en capa BAHRA: puede no ser el mismo lugar),antes era sin_match. candidatos: Invernada de Itacaruaré/San Javier [54105A02]
v4_p01,524,Ana Zumarán,Córdoba,General San Martín,657,flag_depto,B,,transferencia_vs_homonimo,,,,,,georef+centroides,https://apis.datos.gob.ar/georef/api/departamentos,media,dist_km=59 -> transferencia de limite plausible (adyacente). candidatos: Ana Zumarán/Unión [14182030]
v3_p06,439,Doce de Octubre,Buenos Aires,9 de Julio,654,flag_sin_match,C-generador,12 de Octubre,confirmar_candidato_georef,06588030,,12 de Octubre,-35.6077493091212,-60.9178174157348,georef/localidades-censales,https://apis.datos.gob.ar/georef/api,alta (match exacto en depto del conjunto),candidato probado: '12 de Octubre' [numero-palabra -> digito: Doce->12]
v4_p08,525,Iglesias Viejas,Córdoba,Cruz del Eje,654,flag_variante_bahra,E-bahra-fuzzy,Iglesia Vieja,confirmar_o_rechazar_candidato,,,,,,georef/asentamientos,https://apis.datos.gob.ar/georef/api,BAJA (fuzzy en capa BAHRA: puede no ser el mismo lugar),antes era sin_match. candidatos: Iglesia Vieja/Cruz del Eje [14028A21]
v5_p04,181,Isabel Victoria,Corrientes,Goya,654,flag_bahra,A (aparcado),Isabel Victoria,confirmar_candidato_georef,18070A24,,Isabel Victoria,,,georef/asentamientos,https://apis.datos.gob.ar/georef/api,alta,BAHRA: el nombre no es localidad censal -> fuente correcta (P7)
v3_p12,441,La Oriental,Buenos Aires,Junín,646,flag_bahra,A (aparcado),La Oriental,confirmar_candidato_georef,06413A06,,La Oriental,,,georef/asentamientos,https://apis.datos.gob.ar/georef/api,alta,BAHRA: el nombre no es localidad censal -> fuente correcta (P7)
v9_1_2_p01,91,El Corcovado,Chubut,Futaleufú,641,flag_variante,A (aparcado),Corcovado,confirmar_candidato_georef,26035020,,Corcovado,,,georef/,https://apis.datos.gob.ar/georef/api,media (nombre difiere),variante de nombre en el depto correcto
v4_p17,529,Soutomayor,Santa Fe,Las Colonias,639,flag_bahra,A (aparcado),Soutomayor,confirmar_candidato_georef,82070A33,,Soutomayor,,,georef/asentamientos,https://apis.datos.gob.ar/georef/api,alta,BAHRA: el nombre no es localidad censal -> fuente correcta (P7)
v5_p02,185,Colonia Porvenir,Corrientes,Goya,638,flag_bahra,A (aparcado),Colonia Porvenir,confirmar_candidato_georef,18070A12,,Colonia Porvenir,,,georef/asentamientos,https://apis.datos.gob.ar/georef/api,alta,BAHRA: el nombre no es localidad censal -> fuente correcta (P7)
v4_p18,530,Villa del Lago,Córdoba,Punilla,635,flag_variante,D,,desambiguar,,,,,,georef,,baja,>1 candidato: Villa Lago Azul/Punilla [14091280]; Villa Santa Cruz del Lago/Punilla [14091320]
v4_p12,531,Nicolás Bruzone,Córdoba,General Roca,633,flag_variante,A (aparcado),Nicolás Bruzzone,confirmar_candidato_georef,14035070,,Nicolás Bruzzone,,,georef/,https://apis.datos.gob.ar/georef/api,media (nombre difiere),variante de nombre en el depto correcto
v7_p06,208,Maconitas,Tucumán,Burruyacú,632,flag_variante,A (aparcado),Macomitas,confirmar_candidato_georef,90007060,,Macomitas,,,georef/,https://apis.datos.gob.ar/georef/api,media (nombre difiere),variante de nombre en el depto correcto
v3_p16,450,Nicolás Descalzi,Buenos Aires,Coronel Dorrego,629,flag_bahra,A (aparcado),Nicolás Descalzi,confirmar_candidato_georef,06189A15,,Nicolás Descalzi,,,georef/asentamientos,https://apis.datos.gob.ar/georef/api,alta,BAHRA: el nombre no es localidad censal -> fuente correcta (P7)
v4_p08,536,Juárez Celman,Córdoba,Colón,628,flag_bahra,A (aparcado),Juárez Celman,confirmar_candidato_georef,1402132001,true,Juárez Celman,,,georef/localidades,https://apis.datos.gob.ar/georef/api,alta,BAHRA: el nombre no es localidad censal -> BAHRA es la fuente correcta (P7). id de capa 'localidades' NO es id censal INDEC valido
v4_p11,537,Luxardo,Córdoba,San Justo,628,flag_variante,D,,desambiguar,,,,,,georef,,baja,>1 candidato: Estación Luxardo/San Justo [14140210]; Plaza Luxardo/San Justo [14140310]
v3_p17,455,Pavón,Buenos Aires,Exaltación de la Cruz,627,flag_depto,B,,transferencia_vs_homonimo,,,,,,georef+centroides,https://apis.datos.gob.ar/georef/api/departamentos,media,dist_km=330 -> homonimo probable (lejano). candidatos: Pavón/General Lavalle [06336020]
v5_p04,188,Ifrán,Corrientes,Goya,622,flag_sin_match,C5-manual_coord,Ifrán,manual_coord,,,,-29.0959,-58.9693,osm,"https://nominatim.openstreetmap.org/search?q=Ifran,+Goya,+Corrientes,+Argentina",verde (guard: coord en depto esperado),"[guard=verde; punto en Goya] Paraje Ifrán en depto Goya (Corrientes), sobre RP84."
v6_p02,143,Estación Medellín,Santiago del Estero,Atamisqui,620,flag_sin_match,C-generador,Medellí­n,confirmar_candidato_georef,86021020,,Medellí­n,-28.6521076101805,-63.7856117440691,georef/localidades-censales,https://apis.datos.gob.ar/georef/api,alta (match exacto en depto del conjunto),candidato probado: 'Medellín' [prefijo: se quita 'Estacion']
v7_p07,213,Mariño,Tucumán,Burruyacú,619,flag_bahra,A (aparcado),Mariño,confirmar_candidato_georef,90007A61,,Mariño,,,georef/asentamientos,https://apis.datos.gob.ar/georef/api,alta,BAHRA: el nombre no es localidad censal -> fuente correcta (P7)
v3_p09,458,General Arias,Buenos Aires,Coronel de Marina Leonardo Rosales,618,flag_variante,A (aparcado),Villa General Arias,confirmar_candidato_georef,06182050,,Villa General Arias,,,georef/,https://apis.datos.gob.ar/georef/api,media (nombre difiere),variante de nombre en el depto correcto
v3_p01,459,Aldea Romana,Buenos Aires,Bahía Blanca,616,flag_sin_match,C5-barrio_de,Aldea Romana (Bahía Blanca),barrio_de,,,,-38.6825,-62.2135,OSM Nominatim,https://nominatim.openstreetmap.org/,verde (guard: coord en depto esperado),"[guard=verde; punto en Bahía Blanca] Actualmente barrio de la ciudad de Bahía Blanca (Cuartel II), partido de Bahía Blanca."
v5_p04,190,Lagunas Bravas,Corrientes,Capital,615,flag_variante_bahra,E-bahra-fuzzy,Laguna Brava,confirmar_o_rechazar_candidato,,,,,,georef/asentamientos,https://apis.datos.gob.ar/georef/api,BAJA (fuzzy en capa BAHRA: puede no ser el mismo lugar),antes era sin_match. candidatos: Laguna Brava/Capital [18021030]
v3_p14,460,Mar de Ajó,Buenos Aires,General Lavalle,613,flag_bahra,A (aparcado),Mar de Ajó,confirmar_candidato_georef,0642002003,true,Mar de Ajó,,,georef/localidades,https://apis.datos.gob.ar/georef/api,alta,BAHRA: el nombre no es localidad censal -> BAHRA es la fuente correcta (P7). id de capa 'localidades' NO es id censal INDEC valido
v4_p04,541,Colonia O'Higgins,Córdoba,Marcos Juárez,613,flag_sin_match,C5-rename,Capitán General Bernardo O'Higgins,rename,,,,-33.25,-62.2667,Wikipedia,https://es.wikipedia.org/wiki/Capit%C3%A1n_General_Bernardo_O'Higgins,verde (guard: coord en depto esperado),"[guard=verde; punto en Marcos Juárez] Depto Marcos Juárez, Córdoba; fundada 1893 como Colonia Progreso"
v5_p03,191,Faustino M. Parera,Entre Ríos,Gualeguaychú,612,flag_bahra,A (aparcado),Faustino M. Parera,confirmar_candidato_georef,30056040,true,Faustino M. Parera,,,georef/localidades,https://apis.datos.gob.ar/georef/api,alta,BAHRA: el nombre no es localidad censal -> BAHRA es la fuente correcta (P7). id de capa 'localidades' NO es id censal INDEC valido
v7_p01,216,Acambuco,Salta,Gral. J. de San Martín,612,flag_bahra,A (aparcado),Acambuco,confirmar_candidato_georef,66056A00,,Acambuco,,,georef/asentamientos,https://apis.datos.gob.ar/georef/api,alta,BAHRA: el nombre no es localidad censal -> fuente correcta (P7)
v7_p06,217,Machigasta,La Rioja,Arauco,609,flag_bahra,A (aparcado),Machigasta,confirmar_candidato_georef,4600701002,true,Machigasta,,,georef/localidades,https://apis.datos.gob.ar/georef/api,alta,BAHRA: el nombre no es localidad censal -> BAHRA es la fuente correcta (P7). id de capa 'localidades' NO es id censal INDEC valido
v3_p14,462,Mamaguita,Buenos Aires,25 de Mayo,608,flag_bahra,A (aparcado),Mamaguita,confirmar_candidato_georef,06854A16,,Mamaguita,,,georef/asentamientos,https://apis.datos.gob.ar/georef/api,alta,BAHRA: el nombre no es localidad censal -> fuente correcta (P7)
v4_p16,543,Santa María Norte,Santa Fe,Las Colonias,607,flag_bahra,A (aparcado),Santa María Norte,confirmar_candidato_georef,82070A32,,Santa María Norte,,,georef/asentamientos,https://apis.datos.gob.ar/georef/api,alta,BAHRA: el nombre no es localidad censal -> fuente correcta (P7)
v5_p01,192,Altamirano Sud,Entre Ríos,Tala,607,flag_sin_match,C5-rename,Altamirano Sur,rename,,,,-32.0883,-59.1751,Wikipedia,https://es.wikipedia.org/wiki/Altamirano_Sur,verde (guard: coord en depto esperado),"[guard=verde; punto en Tala] Centro rural del distrito Raíces al Sud, depto Tala (Altamirano Sud = Altamirano Sur)"
v8_p05,136,Villa Santa Rosa,Mendoza,Santa Rosa,607,flag_sin_match,C-generador,Santa Rosa,confirmar_candidato_georef,50112060,,Santa Rosa,-33.254140449192,-68.1509034814364,georef/localidades-censales,https://apis.datos.gob.ar/georef/api,alta (match exacto en depto del conjunto),candidato probado: 'Santa Rosa' [prefijo: se quita 'Villa']
v3_p21,463,Unzué,Buenos Aires,Bolívar,606,flag_variante_bahra,E-bahra-fuzzy,Mariano Unzué,confirmar_o_rechazar_candidato,,,,,,georef/asentamientos,https://apis.datos.gob.ar/georef/api,BAJA (fuzzy en capa BAHRA: puede no ser el mismo lugar),antes era sin_match. candidatos: Mariano Unzué/Bolívar [06105A13]
v7_p09,218,Salado,Catamarca,Tinogasta,606,flag_variante,A (aparcado),El Salado,confirmar_candidato_georef,10105100,,El Salado,,,georef/,https://apis.datos.gob.ar/georef/api,media (nombre difiere),variante de nombre en el depto correcto
v7_p10,219,Sumalao,Catamarca,Valle Viejo,604,flag_bahra,A (aparcado),Sumalao,confirmar_candidato_georef,1011204006,true,Sumalao,,,georef/localidades,https://apis.datos.gob.ar/georef/api,alta,BAHRA: el nombre no es localidad censal -> BAHRA es la fuente correcta (P7). id de capa 'localidades' NO es id censal INDEC valido
v7_p09,220,Salinas,La Rioja,San Blas de los Sauces,602,flag_variante,A (aparcado),Salicas - San Blas,confirmar_candidato_georef,46119010,,Salicas - San Blas,,,georef/,https://apis.datos.gob.ar/georef/api,media (nombre difiere),variante de nombre en el depto correcto
v7_p02,222,Carrizal,La Rioja,Famatina,600,flag_variante,D,,desambiguar,,,,,,georef,,baja,>1 candidato: Alto Carrizal/Famatina [46049010]; Bajo Carrizal/Famatina [46049040]
v7_p02,223,Banda Florida,La Rioja,General Lavalle,599,flag_bahra,A (aparcado),Banda Florida,confirmar_candidato_georef,4602805001,true,Banda Florida,,,georef/localidades,https://apis.datos.gob.ar/georef/api,alta,BAHRA: el nombre no es localidad censal -> BAHRA es la fuente correcta (P7). id de capa 'localidades' NO es id censal INDEC valido
v7_p02,226,Balcosna,Catamarca,Paclín,595,flag_variante,A (aparcado),Villa de Balcozna,confirmar_candidato_georef,10077110,,Villa de Balcozna,,,georef/,https://apis.datos.gob.ar/georef/api,media (nombre difiere),variante de nombre en el depto correcto
v3_p11,466,Ireneo Portela,Buenos Aires,Baradero,592,flag_variante,A (aparcado),Irineo Portela,confirmar_candidato_georef,06070020,,Irineo Portela,,,georef/,https://apis.datos.gob.ar/georef/api,media (nombre difiere),variante de nombre en el depto correcto
v5_p07,194,Tabay,Corrientes,Concepción,588,flag_ambiguo,D,,desambiguar,,,,,,georef,,baja,candidatos: Tabay/Concepción [18028030]; Tabay/Concepción [18028031]
v5_p05,195,Manantiales,Corrientes,Mburucuyá,586,flag_bahra,A (aparcado),Manantiales,confirmar_candidato_georef,18098A03,,Manantiales,,,georef/asentamientos,https://apis.datos.gob.ar/georef/api,alta,BAHRA: el nombre no es localidad censal -> fuente correcta (P7)
v6_p03,150,Hoyón,Santiago del Estero,Atamisqui,586,flag_variante_bahra,E-bahra-fuzzy,El Hoyón,confirmar_o_rechazar_candidato,,,,,,georef/asentamientos,https://apis.datos.gob.ar/georef/api,BAJA (fuzzy en capa BAHRA: puede no ser el mismo lugar),antes era sin_match. candidatos: El Hoyón/Atamisqui [86021A07]
v3_p05,469,Cucha-Cucha,Buenos Aires,Chacabuco,583,flag_bahra,A (aparcado),Cucha Cucha,confirmar_candidato_georef,06210A03,,Cucha Cucha,,,georef/asentamientos,https://apis.datos.gob.ar/georef/api,alta,BAHRA: el nombre no es localidad censal -> fuente correcta (P7)
v4_p17,556,Tala Norte,Córdoba,Río Primero,583,flag_sin_match,C5-manual_coord,Estación Tala Norte,manual_coord,,,,-31.1148,-63.6014,OpenStreetMap/Nominatim,https://nominatim.openstreetmap.org/,verde (guard: coord en depto esperado),"[guard=verde; punto en Río Primero] Estacion Tala Norte, paraje El Alcalde, Pedania Tala, depto Rio Primero, Cordoba"
v3_p11,472,Islas,Buenos Aires,25 de Mayo,581,flag_bahra,A (aparcado),Islas,confirmar_candidato_georef,06854A09,,Islas,,,georef/asentamientos,https://apis.datos.gob.ar/georef/api,alta,BAHRA: el nombre no es localidad censal -> fuente correcta (P7)
v5_p08,196,Villa San Marcial (Gob. Urquiza),Entre Ríos,Uruguay,578,flag_sin_match,C5-manual_coord,Villa San Marcial (Estación Gobernador Urquiza),manual_coord,,,,-32.1667,-58.9333,Wikipedia (Villa San Marcial),https://es.wikipedia.org/wiki/Villa_San_Marcial,verde (guard: coord en depto esperado),"[guard=verde; punto en Uruguay] Mismo lugar; distrito Moscas, depto Uruguay. La estación se llama Gobernador Urquiza."
v8_p02,137,Ingeniero Balloffet,Mendoza,San Rafael,578,flag_sin_match,C5-manual_coord,Ingeniero Balloffet,manual_coord,,,,-34.763,-68.4122,Tripadvisor/GeoNames,https://www.tripadvisor.com/Tourism-g25219062-Ingeniero_Balloffet_San_Rafael_Province_of_Mendoza_Cuyo-Vacations.html,verde (guard: coord en depto esperado),"[guard=verde; punto en San Rafael] Localidad del oasis de San Rafael, depto San Rafael. Coordenada aproximada."
v9_1_2_p03,96,Lago Futalaufquen,Chubut,Futaleufú,578,flag_sin_match,C5-rename,Villa Futalaufquen,rename,,,,-42.8605,-71.6269,gazetteer,http://www.hosteriafutalaufquen.com/ubicacion/,verde (guard: coord en depto esperado),"[guard=verde; punto en Futaleufú] Aldea Villa Futalaufquen sobre costa sur del lago Futalaufquen, PN Los Alerces, depto Futaleufu, Chubut. Coincide depto."
v3_p16,476,Ortiz Basualdo,Buenos Aires,Pergamino,577,flag_bahra,A (aparcado),Ortíz Basualdo,confirmar_candidato_georef,06623A16,,Ortíz Basualdo,,,georef/asentamientos,https://apis.datos.gob.ar/georef/api,alta,BAHRA: el nombre no es localidad censal -> fuente correcta (P7)
v3_p07,477,Egaña,Buenos Aires,Rauch,576,flag_bahra,A (aparcado),Egaña,confirmar_candidato_georef,06672A05,,Egaña,,,georef/asentamientos,https://apis.datos.gob.ar/georef/api,alta,BAHRA: el nombre no es localidad censal -> fuente correcta (P7)
v7_p02,232,Benjamín Aráoz,Tucumán,Burruyacú,576,flag_variante,A (aparcado),Villa Benjamín Aráoz,confirmar_candidato_georef,90007090,,Villa Benjamín Aráoz,,,georef/,https://apis.datos.gob.ar/georef/api,media (nombre difiere),variante de nombre en el depto correcto
v7_p08,213,Río del Valle,Salta,Anta,575,flag_bahra,A (aparcado),Río del Valle,confirmar_candidato_georef,66007150,true,Río del Valle,,,georef/localidades,https://apis.datos.gob.ar/georef/api,alta,BAHRA: el nombre no es localidad censal -> BAHRA es la fuente correcta (P7). id de capa 'localidades' NO es id censal INDEC valido
v3_p03,479,Cangallo,Buenos Aires,Ayacucho,573,flag_bahra,A (aparcado),Cangallo,confirmar_candidato_georef,06042A00,,Cangallo,,,georef/asentamientos,https://apis.datos.gob.ar/georef/api,alta,BAHRA: el nombre no es localidad censal -> fuente correcta (P7)
v3_p21,480,Tte. Gral. Emilio Mitre,La Pampa,Conhello,573,flag_variante_bahra,E-bahra-fuzzy,Teniente General Emilio Mitre,confirmar_o_rechazar_candidato,,,,,,georef/asentamientos,https://apis.datos.gob.ar/georef/api,BAJA (fuzzy en capa BAHRA: puede no ser el mismo lugar),antes era sin_match. candidatos: Teniente General Emilio Mitre/Conhelo [42035A04]
v7_p06,234,Leocadio Paz,Tucumán,Trancas,573,flag_bahra,A (aparcado),Leocadio Paz,confirmar_candidato_georef,90112A24,,Leocadio Paz,,,georef/asentamientos,https://apis.datos.gob.ar/georef/api,alta,BAHRA: el nombre no es localidad censal -> fuente correcta (P7)
v3_p07,481,Emiliano Reynoso,Buenos Aires,Saladillo,572,flag_bahra,A (aparcado),Emiliano Reynoso,confirmar_candidato_georef,06707A08,,Emiliano Reynoso,,,georef/asentamientos,https://apis.datos.gob.ar/georef/api,alta,BAHRA: el nombre no es localidad censal -> fuente correcta (P7)
v5_p06,197,Playadito,Corrientes,Ituzaingó,571,flag_bahra,A (aparcado),Playadito,confirmar_candidato_georef,18084A14,,Playadito,,,georef/asentamientos,https://apis.datos.gob.ar/georef/api,alta,BAHRA: el nombre no es localidad censal -> fuente correcta (P7)
v3_p12,482,La Larga,La Pampa,Caseros,570,flag_sin_match,C5-pendiente,,,,,,,,,,,investigacion web/imagen PENDIENTE (sin pista)
v5_p05,198,Manuel Belgrano (San Antonio),Misiones,General Belgrano,570,flag_sin_match,C-generador,San Antonio,confirmar_candidato_georef,54049050,,San Antonio,-26.0600010394036,-53.7329662829351,georef/localidades-censales,https://apis.datos.gob.ar/georef/api,alta (match exacto en depto del conjunto),candidato probado: 'San Antonio' [parentesis: se usa el contenido del parentesis]
v6_p05,152,Misión Fco. Tacaaglé,Formosa,Pilagás,570,flag_sin_match,C5-manual_coord,Misión Tacaaglé,manual_coord,,,,-24.9780,-58.8221,wikipedia,https://en.wikipedia.org/wiki/Misi%C3%B3n_Tacaagl%C3%A9,verde (guard: coord en depto esperado),[guard=verde; punto en Pilagás] Localidad de depto Pilagás (Formosa); ex San Francisco Solano de Tacaaglé.
v5_p04,199,Ingenio 1er. Correntino,Corrientes,San Cosme,567,flag_sin_match,C5-manual_coord,Ingenio Primer Correntino,manual_coord,,,,-27.4319,-58.6244,Wikipedia,https://es.wikipedia.org/wiki/Ingenio_Primer_Correntino,verde (guard: coord en depto esperado),"[guard=verde; punto en San Cosme] Localidad del depto San Cosme (dependiente de Santa Ana de los Guácaras), Corrientes."
v7_p10,236,Siete de Abril,Tucumán,Burruyacú,565,flag_sin_match,C-generador,7 de Abril,confirmar_candidato_georef,90007080,,7 de Abril,-26.2881894182337,-64.5013762644933,georef/asentamientos,https://apis.datos.gob.ar/georef/api,media (match exacto pero en capa BAHRA),candidato probado: '7 de Abril' [numero-palabra -> digito: Siete->7 [capa asentamientos]]
v3_p22,489,Villa Nueva,Buenos Aires,General Paz,564,flag_sin_match,C5-rename,Villanueva (Estación Villanueva),rename,,,,-35.6789,-58.4353,Wikipedia,https://es.wikipedia.org/wiki/Estaci%C3%B3n_Villanueva,verde (guard: coord en depto esperado),"[guard=verde; punto en General Paz] Localidad/estación del partido General Paz, BA"
v7_p11,239,Yuchán,Salta,Orán,562,flag_bahra,A (aparcado),Yuchán,confirmar_candidato_georef,66126A37,,Yuchán,,,georef/asentamientos,https://apis.datos.gob.ar/georef/api,alta,BAHRA: el nombre no es localidad censal -> fuente correcta (P7)
v4_p19,566,Villa Independencia,Córdoba,Punilla,556,flag_sin_match,C5-manual_coord,Villa Independencia (área Villa Carlos Paz / San Antonio de Arredondo),manual_coord,,,,-31.4583,-64.5078,OpenStreetMap Nominatim,https://nominatim.openstreetmap.org/search?q=Villa+Independencia+Punilla+Cordoba&format=json,verde (guard: coord en depto esperado),"[guard=verde; punto en Punilla] Barrio/localidad del depto Punilla, en el conurbano de Villa Carlos Paz"
v3_p06,494,Charlone,Buenos Aires,General Villegas,554,flag_variante,A (aparcado),Coronel Charlone,confirmar_candidato_georef,06392050,,Coronel Charlone,,,georef/,https://apis.datos.gob.ar/georef/api,media (nombre difiere),variante de nombre en el depto correcto
v3_p22,496,Villa Harding Green,Buenos Aires,Bahía Blanca,553,flag_sin_match,C5-barrio_de,Villa Harding Green (Bahía Blanca),barrio_de,,,,-38.7211,-62.1958,Wikipedia,https://es.wikipedia.org/wiki/Villa_Harding_Green,verde (guard: coord en depto esperado),"[guard=verde; punto en Bahía Blanca] Localidad separada hasta censo 1991, hoy barrio del NE de Bahia Blanca"
v5_p06,200,Puerto Victoria,Misiones,Eldorado,549,flag_bahra,A (aparcado),Puerto Victoria,confirmar_candidato_georef,54042A10,,Puerto Victoria,,,georef/asentamientos,https://apis.datos.gob.ar/georef/api,alta,BAHRA: el nombre no es localidad censal -> fuente correcta (P7)
v3_p11,500,Juan Blaquier,Buenos Aires,Saladillo,547,flag_bahra,A (aparcado),Juan Blaquier,confirmar_candidato_georef,06707A11,,Juan Blaquier,,,georef/asentamientos,https://apis.datos.gob.ar/georef/api,alta,BAHRA: el nombre no es localidad censal -> fuente correcta (P7)
v3_p20,501,Santa Teresita,Buenos Aires,General Lavalle,547,flag_bahra,A (aparcado),Santa Teresita,confirmar_candidato_georef,0642004002,true,Santa Teresita,,,georef/localidades,https://apis.datos.gob.ar/georef/api,alta,BAHRA: el nombre no es localidad censal -> BAHRA es la fuente correcta (P7). id de capa 'localidades' NO es id censal INDEC valido
v4_p08,567,Kilómetro 711,Córdoba,Colón,547,flag_sin_match,C5-rename,Malvinas Argentinas (Córdoba),rename,,,,-31.3792,-64.0539,Wikipedia (Malvinas Argentinas,Córdoba),verde (guard: coord en depto esperado),[guard=verde; punto en Colón] https://es.wikipedia.org/wiki/Malvinas_Argentinas_(C%C3%B3rdoba)
v5_p06,202,Pueblo San Martín (Pto. Curtiembre),Entre Ríos,Paraná,544,flag_sin_match,C5-rename,Puerto Curtiembre (Pueblo General San Martín),rename,,,,-31.4611,-60.1661,Wikipedia (Puerto Curtiembre),https://es.wikipedia.org/wiki/Puerto_Curtiembre,verde (guard: coord en depto esperado),[guard=verde; punto en Paraná] Comuna del depto Paraná sobre el río Paraná; 'Pueblo San Martín' fue el nombre oficial que nunca reemplazó al popular Pu
v6_p03,159,Girardet,Santiago del Estero,Moreno,542,flag_bahra,A (aparcado),Girardet,confirmar_candidato_georef,86119A20,,Girardet,,,georef/asentamientos,https://apis.datos.gob.ar/georef/api,alta,BAHRA: el nombre no es localidad censal -> fuente correcta (P7)
v3_p04,504,Colonia Hogar Ricardo Gutiérrez,Buenos Aires,Marcos Paz,541,flag_sin_match,C5-barrio_de,Marcos Paz (Colonia Hogar Ricardo Gutiérrez),barrio_de,,,,-34.8478,-58.8354,osm,https://nominatim.openstreetmap.org/search?q=Colonia%20Hogar%20Ricardo%20Guti%C3%A9rrez%2C%20Marcos%20Paz,verde (guard: coord en depto esperado),"[guard=verde; punto en Marcos Paz] Colonia/barrio ~7 km al sur de la ciudad de Marcos Paz, partido Marcos Paz. Coincide depto."
v3_p14,505,Manzanares,Buenos Aires,Pilar,541,flag_bahra,A (aparcado),Manzanares,confirmar_candidato_georef,0663804005,true,Manzanares,,,georef/localidades,https://apis.datos.gob.ar/georef/api,alta,BAHRA: el nombre no es localidad censal -> BAHRA es la fuente correcta (P7). id de capa 'localidades' NO es id censal INDEC valido
v5_p02,203,Cerrito,Corrientes,General Paz,541,flag_bahra,A (aparcado),Cerrito,confirmar_candidato_georef,18063A04,,Cerrito,,,georef/asentamientos,https://apis.datos.gob.ar/georef/api,alta,BAHRA: el nombre no es localidad censal -> fuente correcta (P7)
v6_p01,160,Clodomiro Díaz,Chaco,Mayor Luis J. Fontana,540,flag_sin_match,C5-manual_coord,Pueblo Clodomiro Díaz,manual_coord,,,,-27.6380,-60.7937,osm,"https://nominatim.openstreetmap.org/search?q=Pueblo+Clodomiro+Diaz,+Chaco,+Argentina",verde (guard: coord en depto esperado),"[guard=verde; punto en Mayor Luis J. Fontana] Aldea/estación en depto Mayor Luis J. Fontana (Chaco), cerca de Villa Ángela."
v6_p06,161,Ramírez de Velasco,Santiago del Estero,Quebrachos,540,flag_variante,A (aparcado),Ramí­rez de Velazco,confirmar_candidato_georef,86140010,,Ramí­rez de Velazco,,,georef/,https://apis.datos.gob.ar/georef/api,media (nombre difiere),variante de nombre en el depto correcto
v3_p10,510,Gouin,Buenos Aires,Carmen de Areco,531,flag_variante,A (aparcado),Pueblo Gouin,confirmar_candidato_georef,06161020,,Pueblo Gouin,,,georef/,https://apis.datos.gob.ar/georef/api,media (nombre difiere),variante de nombre en el depto correcto
v5_p04,205,Leguizamón,Entre Ríos,La Paz,531,flag_sin_match,C5-sin_coordenada,,sin_coordenada,,,,,,,,,[C5 web] No se identificó localidad/estación 'Leguizamón' en depto La Paz o Federal (Entre Ríos). Solo aparece la calle Martiniano Leguizamón en la c
v7_p11,244,Villa El Alto,Catamarca,El Alto,530,flag_variante,A (aparcado),Villa Concepcion del Alto,confirmar_candidato_georef,10056010,,Villa Concepcion del Alto,,,georef/,https://apis.datos.gob.ar/georef/api,media (nombre difiere),variante de nombre en el depto correcto
v5_p03,206,Herlitzka,Corrientes,San Luis del Palmar,527,flag_bahra,A (aparcado),Herlitzka,confirmar_candidato_georef,18140A18,,Herlitzka,,,georef/asentamientos,https://apis.datos.gob.ar/georef/api,alta,BAHRA: el nombre no es localidad censal -> fuente correcta (P7)
v6_p02,162,El Malacara,Santiago del Estero,General Taboada,527,flag_sin_match,C5-manual_coord,El Malacara,manual_coord,,,,-28.4333,-62.5167,dices.net,https://www.dices.net/mapas/argentina/mapa.php?nombre=El-Malacara&id=36291,verde (guard: coord en depto esperado),"[guard=verde; punto en General Taboada] Localidad del depto General Taboada, Santiago del Estero"
v3_p17,512,Pourtale,Buenos Aires,Olavarría,526,flag_bahra,A (aparcado),Pourtalé,confirmar_candidato_georef,06595A20,,Pourtalé,,,georef/asentamientos,https://apis.datos.gob.ar/georef/api,alta,BAHRA: el nombre no es localidad censal -> fuente correcta (P7)
v4_p07,572,Garabato,Santa Fe,General Obligado,525,flag_depto,B,,transferencia_vs_homonimo,,,,,,georef+centroides,https://apis.datos.gob.ar/georef/api/departamentos,media,dist_km=93 -> zona gris. candidatos: Garabato/Vera [82133050]
v3_p21,513,Spurr,Buenos Aires,Bahía Blanca,524,flag_sin_match,C5-barrio_de,Spurr (barrio y estación de Bahía Blanca),barrio_de,,,,-38.7544,-62.2544,Wikipedia,https://es.wikipedia.org/wiki/Estaci%C3%B3n_Spurr,verde (guard: coord en depto esperado),[guard=verde; punto en Bahía Blanca] Barrio y estación de FC a ~4 km al sur del centro de Bahía Blanca
v7_p02,248,Burruyacú,Tucumán,Burruyacú,524,flag_variante,A (aparcado),Villa Burruyacú,confirmar_candidato_georef,90007100,,Villa Burruyacú,,,georef/,https://apis.datos.gob.ar/georef/api,media (nombre difiere),variante de nombre en el depto correcto
v4_p01,574,Anizacate,Córdoba,Santa María,523,flag_variante,D,,desambiguar,,,,,,georef,,baja,>1 candidato: Anisacate/Santa María [14147020]; Los Talas de Anisacate/Santa María [14147195]; Valle de Anisacate/Santa María [14147300]
v5_p02,207,Echagüe,Entre Ríos,Tala,523,flag_variante,A (aparcado),Gobernador Echagüe,confirmar_candidato_georef,30091040,,Gobernador Echagüe,,,georef/,https://apis.datos.gob.ar/georef/api,media (nombre difiere),variante de nombre en el depto correcto
v5_p07,208,Torrent,Corrientes,General Alvear,523,flag_variante,A (aparcado),Estación Torrent,confirmar_candidato_georef,18056020,,Estación Torrent,,,georef/,https://apis.datos.gob.ar/georef/api,media (nombre difiere),variante de nombre en el depto correcto
v5_p04,209,La Capilla,Entre Ríos,Villaguay,521,flag_sin_match,C5-sin_coordenada,,sin_coordenada,,,,,,,,,[C5 web] Registro de localidad en depto Villaguay (obraspublicas) pero sin coordenada accesible; homonimos La Capilla en depto Gualeguaychu (lejos) d
v7_p11,250,Toloche,Salta,Anta,521,flag_variante,A (aparcado),Tolloche,confirmar_candidato_georef,66007160,,Tolloche,,,georef/,https://apis.datos.gob.ar/georef/api,media (nombre difiere),variante de nombre en el depto correcto
v6_p06,164,San Antonio de Copo,Santiago del Estero,Avellaneda,517,flag_bahra,A (aparcado),San Antonio de Copo,confirmar_candidato_georef,86028A25,,San Antonio de Copo,,,georef/asentamientos,https://apis.datos.gob.ar/georef/api,alta,BAHRA: el nombre no es localidad censal -> fuente correcta (P7)
v3_p14,518,Lozano,Buenos Aires,General Las Heras,514,flag_bahra,A (aparcado),Lozano,confirmar_candidato_georef,06329A03,,Lozano,,,georef/asentamientos,https://apis.datos.gob.ar/georef/api,alta,BAHRA: el nombre no es localidad censal -> fuente correcta (P7)
v4_p18,578,Tartagal,Santa Fe,General Obligado,514,flag_depto,B,,transferencia_vs_homonimo,,,,,,georef+centroides,https://apis.datos.gob.ar/georef/api/departamentos,media,dist_km=93 -> zona gris. candidatos: Tartagal/Vera [82133150]
v3_p05,520,Covello,Buenos Aires,Tapalqué,513,flag_bahra,A (aparcado),Covello,confirmar_candidato_georef,06798A02,,Covello,,,georef/asentamientos,https://apis.datos.gob.ar/georef/api,alta,BAHRA: el nombre no es localidad censal -> fuente correcta (P7)
v7_p07,254,Mina Pirquita,Jujuy,Rinconada,512,flag_variante_bahra,E-bahra-fuzzy,Mina Pirquitas,confirmar_o_rechazar_candidato,,,,,,georef/asentamientos,https://apis.datos.gob.ar/georef/api,BAJA (fuzzy en capa BAHRA: puede no ser el mismo lugar),antes era sin_match. candidatos: Mina Pirquitas/Rinconada [38049A10]
v3_p03,521,Bosch,Buenos Aires,Balcarce,511,flag_bahra,A (aparcado),Bosch,confirmar_candidato_georef,06063A00,,Bosch,,,georef/asentamientos,https://apis.datos.gob.ar/georef/api,alta,BAHRA: el nombre no es localidad censal -> fuente correcta (P7)
v3_p22,523,Victorino de la Plaza,Buenos Aires,Guaminí,510,flag_bahra,A (aparcado),Victorino de la Plaza,confirmar_candidato_georef,06399A15,,Victorino de la Plaza,,,georef/asentamientos,https://apis.datos.gob.ar/georef/api,alta,BAHRA: el nombre no es localidad censal -> fuente correcta (P7)
v6_p02,167,Esteros,Santiago del Estero,Figueroa,508,flag_sin_match,C5-sin_coordenada,,sin_coordenada,,,,,,,,,[C5 web] No se ubica un 'Esteros' en depto Figueroa. Homónimos: pista apunta a depto Capital [86049110] y OSM sólo halla 'Esteros' en depto Alberdi (
v3_p13,526,Libres del Sud,Buenos Aires,Chascomús,505,flag_sin_match,C5-manual_coord,Libres del Sud,manual_coord,,,,-35.7319,-57.72,Wikipedia (Estación Libres del Sud),https://es.wikipedia.org/wiki/Estaci%C3%B3n_Libres_del_Sud,verde (guard: coord en depto esperado),[guard=verde; punto en Chascomús] Paraje/estación en partido Chascomús (linda con Lezama).
v3_p15,527,Máximo Fernández,Buenos Aires,Bragado,505,flag_sin_match,C5-rename,Máximo Fernández,rename,,,,-35.0614,-60.7047,wikipedia,https://es.wikipedia.org/wiki/Estaci%C3%B3n_M%C3%A1ximo_Fern%C3%A1ndez,verde (guard: coord en depto esperado),"[guard=verde; punto en Bragado] Localidad/estacion Maximo Fernandez, ~21 km al oeste de Bragado, partido Bragado. Coincide depto."
v4_p11,582,Los Jagüeles,Córdoba,Río Cuarto,503,flag_bahra,A (aparcado),Los Jagüeles,confirmar_candidato_georef,14098A54,,Los Jagüeles,,,georef/asentamientos,https://apis.datos.gob.ar/georef/api,alta,BAHRA: el nombre no es localidad censal -> fuente correcta (P7)
v5_p04,213,Labougle,Corrientes,Monte Caseros,503,flag_variante,A (aparcado),Parada Labougle,confirmar_candidato_georef,18112070,,Parada Labougle,,,georef/,https://apis.datos.gob.ar/georef/api,media (nombre difiere),variante de nombre en el depto correcto
v3_p10,529,Henry Bell,Buenos Aires,Chivilcoy,498,flag_bahra,A (aparcado),Henry Bell,confirmar_candidato_georef,06224A07,,Henry Bell,,,georef/asentamientos,https://apis.datos.gob.ar/georef/api,alta,BAHRA: el nombre no es localidad censal -> fuente correcta (P7)
v4_p12,586,Molinos,Córdoba,Calamuchita,498,flag_variante,D,,desambiguar,,,,,,georef,,baja,>1 candidato: Los Molinos/Calamuchita [14007120]; Solar de los Molinos/Calamuchita [14007230]
v7_p03,257,Chicligasta,Tucumán,Chicligasta,498,flag_variante,A (aparcado),Villa Chicligasta,confirmar_candidato_georef,90091060,,Villa Chicligasta,,,georef/,https://apis.datos.gob.ar/georef/api,media (nombre difiere),variante de nombre en el depto correcto
v3_p09,530,Girondo,Buenos Aires,Pehuajó,497,flag_bahra,A (aparcado),Girondo,confirmar_candidato_georef,06609A13,,Girondo,,,georef/asentamientos,https://apis.datos.gob.ar/georef/api,alta,BAHRA: el nombre no es localidad censal -> fuente correcta (P7)
v4_p16,588,Santa María Centro,Santa Fe,Las Colonias,496,flag_bahra,A (aparcado),Santa María Centro,confirmar_candidato_georef,82070A31,,Santa María Centro,,,georef/asentamientos,https://apis.datos.gob.ar/georef/api,alta,BAHRA: el nombre no es localidad censal -> fuente correcta (P7)
v3_p08,531,Francisco Ayerza,Buenos Aires,Pergamino,495,flag_bahra,A (aparcado),Francisco Ayerza,confirmar_candidato_georef,06623A07,,Francisco Ayerza,,,georef/asentamientos,https://apis.datos.gob.ar/georef/api,alta,BAHRA: el nombre no es localidad censal -> fuente correcta (P7)
v3_p12,532,Kilómetro 158,Buenos Aires,San Pedro,495,flag_sin_match,C5-rename,Pueblo Doyle,rename,,,,-33.9033,-59.8210,wikipedia,https://es.wikipedia.org/wiki/Estaci%C3%B3n_Doyle,verde (guard: coord en depto esperado),[guard=verde; punto en San Pedro] El pueblo se llamó Kilómetro 158 (luego Ing. Urcelay) antes de renombrarse Pueblo Doyle; depto San Pedro (Buenos Aires).
v3_p07,533,Elordi,Buenos Aires,General Villegas,494,flag_sin_match,C5-rename,Massey (Estación Elordi),rename,,,,-35.0462,-63.1218,OSM Nominatim,https://nominatim.openstreetmap.org/,verde (guard: coord en depto esperado),"[guard=verde; punto en General Villegas] Localidad Massey, cuya estación ferroviaria es Elordi; partido de General Villegas, Buenos Aires."
v4_p19,592,Yacanto,Córdoba,San Javier,492,flag_variante,A (aparcado),San Javier y Yacanto,confirmar_candidato_georef,14133170,,San Javier y Yacanto,,,georef/,https://apis.datos.gob.ar/georef/api,media (nombre difiere),variante de nombre en el depto correcto
v4_p01,594,Agua de Ramón,Córdoba,Minas,490,flag_bahra,A (aparcado),Agua de Ramón,confirmar_candidato_georef,14070A00,,Agua de Ramón,,,georef/asentamientos,https://apis.datos.gob.ar/georef/api,alta,BAHRA: el nombre no es localidad censal -> fuente correcta (P7)
v5_p03,217,General Racedo,Entre Ríos,Diamante,490,flag_variante_bahra,E-bahra-fuzzy,General Racedo (El Carmen),confirmar_o_rechazar_candidato,,true,,,,georef/localidades,https://apis.datos.gob.ar/georef/api,BAJA (fuzzy en capa BAHRA: puede no ser el mismo lugar),antes era sin_match. candidatos: General Racedo (El Carmen)/Diamante [30021110]
v6_p02,171,Estación Los Tigres,Santiago del Estero,Copo,490,flag_sin_match,C-generador,Los Tigres,confirmar_candidato_georef,86056040,,Los Tigres,-25.9079852740842,-62.5934246920695,georef/localidades-censales,https://apis.datos.gob.ar/georef/api,alta (match exacto en depto del conjunto),candidato probado: 'Los Tigres' [prefijo: se quita 'Estacion']
v3_p03,536,Calfucurá,Buenos Aires,Mar Chiquita,488,flag_bahra,A (aparcado),Calfucurá,confirmar_candidato_georef,06518A00,,Calfucurá,,,georef/asentamientos,https://apis.datos.gob.ar/georef/api,alta,BAHRA: el nombre no es localidad censal -> fuente correcta (P7)
v3_p19,537,San Ignacio,Buenos Aires,Ayacucho,486,flag_bahra,A (aparcado),San Ignacio,confirmar_candidato_georef,06042A24,,San Ignacio,,,georef/asentamientos,https://apis.datos.gob.ar/georef/api,alta,BAHRA: el nombre no es localidad censal -> fuente correcta (P7)
v3_p18,540,Remecó,La Pampa,Guatraché,484,flag_bahra,A (aparcado),Remecó,confirmar_candidato_georef,42070A07,,Remecó,,,georef/asentamientos,https://apis.datos.gob.ar/georef/api,alta,BAHRA: el nombre no es localidad censal -> fuente correcta (P7)
v5_p06,218,Pueblo Bellock,Entre Ríos,Paraná,484,flag_variante_bahra,E-bahra-fuzzy,Pueblo Bellocq (Las Garzas),confirmar_o_rechazar_candidato,,true,,,,georef/localidades,https://apis.datos.gob.ar/georef/api,BAJA (fuzzy en capa BAHRA: puede no ser el mismo lugar),antes era sin_match. candidatos: Pueblo Bellocq (Las Garzas)/Paraná [30084170]
v3_p05,541,Comandante Giribone,Buenos Aires,Chascomús,483,flag_bahra,A (aparcado),Comandante Giribone,confirmar_candidato_georef,06218A02,,Comandante Giribone,,,georef/asentamientos,https://apis.datos.gob.ar/georef/api,alta,BAHRA: el nombre no es localidad censal -> fuente correcta (P7)
v8_p02,143,Hipólito Irigoyen,San Luis,Belgrano,481,flag_sin_match,C5-manual_coord,Hipólito Yrigoyen,manual_coord,,,,-32.9167,-66.3333,getamap,https://www.getamap.net/maps/argentina/san_luis/_hipolitoirigoyen/,verde (guard: coord en depto esperado),"[guard=verde; punto en Belgrano] Localidad del depto Belgrano, San Luis"
v4_p06,600,Espinillo,Córdoba,Río Cuarto,479,flag_bahra,A (aparcado),Espinillo,confirmar_candidato_georef,14098A30,,Espinillo,,,georef/asentamientos,https://apis.datos.gob.ar/georef/api,alta,BAHRA: el nombre no es localidad censal -> fuente correcta (P7)
v4_p08,601,Intiyaco,Santa Fe,General Obligado,479,flag_depto,B,,transferencia_vs_homonimo,,,,,,georef+centroides,https://apis.datos.gob.ar/georef/api/departamentos,media,dist_km=93 -> zona gris. candidatos: Intiyaco/Vera [82133070]
v7_p09,265,Sacrificio,Tucumán,Graneros,479,flag_variante,A (aparcado),El Sacrificio,confirmar_candidato_georef,90049005,,El Sacrificio,,,georef/,https://apis.datos.gob.ar/georef/api,media (nombre difiere),variante de nombre en el depto correcto
v3_p14,545,Manuel J. García,Buenos Aires,Mercedes,478,flag_bahra,A (aparcado),Manuel J. García,confirmar_candidato_georef,06532A09,,Manuel J. García,,,georef/asentamientos,https://apis.datos.gob.ar/georef/api,alta,BAHRA: el nombre no es localidad censal -> fuente correcta (P7)
v6_p07,173,Villa Jiménez,Santiago del Estero,Río Hondo,478,flag_variante,A (aparcado),Villa Giménez,confirmar_candidato_georef,86147140,,Villa Giménez,,,georef/,https://apis.datos.gob.ar/georef/api,media (nombre difiere),variante de nombre en el depto correcto
v4_p05,603,Curapaligüe,Córdoba,Pte. Roque Sáenz Peña,477,flag_bahra,A (aparcado),Curapaligüe,confirmar_candidato_georef,14084A11,,Curapaligüe,,,georef/asentamientos,https://apis.datos.gob.ar/georef/api,alta,BAHRA: el nombre no es localidad censal -> fuente correcta (P7)
v7_p09,266,San José,Catamarca,Tinogasta,477,flag_depto,B,,transferencia_vs_homonimo,,,,,,georef+centroides,https://apis.datos.gob.ar/georef/api/departamentos,media,dist_km=233 -> homonimo probable (lejano). candidatos: San José/Fray Mamerto Esquiú [10063040]; San José/Santa María [1009114
v6_p04,175,Matará,Santiago del Estero,Matará,475,flag_bahra,A (aparcado),Matará,confirmar_candidato_georef,86098030,true,Matará,,,georef/localidades,https://apis.datos.gob.ar/georef/api,alta,BAHRA: el nombre no es localidad censal -> BAHRA es la fuente correcta (P7). id de capa 'localidades' NO es id censal INDEC valido
v3_p03,546,Campo Salles,Buenos Aires,San Nicolás,474,flag_variante_bahra,E-bahra-fuzzy,Campos Salles,confirmar_o_rechazar_candidato,,true,,,,georef/localidades,https://apis.datos.gob.ar/georef/api,BAJA (fuzzy en capa BAHRA: puede no ser el mismo lugar),antes era sin_match. candidatos: Campos Salles/San Nicolás [0676305001]
v5_p01,222,Berduc,Entre Ríos,Colón,473,flag_bahra,A (aparcado),Berduc,confirmar_candidato_georef,30008A01,,Berduc,,,georef/asentamientos,https://apis.datos.gob.ar/georef/api,alta,BAHRA: el nombre no es localidad censal -> fuente correcta (P7)
v4_p15,608,Salguero,Córdoba,Pte. Roque Sáenz Peña,469,flag_bahra,A (aparcado),Salguero,confirmar_candidato_georef,14084A24,,Salguero,,,georef/asentamientos,https://apis.datos.gob.ar/georef/api,alta,BAHRA: el nombre no es localidad censal -> fuente correcta (P7)
v8_p05,145,Trapiche,San Luis,Coronel Pringles,466,flag_variante,A (aparcado),El Trapiche,confirmar_candidato_georef,74021020,,El Trapiche,,,georef/,https://apis.datos.gob.ar/georef/api,media (nombre difiere),variante de nombre en el depto correcto
v3_p03,549,Blanca Grande,Buenos Aires,Olavarría,465,flag_variante_bahra,E-bahra-fuzzy,Laguna Blanca Grande,confirmar_o_rechazar_candidato,,,,,,georef/asentamientos,https://apis.datos.gob.ar/georef/api,BAJA (fuzzy en capa BAHRA: puede no ser el mismo lugar),antes era sin_match. candidatos: Laguna Blanca Grande/Olavarría [06595A15]
v8_p04,146,San Roque,San Juan,Jáchal,465,flag_bahra,A (aparcado),San Roque,confirmar_candidato_georef,70056A24,,San Roque,,,georef/asentamientos,https://apis.datos.gob.ar/georef/api,alta,BAHRA: el nombre no es localidad censal -> fuente correcta (P7)
v3_p15,551,M. Colman,Buenos Aires,Rauch,464,flag_sin_match,C5-rename,Estación Martín Colman,rename,,,,-36.4097,-59.1433,Wikipedia,https://es.wikipedia.org/wiki/Estaci%C3%B3n_Mart%C3%ADn_Colman,verde (guard: coord en depto esperado),[guard=verde; punto en Rauch] Estación y pequeño poblado en partido de Rauch (M. Colman = Martín Colman)
v7_p07,275,Palomitas,Salta,General Martín Miguel de Güemes,460,flag_bahra,A (aparcado),Palomitas,confirmar_candidato_georef,66049A20,,Palomitas,,,georef/asentamientos,https://apis.datos.gob.ar/georef/api,alta,BAHRA: el nombre no es localidad censal -> fuente correcta (P7)
v3_p02,554,Balneario Claromecó,Buenos Aires,Tres Arroyos,459,flag_sin_match,C-generador,Claromecó,confirmar_candidato_georef,06833020,,Claromecó,-38.8574731904502,-60.0730577260656,georef/localidades-censales,https://apis.datos.gob.ar/georef/api,alta (match exacto en depto del conjunto),candidato probado: 'Claromecó' [prefijo: se quita 'Balneario']
v3_p13,557,La Pastoril,La Pampa,Chalileo,458,flag_variante_bahra,E-bahra-fuzzy,Colonia La Pastoril,confirmar_o_rechazar_candidato,,,,,,georef/asentamientos,https://apis.datos.gob.ar/georef/api,BAJA (fuzzy en capa BAHRA: puede no ser el mismo lugar),antes era sin_match. candidatos: Colonia La Pastoril/Chalileo [42049A02]
v5_p07,223,Sosa,Entre Ríos,Paraná,458,flag_bahra,A (aparcado),Sosa,confirmar_candidato_georef,30084240,true,Sosa,,,georef/localidades,https://apis.datos.gob.ar/georef/api,alta,BAHRA: el nombre no es localidad censal -> BAHRA es la fuente correcta (P7). id de capa 'localidades' NO es id censal INDEC valido
v3_p08,558,Enrique Lavalle,Buenos Aires,Hipólito Yrigoyen,457,flag_sin_match,C5-manual_coord,Enrique Lavalle,manual_coord,,,,-36.4094,-61.9339,Wikipedia,https://es.wikipedia.org/wiki/Enrique_Lavalle,REVISAR (rojo),"[guard=rojo; punto en Daireaux] Paraje con Estacion Enrique Lavalle (FC Midland); hoy en partido Daireaux, sobre el limite con el partido Hipolito Yrigo"
v3_p08,559,Fauzón,Buenos Aires,9 de Julio,457,flag_bahra,A (aparcado),Fauzón,confirmar_candidato_georef,06588A09,,Fauzón,,,georef/asentamientos,https://apis.datos.gob.ar/georef/api,alta,BAHRA: el nombre no es localidad censal -> fuente correcta (P7)
v5_p04,224,Laso,Entre Ríos,Gualeguay,455,flag_variante,A (aparcado),Estación Lazo,confirmar_candidato_georef,30049020,,Estación Lazo,,,georef/,https://apis.datos.gob.ar/georef/api,media (nombre difiere),variante de nombre en el depto correcto
v5_p06,225,Raíces,Entre Ríos,Villaguay,452,flag_bahra,A (aparcado),Raíces,confirmar_candidato_georef,30113A35,,Raíces,,,georef/asentamientos,https://apis.datos.gob.ar/georef/api,alta,BAHRA: el nombre no es localidad censal -> fuente correcta (P7)
v5_p06,227,Punta Grande,Corrientes,Mburucuyá,450,flag_bahra,A (aparcado),Punta Grande,confirmar_candidato_georef,18098A06,,Punta Grande,,,georef/asentamientos,https://apis.datos.gob.ar/georef/api,alta,BAHRA: el nombre no es localidad censal -> fuente correcta (P7)
v7_p10,277,Senador Péres,Jujuy,Humahuaca,450,flag_sin_match,C5-manual_coord,Estación Senador Pérez (Uquía),manual_coord,,,,-23.3046,-65.3574,Wikipedia (Estación Senador Pérez / Uquía),https://es.wikipedia.org/wiki/Estaci%C3%B3n_Senador_P%C3%A9rez,verde (guard: coord en depto esperado),"[guard=verde; punto en Humahuaca] La estación Senador Pérez está en la localidad de Uquía, depto Humahuaca; coordenada de Uquía."
v3_p13,563,Leubuco,Buenos Aires,Adolfo Alsina,448,flag_bahra,A (aparcado),Leubucó,confirmar_candidato_georef,06007A12,,Leubucó,,,georef/asentamientos,https://apis.datos.gob.ar/georef/api,alta,BAHRA: el nombre no es localidad censal -> fuente correcta (P7)
v6_p07,180,Vicentini,Chaco,San Fernando,447,flag_sin_match,C5-barrio_de,Puerto Vicentini (barrio de Fontana),barrio_de,,,,-27.4014,-59.0392,Wikimapia/dices.net,http://wikimapia.org/33649922/es/BARRIO-PUERTO-VICENTINI,verde (guard: coord en depto esperado),"[guard=verde; punto en San Fernando] Antigua localidad Puerto Vicentini, hoy barrio de Fontana, depto San Fernando."
v9_1_2_p01,106,Cona Niyeo,Río Negro,9 de Julio,446,flag_variante,A (aparcado),Cona Niyeu,confirmar_candidato_georef,62049020,,Cona Niyeu,,,georef/,https://apis.datos.gob.ar/georef/api,media (nombre difiere),variante de nombre en el depto correcto
v3_p06,564,Dennhy,Buenos Aires,9 de Julio,441,flag_variante,A (aparcado),Dennehy,confirmar_candidato_georef,06588070,,Dennehy,,,georef/,https://apis.datos.gob.ar/georef/api,media (nombre difiere),variante de nombre en el depto correcto
v8_p02,151,Dixonville,San Luis,Gobernador Dupuy,441,flag_sin_match,C5-rename,Fortín El Patria (ex Dixonville),rename,,,,-34.7726,-65.5232,osm,https://nominatim.openstreetmap.org/search?q=Fort%C3%ADn%20El%20Patria%2C%20San%20Luis,verde (guard: coord en depto esperado),"[guard=verde; punto en Gobernador Dupuy] Estacion Dixonville, hoy paraje/municipio Fortin El Patria, depto Gobernador Dupuy, San Luis. Coincide depto (la coord d"
v6_p07,182,Velaz,Chaco,Bermejo,440,flag_variante_bahra,E-bahra-fuzzy,Colonia Vélaz,confirmar_o_rechazar_candidato,,,,,,georef/asentamientos,https://apis.datos.gob.ar/georef/api,BAJA (fuzzy en capa BAHRA: puede no ser el mismo lugar),antes era sin_match. candidatos: Colonia Vélaz/Bermejo [22014A04]
v7_p04,279,Golpes,Catamarca,Pomán,440,flag_variante,A (aparcado),Colpes,confirmar_candidato_georef,10084030,,Colpes,,,georef/,https://apis.datos.gob.ar/georef/api,media (nombre difiere),variante de nombre en el depto correcto
v3_p04,565,Claudio Molina,Buenos Aires,Tres Arroyos,439,flag_bahra,A (aparcado),Claudio Molina,confirmar_candidato_georef,06833A00,,Claudio Molina,,,georef/asentamientos,https://apis.datos.gob.ar/georef/api,alta,BAHRA: el nombre no es localidad censal -> fuente correcta (P7)
v4_p12,621,Monte Cristo,Córdoba,Río Primero,439,flag_sin_match,C5-manual_coord,Monte Cristo,manual_coord,,,,-31.3431,-63.9444,wikipedia,https://es.wikipedia.org/wiki/Monte_Cristo,REVISAR (rojo),"[guard=rojo; punto en Colón] Localidad de depto Río Primero (Córdoba), a 25 km de la capital, sobre RN19."
v4_p14,622,Punta del Agua,Córdoba,Río Primero,437,flag_depto,B,,transferencia_vs_homonimo,,,,,,georef+centroides,https://apis.datos.gob.ar/georef/api/departamentos,media,dist_km=143 -> zona gris. candidatos: Punta del Agua/Tercero Arriba [14161140]
v8_p04,152,Rincón del Este,San Luis,Junín,435,flag_sin_match,C5-manual_coord,Rincón del Este (Villa de Merlo),manual_coord,,,,-32.3506,-64.9827,OSM Nominatim,https://nominatim.openstreetmap.org/,verde (guard: coord en depto esperado),"[guard=verde; punto en Junín] Paraje/barrio al este de Villa de Merlo, depto Junín, San Luis (hoy reserva florofaunística)."
v6_p02,184,Desvío Bruchard,Formosa,Patiño,432,flag_sin_match,C5-manual_coord,Apeadero Bruchard (Ramal C25),manual_coord,,,,-25.14,-59.96,Wikipedia,https://es.wikipedia.org/wiki/Ramal_C25_del_Ferrocarril_Belgrano,verde (guard: coord en depto esperado),"[guard=verde; punto en Patiño] Apeadero km 1797 (cruza RP24) entre Estanislao del Campo e Ibarreta, depto Patiño; coordenada aproximada por interpolaci"
v8_p02,154,El Chorrillo,San Luis,La Capital,432,flag_bahra,A (aparcado),El Chorrillo,confirmar_candidato_georef,7405610003,true,El Chorrillo,,,georef/localidades,https://apis.datos.gob.ar/georef/api,alta,BAHRA: el nombre no es localidad censal -> BAHRA es la fuente correcta (P7). id de capa 'localidades' NO es id censal INDEC valido
v3_p11,568,Indacochea,Buenos Aires,Chivilcoy,431,flag_bahra,A (aparcado),Indacochea,confirmar_candidato_georef,06224A08,,Indacochea,,,georef/asentamientos,https://apis.datos.gob.ar/georef/api,alta,BAHRA: el nombre no es localidad censal -> fuente correcta (P7)
v6_p03,185,Jumial Grande,Santiago del Estero,Figueroa,431,flag_bahra,A (aparcado),Jumial Grande,confirmar_candidato_georef,86070A17,,Jumial Grande,,,georef/asentamientos,https://apis.datos.gob.ar/georef/api,alta,BAHRA: el nombre no es localidad censal -> fuente correcta (P7)
v3_p03,569,Bathurst,Buenos Aires,Coronel Suárez,428,flag_bahra,A (aparcado),Bathurst,confirmar_candidato_georef,06203A01,,Bathurst,,,georef/asentamientos,https://apis.datos.gob.ar/georef/api,alta,BAHRA: el nombre no es localidad censal -> fuente correcta (P7)
v3_p15,571,Mariano Roldán,Buenos Aires,Juárez,426,flag_bahra,A (aparcado),Mariano Roldán,confirmar_candidato_georef,06084A04,,Mariano Roldán,,,georef/asentamientos,https://apis.datos.gob.ar/georef/api,alta,BAHRA: el nombre no es localidad censal -> fuente correcta (P7)
v9_1_2_p03,109,Manantiales Behr,Chubut,Escalante,426,flag_bahra,A (aparcado),Manantiales Behr,confirmar_candidato_georef,26021A08,,Manantiales Behr,,,georef/asentamientos,https://apis.datos.gob.ar/georef/api,alta,BAHRA: el nombre no es localidad censal -> fuente correcta (P7)
v3_p15,573,Mari Lauquen,Buenos Aires,Trenque Lauquen,425,flag_bahra,A (aparcado),Mari Lauquen,confirmar_candidato_georef,06826A19,,Mari Lauquen,,,georef/asentamientos,https://apis.datos.gob.ar/georef/api,alta,BAHRA: el nombre no es localidad censal -> fuente correcta (P7)
v4_p10,628,Las Tapias,Córdoba,Río Cuarto,424,flag_depto,B,,transferencia_vs_homonimo,,,,,,georef+centroides,https://apis.datos.gob.ar/georef/api/departamentos,media,dist_km=152 -> homonimo probable (lejano). candidatos: Las Tapias/San Javier [14133100]
v6_p04,190,La Tapa,Santiago del Estero,Figueroa,424,flag_bahra,A (aparcado),La Tapa,confirmar_candidato_georef,86070A27,,La Tapa,,,georef/asentamientos,https://apis.datos.gob.ar/georef/api,alta,BAHRA: el nombre no es localidad censal -> fuente correcta (P7)
v3_p01,574,Araujo,Buenos Aires,25 de Mayo,422,flag_bahra,A (aparcado),Araujo,confirmar_candidato_georef,06854A01,,Araujo,,,georef/asentamientos,https://apis.datos.gob.ar/georef/api,alta,BAHRA: el nombre no es localidad censal -> fuente correcta (P7)
v5_p04,231,Itacuararé,Misiones,San Javier,422,flag_variante,A (aparcado),Itacaruaré,confirmar_candidato_georef,54105020,,Itacaruaré,,,georef/,https://apis.datos.gob.ar/georef/api,media (nombre difiere),variante de nombre en el depto correcto
v4_p14,631,Punta de Agua,Córdoba,Río Cuarto,421,flag_depto,B,,transferencia_vs_homonimo,,,,,,georef+centroides,https://apis.datos.gob.ar/georef/api/departamentos,media,dist_km=274 -> homonimo probable (lejano). candidatos: Punta de Agua/Río Primero [14105235]
v3_p09,576,Gil,Buenos Aires,Coronel Dorrego,419,flag_bahra,A (aparcado),Gil,confirmar_candidato_georef,06189A08,,Gil,,,georef/asentamientos,https://apis.datos.gob.ar/georef/api,alta,BAHRA: el nombre no es localidad censal -> fuente correcta (P7)
v7_p05,287,La Falda,Catamarca,Fray Mamerto Esquiú,417,flag_variante_bahra,E-bahra-fuzzy,La Falda de San Antonio,confirmar_o_rechazar_candidato,,true,,,,georef/localidades,https://apis.datos.gob.ar/georef/api,BAJA (fuzzy en capa BAHRA: puede no ser el mismo lugar),antes era sin_match. candidatos: La Falda de San Antonio/Fray Mamerto Esquiú [1006304003]
v8_p02,155,Embalse La Florida,San Luis,Coronel Pringles,417,flag_sin_match,C5-rename,La Florida,rename,,,,-33.1182,-66.0008,Wikipedia,https://es.wikipedia.org/wiki/La_Florida_(San_Luis),verde (guard: coord en depto esperado),"[guard=verde; punto en Coronel Pringles] Localidad junto al Embalse La Florida, depto Coronel Pringles"
v3_p10,578,Hunter,Buenos Aires,Rojas,416,flag_bahra,A (aparcado),Hunter,confirmar_candidato_georef,06686A02,,Hunter,,,georef/asentamientos,https://apis.datos.gob.ar/georef/api,alta,BAHRA: el nombre no es localidad censal -> fuente correcta (P7)
v4_p19,633,V. Rosario del Saladillo,Córdoba,Tulumba,416,flag_sin_match,C5-manual_coord,Villa Rosario del Saladillo,manual_coord,,,,-30.4311,-63.4731,Wikipedia,https://es.wikipedia.org/wiki/Rosario_del_Saladillo,verde (guard: coord en depto esperado),"[guard=verde; punto en Tulumba] Rosario del Saladillo (Villa), depto Tulumba, Cordoba"
v5_p02,233,Colonia Carolina,Corrientes,Goya,416,flag_sin_match,C-generador,Carolina,confirmar_candidato_georef,18070010,,Carolina,-29.1433295431663,-59.181029701103,georef/localidades-censales,https://apis.datos.gob.ar/georef/api,alta (match exacto en depto del conjunto),candidato probado: 'Carolina' [prefijo: se quita 'Colonia']
v5_p02,234,Colonia Hocker,Entre Ríos,Colón,410,flag_sin_match,C-generador,Hocker,confirmar_candidato_georef,30008050,,Hocker,-32.0855250470155,-58.3417797262943,georef/localidades-censales,https://apis.datos.gob.ar/georef/api,alta (match exacto en depto del conjunto),candidato probado: 'Hocker' [prefijo: se quita 'Colonia']
v6_p06,194,Santo Domingo,Santiago del Estero,Ojo de Agua,410,flag_depto,B,,transferencia_vs_homonimo,,,,,,georef+centroides,https://apis.datos.gob.ar/georef/api/departamentos,media,dist_km=343 -> homonimo probable (lejano). candidatos: Santo Domingo/Pellegrini [86133060]
v3_p11,582,Ingeniero Williams,Buenos Aires,Navarro,408,flag_bahra,A (aparcado),Ingeniero Williams,confirmar_candidato_georef,06574A04,,Ingeniero Williams,,,georef/asentamientos,https://apis.datos.gob.ar/georef/api,alta,BAHRA: el nombre no es localidad censal -> fuente correcta (P7)
v3_p20,584,Santos Unzué,Buenos Aires,9 de Julio,405,flag_bahra,A (aparcado),Santos Unzué,confirmar_candidato_georef,06588A22,,Santos Unzué,,,georef/asentamientos,https://apis.datos.gob.ar/georef/api,alta,BAHRA: el nombre no es localidad censal -> fuente correcta (P7)
v5_p07,235,Solá,Entre Ríos,Tala,404,flag_variante,A (aparcado),Gobernador Sola,confirmar_candidato_georef,30091060,,Gobernador Sola,,,georef/,https://apis.datos.gob.ar/georef/api,media (nombre difiere),variante de nombre en el depto correcto
v3_p02,586,Arroyo del Medio,Buenos Aires,Pergamino,403,flag_bahra,A (aparcado),Arroyo del Medio,confirmar_candidato_georef,06623A00,,Arroyo del Medio,,,georef/asentamientos,https://apis.datos.gob.ar/georef/api,alta,BAHRA: el nombre no es localidad censal -> fuente correcta (P7)
v5_p06,237,Puerto Rosario,Misiones,San Javier,402,flag_bahra,A (aparcado),Puerto Rosario,confirmar_candidato_georef,54105A08,,Puerto Rosario,,,georef/asentamientos,https://apis.datos.gob.ar/georef/api,alta,BAHRA: el nombre no es localidad censal -> fuente correcta (P7)
v7_p03,293,Dr. Facundo Zuviría,Salta,Chicoana,402,flag_sin_match,C5-manual_coord,Facundo Zuviría (El Carril),manual_coord,,,,-25.0709,-65.4935,OSM Nominatim,"https://nominatim.openstreetmap.org/search?q=Facundo+Zuviria,+Salta,+Argentina",verde (guard: coord en depto esperado),"[guard=verde; punto en Chicoana] Paraje/estación Facundo de Zuviría en El Carril, depto Chicoana (se descarta el homónimo Facundo Zuviría en Gral. San Ma"
v3_p08,589,Francisco Murature,Buenos Aires,Adolfo Alsina,401,flag_bahra,A (aparcado),Francisco Murature,confirmar_candidato_georef,06007A09,,Francisco Murature,,,georef/asentamientos,https://apis.datos.gob.ar/georef/api,alta,BAHRA: el nombre no es localidad censal -> fuente correcta (P7)
v6_p04,197,Mal Paso,Santiago del Estero,Capital,401,flag_sin_match,C5-manual_coord,Mal Paso,manual_coord,,,,-27.7667,-64.3097,Wikipedia (Aeropuerto Mal Paso / Vicecomodoro Aragonés),https://en.wikipedia.org/wiki/Vicecomodoro_%C3%81ngel_de_la_Paz_Aragon%C3%A9s_Airport,verde (guard: coord en depto esperado),[guard=verde; punto en Capital] Paraje al NO de la ciudad de Santiago del Estero (depto Capital); coordenada del aeródromo homónimo 'Mal Paso'.
v3_p16,590,Nahuel Ruca,Buenos Aires,Mar Chiquita,400,flag_bahra,A (aparcado),Nahuel Rucá,confirmar_candidato_georef,06518A10,,Nahuel Rucá,,,georef/asentamientos,https://apis.datos.gob.ar/georef/api,alta,BAHRA: el nombre no es localidad censal -> fuente correcta (P7)
v3_p08,592,Esteban de Luca,Buenos Aires,Carlos Tejedor,398,flag_bahra,A (aparcado),Esteban de Luca,confirmar_candidato_georef,06154A05,,Esteban de Luca,,,georef/asentamientos,https://apis.datos.gob.ar/georef/api,alta,BAHRA: el nombre no es localidad censal -> fuente correcta (P7)
v3_p13,593,La Porteña,Buenos Aires,Trenque Lauquen,398,flag_bahra,A (aparcado),La Porteña,confirmar_candidato_georef,06826A14,,La Porteña,,,georef/asentamientos,https://apis.datos.gob.ar/georef/api,alta,BAHRA: el nombre no es localidad censal -> fuente correcta (P7)
v7_p11,297,Vinchina,La Rioja,General Sarmiento,395,flag_variante,A (aparcado),Villa San José de Vinchina,confirmar_candidato_georef,46098020,,Villa San José de Vinchina,,,georef/,https://apis.datos.gob.ar/georef/api,media (nombre difiere),variante de nombre en el depto correcto
v3_p10,595,Huetel,Buenos Aires,25 de Mayo,393,flag_bahra,A (aparcado),Huetel,confirmar_candidato_georef,06854A08,,Huetel,,,georef/asentamientos,https://apis.datos.gob.ar/georef/api,alta,BAHRA: el nombre no es localidad censal -> fuente correcta (P7)
v3_p14,597,María Lucila,Buenos Aires,Hipólito Yrigoyen,393,flag_bahra,A (aparcado),María Lucila,confirmar_candidato_georef,06406A04,,María Lucila,,,georef/asentamientos,https://apis.datos.gob.ar/georef/api,alta,BAHRA: el nombre no es localidad censal -> fuente correcta (P7)
v3_p14,598,Lia Calel,Buenos Aires,Tres Arroyos,392,flag_sin_match,C5-rename,Lin Calel,rename,,,,-38.7000,-60.2333,gazetteer,https://www.dices.net/mapas/argentina/mapa.php?nombre=Lin-Calel&id=877,verde (guard: coord en depto esperado),"[guard=verde; punto en Tres Arroyos] Transcripcion 'Lia Calel' = Lin Calel, pueblo/estacion del partido Tres Arroyos, Buenos Aires. Coincide depto."
v7_p04,298,El Recreo,Catamarca,Santa María,391,flag_sin_match,C5-manual_coord,"El Recreo (paraje, 25 de Mayo)",manual_coord,,,,-26.7221,-66.0573,osm,"https://nominatim.openstreetmap.org/search?q=El+Recreo,+Santa+Maria,+Catamarca,+Argentina",verde (guard: coord en depto esperado),[guard=verde; punto en Santa María] Paraje El Recreo (distrito 25 de Mayo) en depto Santa María (Catamarca). NO es el homónimo Recreo/La Paz de la pista.
v4_p09,639,Laguna del Monte,Córdoba,Pte. Roque Sáenz Peña,390,flag_bahra,A (aparcado),Laguna del Monte,confirmar_candidato_georef,14084A20,,Laguna del Monte,,,georef/asentamientos,https://apis.datos.gob.ar/georef/api,alta,BAHRA: el nombre no es localidad censal -> fuente correcta (P7)
v3_p14,599,Macedo,Buenos Aires,General Juan Madariaga,389,flag_bahra,A (aparcado),Macedo,confirmar_candidato_georef,06315A13,,Macedo,,,georef/asentamientos,https://apis.datos.gob.ar/georef/api,alta,BAHRA: el nombre no es localidad censal -> fuente correcta (P7)
v3_p20,600,Santa Inés,Buenos Aires,Carlos Tejedor,389,flag_bahra,A (aparcado),Santa Inés,confirmar_candidato_georef,06154A15,,Santa Inés,,,georef/asentamientos,https://apis.datos.gob.ar/georef/api,alta,BAHRA: el nombre no es localidad censal -> fuente correcta (P7)
v6_p02,201,El Pintado,Chaco,General Güemes,388,flag_bahra,A (aparcado),El Pintado,confirmar_candidato_georef,22063A47,,El Pintado,,,georef/asentamientos,https://apis.datos.gob.ar/georef/api,alta,BAHRA: el nombre no es localidad censal -> fuente correcta (P7)
v3_p17,602,Pichi-Huincha,La Pampa,Rancul,386,flag_variante,A (aparcado),Pichi Huinca,confirmar_candidato_georef,42126050,,Pichi Huinca,,,georef/,https://apis.datos.gob.ar/georef/api,media (nombre difiere),variante de nombre en el depto correcto
v5_p04,243,Las Mercedes,Entre Ríos,Gualeguaychú,385,flag_bahra,A (aparcado),Las Mercedes,confirmar_candidato_georef,30056A25,,Las Mercedes,,,georef/asentamientos,https://apis.datos.gob.ar/georef/api,alta,BAHRA: el nombre no es localidad censal -> fuente correcta (P7)
v3_p11,604,Juancho,Buenos Aires,General Juan Madariaga,384,flag_bahra,A (aparcado),Juancho,confirmar_candidato_georef,06315A04,,Juancho,,,georef/asentamientos,https://apis.datos.gob.ar/georef/api,alta,BAHRA: el nombre no es localidad censal -> fuente correcta (P7)
v5_p05,244,Paraje San Isidro,Corrientes,Goya,384,flag_sin_match,C-generador,San Isidro,confirmar_candidato_georef,18070030,,San Isidro,-29.498483161934,-59.3159091129083,georef/localidades-censales,https://apis.datos.gob.ar/georef/api,alta (match exacto en depto del conjunto),candidato probado: 'San Isidro' [prefijo: se quita 'Paraje']
v3_p17,605,Piñeyro,Buenos Aires,Coronel Suárez,383,flag_bahra,A (aparcado),Piñeyro,confirmar_candidato_georef,06203A15,,Piñeyro,,,georef/asentamientos,https://apis.datos.gob.ar/georef/api,alta,BAHRA: el nombre no es localidad censal -> fuente correcta (P7)
v3_p07,606,Enrique Fynn,Buenos Aires,General Las Heras,382,flag_bahra,A (aparcado),Enrique Fynn,confirmar_candidato_georef,06329A00,,Enrique Fynn,,,georef/asentamientos,https://apis.datos.gob.ar/georef/api,alta,BAHRA: el nombre no es localidad censal -> fuente correcta (P7)
v6_p01,204,Belgrano,Santiago del Estero,Quebrachos,381,flag_bahra,A (aparcado),Belgrano,confirmar_candidato_georef,86140A01,,Belgrano,,,georef/asentamientos,https://apis.datos.gob.ar/georef/api,alta,BAHRA: el nombre no es localidad censal -> fuente correcta (P7)
v3_p13,608,La Paz Chica,Buenos Aires,Roque Pérez,380,flag_bahra,A (aparcado),La Paz Chica,confirmar_candidato_georef,06693A11,,La Paz Chica,,,georef/asentamientos,https://apis.datos.gob.ar/georef/api,alta,BAHRA: el nombre no es localidad censal -> fuente correcta (P7)
v4_p14,641,Quebrada de los Pozos,Córdoba,San Javier,380,flag_bahra,A (aparcado),Quebrada de los Pozos,confirmar_candidato_georef,14133160,,Quebrada de los Pozos,,,georef/asentamientos,https://apis.datos.gob.ar/georef/api,alta,BAHRA: el nombre no es localidad censal -> fuente correcta (P7)
v5_p01,245,Baibiene,Corrientes,Curuzú Cuatiá,380,flag_bahra,A (aparcado),Baibiene,confirmar_candidato_georef,18035A05,,Baibiene,,,georef/asentamientos,https://apis.datos.gob.ar/georef/api,alta,BAHRA: el nombre no es localidad censal -> fuente correcta (P7)
v7_p08,300,Río Piedras,Salta,Metán,380,flag_bahra,A (aparcado),Río Piedras,confirmar_candidato_georef,66112070,true,Río Piedras,,,georef/localidades,https://apis.datos.gob.ar/georef/api,alta,BAHRA: el nombre no es localidad censal -> BAHRA es la fuente correcta (P7). id de capa 'localidades' NO es id censal INDEC valido
v4_p02,642,Cabana,Córdoba,Colón,379,flag_sin_match,C5-manual_coord,Cabana,manual_coord,,,,-31.2175,-64.3502,Wikipedia,https://es.wikipedia.org/wiki/Cabana_(Argentina),verde (guard: coord en depto esperado),"[guard=verde; punto en Colón] Localidad en la ladera este de las Sierras Chicas, depto Colón, cerca de Unquillo, Córdoba."
v4_p03,643,Candelaria Norte,Córdoba,Río Seco,379,flag_sin_match,C5-rename,Villa Candelaria Norte,rename,,,,-29.8119,-63.3539,Wikipedia,https://es.wikipedia.org/wiki/Villa_Candelaria_Norte,verde (guard: coord en depto esperado),"[guard=verde; punto en Río Seco] Localidad del depto Río Seco, Córdoba"
v7_p01,302,Adolfo E. Carranza,Catamarca,Capayán,379,flag_bahra,A (aparcado),Adolfo E. Carranza,confirmar_candidato_georef,10042010,,Adolfo E. Carranza,,,georef/asentamientos,https://apis.datos.gob.ar/georef/api,alta,BAHRA: el nombre no es localidad censal -> fuente correcta (P7)
v3_p12,610,La Negra,Buenos Aires,Necochea,378,flag_bahra,A (aparcado),La Negra,confirmar_candidato_georef,06581A09,,La Negra,,,georef/asentamientos,https://apis.datos.gob.ar/georef/api,alta,BAHRA: el nombre no es localidad censal -> fuente correcta (P7)
v4_p04,644,Colonia el Carmen,Córdoba,Río Cuarto,378,flag_bahra,A (aparcado),Colonia El Carmen,confirmar_candidato_georef,14098A11,,Colonia El Carmen,,,georef/asentamientos,https://apis.datos.gob.ar/georef/api,alta,BAHRA: el nombre no es localidad censal -> fuente correcta (P7)
v6_p05,205,Pozo del Indio,Chaco,Nueve de Julio,378,flag_bahra,A (aparcado),Pozo del Indio,confirmar_candidato_georef,22105A34,,Pozo del Indio,,,georef/asentamientos,https://apis.datos.gob.ar/georef/api,alta,BAHRA: el nombre no es localidad censal -> fuente correcta (P7)
v4_p13,646,Pozo de la Loma,Córdoba,Río Primero,377,flag_bahra,A (aparcado),Pozo de la Loma,confirmar_candidato_georef,14105A36,,Pozo de la Loma,,,georef/asentamientos,https://apis.datos.gob.ar/georef/api,alta,BAHRA: el nombre no es localidad censal -> fuente correcta (P7)
v6_p02,206,El Chorro,Formosa,Ramón Lista,377,flag_sin_match,C5-manual_coord,El Chorro,manual_coord,,,,-23.2167,-62.3000,Wikipedia,https://es.wikipedia.org/wiki/El_Chorro_(Formosa),verde (guard: coord en depto esperado),[guard=verde; punto en Ramón Lista] Localidad del depto Ramón Lista; se llamó General Mosconi 1977-2015 y recuperó el nombre El Chorro
v3_p07,611,Emma,Buenos Aires,General Alvear,376,flag_bahra,A (aparcado),Emma,confirmar_candidato_georef,06287A07,,Emma,,,georef/asentamientos,https://apis.datos.gob.ar/georef/api,alta,BAHRA: el nombre no es localidad censal -> fuente correcta (P7)
v9_1_2_p01,116,Centro Río Mayo,Chubut,Río Senguer,376,flag_sin_match,C5-manual_coord,Río Mayo,manual_coord,,,,-45.6869,-70.2600,Wikipedia,https://es.wikipedia.org/wiki/R%C3%ADo_Mayo_(ciudad),verde (guard: coord en depto esperado),"[guard=verde; punto en Río Senguer] Centro de la ciudad de Rio Mayo, depto Rio Senguer, Chubut"
v9_1_2_p03,117,Llao-Llao,Río Negro,Bariloche,376,flag_variante_bahra,E-bahra-fuzzy,Villa Llao Llao,confirmar_o_rechazar_candidato,,true,,,,georef/localidades,https://apis.datos.gob.ar/georef/api,BAJA (fuzzy en capa BAHRA: puede no ser el mismo lugar),antes era sin_match. candidatos: Villa Llao Llao/Bariloche [6202106003]
v3_p18,612,Primera Junta,Buenos Aires,Trenque Lauquen,375,flag_bahra,A (aparcado),Primera Junta,confirmar_candidato_georef,06826A22,,Primera Junta,,,georef/asentamientos,https://apis.datos.gob.ar/georef/api,alta,BAHRA: el nombre no es localidad censal -> fuente correcta (P7)
v4_p15,648,San Ambrosio,Córdoba,Río Cuarto,375,flag_bahra,A (aparcado),San Ambrosio,confirmar_candidato_georef,14098A70,,San Ambrosio,,,georef/asentamientos,https://apis.datos.gob.ar/georef/api,alta,BAHRA: el nombre no es localidad censal -> fuente correcta (P7)
v3_p10,613,Hereford,Buenos Aires,Carlos Tejedor,374,flag_variante_bahra,E-bahra-fuzzy,Heresford,confirmar_o_rechazar_candidato,,,,,,georef/asentamientos,https://apis.datos.gob.ar/georef/api,BAJA (fuzzy en capa BAHRA: puede no ser el mismo lugar),antes era sin_match. candidatos: Heresford/Carlos Tejedor [06154A06]
v7_p01,305,Aráoz,Tucumán,Leales,374,flag_variante,A (aparcado),Estación Aráoz,confirmar_candidato_georef,90056020,,Estación Aráoz,,,georef/,https://apis.datos.gob.ar/georef/api,media (nombre difiere),variante de nombre en el depto correcto
v3_p11,614,José Ferrari,Buenos Aires,Magdalena,373,flag_bahra,A (aparcado),José Ferrari,confirmar_candidato_georef,06505A04,,José Ferrari,,,georef/asentamientos,https://apis.datos.gob.ar/georef/api,alta,BAHRA: el nombre no es localidad censal -> fuente correcta (P7)
v3_p05,615,Coronel Isleño,Buenos Aires,Salto,372,flag_bahra,A (aparcado),Coronel Isleño,confirmar_candidato_georef,06714A01,,Coronel Isleño,,,georef/asentamientos,https://apis.datos.gob.ar/georef/api,alta,BAHRA: el nombre no es localidad censal -> fuente correcta (P7)
v3_p11,617,José Santos Arévalo,Buenos Aires,Lobos,372,flag_bahra,A (aparcado),José Santos Arévalo,confirmar_candidato_georef,06483A09,,José Santos Arévalo,,,georef/asentamientos,https://apis.datos.gob.ar/georef/api,alta,BAHRA: el nombre no es localidad censal -> fuente correcta (P7)
v3_p18,618,Reserva,Buenos Aires,Coronel Pringles,372,flag_bahra,A (aparcado),Reserva,confirmar_candidato_georef,06196A17,,Reserva,,,georef/asentamientos,https://apis.datos.gob.ar/georef/api,alta,BAHRA: el nombre no es localidad censal -> fuente correcta (P7)
v3_p12,620,La Noria,Buenos Aires,Cañuelas,371,flag_bahra,A (aparcado),La Noria,confirmar_candidato_georef,06134A03,,La Noria,,,georef/asentamientos,https://apis.datos.gob.ar/georef/api,alta,BAHRA: el nombre no es localidad censal -> fuente correcta (P7)
v3_p20,621,Santiago Larré,Buenos Aires,Roque Pérez,371,flag_bahra,A (aparcado),Santiago Larré,confirmar_candidato_georef,06693A18,,Santiago Larré,,,georef/asentamientos,https://apis.datos.gob.ar/georef/api,alta,BAHRA: el nombre no es localidad censal -> fuente correcta (P7)
v6_p05,209,Pampa Florida,Chaco,Maipú,371,flag_sin_match,C5-manual_coord,Pampa Florida,manual_coord,,,,-26.5630,-60.3912,OSM Nominatim,"https://nominatim.openstreetmap.org/search?q=Pampa+Florida,+Chaco,+Argentina",verde (guard: coord en depto esperado),"[guard=verde; punto en Maipú] Paraje en Municipio de Tres Isletas, depto Maipú, Chaco."
v7_p05,306,Jerónimo Matorras,Salta,Orán,369,flag_bahra,A (aparcado),Jerónimo Matorras,confirmar_candidato_georef,66126A13,,Jerónimo Matorras,,,georef/asentamientos,https://apis.datos.gob.ar/georef/api,alta,BAHRA: el nombre no es localidad censal -> fuente correcta (P7)
v3_p03,625,Calvo,Buenos Aires,Coronel Dorrego,368,flag_bahra,A (aparcado),Calvo,confirmar_candidato_georef,06189A00,,Calvo,,,georef/asentamientos,https://apis.datos.gob.ar/georef/api,alta,BAHRA: el nombre no es localidad censal -> fuente correcta (P7)
v5_p01,248,Cañaditas,Corrientes,Sauce,368,flag_bahra,A (aparcado),Cañaditas,confirmar_candidato_georef,18175A01,,Cañaditas,,,georef/asentamientos,https://apis.datos.gob.ar/georef/api,alta,BAHRA: el nombre no es localidad censal -> fuente correcta (P7)
v7_p08,307,Pomancillo,Catamarca,Fray Mamerto Esquiú,368,flag_variante,D,,desambiguar,,,,,,georef,,baja,>1 candidato: Pomancillo Este/Fray Mamerto Esquiú [10063020]; Pomancillo Oeste/Fray Mamerto Esquiú [10063030]
v4_p12,652,Marini,Santa Fe,Castellanos,367,flag_variante,A (aparcado),Pueblo Marini,confirmar_candidato_georef,82021300,,Pueblo Marini,,,georef/,https://apis.datos.gob.ar/georef/api,media (nombre difiere),variante de nombre en el depto correcto
v8_p05,160,Varela,San Luis,La Capital,367,flag_bahra,A (aparcado),Varela,confirmar_candidato_georef,74056A32,,Varela,,,georef/asentamientos,https://apis.datos.gob.ar/georef/api,alta,BAHRA: el nombre no es localidad censal -> fuente correcta (P7)
v3_p21,628,Tres Lagunas,Buenos Aires,Adolfo Alsina,366,flag_bahra,A (aparcado),Tres Lagunas,confirmar_candidato_georef,06007A19,,Tres Lagunas,,,georef/asentamientos,https://apis.datos.gob.ar/georef/api,alta,BAHRA: el nombre no es localidad censal -> fuente correcta (P7)
v3_p04,629,Cerrito,Buenos Aires,Rivadavia,365,flag_bahra,A (aparcado),Cerrito,confirmar_candidato_georef,06679A01,,Cerrito,,,georef/asentamientos,https://apis.datos.gob.ar/georef/api,alta,BAHRA: el nombre no es localidad censal -> fuente correcta (P7)
v4_p17,653,Santa Victoria,Córdoba,General San Martín,365,flag_bahra,A (aparcado),Santa Victoria,confirmar_candidato_georef,14042A11,,Santa Victoria,,,georef/asentamientos,https://apis.datos.gob.ar/georef/api,alta,BAHRA: el nombre no es localidad censal -> fuente correcta (P7)
v3_p18,631,Pueblitos,Buenos Aires,25 de Mayo,364,flag_bahra,A (aparcado),Pueblitos,confirmar_candidato_georef,06854A20,,Pueblitos,,,georef/asentamientos,https://apis.datos.gob.ar/georef/api,alta,BAHRA: el nombre no es localidad censal -> fuente correcta (P7)
v9_1_2_p02,120,Coronel Eugenio del Busto,Río Negro,Pichi-Mahuida,363,flag_bahra,A (aparcado),Coronel Eugenio del Busto,confirmar_candidato_georef,62063A03,,Coronel Eugenio del Busto,,,georef/asentamientos,https://apis.datos.gob.ar/georef/api,alta,BAHRA: el nombre no es localidad censal -> fuente correcta (P7)
v3_p09,633,General Rondeau,Buenos Aires,Puán,362,flag_bahra,A (aparcado),General Rondeau,confirmar_candidato_georef,06651A04,,General Rondeau,,,georef/asentamientos,https://apis.datos.gob.ar/georef/api,alta,BAHRA: el nombre no es localidad censal -> fuente correcta (P7)
v3_p19,636,San Benito,Buenos Aires,Saladillo,358,flag_bahra,A (aparcado),San Benito,confirmar_candidato_georef,06707A25,,San Benito,,,georef/asentamientos,https://apis.datos.gob.ar/georef/api,alta,BAHRA: el nombre no es localidad censal -> fuente correcta (P7)
v4_p15,654,San Antonio,Córdoba,San Justo,358,flag_variante_bahra,E-bahra-fuzzy,Capilla San Antonio,confirmar_o_rechazar_candidato,,,,,,georef/asentamientos,https://apis.datos.gob.ar/georef/api,BAJA (fuzzy en capa BAHRA: puede no ser el mismo lugar),antes era sin_match. candidatos: Capilla San Antonio/San Justo [14140A16]
v7_p04,310,El Morano,Jujuy,Tumbaya,358,flag_variante,A (aparcado),El Moreno,confirmar_candidato_georef,38098020,,El Moreno,,,georef/,https://apis.datos.gob.ar/georef/api,media (nombre difiere),variante de nombre en el depto correcto
v4_p06,655,Encrucijada,Córdoba,Río Seco,357,flag_variante_bahra,E-bahra-fuzzy,Encrucijadas,confirmar_o_rechazar_candidato,,,,,,georef/asentamientos,https://apis.datos.gob.ar/georef/api,BAJA (fuzzy en capa BAHRA: puede no ser el mismo lugar),antes era sin_match. candidatos: Encrucijadas/Río Seco [14112A10]
v5_p01,249,Cataratas del Iguazú,Misiones,Iguazú,357,flag_bahra,A (aparcado),Cataratas del Iguazú,confirmar_candidato_georef,54063A02,,Cataratas del Iguazú,,,georef/asentamientos,https://apis.datos.gob.ar/georef/api,alta,BAHRA: el nombre no es localidad censal -> fuente correcta (P7)
v4_p06,656,El Quebracho,Córdoba,Calamuchita,356,flag_bahra,A (aparcado),El Quebracho,confirmar_candidato_georef,14007A16,,El Quebracho,,,georef/asentamientos,https://apis.datos.gob.ar/georef/api,alta,BAHRA: el nombre no es localidad censal -> fuente correcta (P7)
v3_p07,639,El Jabalí,Buenos Aires,9 de Julio,355,flag_bahra,A (aparcado),El Jabalí,confirmar_candidato_georef,06588A06,,El Jabalí,,,georef/asentamientos,https://apis.datos.gob.ar/georef/api,alta,BAHRA: el nombre no es localidad censal -> fuente correcta (P7)
v3_p06,640,Dieciseis de Julio,Buenos Aires,Azul,354,flag_sin_match,C-generador,16 de Julio,confirmar_candidato_georef,06049050,,16 de Julio,-37.20009841127,-60.1644141143862,georef/localidades-censales,https://apis.datos.gob.ar/georef/api,alta (match exacto en depto del conjunto),candidato probado: '16 de Julio' [numero-palabra -> digito: Dieciseis->16]
v8_p01,161,Cienegüita,San Juan,Sarmiento,354,flag_variante,A (aparcado),Cienaguita,confirmar_candidato_georef,70105020,,Cienaguita,,,georef/,https://apis.datos.gob.ar/georef/api,media (nombre difiere),variante de nombre en el depto correcto
v3_p08,641,Etchegoyen,Buenos Aires,Exaltación de la Cruz,353,flag_bahra,A (aparcado),Etchegoyen,confirmar_candidato_georef,06266A01,,Etchegoyen,,,georef/asentamientos,https://apis.datos.gob.ar/georef/api,alta,BAHRA: el nombre no es localidad censal -> fuente correcta (P7)
v6_p05,211,Puerto Las Palmas,Chaco,Bermejo,353,flag_bahra,A (aparcado),Puerto Las Palmas,confirmar_candidato_georef,22014A20,,Puerto Las Palmas,,,georef/asentamientos,https://apis.datos.gob.ar/georef/api,alta,BAHRA: el nombre no es localidad censal -> fuente correcta (P7)
v3_p11,642,José M. Micheo,Buenos Aires,General Alvear,352,flag_sin_match,C5-rename,Estación José María Micheo,rename,,,,-35.8816,-59.9466,Wikipedia (Estación José María Micheo),https://es.wikipedia.org/wiki/Estaci%C3%B3n_Jos%C3%A9_Mar%C3%ADa_Micheo,verde (guard: coord en depto esperado),[guard=verde; punto en General Alvear] Paraje/estación en partido General Alvear.
v5_p06,251,San Antonio,Corrientes,Paso de los Libres,350,flag_depto,B,,transferencia_vs_homonimo,,,,,,georef+centroides,https://apis.datos.gob.ar/georef/api/departamentos,media,dist_km=194 -> homonimo probable (lejano). candidatos: San Antonio/Ituzaingó [18084030]
v7_p07,312,Mojotoro,Salta,La Caldera,350,flag_bahra,A (aparcado),Mojotoro,confirmar_candidato_georef,66077A06,,Mojotoro,,,georef/asentamientos,https://apis.datos.gob.ar/georef/api,alta,BAHRA: el nombre no es localidad censal -> fuente correcta (P7)
v7_p07,313,Nasareno,Salta,Santa Victoria,350,flag_variante,A (aparcado),Nazareno,confirmar_candidato_georef,66161040,,Nazareno,,,georef/,https://apis.datos.gob.ar/georef/api,media (nombre difiere),variante de nombre en el depto correcto
v3_p22,643,Viñas,Buenos Aires,Bartolomé Mitre,349,flag_variante,A (aparcado),Viña,confirmar_candidato_georef,06077030,,Viña,,,georef/,https://apis.datos.gob.ar/georef/api,media (nombre difiere),variante de nombre en el depto correcto
v5_p04,252,La Esmeralda,Entre Ríos,Feliciano,348,flag_bahra,A (aparcado),La Esmeralda,confirmar_candidato_georef,30042A07,,La Esmeralda,,,georef/asentamientos,https://apis.datos.gob.ar/georef/api,alta,BAHRA: el nombre no es localidad censal -> fuente correcta (P7)
v3_p13,645,Las Mostazas,Buenos Aires,Coronel Pringles,347,flag_bahra,A (aparcado),Las Mostazas,confirmar_candidato_georef,06196A13,,Las Mostazas,,,georef/asentamientos,https://apis.datos.gob.ar/georef/api,alta,BAHRA: el nombre no es localidad censal -> fuente correcta (P7)
v3_p05,646,Cuculú,Buenos Aires,San Andrés de Giles,346,flag_variante,A (aparcado),Cucullú,confirmar_candidato_georef,06728020,,Cucullú,,,georef/,https://apis.datos.gob.ar/georef/api,media (nombre difiere),variante de nombre en el depto correcto
v6_p04,212,Los Linares,Santiago del Estero,General Taboada,346,flag_bahra,A (aparcado),Los Linares,confirmar_candidato_georef,86077A10,,Los Linares,,,georef/asentamientos,https://apis.datos.gob.ar/georef/api,alta,BAHRA: el nombre no es localidad censal -> fuente correcta (P7)
v7_p01,315,Alpasinche,La Rioja,San Blas de los Sauces,346,flag_bahra,A (aparcado),Alpasinche,confirmar_candidato_georef,4611901001,true,Alpasinche,,,georef/localidades,https://apis.datos.gob.ar/georef/api,alta,BAHRA: el nombre no es localidad censal -> BAHRA es la fuente correcta (P7). id de capa 'localidades' NO es id censal INDEC valido
v4_p12,657,Molinari,Córdoba,Punilla,345,flag_sin_match,C5-rename,Molinari,rename,,,,-31.1999,-64.4830,wikipedia,https://es.wikipedia.org/wiki/Molinari_(C%C3%B3rdoba),verde (guard: coord en depto esperado),"[guard=verde; punto en Punilla] Molinari, localidad del depto Punilla (hoy dependiente de Cosquin), Cordoba. Coincide depto."
v5_p07,253,San Salvador,Corrientes,Paso de los Libres,345,flag_bahra,A (aparcado),San Salvador,confirmar_candidato_georef,18119A16,,San Salvador,,,georef/asentamientos,https://apis.datos.gob.ar/georef/api,alta,BAHRA: el nombre no es localidad censal -> fuente correcta (P7)
v8_p05,162,Villa Praga,San Luis,San Martín,345,flag_variante,A (aparcado),Villa de Praga,confirmar_candidato_georef,74063080,,Villa de Praga,,,georef/,https://apis.datos.gob.ar/georef/api,media (nombre difiere),variante de nombre en el depto correcto
v3_p11,650,Ingeniero Silveyra,Buenos Aires,Chacabuco,344,flag_bahra,A (aparcado),Ingeniero Silveyra,confirmar_candidato_georef,06210A06,,Ingeniero Silveyra,,,georef/asentamientos,https://apis.datos.gob.ar/georef/api,alta,BAHRA: el nombre no es localidad censal -> fuente correcta (P7)
v4_p18,658,Tinoco,Córdoba,Río Primero,344,flag_depto,B,,transferencia_vs_homonimo,,,,,,georef+centroides,https://apis.datos.gob.ar/georef/api/departamentos,media,dist_km=69 -> zona gris. candidatos: Tinoco/Colón [14021270]
v3_p02,651,Avestruz,Buenos Aires,Adolfo Alsina,343,flag_bahra,A (aparcado),Avestruz,confirmar_candidato_georef,06007A02,,Avestruz,,,georef/asentamientos,https://apis.datos.gob.ar/georef/api,alta,BAHRA: el nombre no es localidad censal -> fuente correcta (P7)
v3_p07,652,Energía,Buenos Aires,San Cayetano,343,flag_depto,B,,transferencia_vs_homonimo,,,,,,georef+centroides,https://apis.datos.gob.ar/georef/api/departamentos,media,dist_km=39 -> transferencia de limite plausible (adyacente). candidatos: Energí­a/Necochea [06581030]
v3_p08,653,Escalada,Buenos Aires,Zárate,343,flag_bahra,A (aparcado),Escalada,confirmar_candidato_georef,06882030,true,Escalada,,,georef/localidades,https://apis.datos.gob.ar/georef/api,alta,BAHRA: el nombre no es localidad censal -> BAHRA es la fuente correcta (P7). id de capa 'localidades' NO es id censal INDEC valido
v5_p06,254,Puerto Londero,Misiones,25 de Mayo,343,flag_bahra,A (aparcado),Puerto Londero,confirmar_candidato_georef,54119A25,,Puerto Londero,,,georef/asentamientos,https://apis.datos.gob.ar/georef/api,alta,BAHRA: el nombre no es localidad censal -> fuente correcta (P7)
v6_p02,213,El Negrito,Santiago del Estero,Figueroa,343,flag_bahra,A (aparcado),El Negrito,confirmar_candidato_georef,86070A10,,El Negrito,,,georef/asentamientos,https://apis.datos.gob.ar/georef/api,alta,BAHRA: el nombre no es localidad censal -> fuente correcta (P7)
v7_p02,317,Cangrejilla,Jujuy,Yaví,343,flag_variante,A (aparcado),Cangrejillos,confirmar_candidato_georef,38112020,,Cangrejillos,,,georef/,https://apis.datos.gob.ar/georef/api,media (nombre difiere),variante de nombre en el depto correcto
v3_p15,656,Membrillar,Buenos Aires,Chacabuco,341,flag_bahra,A (aparcado),Membrillar,confirmar_candidato_georef,06210A13,,Membrillar,,,georef/asentamientos,https://apis.datos.gob.ar/georef/api,alta,BAHRA: el nombre no es localidad censal -> fuente correcta (P7)
v5_p07,256,Tres Bocas,Entre Ríos,Gualeguay,339,flag_bahra,A (aparcado),Tres Bocas,confirmar_candidato_georef,30049A20,,Tres Bocas,,,georef/asentamientos,https://apis.datos.gob.ar/georef/api,alta,BAHRA: el nombre no es localidad censal -> fuente correcta (P7)
v6_p02,214,Fortín Aguilar,Chaco,Presidencia de la Plaza,338,flag_bahra,A (aparcado),Fortín Aguilar,confirmar_candidato_georef,22119A09,,Fortín Aguilar,,,georef/asentamientos,https://apis.datos.gob.ar/georef/api,alta,BAHRA: el nombre no es localidad censal -> fuente correcta (P7)
v3_p15,658,Miramonte,Buenos Aires,Azul,337,flag_bahra,A (aparcado),Miramonte,confirmar_candidato_georef,06049A21,,Miramonte,,,georef/asentamientos,https://apis.datos.gob.ar/georef/api,alta,BAHRA: el nombre no es localidad censal -> fuente correcta (P7)
v6_p01,215,Cardozo,Santiago del Estero,Capital,337,flag_variante,A (aparcado),Los Cardozos,confirmar_candidato_georef,86049040,,Los Cardozos,,,georef/,https://apis.datos.gob.ar/georef/api,media (nombre difiere),variante de nombre en el depto correcto
v6_p06,216,San José,Santiago del Estero,Avellaneda,337,flag_bahra,A (aparcado),San José,confirmar_candidato_georef,86028A26,,San José,,,georef/asentamientos,https://apis.datos.gob.ar/georef/api,alta,BAHRA: el nombre no es localidad censal -> fuente correcta (P7)
v3_p18,660,Quiñihual,Buenos Aires,Coronel Suárez,336,flag_bahra,A (aparcado),Quiñihual,confirmar_candidato_georef,06203A16,,Quiñihual,,,georef/asentamientos,https://apis.datos.gob.ar/georef/api,alta,BAHRA: el nombre no es localidad censal -> fuente correcta (P7)
v4_p09,660,La Isla de San Antonio,Córdoba,Tulumba,335,flag_variante_bahra,E-bahra-fuzzy,Isla de San Antonio,confirmar_o_rechazar_candidato,,,,,,georef/asentamientos,https://apis.datos.gob.ar/georef/api,BAJA (fuzzy en capa BAHRA: puede no ser el mismo lugar),antes era sin_match. candidatos: Isla de San Antonio/Tulumba [14175A13]
v7_p10,319,Schaqui,La Rioja,San Blas de los Sauces,335,flag_variante_bahra,E-bahra-fuzzy,Shaqui,confirmar_o_rechazar_candidato,,true,,,,georef/localidades,https://apis.datos.gob.ar/georef/api,BAJA (fuzzy en capa BAHRA: puede no ser el mismo lugar),antes era sin_match. candidatos: Shaqui/San Blas de Los Sauces [4611901010]
v5_p03,258,Ensenada Grande,Corrientes,San Cosme,333,flag_bahra,A (aparcado),Ensenada Grande,confirmar_candidato_georef,18133A02,,Ensenada Grande,,,georef/asentamientos,https://apis.datos.gob.ar/georef/api,alta,BAHRA: el nombre no es localidad censal -> fuente correcta (P7)
v5_p06,259,Saenz Valiente,Corrientes,Monte Caseros,333,flag_bahra,A (aparcado),Sáenz Valiente,confirmar_candidato_georef,18112A15,,Sáenz Valiente,,,georef/asentamientos,https://apis.datos.gob.ar/georef/api,alta,BAHRA: el nombre no es localidad censal -> fuente correcta (P7)
v3_p14,662,Los Laureles,Buenos Aires,General Villegas,331,flag_bahra,A (aparcado),Los Laureles,confirmar_candidato_georef,06392A13,,Los Laureles,,,georef/asentamientos,https://apis.datos.gob.ar/georef/api,alta,BAHRA: el nombre no es localidad censal -> fuente correcta (P7)
v6_p06,219,Sabagasta,Santiago del Estero,Salavina,331,flag_bahra,A (aparcado),Sabagasta,confirmar_candidato_georef,86168A24,,Sabagasta,,,georef/asentamientos,https://apis.datos.gob.ar/georef/api,alta,BAHRA: el nombre no es localidad censal -> fuente correcta (P7)
v3_p08,663,Esther,Buenos Aires,Saladillo,330,flag_bahra,A (aparcado),Esther,confirmar_candidato_georef,06707A09,,Esther,,,georef/asentamientos,https://apis.datos.gob.ar/georef/api,alta,BAHRA: el nombre no es localidad censal -> fuente correcta (P7)
v3_p16,664,Ombucta,Buenos Aires,Villarino,329,flag_bahra,A (aparcado),Ombucta,confirmar_candidato_georef,06875A34,,Ombucta,,,georef/asentamientos,https://apis.datos.gob.ar/georef/api,alta,BAHRA: el nombre no es localidad censal -> fuente correcta (P7)
v4_p12,662,Nueva Andalucía,Córdoba,Río Primero,329,flag_bahra,A (aparcado),Nueva Andalucía,confirmar_candidato_georef,14105A33,,Nueva Andalucía,,,georef/asentamientos,https://apis.datos.gob.ar/georef/api,alta,BAHRA: el nombre no es localidad censal -> fuente correcta (P7)
v4_p14,663,Pretot Freyre,Córdoba,Río Cuarto,328,flag_bahra,A (aparcado),Pretot Freyre,confirmar_candidato_georef,14098A64,,Pretot Freyre,,,georef/asentamientos,https://apis.datos.gob.ar/georef/api,alta,BAHRA: el nombre no es localidad censal -> fuente correcta (P7)
v5_p01,260,Arroyo Grande,Entre Ríos,Colón,328,flag_bahra,A (aparcado),Arroyo Grande,confirmar_candidato_georef,30088A00,,Arroyo Grande,,,georef/asentamientos,https://apis.datos.gob.ar/georef/api,alta,BAHRA: el nombre no es localidad censal -> fuente correcta (P7)
v3_p21,665,Tatay,Buenos Aires,Carmen de Areco,327,flag_bahra,A (aparcado),Tatay,confirmar_candidato_georef,06161A09,,Tatay,,,georef/asentamientos,https://apis.datos.gob.ar/georef/api,alta,BAHRA: el nombre no es localidad censal -> fuente correcta (P7)
v3_p08,666,Fortín Acha,Buenos Aires,Leandro N. Alem,326,flag_bahra,A (aparcado),Fortín Acha,confirmar_candidato_georef,06462030,true,Fortín Acha,,,georef/localidades,https://apis.datos.gob.ar/georef/api,alta,BAHRA: el nombre no es localidad censal -> BAHRA es la fuente correcta (P7). id de capa 'localidades' NO es id censal INDEC valido
v7_p05,321,Iturbe,Jujuy,Humahuaca,326,flag_sin_match,C5-manual_coord,Iturbe,manual_coord,,,,-22.9789,-65.3536,wikipedia,https://es.wikipedia.org/wiki/Iturbe_(Argentina),verde (guard: coord en depto esperado),"[guard=verde; punto en Humahuaca] Localidad/estación ferroviaria en depto Humahuaca (Jujuy). Coord 22°58'44\\""S 65°21'13\""\""W."""
v3_p13,667,La Sortija,Buenos Aires,Tres Arroyos,325,flag_bahra,A (aparcado),La Sortija,confirmar_candidato_georef,06833A10,,La Sortija,,,georef/asentamientos,https://apis.datos.gob.ar/georef/api,alta,BAHRA: el nombre no es localidad censal -> fuente correcta (P7)
v3_p17,668,Pedro P. Lasalle,Buenos Aires,González Chaves,325,flag_bahra,A (aparcado),Pedro P. Lasalle,confirmar_candidato_georef,06014A06,,Pedro P. Lasalle,,,georef/asentamientos,https://apis.datos.gob.ar/georef/api,alta,BAHRA: el nombre no es localidad censal -> fuente correcta (P7)
v3_p21,669,Thames,Buenos Aires,Adolfo Alsina,325,flag_bahra,A (aparcado),Thames,confirmar_candidato_georef,06007A18,,Thames,,,georef/asentamientos,https://apis.datos.gob.ar/georef/api,alta,BAHRA: el nombre no es localidad censal -> fuente correcta (P7)
v8_p05,166,Villa General Roca,San Luis,Belgrano,325,flag_bahra,A (aparcado),Villa General Roca,confirmar_candidato_georef,74014040,true,Villa General Roca,,,georef/localidades,https://apis.datos.gob.ar/georef/api,alta,BAHRA: el nombre no es localidad censal -> BAHRA es la fuente correcta (P7). id de capa 'localidades' NO es id censal INDEC valido
v3_p16,671,Ortiz de Rozas,Buenos Aires,25 de Mayo,323,flag_variante_bahra,E-bahra-fuzzy,Ortíz de Rosas,confirmar_o_rechazar_candidato,,,,,,georef/asentamientos,https://apis.datos.gob.ar/georef/api,BAJA (fuzzy en capa BAHRA: puede no ser el mismo lugar),antes era sin_match. candidatos: Ortíz de Rosas/25 de Mayo [06854A18]
v3_p12,672,La Dorita,Buenos Aires,Carlos Casares,322,flag_bahra,A (aparcado),La Dorita,confirmar_candidato_georef,06147A06,,La Dorita,,,georef/asentamientos,https://apis.datos.gob.ar/georef/api,alta,BAHRA: el nombre no es localidad censal -> fuente correcta (P7)
v3_p14,673,Loma Negra,Buenos Aires,Olavarría,322,flag_sin_match,C5-manual_coord,Loma Negra (Villa Fortabat),manual_coord,,,,-36.9667,-60.2500,Wikipedia,https://es.wikipedia.org/wiki/Loma_Negra,verde (guard: coord en depto esperado),"[guard=verde; punto en Olavarría] Pueblo cementero (Villa Alfredo Fortabat), a ~14 km de Olavarría, partido de Olavarría."
v5_p07,264,Sauce Pintos,Entre Ríos,Paraná,322,flag_variante,A (aparcado),Sauce Pinto,confirmar_candidato_georef,30084220,,Sauce Pinto,,,georef/,https://apis.datos.gob.ar/georef/api,media (nombre difiere),variante de nombre en el depto correcto
v4_p02,666,Asunta,Córdoba,Juárez Celman,320,flag_variante,A (aparcado),Assunta,confirmar_candidato_georef,14056020,,Assunta,,,georef/,https://apis.datos.gob.ar/georef/api,media (nombre difiere),variante de nombre en el depto correcto
v3_p18,677,Río Luján,Buenos Aires,Campana,319,flag_bahra,A (aparcado),Río Luján,confirmar_candidato_georef,06126040,,Río Luján,,,georef/asentamientos,https://apis.datos.gob.ar/georef/api,alta,BAHRA: el nombre no es localidad censal -> fuente correcta (P7)
v7_p10,325,Sey,Jujuy,Susques,318,flag_variante,A (aparcado),Puesto Sey,confirmar_candidato_georef,38084080,,Puesto Sey,,,georef/,https://apis.datos.gob.ar/georef/api,media (nombre difiere),variante de nombre en el depto correcto
v4_p06,667,Desvío Km. 691,Córdoba,Río Primero,317,flag_sin_match,C5-manual_coord,Paraje Km 691 (Campo Enríquez),manual_coord,,,,-31.36,-63.853,Mapcarta,https://mapcarta.com/es/20051876,verde (guard: coord en depto esperado),"[guard=verde; punto en Río Primero] Paraje/desvío sobre RN19, ~9 km al E de Monte Cristo, depto Río Primero; coordenada aproximada"
v6_p05,220,Pampa Grande,Santiago del Estero,Ojo de Agua,317,flag_bahra,A (aparcado),Pampa Grande,confirmar_candidato_georef,86126A35,,Pampa Grande,,,georef/asentamientos,https://apis.datos.gob.ar/georef/api,alta,BAHRA: el nombre no es localidad censal -> fuente correcta (P7)
v3_p05,679,Cuatro de Noviembre,Buenos Aires,Rojas,316,flag_sin_match,C-generador,4 de Noviembre,confirmar_candidato_georef,06686A00,,4 de Noviembre,-34.1427196001106,-60.7824010074233,georef/asentamientos,https://apis.datos.gob.ar/georef/api,media (match exacto pero en capa BAHRA),candidato probado: '4 de Noviembre' [numero-palabra -> digito: Cuatro->4 [capa asentamientos]]
v4_p13,668,Paunero,Córdoba,Río Cuarto,315,flag_bahra,A (aparcado),Paunero,confirmar_candidato_georef,14098A58,,Paunero,,,georef/asentamientos,https://apis.datos.gob.ar/georef/api,alta,BAHRA: el nombre no es localidad censal -> fuente correcta (P7)
v4_p04,669,Colonia Waltelina,Córdoba,San Justo,314,flag_variante,A (aparcado),Colonia Valtelina,confirmar_candidato_georef,14140140,,Colonia Valtelina,,,georef/,https://apis.datos.gob.ar/georef/api,media (nombre difiere),variante de nombre en el depto correcto
v4_p11,670,Los Cometierra,Córdoba,Totoral,314,flag_bahra,A (aparcado),Los Cometierra,confirmar_candidato_georef,14168A19,,Los Cometierra,,,georef/asentamientos,https://apis.datos.gob.ar/georef/api,alta,BAHRA: el nombre no es localidad censal -> fuente correcta (P7)
v4_p13,671,Pichanas,Córdoba,Cruz del Eje,314,flag_bahra,A (aparcado),Pichanas,confirmar_candidato_georef,14028A47,,Pichanas,,,georef/asentamientos,https://apis.datos.gob.ar/georef/api,alta,BAHRA: el nombre no es localidad censal -> fuente correcta (P7)
v7_p09,327,San Solano,La Rioja,General San Martín,314,flag_bahra,A (aparcado),San Solano,confirmar_candidato_georef,46091A32,,San Solano,,,georef/asentamientos,https://apis.datos.gob.ar/georef/api,alta,BAHRA: el nombre no es localidad censal -> fuente correcta (P7)
v3_p08,680,Estrugamou,Buenos Aires,Las Flores,312,flag_bahra,A (aparcado),Estrugamou,confirmar_candidato_georef,06455A08,,Estrugamou,,,georef/asentamientos,https://apis.datos.gob.ar/georef/api,alta,BAHRA: el nombre no es localidad censal -> fuente correcta (P7)
v3_p07,682,El Lenguaraz,Buenos Aires,Lobería,311,flag_bahra,A (aparcado),El Lenguaraz,confirmar_candidato_georef,06476A02,,El Lenguaraz,,,georef/asentamientos,https://apis.datos.gob.ar/georef/api,alta,BAHRA: el nombre no es localidad censal -> fuente correcta (P7)
v4_p13,675,Pocho,Córdoba,Pocho,311,flag_variante,A (aparcado),Villa de Pocho,confirmar_candidato_georef,14077080,,Villa de Pocho,,,georef/,https://apis.datos.gob.ar/georef/api,media (nombre difiere),variante de nombre en el depto correcto
v3_p04,683,Cerro de los Leones,Buenos Aires,Tandil,309,flag_sin_match,C5-manual_coord,Cerro Leones (paraje),manual_coord,,,,-37.3161,-59.2003,Welcome Argentina / OSM,https://www.welcomeargentina.com/tandil/cabanas-cerro-leones_i.html,verde (guard: coord en depto esperado),"[guard=verde; punto en Tandil] Paraje serrano al pie del Cerro Leones, partido de Tandil"
v7_p10,329,Solca,La Rioja,Rivadavia,309,flag_bahra,A (aparcado),Solca,confirmar_candidato_georef,46070A26,,Solca,,,georef/asentamientos,https://apis.datos.gob.ar/georef/api,alta,BAHRA: el nombre no es localidad censal -> fuente correcta (P7)
v3_p04,684,Cerro Sotuyo,Buenos Aires,Olavarría,308,flag_bahra,A (aparcado),Cerro Sotuyo,confirmar_candidato_georef,06595A04,,Cerro Sotuyo,,,georef/asentamientos,https://apis.datos.gob.ar/georef/api,alta,BAHRA: el nombre no es localidad censal -> fuente correcta (P7)
v3_p07,685,El Moro,Buenos Aires,Lobería,307,flag_bahra,A (aparcado),El Moro,confirmar_candidato_georef,06476A03,,El Moro,,,georef/asentamientos,https://apis.datos.gob.ar/georef/api,alta,BAHRA: el nombre no es localidad censal -> fuente correcta (P7)
v3_p07,686,El Tejar,Buenos Aires,9 de Julio,307,flag_bahra,A (aparcado),El Tejar,confirmar_candidato_georef,06588A08,,El Tejar,,,georef/asentamientos,https://apis.datos.gob.ar/georef/api,alta,BAHRA: el nombre no es localidad censal -> fuente correcta (P7)
v4_p07,676,Fragueyro,Córdoba,Río Cuarto,307,flag_bahra,A (aparcado),Fragueyro,confirmar_candidato_georef,14098A33,,Fragueyro,,,georef/asentamientos,https://apis.datos.gob.ar/georef/api,alta,BAHRA: el nombre no es localidad censal -> fuente correcta (P7)
v6_p04,222,Mailín,Santiago del Estero,Avellaneda,307,flag_variante,A (aparcado),Villa Mailín,confirmar_candidato_georef,86028060,,Villa Mailín,,,georef/,https://apis.datos.gob.ar/georef/api,media (nombre difiere),variante de nombre en el depto correcto
v3_p11,690,Iraizoz,Buenos Aires,General Alvarado,305,flag_variante_bahra,E-bahra-fuzzy,Yraizoz,confirmar_o_rechazar_candidato,,,,,,georef/asentamientos,https://apis.datos.gob.ar/georef/api,BAJA (fuzzy en capa BAHRA: puede no ser el mismo lugar),antes era sin_match. candidatos: Yraizoz/General Alvarado [06280A07]
v4_p07,678,Galisteo,Santa Fe,Castellanos,304,flag_bahra,A (aparcado),Galisteo,confirmar_candidato_georef,82021A28,,Galisteo,,,georef/asentamientos,https://apis.datos.gob.ar/georef/api,alta,BAHRA: el nombre no es localidad censal -> fuente correcta (P7)
v7_p10,330,Tala Pampa,Salta,La Viña,304,flag_sin_match,C5-rename,Talapampa,rename,,,,-25.5450,-65.5570,Georef (INDEC/datos.gob.ar),https://apis.datos.gob.ar/georef/api/localidades-censales?nombre=Talapampa,verde (guard: coord en depto esperado),"[guard=verde; punto en La Viña] Tala Pampa = Talapampa, localidad del depto La Viña, Salta"
v3_p16,692,Pablo Acosta,Buenos Aires,Azul,303,flag_bahra,A (aparcado),Pablo Acosta,confirmar_candidato_georef,06049A23,,Pablo Acosta,,,georef/asentamientos,https://apis.datos.gob.ar/georef/api,alta,BAHRA: el nombre no es localidad censal -> fuente correcta (P7)
v3_p21,693,Stegman,Buenos Aires,Coronel Pringles,303,flag_variante_bahra,E-bahra-fuzzy,Stegmann,confirmar_o_rechazar_candidato,,,,,,georef/asentamientos,https://apis.datos.gob.ar/georef/api,BAJA (fuzzy en capa BAHRA: puede no ser el mismo lugar),antes era sin_match. candidatos: Stegmann/Coronel Pringles [06196A19]
v3_p22,695,Vilela,Buenos Aires,Las Flores,302,flag_bahra,A (aparcado),Vilela,confirmar_candidato_georef,06455A22,,Vilela,,,georef/asentamientos,https://apis.datos.gob.ar/georef/api,alta,BAHRA: el nombre no es localidad censal -> fuente correcta (P7)
v7_p01,331,Arauco,La Rioja,Arauco,302,flag_bahra,A (aparcado),Arauco,confirmar_candidato_georef,46007020,,Arauco,,,georef/asentamientos,https://apis.datos.gob.ar/georef/api,alta,BAHRA: el nombre no es localidad censal -> fuente correcta (P7)
v3_p08,696,Fuerte Argentino,Buenos Aires,Tornquist,301,flag_sin_match,C5-manual_coord,Fuerte Argentino,manual_coord,,,,-38.2117,-62.4206,OSM Nominatim,"https://nominatim.openstreetmap.org/search?q=Fuerte+Argentino,+Tornquist,+Buenos+Aires,+Argentina",verde (guard: coord en depto esperado),"[guard=verde; punto en Tornquist] Paraje sobre el río Sauce Chico, partido de Tornquist (Cuartel III)."
v4_p18,681,Toano,Córdoba,Minas,301,flag_variante,A (aparcado),Tosno,confirmar_candidato_georef,14070080,,Tosno,,,georef/,https://apis.datos.gob.ar/georef/api,media (nombre difiere),variante de nombre en el depto correcto
v6_p03,223,Kilómetro 213,Formosa,Pirané,300,flag_variante,A (aparcado),Villa Kilómetro 213,confirmar_candidato_georef,34056050,,Villa Kilómetro 213,,,georef/,https://apis.datos.gob.ar/georef/api,media (nombre difiere),variante de nombre en el depto correcto
v3_p03,697,Canónigo Gorriti,Buenos Aires,Adolfo Alsina,299,flag_bahra,A (aparcado),Canónigo Gorriti,confirmar_candidato_georef,06007A04,,Canónigo Gorriti,,,georef/asentamientos,https://apis.datos.gob.ar/georef/api,alta,BAHRA: el nombre no es localidad censal -> fuente correcta (P7)
v3_p07,698,El Arbolito,Buenos Aires,Colón,298,flag_sin_match,C5-manual_coord,El Arbolito,manual_coord,,,,-33.9138,-60.9434,Wikipedia (Estación El Arbolito),https://es.wikipedia.org/wiki/Estaci%C3%B3n_El_Arbolito,verde (guard: coord en depto esperado),[guard=verde; punto en Colón] Localidad/estación en partido Colón (parte se extiende a Rojas como Villa Manuel Pomar).
v4_p06,682,El Cano,Córdoba,Calamuchita,298,flag_sin_match,C5-manual_coord,El Cano,manual_coord,,,,-32.6101,-64.5961,osm,https://nominatim.openstreetmap.org/search?q=El%20Cano%2C%20Calamuchita%2C%20C%C3%B3rdoba,verde (guard: coord en depto esperado),"[guard=verde; punto en Calamuchita] Paraje rural El Cano (Pedania Rio de los Sauces), depto Calamuchita, Cordoba; capilla San Antonio de El Cano. Coincide d"
v3_p02,699,Arroyo de los Huesos,Buenos Aires,Azul,297,flag_bahra,A (aparcado),Arroyo de los Huesos,confirmar_candidato_georef,06049A00,,Arroyo de los Huesos,,,georef/asentamientos,https://apis.datos.gob.ar/georef/api,alta,BAHRA: el nombre no es localidad censal -> fuente correcta (P7)
v3_p20,700,Santiago Garbarini,Buenos Aires,25 de Mayo,293,flag_bahra,A (aparcado),Santiago Garbarini,confirmar_candidato_georef,06854A23,,Santiago Garbarini,,,georef/asentamientos,https://apis.datos.gob.ar/georef/api,alta,BAHRA: el nombre no es localidad censal -> fuente correcta (P7)
v6_p06,225,Santa Catalina,Santiago del Estero,Guasayán,293,flag_bahra,A (aparcado),Santa Catalina,confirmar_candidato_georef,86084A25,,Santa Catalina,,,georef/asentamientos,https://apis.datos.gob.ar/georef/api,alta,BAHRA: el nombre no es localidad censal -> fuente correcta (P7)
v3_p22,701,Vergara,Buenos Aires,Magdalena,291,flag_bahra,A (aparcado),Vergara,confirmar_candidato_georef,06505A13,,Vergara,,,georef/asentamientos,https://apis.datos.gob.ar/georef/api,alta,BAHRA: el nombre no es localidad censal -> fuente correcta (P7)
v4_p03,686,Candelaria,Córdoba,Cruz del Eje,291,flag_variante_bahra,E-bahra-fuzzy,La Candelaria,confirmar_o_rechazar_candidato,,,,,,georef/asentamientos,https://apis.datos.gob.ar/georef/api,BAJA (fuzzy en capa BAHRA: puede no ser el mismo lugar),antes era sin_match. candidatos: La Candelaria/Cruz del Eje [14028A25]
v4_p11,687,Macha,Córdoba,Totoral,291,flag_bahra,A (aparcado),Macha,confirmar_candidato_georef,14168A20,,Macha,,,georef/asentamientos,https://apis.datos.gob.ar/georef/api,alta,BAHRA: el nombre no es localidad censal -> fuente correcta (P7)
v5_p06,269,Puiggari,Entre Ríos,Diamante,290,flag_variante_bahra,E-bahra-fuzzy,Estación Puiggari,confirmar_o_rechazar_candidato,,true,,,,georef/localidades,https://apis.datos.gob.ar/georef/api,BAJA (fuzzy en capa BAHRA: puede no ser el mismo lugar),antes era sin_match. candidatos: Estación Puiggari/Diamante [3002115001]
v9_1_2_p02,128,General Lorenzo Vintter,Río Negro,Adolfo Alsina,290,flag_bahra,A (aparcado),General Lorenzo Vintter,confirmar_candidato_georef,62007A09,,General Lorenzo Vintter,,,georef/asentamientos,https://apis.datos.gob.ar/georef/api,alta,BAHRA: el nombre no es localidad censal -> fuente correcta (P7)
v3_p01,702,Alagón,Buenos Aires,Pehuajó,289,flag_bahra,A (aparcado),Alagón,confirmar_candidato_georef,06609A01,,Alagón,,,georef/asentamientos,https://apis.datos.gob.ar/georef/api,alta,BAHRA: el nombre no es localidad censal -> fuente correcta (P7)
v5_p07,271,Veinte de Setiembre,Entre Ríos,Nogoyá,289,flag_sin_match,C5-manual_coord,Veinte de Setiembre,manual_coord,,,,-32.3860,-59.6645,osm,"https://nominatim.openstreetmap.org/search?q=Veinte+de+Setiembre,+Nogoya,+Entre+Rios,+Argentina",verde (guard: coord en depto esperado),"[guard=verde; punto en Nogoyá] Paraje/junta de gobierno en distrito Sauce, depto Nogoyá (Entre Ríos), sobre RN12."
v4_p09,688,La Cortadera,Córdoba,San Justo,288,flag_bahra,A (aparcado),La Cortadera,confirmar_candidato_georef,14140A67,,La Cortadera,,,georef/asentamientos,https://apis.datos.gob.ar/georef/api,alta,BAHRA: el nombre no es localidad censal -> fuente correcta (P7)
v3_p02,703,Asturias,Buenos Aires,Pehuajó,287,flag_bahra,A (aparcado),Asturias,confirmar_candidato_georef,06609A05,,Asturias,,,georef/asentamientos,https://apis.datos.gob.ar/georef/api,alta,BAHRA: el nombre no es localidad censal -> fuente correcta (P7)
v3_p21,705,Tuyutí,Buenos Aires,San Andrés de Giles,287,flag_bahra,A (aparcado),Tuyutí,confirmar_candidato_georef,06728A10,,Tuyutí,,,georef/asentamientos,https://apis.datos.gob.ar/georef/api,alta,BAHRA: el nombre no es localidad censal -> fuente correcta (P7)
v4_p18,689,Travesía,Córdoba,San Javier,287,flag_variante,A (aparcado),La Travesí­a,confirmar_candidato_georef,14133090,,La Travesí­a,,,georef/,https://apis.datos.gob.ar/georef/api,media (nombre difiere),variante de nombre en el depto correcto
v7_p10,333,Saucelito,Salta,Orán,287,flag_bahra,A (aparcado),Saucelito,confirmar_candidato_georef,66126A34,,Saucelito,,,georef/asentamientos,https://apis.datos.gob.ar/georef/api,alta,BAHRA: el nombre no es localidad censal -> fuente correcta (P7)
v9_1_2_p02,129,Challacó,Neuquén,Confluencia,287,flag_bahra,A (aparcado),Challacó,confirmar_candidato_georef,58035A04,,Challacó,,,georef/asentamientos,https://apis.datos.gob.ar/georef/api,alta,BAHRA: el nombre no es localidad censal -> fuente correcta (P7)
v3_p02,706,Bacacay,Buenos Aires,9 de Julio,286,flag_bahra,A (aparcado),Bacacay,confirmar_candidato_georef,06588A00,,Bacacay,,,georef/asentamientos,https://apis.datos.gob.ar/georef/api,alta,BAHRA: el nombre no es localidad censal -> fuente correcta (P7)
v3_p13,707,La Zanja,Buenos Aires,Trenque Lauquen,286,flag_bahra,A (aparcado),La Zanja,confirmar_candidato_georef,06826A15,,La Zanja,,,georef/asentamientos,https://apis.datos.gob.ar/georef/api,alta,BAHRA: el nombre no es localidad censal -> fuente correcta (P7)
v3_p09,708,Gobernador Arias,Buenos Aires,Carlos Casares,283,flag_bahra,A (aparcado),Gobernador Arias,confirmar_candidato_georef,06147A05,,Gobernador Arias,,,georef/asentamientos,https://apis.datos.gob.ar/georef/api,alta,BAHRA: el nombre no es localidad censal -> fuente correcta (P7)
v3_p23,709,Vuelta de Obligado,Buenos Aires,San Pedro,283,flag_sin_match,C5-rename,Obligado,rename,,,,-33.5833,-59.8167,Wikipedia,https://es.wikipedia.org/wiki/Obligado_(Buenos_Aires),REVISAR (rojo),"[guard=rojo; punto en Ramallo] Localidad de Obligado (Vuelta de Obligado) a orillas del Paraná, partido de San Pedro."
v5_p03,272,Hernándes,Entre Ríos,Nogoyá,283,flag_variante,A (aparcado),Villa Sabá Z. Hernández,confirmar_candidato_georef,30077050,,Villa Sabá Z. Hernández,,,georef/,https://apis.datos.gob.ar/georef/api,media (nombre difiere),variante de nombre en el depto correcto
v3_p08,710,Fair,Buenos Aires,Ayacucho,282,flag_bahra,A (aparcado),Fair,confirmar_candidato_georef,06042A09,,Fair,,,georef/asentamientos,https://apis.datos.gob.ar/georef/api,alta,BAHRA: el nombre no es localidad censal -> fuente correcta (P7)
v7_p01,334,Agua Blanca,Salta,Orán,282,flag_variante,A (aparcado),Aguas Blancas,confirmar_candidato_georef,66126010,,Aguas Blancas,,,georef/,https://apis.datos.gob.ar/georef/api,media (nombre difiere),variante de nombre en el depto correcto
v3_p05,712,Colonia Velaz,Buenos Aires,San Pedro,280,flag_bahra,A (aparcado),Colonia Vélaz,confirmar_candidato_georef,06770A04,,Colonia Vélaz,,,georef/asentamientos,https://apis.datos.gob.ar/georef/api,alta,BAHRA: el nombre no es localidad censal -> fuente correcta (P7)
v3_p15,716,Martín Berraondo,Buenos Aires,25 de Mayo,276,flag_bahra,A (aparcado),Martín Berraondo,confirmar_candidato_georef,06854A17,,Martín Berraondo,,,georef/asentamientos,https://apis.datos.gob.ar/georef/api,alta,BAHRA: el nombre no es localidad censal -> fuente correcta (P7)
v3_p16,717,Paraguil,Buenos Aires,Laprida,276,flag_bahra,A (aparcado),Paragüil,confirmar_candidato_georef,06448A08,,Paragüil,,,georef/asentamientos,https://apis.datos.gob.ar/georef/api,alta,BAHRA: el nombre no es localidad censal -> fuente correcta (P7)
v4_p07,694,Guardia Vieja,Córdoba,Pte. Roque Sáenz Peña,276,flag_bahra,A (aparcado),Guardia Vieja,confirmar_candidato_georef,14084A15,,Guardia Vieja,,,georef/asentamientos,https://apis.datos.gob.ar/georef/api,alta,BAHRA: el nombre no es localidad censal -> fuente correcta (P7)
v3_p07,718,Emilio Lamarca,Buenos Aires,Patagones,275,flag_bahra,A (aparcado),Emilio Lamarca,confirmar_candidato_georef,06602A17,,Emilio Lamarca,,,georef/asentamientos,https://apis.datos.gob.ar/georef/api,alta,BAHRA: el nombre no es localidad censal -> fuente correcta (P7)
v9_1_2_p04,132,San Pedro,Río Negro,Bariloche,274,flag_sin_match,C5-barrio_de,Península San Pedro (San Carlos de Bariloche),barrio_de,,,,-41.0677,-71.4473,dices.net,https://www.dices.net/mapas/argentina/mapa.php?nombre=Peninsula-San-Pedro&id=15977,verde (guard: coord en depto esperado),"[guard=verde; punto en Bariloche] Paraje hoy barrio/península de San Carlos de Bariloche, depto Bariloche"
v3_p13,720,Las Palmas,Buenos Aires,Zárate,273,flag_bahra,A (aparcado),Las Palmas,confirmar_candidato_georef,06882A12,,Las Palmas,,,georef/asentamientos,https://apis.datos.gob.ar/georef/api,alta,BAHRA: el nombre no es localidad censal -> fuente correcta (P7)
v5_p03,273,El Redomón,Entre Ríos,Concordia,272,flag_bahra,A (aparcado),El Redomón,confirmar_candidato_georef,30015A04,,El Redomón,,,georef/asentamientos,https://apis.datos.gob.ar/georef/api,alta,BAHRA: el nombre no es localidad censal -> fuente correcta (P7)
v9_1_2_p03,133,Pampa del Castillo,Chubut,Escalante,272,flag_bahra,A (aparcado),Pampa del Castillo,confirmar_candidato_georef,26021A10,,Pampa del Castillo,,,georef/asentamientos,https://apis.datos.gob.ar/georef/api,alta,BAHRA: el nombre no es localidad censal -> fuente correcta (P7)
v3_p08,722,Estonba,Buenos Aires,Tornquist,270,flag_variante_bahra,E-bahra-fuzzy,Estomba,confirmar_o_rechazar_candidato,,,,,,georef/asentamientos,https://apis.datos.gob.ar/georef/api,BAJA (fuzzy en capa BAHRA: puede no ser el mismo lugar),antes era sin_match. candidatos: Estomba/Tornquist [06819A06]
v6_p07,234,Taco Pozo,Santiago del Estero,Quebrachos,270,flag_bahra,A (aparcado),Taco Pozo,confirmar_candidato_georef,86140A42,,Taco Pozo,,,georef/asentamientos,https://apis.datos.gob.ar/georef/api,alta,BAHRA: el nombre no es localidad censal -> fuente correcta (P7)
v3_p10,724,Guido Spano,Buenos Aires,Rojas,269,flag_bahra,A (aparcado),Guido Spano,confirmar_candidato_georef,06686A01,,Guido Spano,,,georef/asentamientos,https://apis.datos.gob.ar/georef/api,alta,BAHRA: el nombre no es localidad censal -> fuente correcta (P7)
v3_p11,725,Ivanowsky,La Pampa,Catriló,268,flag_bahra,A (aparcado),Ivanowsky,confirmar_candidato_georef,42028A01,,Ivanowsky,,,georef/asentamientos,https://apis.datos.gob.ar/georef/api,alta,BAHRA: el nombre no es localidad censal -> fuente correcta (P7)
v5_p03,274,González Calderón,Entre Ríos,Gualeguay,268,flag_bahra,A (aparcado),González Calderón,confirmar_candidato_georef,30049A11,,González Calderón,,,georef/asentamientos,https://apis.datos.gob.ar/georef/api,alta,BAHRA: el nombre no es localidad censal -> fuente correcta (P7)
v7_p02,341,Cebollar,La Rioja,Capital,268,flag_bahra,A (aparcado),Cebollar,confirmar_candidato_georef,46014A07,,Cebollar,,,georef/asentamientos,https://apis.datos.gob.ar/georef/api,alta,BAHRA: el nombre no es localidad censal -> fuente correcta (P7)
v7_p07,342,Maucasén,La Rioja,General Roca,268,flag_variante_bahra,E-bahra-fuzzy,Mascasín,confirmar_o_rechazar_candidato,,,,,,georef/asentamientos,https://apis.datos.gob.ar/georef/api,BAJA (fuzzy en capa BAHRA: puede no ser el mismo lugar),antes era sin_match. candidatos: Mascasín/Rosario Vera Peñaloza [46112A17]
v3_p18,727,Pujol,Buenos Aires,Pergamino,267,flag_variante_bahra,E-bahra-fuzzy,Juan Gregorio Pujol,confirmar_o_rechazar_candidato,,,,,,georef/asentamientos,https://apis.datos.gob.ar/georef/api,BAJA (fuzzy en capa BAHRA: puede no ser el mismo lugar),antes era sin_match. candidatos: Juan Gregorio Pujol/Pergamino [06623A09]
v7_p05,343,Horcones,Salta,Rosario de la Frontera,267,flag_bahra,A (aparcado),Horcones,confirmar_candidato_georef,66140A12,,Horcones,,,georef/asentamientos,https://apis.datos.gob.ar/georef/api,alta,BAHRA: el nombre no es localidad censal -> fuente correcta (P7)
v3_p12,728,La Nevada,Buenos Aires,Guaminí,266,flag_bahra,A (aparcado),La Nevada,confirmar_candidato_georef,06399A11,,La Nevada,,,georef/asentamientos,https://apis.datos.gob.ar/georef/api,alta,BAHRA: el nombre no es localidad censal -> fuente correcta (P7)
v4_p07,697,Fray Cayetano Rodríguez,Córdoba,Pte. Roque Sáenz Peña,266,flag_bahra,A (aparcado),Fray Cayetano Rodríguez,confirmar_candidato_georef,14084A13,,Fray Cayetano Rodríguez,,,georef/asentamientos,https://apis.datos.gob.ar/georef/api,alta,BAHRA: el nombre no es localidad censal -> fuente correcta (P7)
v5_p05,275,Piloto Avila,Entre Ríos,La Paz,266,flag_sin_match,C5-manual_coord,Piloto Ávila,manual_coord,,,,-30.7333,-59.5667,OpenStreetMap Nominatim,https://nominatim.openstreetmap.org/search?q=Piloto+Avila+La+Paz+Entre+Rios&format=json,verde (guard: coord en depto esperado),"[guard=verde; punto en La Paz] Paraje próximo a la ciudad de La Paz (acceso Ruta 1), depto La Paz"
v3_p06,729,Chapaleofú,Buenos Aires,Rauch,265,flag_bahra,A (aparcado),Chapaleofú,confirmar_candidato_georef,06672A01,,Chapaleofú,,,georef/asentamientos,https://apis.datos.gob.ar/georef/api,alta,BAHRA: el nombre no es localidad censal -> fuente correcta (P7)
v3_p15,730,Monsalvo,Buenos Aires,Maipú,265,flag_bahra,A (aparcado),Monsalvo,confirmar_candidato_georef,06511A01,,Monsalvo,,,georef/asentamientos,https://apis.datos.gob.ar/georef/api,alta,BAHRA: el nombre no es localidad censal -> fuente correcta (P7)
v3_p18,731,Ramón J. Neild,Buenos Aires,9 de Julio,265,flag_bahra,A (aparcado),Ramón J. Neild,confirmar_candidato_georef,06588A21,,Ramón J. Neild,,,georef/asentamientos,https://apis.datos.gob.ar/georef/api,alta,BAHRA: el nombre no es localidad censal -> fuente correcta (P7)
v4_p16,699,Santa Rosa,Santa Fe,Garay,265,flag_variante,A (aparcado),Santa Rosa de Calchines,confirmar_candidato_georef,82035050,,Santa Rosa de Calchines,,,georef/,https://apis.datos.gob.ar/georef/api,media (nombre difiere),variante de nombre en el depto correcto
v3_p16,732,Palantelén,Buenos Aires,Alberti,264,flag_bahra,A (aparcado),Palantelén,confirmar_candidato_georef,06021A06,,Palantelén,,,georef/asentamientos,https://apis.datos.gob.ar/georef/api,alta,BAHRA: el nombre no es localidad censal -> fuente correcta (P7)
v3_p21,733,Tambo Nuevo,Buenos Aires,Pergamino,264,flag_bahra,A (aparcado),Tambo Nuevo,confirmar_candidato_georef,06623A19,,Tambo Nuevo,,,georef/asentamientos,https://apis.datos.gob.ar/georef/api,alta,BAHRA: el nombre no es localidad censal -> fuente correcta (P7)
v4_p03,700,Carolina,Córdoba,Río Cuarto,263,flag_bahra,A (aparcado),Carolina,confirmar_candidato_georef,14098A08,,Carolina,,,georef/asentamientos,https://apis.datos.gob.ar/georef/api,alta,BAHRA: el nombre no es localidad censal -> fuente correcta (P7)
v6_p02,237,El Pértigo,Santiago del Estero,Moreno,263,flag_bahra,A (aparcado),El Pértigo,confirmar_candidato_georef,86119A15,,El Pértigo,,,georef/asentamientos,https://apis.datos.gob.ar/georef/api,alta,BAHRA: el nombre no es localidad censal -> fuente correcta (P7)
v7_p07,344,Osma,Salta,La Viña,263,flag_sin_match,C5-manual_coord,Osma,manual_coord,,,,-25.2009,-65.4888,OpenStreetMap/Nominatim,https://nominatim.openstreetmap.org/,verde (guard: coord en depto esperado),"[guard=verde; punto en La Viña] Aldea Osma (antiguo Embarcadero Osma del FC Belgrano C-13), depto La Viña, Salta"
v3_p08,735,Espora,Buenos Aires,San Andrés de Giles,262,flag_bahra,A (aparcado),Espora,confirmar_candidato_georef,06728A02,,Espora,,,georef/asentamientos,https://apis.datos.gob.ar/georef/api,alta,BAHRA: el nombre no es localidad censal -> fuente correcta (P7)
v4_p03,701,Cañada de Alvarez,Córdoba,Calamuchita,262,flag_bahra,A (aparcado),Cañada de Álvarez,confirmar_candidato_georef,14007A05,,Cañada de Álvarez,,,georef/asentamientos,https://apis.datos.gob.ar/georef/api,alta,BAHRA: el nombre no es localidad censal -> fuente correcta (P7)
v5_p05,276,Olegario V. Andrade,Entre Ríos,Tala,262,flag_bahra,A (aparcado),Olegario V. Andrade,confirmar_candidato_georef,30091A07,,Olegario V. Andrade,,,georef/asentamientos,https://apis.datos.gob.ar/georef/api,alta,BAHRA: el nombre no es localidad censal -> fuente correcta (P7)
v7_p07,345,Mixta,Tucumán,Leales,262,flag_variante_bahra,E-bahra-fuzzy,Arroyo Mista,confirmar_o_rechazar_candidato,,,,,,georef/asentamientos,https://apis.datos.gob.ar/georef/api,BAJA (fuzzy en capa BAHRA: puede no ser el mismo lugar),antes era sin_match. candidatos: Arroyo Mista/Leales [90056A05]; Mista/Leales [90056A67]
v3_p13,736,Larrea,Buenos Aires,Alberti,261,flag_bahra,A (aparcado),Larrea,confirmar_candidato_georef,06021A04,,Larrea,,,georef/asentamientos,https://apis.datos.gob.ar/georef/api,alta,BAHRA: el nombre no es localidad censal -> fuente correcta (P7)
v3_p01,737,Agote,Buenos Aires,Mercedes,260,flag_sin_match,C5-manual_coord,Agote,manual_coord,,,,-34.6441,-59.3551,Wikipedia (Agote),https://es.wikipedia.org/wiki/Agote_(Buenos_Aires),verde (guard: coord en depto esperado),[guard=verde; punto en Mercedes] Localidad surgida en torno a la estación Agote (FC San Martín); partido de Mercedes.
v3_p17,738,Pozos Kanki,Buenos Aires,General Pinto,260,flag_variante_bahra,E-bahra-fuzzy,Pazos Kanki,confirmar_o_rechazar_candidato,,,,,,georef/asentamientos,https://apis.datos.gob.ar/georef/api,BAJA (fuzzy en capa BAHRA: puede no ser el mismo lugar),antes era sin_match. candidatos: Pazos Kanki/General Pinto [06351A06]
v3_p20,739,Santa Elena,Buenos Aires,Laprida,259,flag_bahra,A (aparcado),Santa Elena,confirmar_candidato_georef,06448A09,,Santa Elena,,,georef/asentamientos,https://apis.datos.gob.ar/georef/api,alta,BAHRA: el nombre no es localidad censal -> fuente correcta (P7)
v7_p09,347,San Blas de los Sauces,La Rioja,San Blas de los Sauces,259,flag_sin_match,C1-cabecera,Salicas - San Blas,cabecera_del_depto,46119010,,Salicas - San Blas,-28.373737271654,-67.0705706119765,web+georef,https://es.wikipedia.org/wiki/San_Blas_(La_Rioja),alta,el censo 1960 listo la cabecera con el nombre del depto. cabecera = San Blas; INDEC/Georef reportan el aglomerado junto como 'Salicas - San Blas'
v4_p14,704,Rangel,Córdoba,Río Primero,258,flag_bahra,A (aparcado),Rangel,confirmar_candidato_georef,14105A41,,Rangel,,,georef/asentamientos,https://apis.datos.gob.ar/georef/api,alta,BAHRA: el nombre no es localidad censal -> fuente correcta (P7)
v3_p16,741,Nieves,Buenos Aires,Azul,257,flag_bahra,A (aparcado),Nieves,confirmar_candidato_georef,06049A22,,Nieves,,,georef/asentamientos,https://apis.datos.gob.ar/georef/api,alta,BAHRA: el nombre no es localidad censal -> fuente correcta (P7)
v3_p19,742,San Bernardo,Buenos Aires,Tapalqué,257,flag_bahra,A (aparcado),San Bernardo,confirmar_candidato_georef,06798A14,,San Bernardo,,,georef/asentamientos,https://apis.datos.gob.ar/georef/api,alta,BAHRA: el nombre no es localidad censal -> fuente correcta (P7)
v3_p13,743,Las Hermanas,Buenos Aires,Laprida,256,flag_bahra,A (aparcado),Las Hermanas,confirmar_candidato_georef,06448A07,,Las Hermanas,,,georef/asentamientos,https://apis.datos.gob.ar/georef/api,alta,BAHRA: el nombre no es localidad censal -> fuente correcta (P7)
v4_p17,709,Tala Cruz,Córdoba,Calamuchita,252,flag_bahra,A (aparcado),Tala Cruz,confirmar_candidato_georef,14007A43,,Tala Cruz,,,georef/asentamientos,https://apis.datos.gob.ar/georef/api,alta,BAHRA: el nombre no es localidad censal -> fuente correcta (P7)
v3_p17,747,Plaza Montero,Buenos Aires,Las Flores,251,flag_bahra,A (aparcado),Plaza Montero,confirmar_candidato_georef,06455A18,,Plaza Montero,,,georef/asentamientos,https://apis.datos.gob.ar/georef/api,alta,BAHRA: el nombre no es localidad censal -> fuente correcta (P7)
v7_p02,350,Cienaguillas,Jujuy,Santa Catalina,251,flag_variante,A (aparcado),Cieneguillas,confirmar_candidato_georef,38077030,,Cieneguillas,,,georef/,https://apis.datos.gob.ar/georef/api,media (nombre difiere),variante de nombre en el depto correcto
v9_1_2_p04,134,Puerto Coyle,Santa Cruz,Güer Aike,251,flag_sin_match,C5-rename,Puerto Coig (Puerto Coyle),rename,,,,-50.9567,-69.2267,Wikipedia (Puerto Coig),https://es.wikipedia.org/wiki/Puerto_Coig,verde (guard: coord en depto esperado),"[guard=verde; punto en Güer Aike] Ex localidad del depto Güer Aike, también llamada Puerto Coyle."
v3_p04,748,Coliqueo,Buenos Aires,Chacabuco,250,flag_bahra,A (aparcado),Coliqueo,confirmar_candidato_georef,06210A00,,Coliqueo,,,georef/asentamientos,https://apis.datos.gob.ar/georef/api,alta,BAHRA: el nombre no es localidad censal -> fuente correcta (P7)
v3_p13,749,La Reforma,Buenos Aires,Roque Pérez,250,flag_bahra,A (aparcado),La Reforma,confirmar_candidato_georef,06693A13,,La Reforma,,,georef/asentamientos,https://apis.datos.gob.ar/georef/api,alta,BAHRA: el nombre no es localidad censal -> fuente correcta (P7)
v6_p06,241,Robles,Santiago del Estero,San Martín,249,flag_variante,A (aparcado),Estación Robles,confirmar_candidato_georef,86175020,,Estación Robles,,,georef/,https://apis.datos.gob.ar/georef/api,media (nombre difiere),variante de nombre en el depto correcto
v7_p05,352,La Jarilla,La Rioja,General Roca,249,flag_bahra,A (aparcado),La Jarilla,confirmar_candidato_georef,46112A15,,La Jarilla,,,georef/asentamientos,https://apis.datos.gob.ar/georef/api,alta,BAHRA: el nombre no es localidad censal -> fuente correcta (P7)
v3_p01,750,Arano,Buenos Aires,Adolfo Alsina,248,flag_bahra,A (aparcado),Arano,confirmar_candidato_georef,06007A00,,Arano,,,georef/asentamientos,https://apis.datos.gob.ar/georef/api,alta,BAHRA: el nombre no es localidad censal -> fuente correcta (P7)
v3_p04,751,Cereales,La Pampa,Atreucó,248,flag_bahra,A (aparcado),Cereales,confirmar_candidato_georef,42007A01,,Cereales,,,georef/asentamientos,https://apis.datos.gob.ar/georef/api,alta,BAHRA: el nombre no es localidad censal -> fuente correcta (P7)
v3_p10,752,Gobernador Ayala,La Pampa,Puelén,248,flag_bahra,A (aparcado),Gobernador Ayala,confirmar_candidato_georef,42112A02,,Gobernador Ayala,,,georef/asentamientos,https://apis.datos.gob.ar/georef/api,alta,BAHRA: el nombre no es localidad censal -> fuente correcta (P7)
v3_p13,753,La Providencia,Buenos Aires,Olavarría,248,flag_bahra,A (aparcado),La Providencia,confirmar_candidato_georef,06595A14,,La Providencia,,,georef/asentamientos,https://apis.datos.gob.ar/georef/api,alta,BAHRA: el nombre no es localidad censal -> fuente correcta (P7)
v3_p16,755,Nicolás Levalle,Buenos Aires,Villarino,247,flag_bahra,A (aparcado),Nicolás Levalle,confirmar_candidato_georef,06875A33,,Nicolás Levalle,,,georef/asentamientos,https://apis.datos.gob.ar/georef/api,alta,BAHRA: el nombre no es localidad censal -> fuente correcta (P7)
v3_p10,756,Gondra,Buenos Aires,General Villegas,246,flag_bahra,A (aparcado),Gondra,confirmar_candidato_georef,06392A07,,Gondra,,,georef/asentamientos,https://apis.datos.gob.ar/georef/api,alta,BAHRA: el nombre no es localidad censal -> fuente correcta (P7)
v5_p06,281,Primero de Mayo,Entre Ríos,Uruguay,246,flag_sin_match,C5-rename,Primero de Mayo,rename,,,,-32.2552,-58.4228,wikipedia,https://es.wikipedia.org/wiki/Primero_de_Mayo_(Entre_R%C3%ADos),verde (guard: coord en depto esperado),"[guard=verde; punto en Uruguay] Primero de Mayo, municipio del depto Uruguay, Entre Rios. Coincide depto."
v6_p02,242,El Cajón,Santiago del Estero,Ojo de Agua,246,flag_sin_match,C5-manual_coord,El Cajón,manual_coord,,,,-29.3211,-63.8839,osm,"https://nominatim.openstreetmap.org/search?q=El+Cajon,+Ojo+de+Agua,+Santiago+del+Estero,+Argentina",verde (guard: coord en depto esperado),[guard=verde; punto en Ojo de Agua] Paraje El Cajón en depto Ojo de Agua (Santiago del Estero).
v7_p06,353,Los Aguirres,La Rioja,General Ocampo,246,flag_variante_bahra,E-bahra-fuzzy,Los Aguirre,confirmar_o_rechazar_candidato,,,,,,georef/asentamientos,https://apis.datos.gob.ar/georef/api,BAJA (fuzzy en capa BAHRA: puede no ser el mismo lugar),antes era sin_match. candidatos: Los Aguirre/General Ortiz de Ocampo [46084A18]
v3_p01,757,Altamira,Buenos Aires,Mercedes,245,flag_bahra,A (aparcado),Altamira,confirmar_candidato_georef,06532A00,,Altamira,,,georef/asentamientos,https://apis.datos.gob.ar/georef/api,alta,BAHRA: el nombre no es localidad censal -> fuente correcta (P7)
v3_p22,758,Valentín Gómez,Buenos Aires,Rivadavia,245,flag_bahra,A (aparcado),Valentín Gómez,confirmar_candidato_georef,06679A06,,Valentín Gómez,,,georef/asentamientos,https://apis.datos.gob.ar/georef/api,alta,BAHRA: el nombre no es localidad censal -> fuente correcta (P7)
v4_p07,710,General Soler,Córdoba,Río Cuarto,245,flag_bahra,A (aparcado),General Soler,confirmar_candidato_georef,14098A34,,General Soler,,,georef/asentamientos,https://apis.datos.gob.ar/georef/api,alta,BAHRA: el nombre no es localidad censal -> fuente correcta (P7)
v7_p05,354,La Posta,Tucumán,Graneros,245,flag_bahra,A (aparcado),La Posta,confirmar_candidato_georef,90049A18,,La Posta,,,georef/asentamientos,https://apis.datos.gob.ar/georef/api,alta,BAHRA: el nombre no es localidad censal -> fuente correcta (P7)
v4_p10,711,Los Alfalfares,Córdoba,General Roca,244,flag_bahra,A (aparcado),Los Alfalfares,confirmar_candidato_georef,14035A21,,Los Alfalfares,,,georef/asentamientos,https://apis.datos.gob.ar/georef/api,alta,BAHRA: el nombre no es localidad censal -> fuente correcta (P7)
v5_p02,282,Colonia Hughes,Entre Ríos,Colón,244,flag_variante,A (aparcado),Colonia Hugues,confirmar_candidato_georef,30008030,,Colonia Hugues,,,georef/,https://apis.datos.gob.ar/georef/api,media (nombre difiere),variante de nombre en el depto correcto
v7_p08,355,Reyes,Jujuy,Capital,243,flag_variante_bahra,E-bahra-fuzzy,San Pablo de Reyes,confirmar_o_rechazar_candidato,,true,,,,georef/localidades,https://apis.datos.gob.ar/georef/api,BAJA (fuzzy en capa BAHRA: puede no ser el mismo lugar),antes era sin_match. candidatos: San Pablo de Reyes/Dr. Manuel Belgrano [3802107002]
v6_p01,243,Barrancas,Santiago del Estero,Salavina,242,flag_bahra,A (aparcado),Barrancas,confirmar_candidato_georef,86168A02,,Barrancas,,,georef/asentamientos,https://apis.datos.gob.ar/georef/api,alta,BAHRA: el nombre no es localidad censal -> fuente correcta (P7)
v6_p01,244,Barrialito,Santiago del Estero,Río Hondo,241,flag_bahra,A (aparcado),Barrialito,confirmar_candidato_georef,86147A08,,Barrialito,,,georef/asentamientos,https://apis.datos.gob.ar/georef/api,alta,BAHRA: el nombre no es localidad censal -> fuente correcta (P7)
v4_p12,712,Monsalvo,Córdoba,Calamuchita,240,flag_variante_bahra,E-bahra-fuzzy,Cañada de Monsalvo,confirmar_o_rechazar_candidato,,,,,,georef/asentamientos,https://apis.datos.gob.ar/georef/api,BAJA (fuzzy en capa BAHRA: puede no ser el mismo lugar),antes era sin_match. candidatos: Cañada de Monsalvo/Calamuchita [14007A06]
v8_p02,174,Guanacache,San Juan,Sarmiento,240,flag_bahra,A (aparcado),Guanacache,confirmar_candidato_georef,70105050,,Guanacache,,,georef/asentamientos,https://apis.datos.gob.ar/georef/api,alta,BAHRA: el nombre no es localidad censal -> fuente correcta (P7)
v3_p19,760,San Jacinto,Buenos Aires,Mercedes,239,flag_bahra,A (aparcado),San Jacinto,confirmar_candidato_georef,06532A11,,San Jacinto,,,georef/asentamientos,https://apis.datos.gob.ar/georef/api,alta,BAHRA: el nombre no es localidad censal -> fuente correcta (P7)
v4_p16,713,San Ignacio,Córdoba,Calamuchita,238,flag_variante,D,,desambiguar,,,,,,georef,,baja,>1 candidato: San Ignacio (Loteo San Javier)/Calamuchita [14007190]; San Ignacio (loteo Velez Crespo)/Calamuchita [14007191]
v4_p16,714,Santa Cruz,Córdoba,Tulumba,238,flag_bahra,A (aparcado),Santa Cruz,confirmar_candidato_georef,14175A37,,Santa Cruz,,,georef/asentamientos,https://apis.datos.gob.ar/georef/api,alta,BAHRA: el nombre no es localidad censal -> fuente correcta (P7)
v6_p03,245,La Brea,Santiago del Estero,Figueroa,237,flag_sin_match,C5-manual_coord,La Brea,manual_coord,,,,-27.5719,-63.6296,OSM Nominatim,https://nominatim.openstreetmap.org/,verde (guard: coord en depto esperado),[guard=verde; punto en Figueroa] Paraje en depto Figueroa (Santiago del Estero). La pista Brea Pozo está en depto San Martín (homónimo distinto); se usó 
v3_p03,761,Barrow,Buenos Aires,Tres Arroyos,236,flag_sin_match,C5-manual_coord,Estación Barrow / Chacra Experimental Barrow,manual_coord,,,,-38.3211,-60.2578,Gobierno de la Prov. de Buenos Aires (CEI Barrow),https://www.gba.gob.ar/innovacion_productiva/chacra_experimental_integrada_barrow,verde (guard: coord en depto esperado),"[guard=verde; punto en Tres Arroyos] Estación/chacra experimental, km 487,5 RN3, partido Tres Arroyos"
v3_p07,762,Duhau,Buenos Aires,Trenque Lauquen,236,flag_bahra,A (aparcado),Duhau,confirmar_candidato_georef,06826A06,,Duhau,,,georef/asentamientos,https://apis.datos.gob.ar/georef/api,alta,BAHRA: el nombre no es localidad censal -> fuente correcta (P7)
v3_p12,763,La Pastora,Buenos Aires,Tandil,236,flag_bahra,A (aparcado),La Pastora,confirmar_candidato_georef,06791A10,,La Pastora,,,georef/asentamientos,https://apis.datos.gob.ar/georef/api,alta,BAHRA: el nombre no es localidad censal -> fuente correcta (P7)
v5_p04,283,Juan Jorge,Entre Ríos,Colón,236,flag_bahra,A (aparcado),Juan Jorge,confirmar_candidato_georef,30008A21,,Juan Jorge,,,georef/asentamientos,https://apis.datos.gob.ar/georef/api,alta,BAHRA: el nombre no es localidad censal -> fuente correcta (P7)
v3_p01,764,Anderson,Buenos Aires,25 de Mayo,235,flag_bahra,A (aparcado),Anderson,confirmar_candidato_georef,06854A00,,Anderson,,,georef/asentamientos,https://apis.datos.gob.ar/georef/api,alta,BAHRA: el nombre no es localidad censal -> fuente correcta (P7)
v3_p05,765,Coronel Rodolfo Bunge,Buenos Aires,Juárez,235,flag_bahra,A (aparcado),Coronel Rodolfo Bunge,confirmar_candidato_georef,06084A00,,Coronel Rodolfo Bunge,,,georef/asentamientos,https://apis.datos.gob.ar/georef/api,alta,BAHRA: el nombre no es localidad censal -> fuente correcta (P7)
v3_p21,766,Tomás Jofré,Buenos Aires,Mercedes,235,flag_sin_match,C5-manual_coord,Tomás Jofré (nombre oficial Jorge Born),manual_coord,,,,-34.6995,-59.3189,Municipalidad de Mercedes,https://nw.mercedes.gob.ar/ciudad/turismo/tomas-jofre,verde (guard: coord en depto esperado),"[guard=verde; punto en Mercedes] Localidad del partido de Mercedes; nombre oficial Jorge Born, popularmente Tomás Jofré por su estación"
v6_p06,246,Puna,Santiago del Estero,Moreno,235,flag_sin_match,C5-manual_coord,Puna,manual_coord,,,,-27.7981,-62.5224,OpenStreetMap/Nominatim,https://nominatim.openstreetmap.org/,verde (guard: coord en depto esperado),"[guard=verde; punto en Moreno] Puna (antigua estacion FC Belgrano ramal C4), depto Moreno, Santiago del Estero; NO confundir con La Punta del depto Cho"
v4_p05,716,Chuchiras,Córdoba,San Javier,234,flag_sin_match,C5-manual_coord,Chuchiras,manual_coord,,,,-31.9762,-65.0932,derutasymapas / mapas,https://www.derutasymapas.com.ar/Cordoba/Chuchiras/,verde (guard: coord en depto esperado),"[guard=verde; punto en San Javier] Paraje próximo a Villa Las Rosas, depto San Javier. Coord 31°59'S 65°06'O."
v6_p03,247,Haase,Santiago del Estero,Moreno,234,flag_variante,A (aparcado),Hasse,confirmar_candidato_georef,86119030,,Hasse,,,georef/,https://apis.datos.gob.ar/georef/api,media (nombre difiere),variante de nombre en el depto correcto
v4_p05,718,Cruz Chica,Córdoba,Punilla,233,flag_sin_match,C5-manual_coord,Cruz Chica,manual_coord,,,,-30.9667,-64.4833,dices.net,https://www.dices.net/mapas/argentina/mapa.php?nombre=Cruz-Chica&id=33184,verde (guard: coord en depto esperado),"[guard=verde; punto en Punilla] Localidad del Valle de Punilla entre La Cumbre y Los Cocos, depto Punilla."
v4_p18,714,Tres Arboles,Córdoba,Cruz del Eje,233,flag_bahra,A (aparcado),Tres Árboles,confirmar_candidato_georef,14028A60,,Tres Árboles,,,georef/asentamientos,https://apis.datos.gob.ar/georef/api,alta,BAHRA: el nombre no es localidad censal -> fuente correcta (P7)
v3_p07,769,Durañona,Buenos Aires,Olavarría,232,flag_bahra,A (aparcado),Durañona,confirmar_candidato_georef,06595A07,,Durañona,,,georef/asentamientos,https://apis.datos.gob.ar/georef/api,alta,BAHRA: el nombre no es localidad censal -> fuente correcta (P7)
v5_p02,285,Cuay Grande,Corrientes,Santo Tomé,232,flag_bahra,A (aparcado),Cuay Grande,confirmar_candidato_georef,18168A07,,Cuay Grande,,,georef/asentamientos,https://apis.datos.gob.ar/georef/api,alta,BAHRA: el nombre no es localidad censal -> fuente correcta (P7)
v3_p14,770,Mapis,Buenos Aires,Olavarría,231,flag_bahra,A (aparcado),Mapis,confirmar_candidato_georef,06595A18,,Mapis,,,georef/asentamientos,https://apis.datos.gob.ar/georef/api,alta,BAHRA: el nombre no es localidad censal -> fuente correcta (P7)
v7_p04,359,El Portezuelo,La Rioja,Rivadavia,231,flag_variante,A (aparcado),Portezuelo,confirmar_candidato_georef,46070030,,Portezuelo,,,georef/,https://apis.datos.gob.ar/georef/api,media (nombre difiere),variante de nombre en el depto correcto
v3_p23,771,Yutuyaco,Buenos Aires,Adolfo Alsina,230,flag_bahra,A (aparcado),Yutuyaco,confirmar_candidato_georef,06007110,,Yutuyaco,,,georef/asentamientos,https://apis.datos.gob.ar/georef/api,alta,BAHRA: el nombre no es localidad censal -> fuente correcta (P7)
v3_p15,772,Martín Fierro,Buenos Aires,Azul,229,flag_bahra,A (aparcado),Martín Fierro,confirmar_candidato_georef,06049A20,,Martín Fierro,,,georef/asentamientos,https://apis.datos.gob.ar/georef/api,alta,BAHRA: el nombre no es localidad censal -> fuente correcta (P7)
v3_p06,776,Chamaicó,La Pampa,Rancul,228,flag_bahra,A (aparcado),Chamaicó,confirmar_candidato_georef,42126A01,,Chamaicó,,,georef/asentamientos,https://apis.datos.gob.ar/georef/api,alta,BAHRA: el nombre no es localidad censal -> fuente correcta (P7)
v7_p11,361,Veintitrés de Agosto,Jujuy,Ledesma,228,flag_sin_match,C5-rename,23 de Agosto,rename,,,,-23.7808,-64.6708,osm,https://nominatim.openstreetmap.org/search?q=23%20de%20Agosto%2C%20Ledesma%2C%20Jujuy,verde (guard: coord en depto esperado),"[guard=verde; punto en Ledesma] '23 de Agosto', poblado del depto Ledesma (municipio Calilegua), Jujuy. Coincide depto; existe tambien barrio homonimo e"
v3_p04,778,Casey,Buenos Aires,Guaminí,227,flag_bahra,A (aparcado),Casey,confirmar_candidato_georef,06399A02,,Casey,,,georef/asentamientos,https://apis.datos.gob.ar/georef/api,alta,BAHRA: el nombre no es localidad censal -> fuente correcta (P7)
v3_p12,781,La Japonesa,La Pampa,Cura-Có,225,flag_sin_match,C5-rename,Gobernador Duval,rename,,,,-38.7430,-66.4354,osm,"https://nominatim.openstreetmap.org/search?q=Gobernador+Duval,+La+Pampa,+Argentina",verde (guard: coord en depto esperado),"[guard=verde; punto en Curacó] Gobernador Duval, sobre el Río Colorado en depto Curacó (La Pampa); histórica y popularmente conocido como La Japonesa."
v4_p06,720,El Perchel,Córdoba,Tulumba,225,flag_bahra,A (aparcado),El Perchel,confirmar_candidato_georef,14175A08,,El Perchel,,,georef/asentamientos,https://apis.datos.gob.ar/georef/api,alta,BAHRA: el nombre no es localidad censal -> fuente correcta (P7)
v4_p03,722,Capilla del Romero,Córdoba,San Javier,224,flag_variante,A (aparcado),Capilla de Romero,confirmar_candidato_georef,14133007,,Capilla de Romero,,,georef/,https://apis.datos.gob.ar/georef/api,media (nombre difiere),variante de nombre en el depto correcto
v3_p22,782,Vázquez,Buenos Aires,González Chaves,223,flag_variante,A (aparcado),Vásquez,confirmar_candidato_georef,06014040,,Vásquez,,,georef/,https://apis.datos.gob.ar/georef/api,media (nombre difiere),variante de nombre en el depto correcto
v4_p04,723,Colonia Coyunda,Córdoba,San Justo,223,flag_bahra,A (aparcado),Colonia Coyunda,confirmar_candidato_georef,14140A22,,Colonia Coyunda,,,georef/asentamientos,https://apis.datos.gob.ar/georef/api,alta,BAHRA: el nombre no es localidad censal -> fuente correcta (P7)
v7_p01,362,Agunyo,La Rioja,General San Martín,223,flag_variante_bahra,E-bahra-fuzzy,Aguayo,confirmar_o_rechazar_candidato,,,,,,georef/asentamientos,https://apis.datos.gob.ar/georef/api,BAJA (fuzzy en capa BAHRA: puede no ser el mismo lugar),antes era sin_match. candidatos: Aguayo/General San Martín [46091A01]
v3_p05,783,Corbett,Buenos Aires,9 de Julio,222,flag_bahra,A (aparcado),Corbett,confirmar_candidato_georef,06588A03,,Corbett,,,georef/asentamientos,https://apis.datos.gob.ar/georef/api,alta,BAHRA: el nombre no es localidad censal -> fuente correcta (P7)
v3_p07,784,El Zorro,Buenos Aires,Coronel Dorrego,221,flag_bahra,A (aparcado),El Zorro,confirmar_candidato_georef,06189A06,,El Zorro,,,georef/asentamientos,https://apis.datos.gob.ar/georef/api,alta,BAHRA: el nombre no es localidad censal -> fuente correcta (P7)
v3_p14,785,Maguirre,Buenos Aires,Pergamino,221,flag_variante_bahra,E-bahra-fuzzy,Maguire,confirmar_o_rechazar_candidato,,,,,,georef/asentamientos,https://apis.datos.gob.ar/georef/api,BAJA (fuzzy en capa BAHRA: puede no ser el mismo lugar),antes era sin_match. candidatos: Maguire/Pergamino [06623A12]
v7_p04,363,Esteban de Urizar,Salta,Orán,221,flag_bahra,A (aparcado),Esteban de Urizar,confirmar_candidato_georef,66126A12,,Esteban de Urizar,,,georef/asentamientos,https://apis.datos.gob.ar/georef/api,alta,BAHRA: el nombre no es localidad censal -> fuente correcta (P7)
v7_p07,364,Padre Lozana,Salta,Gral. J. de San Martín,221,flag_variante,A (aparcado),Padre Lozano,confirmar_candidato_georef,66056180,,Padre Lozano,,,georef/,https://apis.datos.gob.ar/georef/api,media (nombre difiere),variante de nombre en el depto correcto
v3_p07,786,Drysdale,Buenos Aires,Carlos Tejedor,219,flag_bahra,A (aparcado),Drysdale,confirmar_candidato_georef,06154A01,,Drysdale,,,georef/asentamientos,https://apis.datos.gob.ar/georef/api,alta,BAHRA: el nombre no es localidad censal -> fuente correcta (P7)
v6_p06,251,Río Tapenagá,Chaco,Tapenagá,219,flag_bahra,A (aparcado),Río Tapenagá,confirmar_candidato_georef,22161A08,,Río Tapenagá,,,georef/asentamientos,https://apis.datos.gob.ar/georef/api,alta,BAHRA: el nombre no es localidad censal -> fuente correcta (P7)
v6_p07,250,Teniente Brown,Formosa,Patiño,219,flag_bahra,A (aparcado),Teniente Brown,confirmar_candidato_georef,34035A86,,Teniente Brown,,,georef/asentamientos,https://apis.datos.gob.ar/georef/api,alta,BAHRA: el nombre no es localidad censal -> fuente correcta (P7)
v5_p07,269,Tacuaral,Corrientes,General Paz,218,flag_variante_bahra,E-bahra-fuzzy,El Tacuaral,confirmar_o_rechazar_candidato,,,,,,georef/asentamientos,https://apis.datos.gob.ar/georef/api,BAJA (fuzzy en capa BAHRA: puede no ser el mismo lugar),antes era sin_match. candidatos: El Tacuaral/General Paz [18063A09]
v3_p14,791,Loventuel,La Pampa,Loventué,215,flag_variante,A (aparcado),Loventué,confirmar_candidato_georef,42098020,,Loventué,,,georef/,https://apis.datos.gob.ar/georef/api,media (nombre difiere),variante de nombre en el depto correcto
v3_p17,792,Pedro Nicolás Escribano,Buenos Aires,Chascomús,215,flag_bahra,A (aparcado),Pedro Nicolás Escribano,confirmar_candidato_georef,06218A25,,Pedro Nicolás Escribano,,,georef/asentamientos,https://apis.datos.gob.ar/georef/api,alta,BAHRA: el nombre no es localidad censal -> fuente correcta (P7)
v7_p07,367,Pampa Grande,Salta,Guachipas,215,flag_bahra,A (aparcado),Pampa Grande,confirmar_candidato_georef,66063A09,,Pampa Grande,,,georef/asentamientos,https://apis.datos.gob.ar/georef/api,alta,BAHRA: el nombre no es localidad censal -> fuente correcta (P7)
v4_p06,726,El Quebracho,Córdoba,Río Primero,214,flag_bahra,A (aparcado),El Quebracho,confirmar_candidato_georef,14105A17,,El Quebracho,,,georef/asentamientos,https://apis.datos.gob.ar/georef/api,alta,BAHRA: el nombre no es localidad censal -> fuente correcta (P7)
v4_p13,727,Olmos,Córdoba,Juárez Celman,214,flag_bahra,A (aparcado),Olmos,confirmar_candidato_georef,14056A25,,Olmos,,,georef/asentamientos,https://apis.datos.gob.ar/georef/api,alta,BAHRA: el nombre no es localidad censal -> fuente correcta (P7)
v4_p15,728,Ruiz Díaz de Guzmán,Córdoba,Pte. Roque Sáenz Peña,214,flag_bahra,A (aparcado),Ruiz Díaz de Guzmán,confirmar_candidato_georef,14084A23,,Ruiz Díaz de Guzmán,,,georef/asentamientos,https://apis.datos.gob.ar/georef/api,alta,BAHRA: el nombre no es localidad censal -> fuente correcta (P7)
v3_p16,793,Napostá,Buenos Aires,Bahía Blanca,212,flag_bahra,A (aparcado),Napostá,confirmar_candidato_georef,06056A08,,Napostá,,,georef/asentamientos,https://apis.datos.gob.ar/georef/api,alta,BAHRA: el nombre no es localidad censal -> fuente correcta (P7)
v3_p22,794,Víboras,Buenos Aires,Puán,212,flag_bahra,A (aparcado),Víboras,confirmar_candidato_georef,06651A12,,Víboras,,,georef/asentamientos,https://apis.datos.gob.ar/georef/api,alta,BAHRA: el nombre no es localidad censal -> fuente correcta (P7)
v3_p03,795,Bordeu,Buenos Aires,Bahía Blanca,211,flag_variante_bahra,E-bahra-fuzzy,Villa Bordeau,confirmar_o_rechazar_candidato,,true,,,,georef/localidades,https://apis.datos.gob.ar/georef/api,BAJA (fuzzy en capa BAHRA: puede no ser el mismo lugar),antes era sin_match. candidatos: Villa Bordeau/Bahía Blanca [0605601004]
v3_p13,796,La Pinta,Buenos Aires,General Arenales,211,flag_bahra,A (aparcado),La Pinta,confirmar_candidato_georef,06294A05,,La Pinta,,,georef/asentamientos,https://apis.datos.gob.ar/georef/api,alta,BAHRA: el nombre no es localidad censal -> fuente correcta (P7)
v3_p13,797,La Primavera,Buenos Aires,Coronel Suárez,211,flag_bahra,A (aparcado),La Primavera,confirmar_candidato_georef,06203A08,,La Primavera,,,georef/asentamientos,https://apis.datos.gob.ar/georef/api,alta,BAHRA: el nombre no es localidad censal -> fuente correcta (P7)
v3_p13,798,Las Tahonas,Buenos Aires,Magdalena,211,flag_bahra,A (aparcado),Las Tahonas,confirmar_candidato_georef,06655A06,,Las Tahonas,,,georef/asentamientos,https://apis.datos.gob.ar/georef/api,alta,BAHRA: el nombre no es localidad censal -> fuente correcta (P7)
v6_p05,252,Pozo Dulce,Santiago del Estero,Belgrano,211,flag_bahra,A (aparcado),Pozo Dulce,confirmar_candidato_georef,86042A05,,Pozo Dulce,,,georef/asentamientos,https://apis.datos.gob.ar/georef/api,alta,BAHRA: el nombre no es localidad censal -> fuente correcta (P7)
v7_p01,368,Arenal,Salta,Rosario de la Frontera,211,flag_bahra,A (aparcado),Arenal,confirmar_candidato_georef,66140A02,,Arenal,,,georef/asentamientos,https://apis.datos.gob.ar/georef/api,alta,BAHRA: el nombre no es localidad censal -> fuente correcta (P7)
v3_p20,799,Saturno,Buenos Aires,Guaminí,210,flag_bahra,A (aparcado),Saturno,confirmar_candidato_georef,06399A14,,Saturno,,,georef/asentamientos,https://apis.datos.gob.ar/georef/api,alta,BAHRA: el nombre no es localidad censal -> fuente correcta (P7)
v4_p03,729,Candelaria,Córdoba,Totoral,210,flag_variante,A (aparcado),Candelaria Sur,confirmar_candidato_georef,14168010,,Candelaria Sur,,,georef/,https://apis.datos.gob.ar/georef/api,media (nombre difiere),variante de nombre en el depto correcto
v7_p01,370,Bajo Grande,Salta,Metán,210,flag_sin_match,C5-manual_coord,Bajo Grande,manual_coord,,,,-25.3500,-64.5000,OSM Nominatim,https://nominatim.openstreetmap.org/,verde (guard: coord en depto esperado),"[guard=verde; punto en Metán] Localidad del municipio El Galpón, depto Metán, Salta. Coordenada de baja precisión (punto OSM redondeado); aproximada."
v3_p09,800,Gobernador Andonaegui,Buenos Aires,Exaltación de la Cruz,209,flag_bahra,A (aparcado),Gobernador Andonaegui,confirmar_candidato_georef,06266A02,,Gobernador Andonaegui,,,georef/asentamientos,https://apis.datos.gob.ar/georef/api,alta,BAHRA: el nombre no es localidad censal -> fuente correcta (P7)
v3_p18,801,Real Audiencia,Buenos Aires,Pila,209,flag_bahra,A (aparcado),Real Audiencia,confirmar_candidato_georef,06630A15,,Real Audiencia,,,georef/asentamientos,https://apis.datos.gob.ar/georef/api,alta,BAHRA: el nombre no es localidad censal -> fuente correcta (P7)
v4_p03,730,Cañada del Río Pinto,Córdoba,Ischilín,209,flag_variante,A (aparcado),Cañada de Rio Pinto,confirmar_candidato_georef,14049020,,Cañada de Rio Pinto,,,georef/,https://apis.datos.gob.ar/georef/api,media (nombre difiere),variante de nombre en el depto correcto
v5_p01,290,Apipé,Corrientes,Ituzaingó,209,flag_variante_bahra,E-bahra-fuzzy,Isla Apipé Chico,confirmar_o_rechazar_candidato,,,,,,georef/asentamientos,https://apis.datos.gob.ar/georef/api,BAJA (fuzzy en capa BAHRA: puede no ser el mismo lugar),antes era sin_match. candidatos: Isla Apipé Chico/Ituzaingó [18084A05]
v8_p04,180,Retamito,San Juan,Sarmiento,209,flag_bahra,A (aparcado),Retamito,confirmar_candidato_georef,70105A06,,Retamito,,,georef/asentamientos,https://apis.datos.gob.ar/georef/api,alta,BAHRA: el nombre no es localidad censal -> fuente correcta (P7)
v3_p05,803,Coronel Falcón,Buenos Aires,Coronel Pringles,208,flag_bahra,A (aparcado),Coronel Falcón,confirmar_candidato_georef,06196A01,,Coronel Falcón,,,georef/asentamientos,https://apis.datos.gob.ar/georef/api,alta,BAHRA: el nombre no es localidad censal -> fuente correcta (P7)
v3_p14,804,Lumb,Buenos Aires,San Cayetano,208,flag_bahra,A (aparcado),Lumb,confirmar_candidato_georef,06742A06,,Lumb,,,georef/asentamientos,https://apis.datos.gob.ar/georef/api,alta,BAHRA: el nombre no es localidad censal -> fuente correcta (P7)
v3_p13,805,La Vitícola,Buenos Aires,Bahía Blanca,207,flag_bahra,A (aparcado),La Vitícola,confirmar_candidato_georef,06056A06,,La Vitícola,,,georef/asentamientos,https://apis.datos.gob.ar/georef/api,alta,BAHRA: el nombre no es localidad censal -> fuente correcta (P7)
v7_p02,372,Capitán J. Page,Salta,Rivadavia,207,flag_sin_match,C5-rename,Capitán Juan Pagé,rename,,,,-23.6833,-62.3833,dices.net,https://www.dices.net/mapas/argentina/mapa.php?nombre=Capitan-Juan-Page&id=29081,verde (guard: coord en depto esperado),"[guard=verde; punto en Rivadavia] Localidad ferroviaria del depto Rivadavia, Salta"
v7_p09,371,San Ignacio,Tucumán,Graneros,207,flag_bahra,A (aparcado),San Ignacio,confirmar_candidato_georef,90049A28,,San Ignacio,,,georef/asentamientos,https://apis.datos.gob.ar/georef/api,alta,BAHRA: el nombre no es localidad censal -> fuente correcta (P7)
v6_p07,254,Villa Matoque,Santiago del Estero,Copo,206,flag_bahra,A (aparcado),Villa Matoque,confirmar_candidato_georef,86056A71,,Villa Matoque,,,georef/asentamientos,https://apis.datos.gob.ar/georef/api,alta,BAHRA: el nombre no es localidad censal -> fuente correcta (P7)
v4_p12,734,Modestino Pizarro,Córdoba,General Roca,204,flag_bahra,A (aparcado),Modestino Pizarro,confirmar_candidato_georef,14035A22,,Modestino Pizarro,,,georef/asentamientos,https://apis.datos.gob.ar/georef/api,alta,BAHRA: el nombre no es localidad censal -> fuente correcta (P7)
v5_p05,291,Miñones,Entre Ríos,Federación,204,flag_sin_match,C5-manual_coord,Estación Miñones,manual_coord,,,,-30.6983,-58.5825,Wikipedia,https://es.wikipedia.org/wiki/Estaci%C3%B3n_Mi%C3%B1ones,REVISAR (rojo),"[guard=rojo; punto en Federal] Paraje/estación del distrito Francisco Ramírez; en 1960 depto Federación, hoy depto Federal (contiguo)"
v6_p07,256,Tipiro,Santiago del Estero,Capital,203,flag_bahra,A (aparcado),Tipiro,confirmar_candidato_georef,86049A27,,Tipiro,,,georef/asentamientos,https://apis.datos.gob.ar/georef/api,alta,BAHRA: el nombre no es localidad censal -> fuente correcta (P7)
v7_p01,376,Abdón Castro Tolay,Jujuy,Cochinoca,203,flag_bahra,A (aparcado),Abdón Castro Tolay,confirmar_candidato_georef,38007010,,Abdón Castro Tolay,,,georef/asentamientos,https://apis.datos.gob.ar/georef/api,alta,BAHRA: el nombre no es localidad censal -> fuente correcta (P7)
v3_p01,807,Albariño,Buenos Aires,Pehuajó,202,flag_bahra,A (aparcado),Albariño,confirmar_candidato_georef,06609A02,,Albariño,,,georef/asentamientos,https://apis.datos.gob.ar/georef/api,alta,BAHRA: el nombre no es localidad censal -> fuente correcta (P7)
v3_p01,808,Alférez de San Martín,Buenos Aires,Bahía Blanca,202,flag_variante_bahra,E-bahra-fuzzy,Alférez San Martín,confirmar_o_rechazar_candidato,,,,,,georef/asentamientos,https://apis.datos.gob.ar/georef/api,BAJA (fuzzy en capa BAHRA: puede no ser el mismo lugar),antes era sin_match. candidatos: Alférez San Martín/Bahía Blanca [06056A00]
v3_p18,809,Presidente Quintana,Buenos Aires,Alberti,202,flag_bahra,A (aparcado),Presidente Quintana,confirmar_candidato_georef,06021A07,,Presidente Quintana,,,georef/asentamientos,https://apis.datos.gob.ar/georef/api,alta,BAHRA: el nombre no es localidad censal -> fuente correcta (P7)
v5_p05,293,Paso Florentín,Corrientes,General Paz,202,flag_bahra,A (aparcado),Paso Florentín,confirmar_candidato_georef,18063A19,,Paso Florentín,,,georef/asentamientos,https://apis.datos.gob.ar/georef/api,alta,BAHRA: el nombre no es localidad censal -> fuente correcta (P7)
v7_p07,378,Palta de Aparzo,Jujuy,Humahuaca,201,flag_variante,A (aparcado),Palca de Aparzo,confirmar_candidato_georef,38028043,,Palca de Aparzo,,,georef/,https://apis.datos.gob.ar/georef/api,media (nombre difiere),variante de nombre en el depto correcto
v8_p04,181,San Antonio,San Luis,Belgrano,201,flag_bahra,A (aparcado),San Antonio,confirmar_candidato_georef,74014A31,,San Antonio,,,georef/asentamientos,https://apis.datos.gob.ar/georef/api,alta,BAHRA: el nombre no es localidad censal -> fuente correcta (P7)
v3_p05,810,Colonia Lapin,Buenos Aires,Adolfo Alsina,200,flag_bahra,A (aparcado),Colonia Lapin,confirmar_candidato_georef,06007A06,,Colonia Lapin,,,georef/asentamientos,https://apis.datos.gob.ar/georef/api,alta,BAHRA: el nombre no es localidad censal -> fuente correcta (P7)
v3_p11,811,Igarzábal,Buenos Aires,Patagones,200,flag_bahra,A (aparcado),Igarzabal,confirmar_candidato_georef,06602A19,,Igarzabal,,,georef/asentamientos,https://apis.datos.gob.ar/georef/api,alta,BAHRA: el nombre no es localidad censal -> fuente correcta (P7)
v3_p20,812,San José,Buenos Aires,Necochea,200,flag_depto,B,,transferencia_vs_homonimo,,,,,,georef+centroides,https://apis.datos.gob.ar/georef/api/departamentos,media,dist_km=252 -> homonimo probable (lejano). candidatos: San José/Coronel Suárez [06203070]
v6_p03,258,Ingeniero Ezcurra,Santiago del Estero,Capital,199,flag_bahra,A (aparcado),Ingeniero Ezcurra,confirmar_candidato_georef,86049A06,,Ingeniero Ezcurra,,,georef/asentamientos,https://apis.datos.gob.ar/georef/api,alta,BAHRA: el nombre no es localidad censal -> fuente correcta (P7)
v6_p05,257,Pozo Herrera,Santiago del Estero,General Taboada,199,flag_bahra,A (aparcado),Pozo Herrera,confirmar_candidato_georef,86077A19,,Pozo Herrera,,,georef/asentamientos,https://apis.datos.gob.ar/georef/api,alta,BAHRA: el nombre no es localidad censal -> fuente correcta (P7)
v3_p01,814,Anasagasti,Buenos Aires,Navarro,198,flag_bahra,A (aparcado),Anasagasti,confirmar_candidato_georef,06574A00,,Anasagasti,,,georef/asentamientos,https://apis.datos.gob.ar/georef/api,alta,BAHRA: el nombre no es localidad censal -> fuente correcta (P7)
v7_p08,380,Puerto La Paz,Salta,Rivadavia,198,flag_sin_match,C-generador,La Paz,confirmar_candidato_georef,66133A50,,La Paz,-22.3837777595942,-62.5286776248469,georef/asentamientos,https://apis.datos.gob.ar/georef/api,media (match exacto pero en capa BAHRA),candidato probado: 'La Paz' [prefijo: se quita 'Puerto' [capa asentamientos]]
v3_p12,815,Krabbe,Buenos Aires,Coronel Pringles,197,flag_bahra,A (aparcado),Krabbe,confirmar_candidato_georef,06196A04,,Krabbe,,,georef/asentamientos,https://apis.datos.gob.ar/georef/api,alta,BAHRA: el nombre no es localidad censal -> fuente correcta (P7)
v3_p18,816,Rivadeo,Buenos Aires,Puán,197,flag_bahra,A (aparcado),Rivadeo,confirmar_candidato_georef,06651A10,,Rivadeo,,,georef/asentamientos,https://apis.datos.gob.ar/georef/api,alta,BAHRA: el nombre no es localidad censal -> fuente correcta (P7)
v7_p10,381,Termas de Reyes,Jujuy,Capital,196,flag_bahra,A (aparcado),Termas de Reyes,confirmar_candidato_georef,38021A08,,Termas de Reyes,,,georef/asentamientos,https://apis.datos.gob.ar/georef/api,alta,BAHRA: el nombre no es localidad censal -> fuente correcta (P7)
v4_p05,738,Chañaritos,Córdoba,Río Cuarto,194,flag_bahra,A (aparcado),Chañaritos,confirmar_candidato_georef,14098A09,,Chañaritos,,,georef/asentamientos,https://apis.datos.gob.ar/georef/api,alta,BAHRA: el nombre no es localidad censal -> fuente correcta (P7)
v4_p11,739,Manantiales,Córdoba,Juárez Celman,194,flag_bahra,A (aparcado),Manantiales,confirmar_candidato_georef,14056A24,,Manantiales,,,georef/asentamientos,https://apis.datos.gob.ar/georef/api,alta,BAHRA: el nombre no es localidad censal -> fuente correcta (P7)
v5_p08,294,Yeruá,Entre Ríos,Concordia,194,flag_variante,D,,desambiguar,,,,,,georef,,baja,>1 candidato: Estación Yeruá/Concordia [30015080]; Puerto Yeruá/Concordia [30015140]
v3_p07,817,Emilio Mitre,La Pampa,Chalileo,193,flag_variante_bahra,E-bahra-fuzzy,Colonia Emilio Mitre,confirmar_o_rechazar_candidato,,,,,,georef/asentamientos,https://apis.datos.gob.ar/georef/api,BAJA (fuzzy en capa BAHRA: puede no ser el mismo lugar),antes era sin_match. candidatos: Colonia Emilio Mitre/Chalileo [42049A01]
v3_p01,818,Alta Vista,Buenos Aires,Saavedra,192,flag_bahra,A (aparcado),Alta Vista,confirmar_candidato_georef,06700A02,,Alta Vista,,,georef/asentamientos,https://apis.datos.gob.ar/georef/api,alta,BAHRA: el nombre no es localidad censal -> fuente correcta (P7)
v3_p04,819,Centenario,Buenos Aires,Carlos Casares,192,flag_bahra,A (aparcado),Centenario,confirmar_candidato_georef,06147A00,,Centenario,,,georef/asentamientos,https://apis.datos.gob.ar/georef/api,alta,BAHRA: el nombre no es localidad censal -> fuente correcta (P7)
v3_p12,820,Kilómetro 125,Buenos Aires,San Andrés de Giles,192,flag_sin_match,C5-rename,Estación La Valerosa,rename,,,,-34.5525,-59.5328,Wikipedia,https://es.wikipedia.org/wiki/Estaci%C3%B3n_La_Valerosa,verde (guard: coord en depto esperado),"[guard=verde; punto en San Andrés de Giles] Estacion cuyo nombre original era Kilometro 125, renombrada La Valerosa, partido San Andres de Giles, Buenos Aires"
v4_p10,740,Lecueder,Córdoba,General Roca,192,flag_variante,A (aparcado),Estación Lecueder,confirmar_candidato_georef,14035020,,Estación Lecueder,,,georef/,https://apis.datos.gob.ar/georef/api,media (nombre difiere),variante de nombre en el depto correcto
v6_p06,259,Punta Corral,Santiago del Estero,Avellaneda,192,flag_bahra,A (aparcado),Punta Corral,confirmar_candidato_georef,86028A20,,Punta Corral,,,georef/asentamientos,https://apis.datos.gob.ar/georef/api,alta,BAHRA: el nombre no es localidad censal -> fuente correcta (P7)
v7_p07,382,Noquebe,La Rioja,General Roca,192,flag_variante_bahra,E-bahra-fuzzy,ñoqueve,confirmar_o_rechazar_candidato,,,,,,georef/asentamientos,https://apis.datos.gob.ar/georef/api,BAJA (fuzzy en capa BAHRA: puede no ser el mismo lugar),antes era sin_match. candidatos: ñoqueve/Rosario Vera Peñaloza [46112A18]
v3_p22,823,Vigilancia,Buenos Aires,Lincoln,191,flag_variante_bahra,E-bahra-fuzzy,Fortín Vigilancia,confirmar_o_rechazar_candidato,,,,,,georef/asentamientos,https://apis.datos.gob.ar/georef/api,BAJA (fuzzy en capa BAHRA: puede no ser el mismo lugar),antes era sin_match. candidatos: Fortín Vigilancia/Lincoln [06469A06]
v3_p07,824,Drabble,Buenos Aires,General Villegas,190,flag_bahra,A (aparcado),Drabble,confirmar_candidato_georef,06392A03,,Drabble,,,georef/asentamientos,https://apis.datos.gob.ar/georef/api,alta,BAHRA: el nombre no es localidad censal -> fuente correcta (P7)
v6_p06,261,San Vicente,Santiago del Estero,Silípica,190,flag_bahra,A (aparcado),San Vicente,confirmar_candidato_georef,86189A09,,San Vicente,,,georef/asentamientos,https://apis.datos.gob.ar/georef/api,alta,BAHRA: el nombre no es localidad censal -> fuente correcta (P7)
v6_p04,262,Malota,Santiago del Estero,Salavina,189,flag_bahra,A (aparcado),Malota,confirmar_candidato_georef,86168A19,,Malota,,,georef/asentamientos,https://apis.datos.gob.ar/georef/api,alta,BAHRA: el nombre no es localidad censal -> fuente correcta (P7)
v3_p01,825,Alegre,Buenos Aires,General Paz,188,flag_bahra,A (aparcado),Alegre,confirmar_candidato_georef,06343A00,,Alegre,,,georef/asentamientos,https://apis.datos.gob.ar/georef/api,alta,BAHRA: el nombre no es localidad censal -> fuente correcta (P7)
v6_p01,264,Alto Alegre,Formosa,Patiño,188,flag_bahra,A (aparcado),Alto Alegre,confirmar_candidato_georef,34035A00,,Alto Alegre,,,georef/asentamientos,https://apis.datos.gob.ar/georef/api,alta,BAHRA: el nombre no es localidad censal -> fuente correcta (P7)
v7_p08,383,Puesto Grande,Jujuy,Santa Catalina,188,flag_bahra,A (aparcado),Puesto Grande,confirmar_candidato_georef,38077A09,,Puesto Grande,,,georef/asentamientos,https://apis.datos.gob.ar/georef/api,alta,BAHRA: el nombre no es localidad censal -> fuente correcta (P7)
v3_p02,828,Balneario Mar de Ajó Norte,Buenos Aires,General Lavalle,187,flag_sin_match,C-generador,Mar de Ajó Norte,confirmar_candidato_georef,0642002004,,Mar de Ajó Norte,-36.717111900525,-56.6770670772511,georef/localidades,https://apis.datos.gob.ar/georef/api,media (match exacto pero en capa BAHRA),candidato probado: 'Mar de Ajó Norte' [prefijo: se quita 'Balneario' [capa localidades]]
v3_p03,827,Bonifacio,Buenos Aires,Guaminí,187,flag_sin_match,C5-rename,Laguna Alsina (Bonifacio),rename,,,,-36.8075,-62.2479,Wikipedia (Estación Bonifacio) / OSM,https://es.wikipedia.org/wiki/Estaci%C3%B3n_Bonifacio,verde (guard: coord en depto esperado),"[guard=verde; punto en Guaminí] La estación Bonifacio está en la localidad de Laguna Alsina, partido de Guaminí; comúnmente aún llamada Bonifacio."
v4_p15,741,Rumiyaco,Córdoba,Minas,187,flag_sin_match,C5-sin_coordenada,,sin_coordenada,,,,,,,,,[C5 web] Paraje en depto Minas (Córdoba) sin coordenada moderna verificable; el 'Rumiyaco' que aparece en buscadores son cabañas en Villa Rumipal (de
v3_p06,828,Delgado,Buenos Aires,General Arenales,185,flag_bahra,A (aparcado),Delgado,confirmar_candidato_georef,06294A02,,Delgado,,,georef/asentamientos,https://apis.datos.gob.ar/georef/api,alta,BAHRA: el nombre no es localidad censal -> fuente correcta (P7)
v4_p19,742,Vivero,Córdoba,Pte. Roque Sáenz Peña,184,flag_bahra,A (aparcado),Vivero,confirmar_candidato_georef,14084A25,,Vivero,,,georef/asentamientos,https://apis.datos.gob.ar/georef/api,alta,BAHRA: el nombre no es localidad censal -> fuente correcta (P7)
v5_p03,295,Emilio R. Coni,Corrientes,Curuzú Cuatiá,184,flag_bahra,A (aparcado),Emilio R. Coni,confirmar_candidato_georef,18035A11,,Emilio R. Coni,,,georef/asentamientos,https://apis.datos.gob.ar/georef/api,alta,BAHRA: el nombre no es localidad censal -> fuente correcta (P7)
v5_p04,296,Lomas de Galarza,Corrientes,San Luis del Palmar,184,flag_bahra,A (aparcado),Lomas de Galarza,confirmar_candidato_georef,18140A23,,Lomas de Galarza,,,georef/asentamientos,https://apis.datos.gob.ar/georef/api,alta,BAHRA: el nombre no es localidad censal -> fuente correcta (P7)
v7_p04,386,El Tobar,Tucumán,Chicligasta,184,flag_sin_match,C5-rename,El Tobar,rename,,,,-27.5333,-65.0667,osm,https://nominatim.openstreetmap.org/search?q=El%20Tobar%2C%20Tucum%C3%A1n,verde (guard: coord en depto esperado),"[guard=verde; punto en Simoca] El Tobar; OSM lo ubica en depto Simoca (uno de los deptos_modernos), lindante con Chicligasta. Coincide depto."
v3_p15,829,Monroe,Buenos Aires,Salto,183,flag_bahra,A (aparcado),Monroe,confirmar_candidato_georef,06714A04,,Monroe,,,georef/asentamientos,https://apis.datos.gob.ar/georef/api,alta,BAHRA: el nombre no es localidad censal -> fuente correcta (P7)
v5_p03,297,Escriña,Entre Ríos,Gualeguaychú,183,flag_variante,A (aparcado),Estación Escriña,confirmar_candidato_georef,30056035,,Estación Escriña,,,georef/,https://apis.datos.gob.ar/georef/api,media (nombre difiere),variante de nombre en el depto correcto
v3_p09,830,García del Río,Buenos Aires,Tornquist,182,flag_bahra,A (aparcado),García del Río,confirmar_candidato_georef,06819A08,,García del Río,,,georef/asentamientos,https://apis.datos.gob.ar/georef/api,alta,BAHRA: el nombre no es localidad censal -> fuente correcta (P7)
v3_p12,831,Langueyú,Buenos Aires,Ayacucho,182,flag_bahra,A (aparcado),Langueyú,confirmar_candidato_georef,06042A17,,Langueyú,,,georef/asentamientos,https://apis.datos.gob.ar/georef/api,alta,BAHRA: el nombre no es localidad censal -> fuente correcta (P7)
v3_p18,832,Quirno Costa,Buenos Aires,General Viamonte,182,flag_bahra,A (aparcado),Quirno Costa,confirmar_candidato_georef,06385A09,,Quirno Costa,,,georef/asentamientos,https://apis.datos.gob.ar/georef/api,alta,BAHRA: el nombre no es localidad censal -> fuente correcta (P7)
v3_p04,833,Cobo,Buenos Aires,Mar Chiquita,181,flag_bahra,A (aparcado),Cobo,confirmar_candidato_georef,06518A01,,Cobo,,,georef/asentamientos,https://apis.datos.gob.ar/georef/api,alta,BAHRA: el nombre no es localidad censal -> fuente correcta (P7)
v3_p19,834,Rocha,Buenos Aires,Olavarría,180,flag_bahra,A (aparcado),Rocha,confirmar_candidato_georef,06595A21,,Rocha,,,georef/asentamientos,https://apis.datos.gob.ar/georef/api,alta,BAHRA: el nombre no es localidad censal -> fuente correcta (P7)
v7_p10,388,Santa Rosa de Tastil,Salta,Rosario de Lerma,180,flag_bahra,A (aparcado),Santa Rosa de Tastil,confirmar_candidato_georef,66147A32,,Santa Rosa de Tastil,,,georef/asentamientos,https://apis.datos.gob.ar/georef/api,alta,BAHRA: el nombre no es localidad censal -> fuente correcta (P7)
v3_p08,835,Francisco de Victoria,Buenos Aires,Trenque Lauquen,178,flag_variante_bahra,E-bahra-fuzzy,Francisco de Vitoria,confirmar_o_rechazar_candidato,,,,,,georef/asentamientos,https://apis.datos.gob.ar/georef/api,BAJA (fuzzy en capa BAHRA: puede no ser el mismo lugar),antes era sin_match. candidatos: Francisco de Vitoria/Trenque Lauquen [06826A08]
v9_1_2_p02,141,El Mayoco,Chubut,Cushamen,178,flag_bahra,A (aparcado),El Mayoco,confirmar_candidato_georef,26014A09,,El Mayoco,,,georef/asentamientos,https://apis.datos.gob.ar/georef/api,alta,BAHRA: el nombre no es localidad censal -> fuente correcta (P7)
v9_1_2_p04,140,Puerto Lobos,Chubut,Biedma,178,flag_bahra,A (aparcado),Puerto Lobos,confirmar_candidato_georef,26007A13,,Puerto Lobos,,,georef/asentamientos,https://apis.datos.gob.ar/georef/api,alta,BAHRA: el nombre no es localidad censal -> fuente correcta (P7)
v4_p12,743,Ninalquín,Córdoba,Minas,177,flag_bahra,A (aparcado),Ninalquín,confirmar_candidato_georef,14070A18,,Ninalquín,,,georef/asentamientos,https://apis.datos.gob.ar/georef/api,alta,BAHRA: el nombre no es localidad censal -> fuente correcta (P7)
v7_p08,389,Rosario del Dorado,Salta,Anta,177,flag_sin_match,C5-manual_coord,Rosario del Dorado,manual_coord,,,,-24.5275,-64.1558,osm,"https://nominatim.openstreetmap.org/search?q=Rosario+del+Dorado,+Anta,+Salta,+Argentina",verde (guard: coord en depto esperado),"[guard=verde; punto en Anta] Paraje en municipio Apolinario Saravia, depto Anta (Salta)."
v3_p13,836,Lazzarino,Buenos Aires,Azul,176,flag_bahra,A (aparcado),Lazzarino,confirmar_candidato_georef,06049A18,,Lazzarino,,,georef/asentamientos,https://apis.datos.gob.ar/georef/api,alta,BAHRA: el nombre no es localidad censal -> fuente correcta (P7)
v3_p15,837,Moores,Buenos Aires,General Villegas,176,flag_bahra,A (aparcado),Moores,confirmar_candidato_georef,06392A15,,Moores,,,georef/asentamientos,https://apis.datos.gob.ar/georef/api,alta,BAHRA: el nombre no es localidad censal -> fuente correcta (P7)
v4_p02,744,Barreto,Córdoba,Juárez Celman,176,flag_bahra,A (aparcado),Barreto,confirmar_candidato_georef,14056A01,,Barreto,,,georef/asentamientos,https://apis.datos.gob.ar/georef/api,alta,BAHRA: el nombre no es localidad censal -> fuente correcta (P7)
v3_p02,838,Atreucó,La Pampa,Atreucó,175,flag_bahra,A (aparcado),Atreucó,confirmar_candidato_georef,42007A00,,Atreucó,,,georef/asentamientos,https://apis.datos.gob.ar/georef/api,alta,BAHRA: el nombre no es localidad censal -> fuente correcta (P7)
v6_p06,267,San Pedro,Santiago del Estero,Matará,175,flag_depto,B,,transferencia_vs_homonimo,,,,,,georef+centroides,https://apis.datos.gob.ar/georef/api/departamentos,media,dist_km=187 -> homonimo probable (lejano). candidatos: San Pedro/Capital [86049090]; San Pedro/Choya [86063070]; San Pedro/Gu
v3_p05,839,Cotita,La Pampa,Hucal,174,flag_bahra,A (aparcado),Cotita,confirmar_candidato_georef,42077A01,,Cotita,,,georef/asentamientos,https://apis.datos.gob.ar/georef/api,alta,BAHRA: el nombre no es localidad censal -> fuente correcta (P7)
v4_p13,746,Piedrita Blanca,Córdoba,Minas,174,flag_bahra,A (aparcado),Piedrita Blanca,confirmar_candidato_georef,14070A24,,Piedrita Blanca,,,georef/asentamientos,https://apis.datos.gob.ar/georef/api,alta,BAHRA: el nombre no es localidad censal -> fuente correcta (P7)
v8_p04,184,Pozo del Tala,San Luis,Belgrano,174,flag_bahra,A (aparcado),Pozo del Tala,confirmar_candidato_georef,74014A28,,Pozo del Tala,,,georef/asentamientos,https://apis.datos.gob.ar/georef/api,alta,BAHRA: el nombre no es localidad censal -> fuente correcta (P7)
v9_1_2_p03,142,Juan de Garay,Río Negro,Pichi-Mahuida,174,flag_bahra,A (aparcado),Juan de Garay,confirmar_candidato_georef,62063A05,,Juan de Garay,,,georef/asentamientos,https://apis.datos.gob.ar/georef/api,alta,BAHRA: el nombre no es localidad censal -> fuente correcta (P7)
v3_p05,840,Condarco,Buenos Aires,Rivadavia,173,flag_bahra,A (aparcado),Condarco,confirmar_candidato_georef,06679A03,,Condarco,,,georef/asentamientos,https://apis.datos.gob.ar/georef/api,alta,BAHRA: el nombre no es localidad censal -> fuente correcta (P7)
v6_p05,268,Oetling,Chaco,Tapenagá,173,flag_bahra,A (aparcado),Oetling,confirmar_candidato_georef,22161A07,,Oetling,,,georef/asentamientos,https://apis.datos.gob.ar/georef/api,alta,BAHRA: el nombre no es localidad censal -> fuente correcta (P7)
v6_p06,269,San Vicente,Santiago del Estero,Loreto,172,flag_bahra,A (aparcado),San Vicente,confirmar_candidato_georef,86105A22,,San Vicente,,,georef/asentamientos,https://apis.datos.gob.ar/georef/api,alta,BAHRA: el nombre no es localidad censal -> fuente correcta (P7)
v3_p17,841,Pradere,Buenos Aires,General Villegas,171,flag_bahra,A (aparcado),Pradere,confirmar_candidato_georef,06392A16,,Pradere,,,georef/asentamientos,https://apis.datos.gob.ar/georef/api,alta,BAHRA: el nombre no es localidad censal -> fuente correcta (P7)
v3_p03,842,Blandengues,Buenos Aires,Junín,170,flag_bahra,A (aparcado),Blandengues,confirmar_candidato_georef,06413A00,,Blandengues,,,georef/asentamientos,https://apis.datos.gob.ar/georef/api,alta,BAHRA: el nombre no es localidad censal -> fuente correcta (P7)
v3_p17,843,Paso Mayer,Buenos Aires,Coronel de Marina Leonardo Rosales,170,flag_variante_bahra,E-bahra-fuzzy,Paso Mayor,confirmar_o_rechazar_candidato,,,,,,georef/asentamientos,https://apis.datos.gob.ar/georef/api,BAJA (fuzzy en capa BAHRA: puede no ser el mismo lugar),antes era sin_match. candidatos: Paso Mayor/Coronel de Marina Leonardo Rosales [06182A05]
v6_p04,270,Llajta Mauca,Santiago del Estero,Matará,170,flag_bahra,A (aparcado),Llajta Mauca,confirmar_candidato_georef,86098A23,,Llajta Mauca,,,georef/asentamientos,https://apis.datos.gob.ar/georef/api,alta,BAHRA: el nombre no es localidad censal -> fuente correcta (P7)
v6_p01,272,Baez,Santiago del Estero,Ojo de Agua,169,flag_bahra,A (aparcado),Báez,confirmar_candidato_georef,86126A03,,Báez,,,georef/asentamientos,https://apis.datos.gob.ar/georef/api,alta,BAHRA: el nombre no es localidad censal -> fuente correcta (P7)
v6_p02,271,Ciervo Petizo,Chaco,Lib. Gral. San Martín,169,flag_variante,A (aparcado),Ciervo Petiso,confirmar_candidato_georef,22084010,,Ciervo Petiso,,,georef/,https://apis.datos.gob.ar/georef/api,media (nombre difiere),variante de nombre en el depto correcto
v3_p06,844,Dos Hermanos,Buenos Aires,General Pinto,168,flag_bahra,A (aparcado),Dos Hermanos,confirmar_candidato_georef,06351A01,,Dos Hermanos,,,georef/asentamientos,https://apis.datos.gob.ar/georef/api,alta,BAHRA: el nombre no es localidad censal -> fuente correcta (P7)
v4_p17,748,Santa Teresa,Córdoba,Colón,168,flag_bahra,A (aparcado),Santa Teresa,confirmar_candidato_georef,14021A20,,Santa Teresa,,,georef/asentamientos,https://apis.datos.gob.ar/georef/api,alta,BAHRA: el nombre no es localidad censal -> fuente correcta (P7)
v3_p03,845,Cambaceres,Buenos Aires,9 de Julio,167,flag_bahra,A (aparcado),Cambaceres,confirmar_candidato_georef,06588A01,,Cambaceres,,,georef/asentamientos,https://apis.datos.gob.ar/georef/api,alta,BAHRA: el nombre no es localidad censal -> fuente correcta (P7)
v9_1_2_p01,143,Auca Mahuída,Neuquén,Añelo,167,flag_bahra,A (aparcado),Auca Mahuida,confirmar_candidato_georef,58014A04,,Auca Mahuida,,,georef/asentamientos,https://apis.datos.gob.ar/georef/api,alta,BAHRA: el nombre no es localidad censal -> fuente correcta (P7)
v3_p03,846,Berrahondo,Buenos Aires,Tornquist,166,flag_variante_bahra,E-bahra-fuzzy,Berraondo,confirmar_o_rechazar_candidato,,,,,,georef/asentamientos,https://apis.datos.gob.ar/georef/api,BAJA (fuzzy en capa BAHRA: puede no ser el mismo lugar),antes era sin_match. candidatos: Berraondo/Tornquist [06819A00]
v3_p13,847,Las Juanitas,Buenos Aires,Pehuajó,166,flag_bahra,A (aparcado),Las Juanitas,confirmar_candidato_georef,06609A19,,Las Juanitas,,,georef/asentamientos,https://apis.datos.gob.ar/georef/api,alta,BAHRA: el nombre no es localidad censal -> fuente correcta (P7)
v3_p22,848,Villa Sena,Buenos Aires,Rivadavia,166,flag_bahra,A (aparcado),Villa Sena,confirmar_candidato_georef,06679A07,,Villa Sena,,,georef/asentamientos,https://apis.datos.gob.ar/georef/api,alta,BAHRA: el nombre no es localidad censal -> fuente correcta (P7)
v3_p06,849,Choique,Buenos Aires,Tornquist,165,flag_bahra,A (aparcado),Choique,confirmar_candidato_georef,06819A02,,Choique,,,georef/asentamientos,https://apis.datos.gob.ar/georef/api,alta,BAHRA: el nombre no es localidad censal -> fuente correcta (P7)
v6_p03,273,Huayamampa,Santiago del Estero,Banda,165,flag_variante,A (aparcado),Huyamampa,confirmar_candidato_georef,86035070,,Huyamampa,,,georef/,https://apis.datos.gob.ar/georef/api,media (nombre difiere),variante de nombre en el depto correcto
v3_p10,850,Huelén,La Pampa,Quemú-Quemú,164,flag_bahra,A (aparcado),Huelén,confirmar_candidato_georef,42119A01,,Huelén,,,georef/asentamientos,https://apis.datos.gob.ar/georef/api,alta,BAHRA: el nombre no es localidad censal -> fuente correcta (P7)
v3_p10,851,Húsares,Buenos Aires,Carlos Tejedor,164,flag_bahra,A (aparcado),Húsares,confirmar_candidato_georef,06154A07,,Húsares,,,georef/asentamientos,https://apis.datos.gob.ar/georef/api,alta,BAHRA: el nombre no es localidad censal -> fuente correcta (P7)
v3_p07,852,Eduardo Costa,Buenos Aires,General Pinto,163,flag_bahra,A (aparcado),Eduardo Costa,confirmar_candidato_georef,06277A01,,Eduardo Costa,,,georef/asentamientos,https://apis.datos.gob.ar/georef/api,alta,BAHRA: el nombre no es localidad censal -> fuente correcta (P7)
v6_p07,274,Tres Pozos,Santiago del Estero,General Taboada,163,flag_bahra,A (aparcado),Tres Pozos,confirmar_candidato_georef,86077A31,,Tres Pozos,,,georef/asentamientos,https://apis.datos.gob.ar/georef/api,alta,BAHRA: el nombre no es localidad censal -> fuente correcta (P7)
v3_p13,854,Las Parvas,Buenos Aires,Junín,162,flag_bahra,A (aparcado),Las Parvas,confirmar_candidato_georef,06413A07,,Las Parvas,,,georef/asentamientos,https://apis.datos.gob.ar/georef/api,alta,BAHRA: el nombre no es localidad censal -> fuente correcta (P7)
v7_p11,395,Villa Chepes,La Rioja,General Roca,162,flag_bahra,A (aparcado),Villa Chepes,confirmar_candidato_georef,46112A27,,Villa Chepes,,,georef/asentamientos,https://apis.datos.gob.ar/georef/api,alta,BAHRA: el nombre no es localidad censal -> fuente correcta (P7)
v3_p03,855,Boeuf,La Pampa,Conhello,161,flag_bahra,A (aparcado),Boeuf,confirmar_candidato_georef,42035A00,,Boeuf,,,georef/asentamientos,https://apis.datos.gob.ar/georef/api,alta,BAHRA: el nombre no es localidad censal -> fuente correcta (P7)
v6_p02,275,Fortín Cardoso,Chaco,Libertad,161,flag_bahra,A (aparcado),Fortín Cardoso,confirmar_candidato_georef,22077A03,,Fortín Cardoso,,,georef/asentamientos,https://apis.datos.gob.ar/georef/api,alta,BAHRA: el nombre no es localidad censal -> fuente correcta (P7)
v7_p05,396,La Puerta de San José,Catamarca,Belén,161,flag_variante,A (aparcado),Puerta de San José,confirmar_candidato_georef,10035140,,Puerta de San José,,,georef/,https://apis.datos.gob.ar/georef/api,media (nombre difiere),variante de nombre en el depto correcto
v3_p05,856,Corazzi,Buenos Aires,Trenque Lauquen,160,flag_bahra,A (aparcado),Corazzi,confirmar_candidato_georef,06826A05,,Corazzi,,,georef/asentamientos,https://apis.datos.gob.ar/georef/api,alta,BAHRA: el nombre no es localidad censal -> fuente correcta (P7)
v3_p03,857,Baudrix,Buenos Aires,Alberti,159,flag_bahra,A (aparcado),Baudrix,confirmar_candidato_georef,06021A00,,Baudrix,,,georef/asentamientos,https://apis.datos.gob.ar/georef/api,alta,BAHRA: el nombre no es localidad censal -> fuente correcta (P7)
v3_p06,858,Dr. Domingo Harósteguy,Buenos Aires,Las Flores,159,flag_bahra,A (aparcado),Dr. Domingo Harósteguy,confirmar_candidato_georef,06455A02,,Dr. Domingo Harósteguy,,,georef/asentamientos,https://apis.datos.gob.ar/georef/api,alta,BAHRA: el nombre no es localidad censal -> fuente correcta (P7)
v4_p13,751,Pedro E. Funes,Córdoba,Juárez Celman,159,flag_bahra,A (aparcado),Pedro E. Funes,confirmar_candidato_georef,14056A29,,Pedro E. Funes,,,georef/asentamientos,https://apis.datos.gob.ar/georef/api,alta,BAHRA: el nombre no es localidad censal -> fuente correcta (P7)
v6_p04,276,Melero,Santiago del Estero,Matará,159,flag_bahra,A (aparcado),Melero,confirmar_candidato_georef,86098A31,,Melero,,,georef/asentamientos,https://apis.datos.gob.ar/georef/api,alta,BAHRA: el nombre no es localidad censal -> fuente correcta (P7)
v7_p04,398,General Alvarado,Salta,Capital,159,flag_sin_match,C5-manual_coord,General Alvarado,manual_coord,,,,-24.8496,-65.4577,OSM Nominatim,https://nominatim.openstreetmap.org/,verde (guard: coord en depto esperado),"[guard=verde; punto en Capital] Paraje/barrio en el SO de la ciudad de Salta, depto Capital."
v3_p16,859,Newton,Buenos Aires,General Belgrano,158,flag_bahra,A (aparcado),Newton,confirmar_candidato_georef,06301A09,,Newton,,,georef/asentamientos,https://apis.datos.gob.ar/georef/api,alta,BAHRA: el nombre no es localidad censal -> fuente correcta (P7)
v3_p06,860,Chenaut,Buenos Aires,Exaltación de la Cruz,157,flag_bahra,A (aparcado),Chenaut,confirmar_candidato_georef,06266A00,,Chenaut,,,georef/asentamientos,https://apis.datos.gob.ar/georef/api,alta,BAHRA: el nombre no es localidad censal -> fuente correcta (P7)
v3_p10,861,Graciarena,Buenos Aires,Pellegrini,157,flag_bahra,A (aparcado),Graciarena,confirmar_candidato_georef,06721A00,,Graciarena,,,georef/asentamientos,https://apis.datos.gob.ar/georef/api,alta,BAHRA: el nombre no es localidad censal -> fuente correcta (P7)
v3_p22,864,Vallimanca,Buenos Aires,Bolívar,155,flag_bahra,A (aparcado),Vallimanca,confirmar_candidato_georef,06105A21,,Vallimanca,,,georef/asentamientos,https://apis.datos.gob.ar/georef/api,alta,BAHRA: el nombre no es localidad censal -> fuente correcta (P7)
v6_p05,277,Miel de Palo,Santiago del Estero,General Taboada,155,flag_bahra,A (aparcado),Miel de Palo,confirmar_candidato_georef,86077A16,,Miel de Palo,,,georef/asentamientos,https://apis.datos.gob.ar/georef/api,alta,BAHRA: el nombre no es localidad censal -> fuente correcta (P7)
v7_p03,399,Chelcos,La Rioja,General Roca,155,flag_bahra,A (aparcado),Chelcos,confirmar_candidato_georef,46112A05,,Chelcos,,,georef/asentamientos,https://apis.datos.gob.ar/georef/api,alta,BAHRA: el nombre no es localidad censal -> fuente correcta (P7)
v3_p06,865,Chancay,Buenos Aires,General Viamonte,154,flag_bahra,A (aparcado),Chancay,confirmar_candidato_georef,06385A01,,Chancay,,,georef/asentamientos,https://apis.datos.gob.ar/georef/api,alta,BAHRA: el nombre no es localidad censal -> fuente correcta (P7)
v4_p09,753,La Nacional,Córdoba,General Roca,154,flag_bahra,A (aparcado),La Nacional,confirmar_candidato_georef,14035A15,,La Nacional,,,georef/asentamientos,https://apis.datos.gob.ar/georef/api,alta,BAHRA: el nombre no es localidad censal -> fuente correcta (P7)
v3_p07,866,Dussaud,Buenos Aires,General Pinto,153,flag_bahra,A (aparcado),Dussaud,confirmar_candidato_georef,06351A02,,Dussaud,,,georef/asentamientos,https://apis.datos.gob.ar/georef/api,alta,BAHRA: el nombre no es localidad censal -> fuente correcta (P7)
v3_p07,867,El Día,Buenos Aires,General Villegas,153,flag_bahra,A (aparcado),El Día,confirmar_candidato_georef,06392A04,,El Día,,,georef/asentamientos,https://apis.datos.gob.ar/georef/api,alta,BAHRA: el nombre no es localidad censal -> fuente correcta (P7)
v3_p02,868,Atucha,Buenos Aires,Zárate,152,flag_bahra,A (aparcado),Atucha,confirmar_candidato_georef,06882A00,,Atucha,,,georef/asentamientos,https://apis.datos.gob.ar/georef/api,alta,BAHRA: el nombre no es localidad censal -> fuente correcta (P7)
v3_p07,869,Ducos,Buenos Aires,Saavedra,152,flag_bahra,A (aparcado),Ducós,confirmar_candidato_georef,06700A04,,Ducós,,,georef/asentamientos,https://apis.datos.gob.ar/georef/api,alta,BAHRA: el nombre no es localidad censal -> fuente correcta (P7)
v7_p05,402,Huasa Pampa Sud,Tucumán,Graneros,149,flag_sin_match,C5-manual_coord,Huasa Pampa Sur,manual_coord,,,,-27.8811,-65.5825,Mindat,https://www.mindat.org/feature-3854069.html,verde (guard: coord en depto esperado),"[guard=verde; punto en La Cocha] Localidad del depto La Cocha, Tucumán (limítrofe con Graneros)"
v7_p08,400,Puente de Plata,Salta,Rosario de la Frontera,149,flag_bahra,A (aparcado),Puente de Plata,confirmar_candidato_georef,66140A24,,Puente de Plata,,,georef/asentamientos,https://apis.datos.gob.ar/georef/api,alta,BAHRA: el nombre no es localidad censal -> fuente correcta (P7)
v7_p11,403,Tuisón,La Rioja,Vélez Sarsfield,148,flag_variante_bahra,E-bahra-fuzzy,Tuizón,confirmar_o_rechazar_candidato,,,,,,georef/asentamientos,https://apis.datos.gob.ar/georef/api,BAJA (fuzzy en capa BAHRA: puede no ser el mismo lugar),antes era sin_match. candidatos: Tuizón/Ángel Vicente Peñaloza [46056A19]
v3_p02,871,Arroyo Dulce,Buenos Aires,Pergamino,147,flag_depto,B,,transferencia_vs_homonimo,,,,,,georef+centroides,https://apis.datos.gob.ar/georef/api/departamentos,media,dist_km=53 -> transferencia de limite plausible (adyacente). candidatos: Arroyo Dulce/Salto [06714010]
v3_p17,873,Pasteur,Buenos Aires,General Pinto,147,flag_depto,B,,transferencia_vs_homonimo,,,,,,georef+centroides,https://apis.datos.gob.ar/georef/api/departamentos,media,dist_km=55 -> transferencia de limite plausible (adyacente). candidatos: Pasteur/Lincoln [06469080]
v7_p02,405,Bella Vista,La Rioja,Gobernador Gordillo,147,flag_bahra,A (aparcado),Bella Vista,confirmar_candidato_georef,46035A01,,Bella Vista,,,georef/asentamientos,https://apis.datos.gob.ar/georef/api,alta,BAHRA: el nombre no es localidad censal -> fuente correcta (P7)
v3_p08,874,Eufemio Uballes,Buenos Aires,Tapalqué,146,flag_bahra,A (aparcado),Eufemio Uballes,confirmar_candidato_georef,06798A09,,Eufemio Uballes,,,georef/asentamientos,https://apis.datos.gob.ar/georef/api,alta,BAHRA: el nombre no es localidad censal -> fuente correcta (P7)
v4_p18,755,Totoralejos,Córdoba,Tulumba,146,flag_bahra,A (aparcado),Totoralejos,confirmar_candidato_georef,14175A39,,Totoralejos,,,georef/asentamientos,https://apis.datos.gob.ar/georef/api,alta,BAHRA: el nombre no es localidad censal -> fuente correcta (P7)
v7_p06,406,Luisiana,Tucumán,Cruz Alta,146,flag_sin_match,C5-manual_coord,Luisiana (La Florida y Luisiana),manual_coord,,,,-26.8000,-65.0833,dices.net / db-city,https://www.dices.net/mapas/argentina/mapa.php?nombre=Luisiana&id=2928,verde (guard: coord en depto esperado),"[guard=verde; punto en Cruz Alta] Comunidad rural del depto Cruz Alta, al este de Alderetes (Gran Tucumán)"
v3_p11,875,Ibáñez,Buenos Aires,General Belgrano,143,flag_bahra,A (aparcado),Ibañez,confirmar_candidato_georef,06301A06,,Ibañez,,,georef/asentamientos,https://apis.datos.gob.ar/georef/api,alta,BAHRA: el nombre no es localidad censal -> fuente correcta (P7)
v3_p10,876,Gregorio Villafañe,Buenos Aires,Chacabuco,142,flag_bahra,A (aparcado),Gregorio Villafañe,confirmar_candidato_georef,06210A05,,Gregorio Villafañe,,,georef/asentamientos,https://apis.datos.gob.ar/georef/api,alta,BAHRA: el nombre no es localidad censal -> fuente correcta (P7)
v5_p02,300,Colonia San Ernesto,Entre Ríos,Colón,142,flag_bahra,A (aparcado),Colonia San Ernesto,confirmar_candidato_georef,30088A08,,Colonia San Ernesto,,,georef/asentamientos,https://apis.datos.gob.ar/georef/api,alta,BAHRA: el nombre no es localidad censal -> fuente correcta (P7)
v3_p02,877,Balsa,Buenos Aires,Lincoln,139,flag_bahra,A (aparcado),Balsa,confirmar_candidato_georef,06469A00,,Balsa,,,georef/asentamientos,https://apis.datos.gob.ar/georef/api,alta,BAHRA: el nombre no es localidad censal -> fuente correcta (P7)
v6_p07,279,Tobas,Santiago del Estero,Matará,139,flag_bahra,A (aparcado),Tobas,confirmar_candidato_georef,86098A48,,Tobas,,,georef/asentamientos,https://apis.datos.gob.ar/georef/api,alta,BAHRA: el nombre no es localidad censal -> fuente correcta (P7)
v3_p16,878,Muñoz,Buenos Aires,Olavarría,138,flag_bahra,A (aparcado),Muñoz,confirmar_candidato_georef,06595A19,,Muñoz,,,georef/asentamientos,https://apis.datos.gob.ar/georef/api,alta,BAHRA: el nombre no es localidad censal -> fuente correcta (P7)
v7_p09,407,San José,Tucumán,Graneros,138,flag_variante,A (aparcado),San José de La Cocha,confirmar_candidato_georef,90049020,,San José de La Cocha,,,georef/,https://apis.datos.gob.ar/georef/api,media (nombre difiere),variante de nombre en el depto correcto
v8_p02,189,Jarrilla,San Luis,La Capital,138,flag_variante,A (aparcado),Jarilla,confirmar_candidato_georef,74056090,,Jarilla,,,georef/,https://apis.datos.gob.ar/georef/api,media (nombre difiere),variante de nombre en el depto correcto
v8_p05,188,Tucunuco,San Juan,Jáchal,138,flag_bahra,A (aparcado),Tucunuco,confirmar_candidato_georef,70056A25,,Tucunuco,,,georef/asentamientos,https://apis.datos.gob.ar/georef/api,alta,BAHRA: el nombre no es localidad censal -> fuente correcta (P7)
v3_p01,879,Altona,Buenos Aires,Tapalqué,137,flag_bahra,A (aparcado),Altona,confirmar_candidato_georef,06798A00,,Altona,,,georef/asentamientos,https://apis.datos.gob.ar/georef/api,alta,BAHRA: el nombre no es localidad censal -> fuente correcta (P7)
v3_p10,880,Gobernador Obligado,Buenos Aires,Brandsen,137,flag_bahra,A (aparcado),Gobernador Obligado,confirmar_candidato_georef,06119A02,,Gobernador Obligado,,,georef/asentamientos,https://apis.datos.gob.ar/georef/api,alta,BAHRA: el nombre no es localidad censal -> fuente correcta (P7)
v3_p13,881,Lastra,Buenos Aires,General Lamadrid,137,flag_bahra,A (aparcado),Lastra,confirmar_candidato_georef,06322A05,,Lastra,,,georef/asentamientos,https://apis.datos.gob.ar/georef/api,alta,BAHRA: el nombre no es localidad censal -> fuente correcta (P7)
v4_p01,757,Arroyo Alvarez,Córdoba,Río Segundo,137,flag_variante_bahra,E-bahra-fuzzy,Arroyo de Álvarez Sur,confirmar_o_rechazar_candidato,,,,,,georef/asentamientos,https://apis.datos.gob.ar/georef/api,BAJA (fuzzy en capa BAHRA: puede no ser el mismo lugar),antes era sin_match. candidatos: Arroyo de Álvarez Sur/Río Segundo [14119A00]
v7_p04,408,El Taco,Catamarca,Ancasti,136,flag_bahra,A (aparcado),El Taco,confirmar_candidato_georef,10014A16,,El Taco,,,georef/asentamientos,https://apis.datos.gob.ar/georef/api,alta,BAHRA: el nombre no es localidad censal -> fuente correcta (P7)
v3_p17,882,Pehuenco,Buenos Aires,Coronel de Marina Leonardo Rosales,134,flag_variante,A (aparcado),Pehuen Co,confirmar_candidato_georef,06182020,,Pehuen Co,,,georef/,https://apis.datos.gob.ar/georef/api,media (nombre difiere),variante de nombre en el depto correcto
v3_p16,883,Mulcahy,Buenos Aires,9 de Julio,132,flag_bahra,A (aparcado),Mulcahy,confirmar_candidato_georef,06588A20,,Mulcahy,,,georef/asentamientos,https://apis.datos.gob.ar/georef/api,alta,BAHRA: el nombre no es localidad censal -> fuente correcta (P7)
v3_p16,884,Necol,Buenos Aires,Carlos Tejedor,132,flag_bahra,A (aparcado),Necol,confirmar_candidato_georef,06154A14,,Necol,,,georef/asentamientos,https://apis.datos.gob.ar/georef/api,alta,BAHRA: el nombre no es localidad censal -> fuente correcta (P7)
v3_p10,885,Gómez de la Vega,Buenos Aires,Brandsen,131,flag_bahra,A (aparcado),Gómez de la Vega,confirmar_candidato_georef,06119A03,,Gómez de la Vega,,,georef/asentamientos,https://apis.datos.gob.ar/georef/api,alta,BAHRA: el nombre no es localidad censal -> fuente correcta (P7)
v4_p10,758,Las Averías,Córdoba,Río Primero,131,flag_bahra,A (aparcado),Las Averías,confirmar_candidato_georef,14105A25,,Las Averías,,,georef/asentamientos,https://apis.datos.gob.ar/georef/api,alta,BAHRA: el nombre no es localidad censal -> fuente correcta (P7)
v7_p05,410,Ipisca,Catamarca,Ancasti,131,flag_variante_bahra,E-bahra-fuzzy,Ipizca,confirmar_o_rechazar_candidato,,,,,,georef/asentamientos,https://apis.datos.gob.ar/georef/api,BAJA (fuzzy en capa BAHRA: puede no ser el mismo lugar),antes era sin_match. candidatos: Ipizca/Ancasti [10014A18]; Rincón de Ipizca/Ancasti [10014A27]
v3_p10,886,González Risos,Buenos Aires,Navarro,130,flag_bahra,A (aparcado),González Risos,confirmar_candidato_georef,06574A03,,González Risos,,,georef/asentamientos,https://apis.datos.gob.ar/georef/api,alta,BAHRA: el nombre no es localidad censal -> fuente correcta (P7)
v3_p05,887,Colonia Philippson,Buenos Aires,Adolfo Alsina,129,flag_bahra,A (aparcado),Colonia Philippson,confirmar_candidato_georef,06007A08,,Colonia Philippson,,,georef/asentamientos,https://apis.datos.gob.ar/georef/api,alta,BAHRA: el nombre no es localidad censal -> fuente correcta (P7)
v3_p14,888,Manzone,Buenos Aires,Pilar,129,flag_bahra,A (aparcado),Manzone,confirmar_candidato_georef,0663804006,true,Manzone,,,georef/localidades,https://apis.datos.gob.ar/georef/api,alta,BAHRA: el nombre no es localidad censal -> BAHRA es la fuente correcta (P7). id de capa 'localidades' NO es id censal INDEC valido
v4_p06,759,Desvío las Mojarras,Córdoba,General San Martín,129,flag_sin_match,C-generador,Las Mojarras,confirmar_candidato_georef,14042090,,Las Mojarras,-32.3041496839947,-63.2329827815187,georef/localidades-censales,https://apis.datos.gob.ar/georef/api,alta (match exacto en depto del conjunto),candidato probado: 'las Mojarras' [prefijo: se quita 'Desvío']
v4_p18,760,Tejeda,Córdoba,Colón,129,flag_bahra,A (aparcado),Tejeda,confirmar_candidato_georef,14021A21,,Tejeda,,,georef/asentamientos,https://apis.datos.gob.ar/georef/api,alta,BAHRA: el nombre no es localidad censal -> fuente correcta (P7)
v5_p06,302,Pueblo Moreno,Entre Ríos,Paraná,129,flag_bahra,A (aparcado),Pueblo Moreno,confirmar_candidato_georef,3008405002,true,Pueblo Moreno,,,georef/localidades,https://apis.datos.gob.ar/georef/api,alta,BAHRA: el nombre no es localidad censal -> BAHRA es la fuente correcta (P7). id de capa 'localidades' NO es id censal INDEC valido
v4_p13,761,Pozo del Chañar,Córdoba,San Javier,127,flag_bahra,A (aparcado),Pozo del Chañar,confirmar_candidato_georef,14133A18,,Pozo del Chañar,,,georef/asentamientos,https://apis.datos.gob.ar/georef/api,alta,BAHRA: el nombre no es localidad censal -> fuente correcta (P7)
v9_1_2_p05,147,Yacimiento Petrolífero Solano,Chubut,Escalante,127,flag_sin_match,C5-manual_coord,Bahía Solano (yacimiento petrolífero),manual_coord,,,,-45.6697,-67.3336,Wikipedia,https://es.wikipedia.org/wiki/Bah%C3%ADa_Solano_(Chubut),REVISAR (sin_depto),"[guard=sin_depto; punto en ] Campamento/yacimiento petrolifero de Bahia Solano (YPF), depto Escalante, ~25 km al N de Comodoro Rivadavia, Chubut"
v3_p21,890,Tacuarí,Buenos Aires,Salto,126,flag_bahra,A (aparcado),Tacuarí,confirmar_candidato_georef,06714A07,,Tacuarí,,,georef/asentamientos,https://apis.datos.gob.ar/georef/api,alta,BAHRA: el nombre no es localidad censal -> fuente correcta (P7)
v7_p10,413,Santa Victoria,Salta,Rivadavia,126,flag_depto,B,,transferencia_vs_homonimo,,,,,,georef+centroides,https://apis.datos.gob.ar/georef/api/departamentos,media,dist_km=246 -> homonimo probable (lejano). candidatos: Santa Victoria/Santa Victoria [66161070]
v3_p13,891,Las Vaquerías,Buenos Aires,Tres Arroyos,125,flag_bahra,A (aparcado),Las Vaquerías,confirmar_candidato_georef,06833A11,,Las Vaquerías,,,georef/asentamientos,https://apis.datos.gob.ar/georef/api,alta,BAHRA: el nombre no es localidad censal -> fuente correcta (P7)
v3_p17,892,Pedro Gamen,Buenos Aires,Pehuajó,125,flag_bahra,A (aparcado),Pedro Gamen,confirmar_candidato_georef,06609A20,,Pedro Gamen,,,georef/asentamientos,https://apis.datos.gob.ar/georef/api,alta,BAHRA: el nombre no es localidad censal -> fuente correcta (P7)
v3_p03,893,Blas Durañona,Buenos Aires,25 de Mayo,124,flag_bahra,A (aparcado),Blas Durañona,confirmar_candidato_georef,06854A03,,Blas Durañona,,,georef/asentamientos,https://apis.datos.gob.ar/georef/api,alta,BAHRA: el nombre no es localidad censal -> fuente correcta (P7)
v3_p13,894,Lertora,Buenos Aires,Trenque Lauquen,124,flag_bahra,A (aparcado),Lértora,confirmar_candidato_georef,06826A17,,Lértora,,,georef/asentamientos,https://apis.datos.gob.ar/georef/api,alta,BAHRA: el nombre no es localidad censal -> fuente correcta (P7)
v3_p19,895,Román Báez,Buenos Aires,Suipacha,124,flag_bahra,A (aparcado),Román Báez,confirmar_candidato_georef,06784A06,,Román Báez,,,georef/asentamientos,https://apis.datos.gob.ar/georef/api,alta,BAHRA: el nombre no es localidad censal -> fuente correcta (P7)
v3_p19,896,Rolito,Buenos Aires,Guaminí,123,flag_bahra,A (aparcado),Rolito,confirmar_candidato_georef,06399A12,,Rolito,,,georef/asentamientos,https://apis.datos.gob.ar/georef/api,alta,BAHRA: el nombre no es localidad censal -> fuente correcta (P7)
v4_p19,763,Villa Río Grande,Córdoba,Calamuchita,123,flag_bahra,A (aparcado),Villa Río Grande,confirmar_candidato_georef,14007A45,,Villa Río Grande,,,georef/asentamientos,https://apis.datos.gob.ar/georef/api,alta,BAHRA: el nombre no es localidad censal -> fuente correcta (P7)
v4_p10,764,Los Alamos,Córdoba,Tulumba,121,flag_bahra,A (aparcado),Los Álamos,confirmar_candidato_georef,14175A26,,Los Álamos,,,georef/asentamientos,https://apis.datos.gob.ar/georef/api,alta,BAHRA: el nombre no es localidad censal -> fuente correcta (P7)
v3_p01,897,Amalia,Buenos Aires,9 de Julio,120,flag_variante_bahra,E-bahra-fuzzy,La Amalia,confirmar_o_rechazar_candidato,,,,,,georef/asentamientos,https://apis.datos.gob.ar/georef/api,BAJA (fuzzy en capa BAHRA: puede no ser el mismo lugar),antes era sin_match. candidatos: La Amalia/9 de Julio [06588A15]
v5_p02,303,Caza Pava,Corrientes,Santo Tomé,119,flag_bahra,A (aparcado),Caza Pava,confirmar_candidato_georef,18168A03,,Caza Pava,,,georef/asentamientos,https://apis.datos.gob.ar/georef/api,alta,BAHRA: el nombre no es localidad censal -> fuente correcta (P7)
v4_p03,766,Casa Bamba,Córdoba,Colón,118,flag_bahra,A (aparcado),Casa Bamba,confirmar_candidato_georef,14021040,,Casa Bamba,,,georef/asentamientos,https://apis.datos.gob.ar/georef/api,alta,BAHRA: el nombre no es localidad censal -> fuente correcta (P7)
v7_p03,414,Comandante Leal,La Rioja,General Ocampo,118,flag_bahra,A (aparcado),Comandante Leal,confirmar_candidato_georef,46084A03,,Comandante Leal,,,georef/asentamientos,https://apis.datos.gob.ar/georef/api,alta,BAHRA: el nombre no es localidad censal -> fuente correcta (P7)
v6_p01,280,Bobadal,Santiago del Estero,Jiménez,117,flag_variante,A (aparcado),El Bobadal,confirmar_candidato_georef,86091010,,El Bobadal,,,georef/,https://apis.datos.gob.ar/georef/api,media (nombre difiere),variante de nombre en el depto correcto
v3_p07,900,Encina,Buenos Aires,Carlos Tejedor,116,flag_bahra,A (aparcado),Encina,confirmar_candidato_georef,06154A04,,Encina,,,georef/asentamientos,https://apis.datos.gob.ar/georef/api,alta,BAHRA: el nombre no es localidad censal -> fuente correcta (P7)
v7_p07,415,Martínez del Tineo,Salta,Orán,116,flag_bahra,A (aparcado),Martínez del Tineo,confirmar_candidato_georef,66126A21,,Martínez del Tineo,,,georef/asentamientos,https://apis.datos.gob.ar/georef/api,alta,BAHRA: el nombre no es localidad censal -> fuente correcta (P7)
v9_1_2_p03,152,Mancha Blanca,Río Negro,San Antonio,116,flag_bahra,A (aparcado),Mancha Blanca,confirmar_candidato_georef,62077A05,,Mancha Blanca,,,georef/asentamientos,https://apis.datos.gob.ar/georef/api,alta,BAHRA: el nombre no es localidad censal -> fuente correcta (P7)
v4_p16,767,San Miguel,Córdoba,San Alberto,115,flag_bahra,A (aparcado),San Miguel,confirmar_candidato_georef,14126A38,,San Miguel,,,georef/asentamientos,https://apis.datos.gob.ar/georef/api,alta,BAHRA: el nombre no es localidad censal -> fuente correcta (P7)
v9_1_2_p01,153,Bahía Laura,Santa Cruz,Deseado,115,flag_bahra,A (aparcado),Bahía Laura,confirmar_candidato_georef,78014A02,,Bahía Laura,,,georef/asentamientos,https://apis.datos.gob.ar/georef/api,alta,BAHRA: el nombre no es localidad censal -> fuente correcta (P7)
v7_p03,418,Corral de Isaac,La Rioja,General San Martín,114,flag_variante_bahra,E-bahra-fuzzy,Alto Corral de Isaac,confirmar_o_rechazar_candidato,,,,,,georef/asentamientos,https://apis.datos.gob.ar/georef/api,BAJA (fuzzy en capa BAHRA: puede no ser el mismo lugar),antes era sin_match. candidatos: Alto Corral de Isaac/General San Martín [46091A02]; Bajo Corral de Isaac/General
v3_p19,901,San Fermín,Buenos Aires,Guaminí,113,flag_bahra,A (aparcado),San Fermín,confirmar_candidato_georef,06399A13,,San Fermín,,,georef/asentamientos,https://apis.datos.gob.ar/georef/api,alta,BAHRA: el nombre no es localidad censal -> fuente correcta (P7)
v6_p04,282,Las Abras,Santiago del Estero,Mitre,113,flag_bahra,A (aparcado),Las Abras,confirmar_candidato_georef,86112A09,,Las Abras,,,georef/asentamientos,https://apis.datos.gob.ar/georef/api,alta,BAHRA: el nombre no es localidad censal -> fuente correcta (P7)
v7_p02,420,Cerro Negro,Catamarca,Tinogasta,113,flag_bahra,A (aparcado),Cerro Negro,confirmar_candidato_georef,10105040,,Cerro Negro,,,georef/asentamientos,https://apis.datos.gob.ar/georef/api,alta,BAHRA: el nombre no es localidad censal -> fuente correcta (P7)
v7_p10,419,Telaritos,Catamarca,Capayán,113,flag_bahra,A (aparcado),Telaritos,confirmar_candidato_georef,10042A15,,Telaritos,,,georef/asentamientos,https://apis.datos.gob.ar/georef/api,alta,BAHRA: el nombre no es localidad censal -> fuente correcta (P7)
v5_p05,304,Machadiño,Misiones,Concepción,112,flag_sin_match,C5-sin_coordenada,,sin_coordenada,,,,,,,,,"[C5 web] El único registro OSM es 'Arroyo Machadiño' en depto San Ignacio (-27.20,-55.28), lejos del depto Concepción; no hay coordenada confiable pa"
v8_p02,194,La Botija,San Luis,Ayacucho,112,flag_bahra,A (aparcado),La Botija,confirmar_candidato_georef,74007A24,,La Botija,,,georef/asentamientos,https://apis.datos.gob.ar/georef/api,alta,BAHRA: el nombre no es localidad censal -> fuente correcta (P7)
v3_p08,902,Fatraló,Buenos Aires,Guaminí,110,flag_bahra,A (aparcado),Fatraló,confirmar_candidato_georef,06399A05,,Fatraló,,,georef/asentamientos,https://apis.datos.gob.ar/georef/api,alta,BAHRA: el nombre no es localidad censal -> fuente correcta (P7)
v6_p04,283,La Vicuña,Chaco,Tapenagá,109,flag_bahra,A (aparcado),La Vicuña,confirmar_candidato_georef,22161A05,,La Vicuña,,,georef/asentamientos,https://apis.datos.gob.ar/georef/api,alta,BAHRA: el nombre no es localidad censal -> fuente correcta (P7)
v4_p03,772,Casaffousth,Córdoba,Punilla,108,flag_sin_match,C5-manual_coord,Casaffousth,manual_coord,,,,-31.3667,-64.45,dices.net,https://www.dices.net/mapas/argentina/mapa.php?nombre=Casaffousth&id=29646,verde (guard: coord en depto esperado),"[guard=verde; punto en Punilla] Estación/paraje Casaffousth cerca de Santa María de Punilla, depto Punilla."
v7_p07,421,Manuel Elordi,Salta,Orán,108,flag_bahra,A (aparcado),Manuel Elordi,confirmar_candidato_georef,66126A20,,Manuel Elordi,,,georef/asentamientos,https://apis.datos.gob.ar/georef/api,alta,BAHRA: el nombre no es localidad censal -> fuente correcta (P7)
v4_p05,774,Cotagaita,Córdoba,San Justo,107,flag_bahra,A (aparcado),Cotagaita,confirmar_candidato_georef,14140A58,,Cotagaita,,,georef/asentamientos,https://apis.datos.gob.ar/georef/api,alta,BAHRA: el nombre no es localidad censal -> fuente correcta (P7)
v7_p03,422,Crossmayo,Jujuy,Rinconada,107,flag_variante,A (aparcado),Orosmayo,confirmar_candidato_georef,38049035,,Orosmayo,,,georef/,https://apis.datos.gob.ar/georef/api,media (nombre difiere),variante de nombre en el depto correcto
v3_p03,909,Calderón,Buenos Aires,Bahía Blanca,105,flag_depto,B,,transferencia_vs_homonimo,,,,,,georef+centroides,https://apis.datos.gob.ar/georef/api/departamentos,media,dist_km=41 -> transferencia de limite plausible (adyacente). candidatos: Calderón/Coronel de Marina Leonardo Rosales [06182070]
v3_p04,905,Colonia La Merced,Buenos Aires,Villarino,105,flag_sin_match,C5-manual_coord,Colonia La Merced,manual_coord,,,,-38.6740,-62.4743,osm,https://nominatim.openstreetmap.org/search?q=Colonia%20La%20Merced%2C%20Villarino,verde (guard: coord en depto esperado),"[guard=verde; punto en Villarino] Colonia La Merced, paraje del partido Villarino (limite con Bahia Blanca sobre el arroyo Sauce Chico). Coincide depto."
v3_p17,906,Pehuelches,Buenos Aires,Pellegrini,104,flag_bahra,A (aparcado),Pehuelches,confirmar_candidato_georef,06847A04,,Pehuelches,,,georef/asentamientos,https://apis.datos.gob.ar/georef/api,alta,BAHRA: el nombre no es localidad censal -> fuente correcta (P7)
v3_p12,907,Kenny,Buenos Aires,Carmen de Areco,103,flag_bahra,A (aparcado),Kenny,confirmar_candidato_georef,06161A04,,Kenny,,,georef/asentamientos,https://apis.datos.gob.ar/georef/api,alta,BAHRA: el nombre no es localidad censal -> fuente correcta (P7)
v4_p08,775,Jean Maire,Córdoba,San Justo,103,flag_sin_match,C5-manual_coord,Jeanmaire,manual_coord,,,,-31.4008,-62.4683,osm,"https://nominatim.openstreetmap.org/search?q=Jeanmaire,+San+Justo,+Cordoba,+Argentina",verde (guard: coord en depto esperado),[guard=verde; punto en San Justo] Localidad Jeanmaire en depto San Justo (Córdoba).
v3_p08,908,Francisco Magnano,Buenos Aires,Trenque Lauquen,102,flag_bahra,A (aparcado),Francisco Magnano,confirmar_candidato_georef,06826A09,,Francisco Magnano,,,georef/asentamientos,https://apis.datos.gob.ar/georef/api,alta,BAHRA: el nombre no es localidad censal -> fuente correcta (P7)
v8_p02,195,La Ciénaga,San Juan,Jáchal,101,flag_bahra,A (aparcado),La Ciénaga,confirmar_candidato_georef,70056A13,,La Ciénaga,,,georef/asentamientos,https://apis.datos.gob.ar/georef/api,alta,BAHRA: el nombre no es localidad censal -> fuente correcta (P7)
v9_1_2_p04,154,Planta Compresora Conesa,Río Negro,General Conesa,101,flag_sin_match,C5-manual_coord,Planta Compresora (General Conesa),manual_coord,,,,-40.4248,-63.9047,OSM Nominatim,https://nominatim.openstreetmap.org/,verde (guard: coord en depto esperado),"[guard=verde; punto en Conesa] Planta compresora de gas sobre RN250 (km 49), depto Conesa, Río Negro; caserío ligado a la planta al norte del casco de "
v3_p02,909,Atilio Pesagno,Buenos Aires,Chascomús,100,flag_variante_bahra,E-bahra-fuzzy,Atilio Pessagno,confirmar_o_rechazar_candidato,,,,,,georef/asentamientos,https://apis.datos.gob.ar/georef/api,BAJA (fuzzy en capa BAHRA: puede no ser el mismo lugar),antes era sin_match. candidatos: Atilio Pessagno/Lezama [06466A01]
v6_p05,285,Navarro,Santiago del Estero,Salavina,100,flag_bahra,A (aparcado),Navarro,confirmar_candidato_georef,86168A21,,Navarro,,,georef/asentamientos,https://apis.datos.gob.ar/georef/api,alta,BAHRA: el nombre no es localidad censal -> fuente correcta (P7)
v8_p02,196,El Gigante,San Luis,Belgrano,100,flag_variante_bahra,E-bahra-fuzzy,Santa Rosa del Gigante,confirmar_o_rechazar_candidato,,,,,,georef/asentamientos,https://apis.datos.gob.ar/georef/api,BAJA (fuzzy en capa BAHRA: puede no ser el mismo lugar),antes era sin_match. candidatos: Santa Rosa del Gigante/Belgrano [74014A35]
v9_1_2_p02,155,Cubanea,Río Negro,Adolfo Alsina,99,flag_bahra,A (aparcado),Cubanea,confirmar_candidato_georef,62007A03,,Cubanea,,,georef/asentamientos,https://apis.datos.gob.ar/georef/api,alta,BAHRA: el nombre no es localidad censal -> fuente correcta (P7)
v6_p06,286,San Francisco,Santiago del Estero,Quebrachos,95,flag_bahra,A (aparcado),San Francisco,confirmar_candidato_georef,86140A37,,San Francisco,,,georef/asentamientos,https://apis.datos.gob.ar/georef/api,alta,BAHRA: el nombre no es localidad censal -> fuente correcta (P7)
v7_p02,425,Balboa,Salta,Rosario de la Frontera,94,flag_bahra,A (aparcado),Balboa,confirmar_candidato_georef,66140A04,,Balboa,,,georef/asentamientos,https://apis.datos.gob.ar/georef/api,alta,BAHRA: el nombre no es localidad censal -> fuente correcta (P7)
v7_p02,428,Carahuasi,Jujuy,Rinconada,90,flag_bahra,A (aparcado),Carahuasi,confirmar_candidato_georef,38049A00,,Carahuasi,,,georef/asentamientos,https://apis.datos.gob.ar/georef/api,alta,BAHRA: el nombre no es localidad censal -> fuente correcta (P7)
v8_p04,198,Punta del Agua,San Juan,Jáchal,85,flag_bahra,A (aparcado),Punta del Agua,confirmar_candidato_georef,70056A23,,Punta del Agua,,,georef/asentamientos,https://apis.datos.gob.ar/georef/api,alta,BAHRA: el nombre no es localidad censal -> fuente correcta (P7)
v9_1_2_p01,157,Barrio Laprida y Manantial Rosales,Chubut,Escalante,81,flag_sin_match,C5-barrio_de,Manantial Rosales (Comodoro Rivadavia),barrio_de,,,,-45.8233,-67.5269,Wikipedia,https://es.wikipedia.org/wiki/Manantial_Rosales,verde (guard: coord en depto esperado),[guard=verde; punto en Escalante] Depto Escalante; barrio de Comodoro Rivadavia (incorporado al aglomerado en censo 2022)
v9_1_2_p01,158,Benjamín Zorrilla,Río Negro,Avellaneda,73,flag_bahra,A (aparcado),Benjamín Zorrilla,confirmar_candidato_georef,62014A02,,Benjamín Zorrilla,,,georef/asentamientos,https://apis.datos.gob.ar/georef/api,alta,BAHRA: el nombre no es localidad censal -> fuente correcta (P7)
v8_p04,199,Talacasto,San Juan,Ullún,50,flag_bahra,A (aparcado),Talacasto,confirmar_candidato_georef,70112A08,,Talacasto,,,georef/asentamientos,https://apis.datos.gob.ar/georef/api,alta,BAHRA: el nombre no es localidad censal -> fuente correcta (P7)
