page,n_orden,provincia_canon,departamento_canon,localidad_canon,footnote,total,georef_id,nombre_oficial,georef_depto,lat,lon,estado,tier,criterio_deteccion,criterio_aceptacion,en_muestra,decidido_por,fecha,confianza,fuente,fuente_url,verificado_geo,nota
v3_p01,359,Buenos Aires,Monte,Abbott,,865,06547010,Abbott,Monte,-35.2825062106661,-58.8042619084922,auto_ok,auto_ok,match_exacto_3campos,auto_match,no,auto,2026-07-22,alta,georef/localidades-censales,https://apis.datos.gob.ar/georef/api,verde,
v3_p01,396,La Pampa,Hucal,Abramo,,747,42077010,Abramo,Hucal,-37.8965474069378,-63.8504184397164,auto_ok,auto_ok,match_exacto_3campos,auto_match,no,auto,2026-07-22,alta,georef/localidades-censales,https://apis.datos.gob.ar/georef/api,verde,
v3_p01,299,Buenos Aires,Pergamino,Acevedo,,1148,06623010,Acevedo,Pergamino,-33.75282198809,-60.4407030706623,auto_ok,auto_ok,match_exacto_3campos,auto_match,no,auto,2026-07-22,alta,georef/localidades-censales,https://apis.datos.gob.ar/georef/api,verde,
v3_p01,446,Buenos Aires,Alberti,Achupallas,,638,06021050,Achupallas,Alberti,-35.1099832760929,-60.0702952268873,auto_ok,auto_ok,match_exacto_3campos,auto_match,no,auto,2026-07-22,alta,georef/localidades-censales,https://apis.datos.gob.ar/georef/api,verde,
v3_p01,659,Buenos Aires,Chascomús,Adela,,336,06218070,Adela,Chascomús,-35.6838826714468,-57.9540988609169,auto_ok,auto_ok,match_exacto_3campos,auto_match,no,auto,2026-07-22,alta,georef/localidades-censales,https://apis.datos.gob.ar/georef/api,verde,
v3_p01,89,Buenos Aires,Adolfo Alsina,Adolfo Alsina,,6183,06007010,Carhué,,-37.179441526348,-62.760041120204,propuesto,C1-cabecera,cabecera_documentada,humano_lote,no,pendiente:Jose,2026-07-22,alta,web+georef,https://es.wikipedia.org/wiki/Partido_de_Adolfo_Alsina,verde,el censo 1960 listo la cabecera con el nombre del depto. cabecera
v3_p01,491,La Pampa,Realicó,Adolfo Van Praet,,558,42133010,Adolfo Van Praet,Realicó,-35.0166598839877,-64.0353328853315,auto_ok,auto_ok,match_exacto_3campos,auto_match,no,auto,2026-07-22,alta,georef/localidades-censales,https://apis.datos.gob.ar/georef/api,verde,
v3_p01,737,Buenos Aires,Mercedes,Agote,,260,,Agote,,-34.6441,-59.3551,propuesto,C5-manual_coord,web_manual_coord,humano_lote,no,pendiente:Jose,2026-07-22,verde (guard: coord en depto esperado),Wikipedia (Agote),https://es.wikipedia.org/wiki/Agote_(Buenos_Aires),verde,[guard=verde; punto en Mercedes] Localidad surgida en torno a la estación Agote (FC San Martín); partido de Mercedes.
v3_p01,313,Buenos Aires,Junín,Agustina,,1079,06413010,Agustina,Junín,-34.4582726791436,-61.0688753867702,auto_ok,auto_ok,match_exacto_3campos,auto_match,no,auto,2026-07-22,alta,georef/localidades-censales,https://apis.datos.gob.ar/georef/api,verde,
v3_p01,264,Buenos Aires,Junín,Agustín Roca,,1361,06413030,Agustí­n Roca,Junín,-34.5073536019499,-60.8645295130111,auto_ok,auto_ok,match_exacto_3campos,auto_match,no,auto,2026-07-22,alta,georef/localidades-censales,https://apis.datos.gob.ar/georef/api,verde,
v3_p01,577,La Pampa,Maracó,Agustoni,,418,42105010,Agustoni,Maracó,-35.782134713243,-63.3915547536784,auto_ok,auto_ok,match_exacto_3campos,auto_match,no,auto,2026-07-22,alta,georef/localidades-censales,https://apis.datos.gob.ar/georef/api,verde,
v3_p01,702,Buenos Aires,Pehuajó,Alagón,,289,06609A01,Alagón,Pehuajó,-35.94509319585,-61.9688525107017,propuesto,A (aparcado),bahra_georef,auto_muestreo,no,auto(pendiente_muestra),2026-07-22,alta,georef/asentamientos,https://apis.datos.gob.ar/georef/api,verde,BAHRA: el nombre no es localidad censal -> fuente correcta (P7)
v3_p01,807,Buenos Aires,Pehuajó,Albariño,,202,06609A02,Albariño,Pehuajó,-36.0480222220381,-62.1234671895864,propuesto,A (aparcado),bahra_georef,auto_muestreo,no,auto(pendiente_muestra),2026-07-22,alta,georef/asentamientos,https://apis.datos.gob.ar/georef/api,verde,BAHRA: el nombre no es localidad censal -> fuente correcta (P7)
v3_p01,99,Buenos Aires,Alberti,Alberti,,5322,06021010,Alberti,Alberti,-35.0315781364413,-60.2802968721172,auto_ok,auto_ok,match_exacto_3campos,auto_match,no,auto,2026-07-22,alta,georef/localidades-censales,https://apis.datos.gob.ar/georef/api,verde,
v3_p01,459,Buenos Aires,Bahía Blanca,Aldea Romana,,616,,Aldea Romana (Bahía Blanca),,-38.6825,-62.2135,propuesto,C5-barrio_de,web_barrio,humano_lote,no,pendiente:Jose,2026-07-22,verde (guard: coord en depto esperado),OSM Nominatim,https://nominatim.openstreetmap.org/,verde,"[guard=verde; punto en Bahía Blanca] Actualmente barrio de la ciudad de Bahía Blanca (Cuartel II), partido de Bahía Blanca."
v3_p01,825,Buenos Aires,General Paz,Alegre,,188,06343A00,Alegre,General Paz,-35.4542736846659,-58.2667754127794,propuesto,A (aparcado),bahra_georef,auto_muestreo,no,auto(pendiente_muestra),2026-07-22,alta,georef/asentamientos,https://apis.datos.gob.ar/georef/api,verde,BAHRA: el nombre no es localidad censal -> fuente correcta (P7)
v3_p01,808,Buenos Aires,Bahía Blanca,Alférez de San Martín,,202,06056A00,Alférez San Martín,Bahía Blanca,-38.6322534697841,-62.5283465245574,propuesto,E-bahra-fuzzy,bahra_fuzzy,auto_muestreo,no,auto(pendiente_muestra),2026-07-22,BAJA (fuzzy en capa BAHRA: puede no ser el mismo lugar),georef/asentamientos,https://apis.datos.gob.ar/georef/api,verde,antes era sin_match. candidatos: Alférez San Martín/Bahía Blanca [06056A00]
v3_p01,271,Buenos Aires,Villarino,Algarrobo,,1317,06875A05,Chosoico Algarrobo,Villarino,-38.742375827627,-63.1064899408672,propuesto,E-bahra-fuzzy,bahra_fuzzy,auto_muestreo,no,auto(pendiente_muestra),2026-07-22,BAJA (fuzzy en capa BAHRA: puede no ser el mismo lugar),georef/asentamientos,https://apis.datos.gob.ar/georef/api,verde,antes era sin_match. candidatos: Chosoico Algarrobo/Villarino [06875A05]; El Algarrobo/Villarino [06875A13]
v3_p01,775,La Pampa,Chical-Có,Algarrobo del Águila,,228,42063010,Algarrobo del Águila,Chical Co,-36.3980716241504,-67.1444547482128,auto_ok,auto_ok,match_exacto_3campos,auto_match,no,auto,2026-07-22,alta,georef/localidades-censales,https://apis.datos.gob.ar/georef/api,verde,
v3_p01,14,Buenos Aires,Almirante Brown,Almirante Brown,1,136924,06028010,Almirante Brown,Almirante Brown,-34.8354386860517,-58.3743891773161,auto_ok,auto_ok,match_exacto_3campos,auto_match,no,auto,2026-07-22,alta,georef/localidades-censales,https://apis.datos.gob.ar/georef/api,verde,
v3_p01,176,La Pampa,Guatraché,Alpachiri,,2414,42070010,Alpachiri,Guatraché,-37.3768674386048,-63.7731776809478,auto_ok,auto_ok,match_exacto_3campos,auto_match,no,auto,2026-07-22,alta,georef/localidades-censales,https://apis.datos.gob.ar/georef/api,verde,
v3_p01,260,Buenos Aires,Baradero,Alsina,,1375,06070040,Villa Alsina,Baradero,-33.9079400599979,-59.3902618533058,propuesto,A (aparcado),bahra_georef,auto_muestreo,no,auto(pendiente_muestra),2026-07-22,media (nombre difiere),georef/,https://apis.datos.gob.ar/georef/api,verde,variante de nombre en el depto correcto
v3_p01,285,La Pampa,Realicó,Alta Italia,,1227,42133020,Alta Italia,Realicó,-35.3343919134369,-64.1170932349818,auto_ok,auto_ok,match_exacto_3campos,auto_match,no,auto,2026-07-22,alta,georef/localidades-censales,https://apis.datos.gob.ar/georef/api,verde,
v3_p01,757,Buenos Aires,Mercedes,Altamira,,245,06532A00,Altamira,Mercedes,-34.6698829334103,-59.3675264022242,propuesto,A (aparcado),bahra_georef,auto_muestreo,no,auto(pendiente_muestra),2026-07-22,alta,georef/asentamientos,https://apis.datos.gob.ar/georef/api,verde,BAHRA: el nombre no es localidad censal -> fuente correcta (P7)
v3_p01,675,Buenos Aires,Brandsen,Altamirano,,320,06119010,Altamirano,Brandsen,-35.3615828022139,-58.1504868159157,auto_ok,auto_ok,match_exacto_3campos,auto_match,no,auto,2026-07-22,alta,georef/localidades-censales,https://apis.datos.gob.ar/georef/api,verde,
v3_p01,818,Buenos Aires,Saavedra,Alta Vista,,192,06700A02,Alta Vista,Saavedra,-37.64860827151,-62.7002283128282,propuesto,A (aparcado),bahra_georef,auto_muestreo,no,auto(pendiente_muestra),2026-07-22,alta,georef/asentamientos,https://apis.datos.gob.ar/georef/api,verde,BAHRA: el nombre no es localidad censal -> fuente correcta (P7)
v3_p01,879,Buenos Aires,Tapalqué,Altona,,137,06798A00,Altona,Tapalqué,-36.4746603214967,-60.1223310527292,propuesto,A (aparcado),bahra_georef,auto_muestreo,no,auto(pendiente_muestra),2026-07-22,alta,georef/asentamientos,https://apis.datos.gob.ar/georef/api,verde,BAHRA: el nombre no es localidad censal -> fuente correcta (P7)
v3_p01,318,Buenos Aires,Saladillo,Alvarez de Toledo,,1040,06707010,Álvarez de Toledo,Saladillo,-35.6373586967143,-59.6301691617551,auto_ok,auto_ok,match_exacto_3campos,auto_match,no,auto,2026-07-22,alta,georef/localidades-censales,https://apis.datos.gob.ar/georef/api,verde,
v3_p01,516,Buenos Aires,Magdalena,Alvarez Jonte,,519,06655010,Álvarez Jonte,Punta Indio,-35.3227800092544,-57.4490768504218,auto_ok,auto_ok,match_exacto_3campos,auto_match,no,auto,2026-07-22,alta,georef/localidades-censales,https://apis.datos.gob.ar/georef/api,verde,
v3_p01,897,Buenos Aires,9 de Julio,Amalia,,120,06588A15,La Amalia,9 de Julio,-35.4845567232439,-61.0224530194461,propuesto,E-bahra-fuzzy,bahra_fuzzy,auto_muestreo,no,auto(pendiente_muestra),2026-07-22,BAJA (fuzzy en capa BAHRA: puede no ser el mismo lugar),georef/asentamientos,https://apis.datos.gob.ar/georef/api,verde,antes era sin_match. candidatos: La Amalia/9 de Julio [06588A15]
v3_p01,116,Buenos Aires,General Pinto,Ameghino,,4154,06277020,Florentino Ameghino,Florentino Ameghino,-34.8454591706333,-62.4671090818902,propuesto,A (aparcado),bahra_georef,auto_muestreo,no,auto(pendiente_muestra),2026-07-22,media (nombre difiere),georef/,https://apis.datos.gob.ar/georef/api,verde,variante de nombre en el depto correcto
v3_p01,814,Buenos Aires,Navarro,Anasagasti,,198,06574A00,Anasagasti,Navarro,-35.0080062362697,-59.3904243134437,propuesto,A (aparcado),bahra_georef,auto_muestreo,no,auto(pendiente_muestra),2026-07-22,alta,georef/asentamientos,https://apis.datos.gob.ar/georef/api,verde,BAHRA: el nombre no es localidad censal -> fuente correcta (P7)
v3_p01,622,Buenos Aires,Caseros,Andant,,370,06231010,Andant,Daireaux,-36.5603570671048,-62.1362798197113,auto_ok,auto_ok,match_exacto_3campos,auto_match,no,auto,2026-07-22,alta,georef/localidades-censales,https://apis.datos.gob.ar/georef/api,verde,
v3_p01,764,Buenos Aires,25 de Mayo,Anderson,,235,06854A00,Anderson,25 de Mayo,-35.279817034263,-60.261324578481,propuesto,A (aparcado),bahra_georef,auto_muestreo,no,auto(pendiente_muestra),2026-07-22,alta,georef/asentamientos,https://apis.datos.gob.ar/georef/api,verde,BAHRA: el nombre no es localidad censal -> fuente correcta (P7)
v3_p01,221,La Pampa,Capital,Anguil,,1665,42021010,Anguil,Capital,-36.5268644862348,-64.0116588281903,auto_ok,auto_ok,match_exacto_3campos,auto_match,no,auto,2026-07-22,alta,georef/localidades-censales,https://apis.datos.gob.ar/georef/api,verde,
v3_p01,443,Buenos Aires,Lobos,Antonio Carboni,,644,06483010,Antonio Carboni,Lobos,-35.2009190830879,-59.3461818009966,auto_ok,auto_ok,match_exacto_3campos,auto_match,no,auto,2026-07-22,alta,georef/localidades-censales,https://apis.datos.gob.ar/georef/api,verde,
v3_p01,754,La Pampa,Caleu-Caleu,Anzoategui,,247,42014010,Anzoátegui,Caleu Caleu,-38.9630526765691,-63.8608882456791,auto_ok,auto_ok,match_exacto_3campos,auto_match,no,auto,2026-07-22,alta,georef/localidades-censales,https://apis.datos.gob.ar/georef/api,verde,
v3_p01,394,Buenos Aires,Coronel Dorrego,Aparicio,,755,06189010,Aparicio,Coronel Dorrego,-38.6224732524339,-60.8834808947984,auto_ok,auto_ok,match_exacto_3campos,auto_match,no,auto,2026-07-22,alta,georef/localidades-censales,https://apis.datos.gob.ar/georef/api,verde,
v3_p01,750,Buenos Aires,Adolfo Alsina,Arano,,248,06007A00,Arano,Adolfo Alsina,-37.0476827510242,-63.2670589969032,propuesto,A (aparcado),bahra_georef,auto_muestreo,no,auto(pendiente_muestra),2026-07-22,alta,georef/asentamientos,https://apis.datos.gob.ar/georef/api,verde,BAHRA: el nombre no es localidad censal -> fuente correcta (P7)
v3_p01,269,La Pampa,Trenel,Arata,,1336,42147010,Arata,Trenel,-35.6390158670272,-64.3563831729334,auto_ok,auto_ok,match_exacto_3campos,auto_match,no,auto,2026-07-22,alta,georef/localidades-censales,https://apis.datos.gob.ar/georef/api,verde,
v3_p01,574,Buenos Aires,25 de Mayo,Araujo,,422,06854A01,Araujo,25 de Mayo,-35.305156634524,-60.3276459376765,propuesto,A (aparcado),bahra_georef,auto_muestreo,no,auto(pendiente_muestra),2026-07-22,alta,georef/asentamientos,https://apis.datos.gob.ar/georef/api,verde,BAHRA: el nombre no es localidad censal -> fuente correcta (P7)
v3_p02,385,Buenos Aires,Caseros,Arboledas,,781,06231020,Arboledas,Daireaux,-36.8822997214104,-61.4896571349008,auto_ok,auto_ok,match_exacto_3campos,auto_match,no,auto,2026-07-22,alta,georef/localidades-censales,https://apis.datos.gob.ar/georef/api,verde,
v3_p02,230,Buenos Aires,Lincoln,Arenaza,,1592,06469010,Arenaza,Lincoln,-34.9851543205711,-61.7742778784521,auto_ok,auto_ok,match_exacto_3campos,auto_match,no,auto,2026-07-22,alta,georef/localidades-censales,https://apis.datos.gob.ar/georef/api,verde,
v3_p02,726,Buenos Aires,Villarino,Argerich,,267,06875010,Argerich,Villarino,-38.771639397797,-62.6034862501489,auto_ok,auto_ok,match_exacto_3campos,auto_match,no,auto,2026-07-22,alta,georef/localidades-censales,https://apis.datos.gob.ar/georef/api,verde,
v3_p02,609,Buenos Aires,Azul,Ariel,,379,06049010,Ariel,Azul,-36.5316623802492,-59.9223269682285,auto_ok,auto_ok,match_exacto_3campos,auto_match,no,auto,2026-07-22,alta,georef/localidades-censales,https://apis.datos.gob.ar/georef/api,verde,
v3_p02,57,Buenos Aires,Bartolomé Mitre,Arrecifes,,10397,06077010,Arrecifes,Arrecifes,-34.0674580737828,-60.1086943504546,auto_ok,auto_ok,match_exacto_3campos,auto_match,no,auto,2026-07-22,alta,georef/localidades-censales,https://apis.datos.gob.ar/georef/api,verde,
v3_p02,162,Buenos Aires,General Arenales,Arribeños,,2782,06294010,Arribeños,General Arenales,-34.2083674707326,-61.3553624012071,auto_ok,auto_ok,match_exacto_3campos,auto_match,no,auto,2026-07-22,alta,georef/localidades-censales,https://apis.datos.gob.ar/georef/api,verde,
v3_p02,338,Buenos Aires,Saavedra,Arroyo Corto,,956,06700010,Arroyo Corto,Saavedra,-37.5148390227664,-62.3123670345414,auto_ok,auto_ok,match_exacto_3campos,auto_match,no,auto,2026-07-22,alta,georef/localidades-censales,https://apis.datos.gob.ar/georef/api,verde,
v3_p02,634,Buenos Aires,Exaltación de la Cruz,Arroyo de la Cruz,,361,06266010,Arroyo de la Cruz,Exaltación de la Cruz,-34.3330015099151,-59.1147032706688,auto_ok,auto_ok,match_exacto_3campos,auto_match,no,auto,2026-07-22,alta,georef/localidades-censales,https://apis.datos.gob.ar/georef/api,verde,
v3_p02,586,Buenos Aires,Pergamino,Arroyo del Medio,,403,06623A00,Arroyo del Medio,Pergamino,-33.586240168229,-60.7745254435805,propuesto,A (aparcado),bahra_georef,auto_muestreo,no,auto(pendiente_muestra),2026-07-22,alta,georef/asentamientos,https://apis.datos.gob.ar/georef/api,verde,BAHRA: el nombre no es localidad censal -> fuente correcta (P7)
v3_p02,699,Buenos Aires,Azul,Arroyo de los Huesos,,297,06049A00,Arroyo de los Huesos,Azul,-37.0213639698331,-59.5631036699805,propuesto,A (aparcado),bahra_georef,auto_muestreo,no,auto(pendiente_muestra),2026-07-22,alta,georef/asentamientos,https://apis.datos.gob.ar/georef/api,verde,BAHRA: el nombre no es localidad censal -> fuente correcta (P7)
v3_p02,871,Buenos Aires,Pergamino,Arroyo Dulce,,147,06714010,Arroyo Dulce,Salto,-34.102433,-60.406155,confirmado_3.3b,3.3b:transferencia_limite_declarado,transferencia_limite_declarado,humano_individual,no,humano:Jose(3.3b),2026-07-22,alta,humano (Jose) + Georef + Wikipedia,https://es.wikipedia.org/wiki/Arroyo_Dulce,rojo,"Jose ratifico bloque limite declarado (README 3.1b: reasignacion entre deptos preexistentes, sin ley citable; identidad solida)"
v3_p02,236,Buenos Aires,Salto,Arroyo Dulce,,1514,06714010,Arroyo Dulce,Salto,-34.1024332833136,-60.4061551794069,auto_ok,auto_ok,match_exacto_3campos,auto_match,no,auto,2026-07-22,alta,georef/localidades-censales,https://apis.datos.gob.ar/georef/api,verde,
v3_p02,447,Buenos Aires,Guaminí,Arroyo Venado,,634,06399010,Arroyo Venado,Guaminí,-37.0848963014223,-62.5384200380807,auto_ok,auto_ok,match_exacto_3campos,auto_match,no,auto,2026-07-22,alta,georef/localidades-censales,https://apis.datos.gob.ar/georef/api,verde,
v3_p02,623,Buenos Aires,Bragado,Asamblea,,369,06112010,Asamblea,Bragado,-35.2268722732427,-60.4185470430294,auto_ok,auto_ok,match_exacto_3campos,auto_match,no,auto,2026-07-22,alta,georef/localidades-censales,https://apis.datos.gob.ar/georef/api,verde,
v3_p02,168,Buenos Aires,General Arenales,Ascensión,,2638,06294020,Ascensión,General Arenales,-34.2308165779778,-61.1034210115308,auto_ok,auto_ok,match_exacto_3campos,auto_match,no,auto,2026-07-22,alta,georef/localidades-censales,https://apis.datos.gob.ar/georef/api,verde,
v3_p02,703,Buenos Aires,Pehuajó,Asturias,,287,06609A05,Asturias,Pehuajó,-36.1723451313634,-61.8753897120717,propuesto,A (aparcado),bahra_georef,auto_muestreo,no,auto(pendiente_muestra),2026-07-22,alta,georef/asentamientos,https://apis.datos.gob.ar/georef/api,verde,BAHRA: el nombre no es localidad censal -> fuente correcta (P7)
v3_p02,539,Buenos Aires,Magdalena,Atalaya,,484,06505010,Atalaya,Magdalena,-35.0248701462886,-57.5325581296761,auto_ok,auto_ok,match_exacto_3campos,auto_match,no,auto,2026-07-22,alta,georef/localidades-censales,https://apis.datos.gob.ar/georef/api,verde,
v3_p02,427,La Pampa,Utracán,Ataliva Roca,,678,42154010,Ataliva Roca,Utracán,-37.0318022920022,-64.2852643446283,auto_ok,auto_ok,match_exacto_3campos,auto_match,no,auto,2026-07-22,alta,georef/localidades-censales,https://apis.datos.gob.ar/georef/api,verde,
v3_p02,909,Buenos Aires,Chascomús,Atilio Pesagno,,100,06466A01,Atilio Pessagno,Lezama,-35.8036321826338,-57.7899841113392,propuesto,E-bahra-fuzzy,bahra_fuzzy,auto_muestreo,no,auto(pendiente_muestra),2026-07-22,BAJA (fuzzy en capa BAHRA: puede no ser el mismo lugar),georef/asentamientos,https://apis.datos.gob.ar/georef/api,verde,antes era sin_match. candidatos: Atilio Pessagno/Lezama [06466A01]
v3_p02,838,La Pampa,Atreucó,Atreucó,,175,42007A00,Atreucó,Atreucó,-37.1291220067299,-63.8144849127153,propuesto,A (aparcado),bahra_georef,auto_muestreo,no,auto(pendiente_muestra),2026-07-22,alta,georef/asentamientos,https://apis.datos.gob.ar/georef/api,verde,BAHRA: el nombre no es localidad censal -> fuente correcta (P7)
v3_p02,868,Buenos Aires,Zárate,Atucha,,152,06882A00,Atucha,Zárate,-33.9756292087778,-59.2003448286026,propuesto,A (aparcado),bahra_georef,auto_muestreo,no,auto(pendiente_muestra),2026-07-22,alta,georef/asentamientos,https://apis.datos.gob.ar/georef/api,verde,BAHRA: el nombre no es localidad censal -> fuente correcta (P7)
v3_p02,5,Buenos Aires,Avellaneda,Avellaneda,1,326531,06035010,Avellaneda,Avellaneda,-34.6660332617204,-58.3497677273389,auto_ok,auto_ok,match_exacto_3campos,auto_match,no,auto,2026-07-22,alta,georef/localidades-censales,https://apis.datos.gob.ar/georef/api,verde,
v3_p02,651,Buenos Aires,Adolfo Alsina,Avestruz,,343,06007A02,Avestruz,Adolfo Alsina,-37.6598302011386,-63.355271610296,propuesto,A (aparcado),bahra_georef,auto_muestreo,no,auto(pendiente_muestra),2026-07-22,alta,georef/asentamientos,https://apis.datos.gob.ar/georef/api,verde,BAHRA: el nombre no es localidad censal -> fuente correcta (P7)
v3_p02,61,Buenos Aires,Ayacucho,Ayacucho,,10004,06042010,Ayacucho,Ayacucho,-37.1527598158637,-58.4883878541555,auto_ok,auto_ok,match_exacto_3campos,auto_match,no,auto,2026-07-22,alta,georef/localidades-censales,https://apis.datos.gob.ar/georef/api,verde,
v3_p02,552,Buenos Aires,San Andrés de Giles,Azcuénaga,,463,06728010,Azcuénaga,San Andrés de Giles,-34.3657923040767,-59.3756451998692,auto_ok,auto_ok,match_exacto_3campos,auto_match,no,auto,2026-07-22,alta,georef/localidades-censales,https://apis.datos.gob.ar/georef/api,verde,
v3_p02,473,Buenos Aires,Puán,Azopardo,,578,06651010,Azopardo,Puán,-37.7015199457139,-62.9005022933119,auto_ok,auto_ok,match_exacto_3campos,auto_match,no,auto,2026-07-22,alta,georef/localidades-censales,https://apis.datos.gob.ar/georef/api,verde,
v3_p02,397,Buenos Aires,Tandil,Azucena,,743,06791060,Azucena,Tandil,-37.4878117862567,-59.2912711474013,auto_ok,auto_ok,match_exacto_3campos,auto_match,no,auto,2026-07-22,alta,georef/localidades-censales,https://apis.datos.gob.ar/georef/api,verde,
v3_p02,31,Buenos Aires,Azul,Azul,,33535,06049020,Azul,Azul,-36.7774578361562,-59.8634454883445,auto_ok,auto_ok,match_exacto_3campos,auto_match,no,auto,2026-07-22,alta,georef/localidades-censales,https://apis.datos.gob.ar/georef/api,verde,
v3_p02,706,Buenos Aires,9 de Julio,Bacacay,,286,06588A00,Bacacay,9 de Julio,-35.6512772936555,-61.0272543873973,propuesto,A (aparcado),bahra_georef,auto_muestreo,no,auto(pendiente_muestra),2026-07-22,alta,georef/asentamientos,https://apis.datos.gob.ar/georef/api,verde,BAHRA: el nombre no es localidad censal -> fuente correcta (P7)
v3_p02,15,Buenos Aires,Bahía Blanca,Bahía Blanca,,120580,06056010,Bahía Blanca,Bahía Blanca,-38.7175489907773,-62.2654155252819,auto_ok,auto_ok,match_exacto_3campos,auto_match,no,auto,2026-07-22,alta,georef/localidades-censales,https://apis.datos.gob.ar/georef/api,verde,
v3_p02,694,Buenos Aires,Patagones,Bahía San Blas,,302,06602010,Bahí­a San Blas,Patagones,-40.5538720511237,-62.2346860564006,auto_ok,auto_ok,match_exacto_3campos,auto_match,no,auto,2026-07-22,alta,georef/localidades-censales,https://apis.datos.gob.ar/georef/api,verde,
v3_p02,187,Buenos Aires,General Viamonte,Baigorrita,,2046,06385010,Baigorrita,General Viamonte,-34.747784125842,-60.9883717712491,auto_ok,auto_ok,match_exacto_3campos,auto_match,no,auto,2026-07-22,alta,georef/localidades-censales,https://apis.datos.gob.ar/georef/api,verde,
v3_p02,497,Buenos Aires,Coronel de Marina Leonardo Rosales,Bajo Hondo,,552,06182010,Bajo Hondo,Coronel de Marina Leonardo Rosales,-38.7627932127508,-61.9205918985195,auto_ok,auto_ok,match_exacto_3campos,auto_match,no,auto,2026-07-22,alta,georef/localidades-censales,https://apis.datos.gob.ar/georef/api,verde,
v3_p02,877,Buenos Aires,Lincoln,Balsa,,139,06469A00,Balsa,Lincoln,-34.8116347774941,-61.6595945561869,propuesto,A (aparcado),bahra_georef,auto_muestreo,no,auto(pendiente_muestra),2026-07-22,alta,georef/asentamientos,https://apis.datos.gob.ar/georef/api,verde,BAHRA: el nombre no es localidad censal -> fuente correcta (P7)
v3_p02,554,Buenos Aires,Tres Arroyos,Balneario Claromecó,,459,06833020,Claromecó,,-38.8574731904502,-60.0730577260656,propuesto,C-generador,generador_transformacion,auto_muestreo,no,auto(pendiente_muestra),2026-07-22,alta (match exacto en depto del conjunto),georef/localidades-censales,https://apis.datos.gob.ar/georef/api,verde,candidato probado: 'Claromecó' [prefijo: se quita 'Balneario']
v3_p02,828,Buenos Aires,General Lavalle,Balneario Mar de Ajó Norte,,187,0642002004,Mar de Ajó Norte,,-36.717111900525,-56.6770670772511,propuesto,C-generador,generador_transformacion,auto_muestreo,no,auto(pendiente_muestra),2026-07-22,media (match exacto pero en capa BAHRA),georef/localidades,https://apis.datos.gob.ar/georef/api,verde,candidato probado: 'Mar de Ajó Norte' [prefijo: se quita 'Balneario' [capa localidades]]
v3_p02,41,Buenos Aires,Balcarce,Balcarce,,20540,06063010,Balcarce,Balcarce,-37.8463818448826,-58.2555392250194,auto_ok,auto_ok,match_exacto_3campos,auto_match,no,auto,2026-07-22,alta,georef/localidades-censales,https://apis.datos.gob.ar/georef/api,verde,
v3_p02,296,Buenos Aires,General Villegas,Banderaló,,1161,06392010,Banderaló,General Villegas,-35.0148684045152,-63.3759618191184,propuesto,A (aparcado),bahra_georef,auto_muestreo,no,auto(pendiente_muestra),2026-07-22,alta,georef/localidades,https://apis.datos.gob.ar/georef/api,verde,BAHRA: el nombre no es localidad censal -> BAHRA es la fuente correcta (P7). id de capa 'localidades' NO es id censal INDEC valido
v3_p02,72,Buenos Aires,Baradero,Baradero,,8253,06070010,Baradero,Baradero,-33.8120545894866,-59.5046802348512,auto_ok,auto_ok,match_exacto_3campos,auto_match,no,auto,2026-07-22,alta,georef/localidades-censales,https://apis.datos.gob.ar/georef/api,verde,
v3_p02,550,Buenos Aires,Juárez,Barker,,464,06084010,Barker,Benito Juárez,-37.6396956007695,-59.3911978075624,auto_ok,auto_ok,match_exacto_3campos,auto_match,no,auto,2026-07-22,alta,georef/localidades-censales,https://apis.datos.gob.ar/georef/api,verde,
v3_p02,245,Buenos Aires,Magdalena,Bartolomé Bavio,,1452,06505020,Bartolomé Bavio,Magdalena,-35.079770213927,-57.7471055306171,auto_ok,auto_ok,match_exacto_3campos,auto_match,no,auto,2026-07-22,alta,georef/localidades-censales,https://apis.datos.gob.ar/georef/api,verde,
v3_p03,761,Buenos Aires,Tres Arroyos,Barrow,,236,,Estación Barrow / Chacra Experimental Barrow,,-38.3211,-60.2578,propuesto,C5-manual_coord,web_manual_coord,humano_lote,no,pendiente:Jose,2026-07-22,verde (guard: coord en depto esperado),Gobierno de la Prov. de Buenos Aires (CEI Barrow),https://www.gba.gob.ar/innovacion_productiva/chacra_experimental_integrada_barrow,verde,"[guard=verde; punto en Tres Arroyos] Estación/chacra experimental, km 487,5 RN3, partido Tres Arroyos"
v3_p03,569,Buenos Aires,Coronel Suárez,Bathurst,,428,06203A01,Bathurst,Coronel Suárez,-37.5760445107288,-61.8193643137468,propuesto,A (aparcado),bahra_georef,auto_muestreo,no,auto(pendiente_muestra),2026-07-22,alta,georef/asentamientos,https://apis.datos.gob.ar/georef/api,verde,BAHRA: el nombre no es localidad censal -> fuente correcta (P7)
v3_p03,857,Buenos Aires,Alberti,Baudrix,,159,06021A00,Baudrix,Alberti,-35.2399237350338,-60.3024150518394,propuesto,A (aparcado),bahra_georef,auto_muestreo,no,auto(pendiente_muestra),2026-07-22,alta,georef/asentamientos,https://apis.datos.gob.ar/georef/api,verde,BAHRA: el nombre no es localidad censal -> fuente correcta (P7)
v3_p03,238,Buenos Aires,Lincoln,Bayauca,,1502,06469020,Bayauca,Lincoln,-34.8710511337121,-61.2895451446375,auto_ok,auto_ok,match_exacto_3campos,auto_match,no,auto,2026-07-22,alta,georef/localidades-censales,https://apis.datos.gob.ar/georef/api,verde,
v3_p03,55,Buenos Aires,Escobar,Belén de Escobar,,11480,0625201001,Belén de Escobar,Escobar,-34.3454707314612,-58.7928104368433,propuesto,A (aparcado),bahra_georef,auto_muestreo,no,auto(pendiente_muestra),2026-07-22,alta,georef/localidades,https://apis.datos.gob.ar/georef/api,verde,BAHRA: el nombre no es localidad censal -> BAHRA es la fuente correcta (P7). id de capa 'localidades' NO es id censal INDEC valido
v3_p03,443,Buenos Aires,Carlos Casares,Bellocq,,662,06147010,Bellocq,Carlos Casares,-35.9166020863319,-61.5341080736114,auto_ok,auto_ok,match_exacto_3campos,auto_match,no,auto,2026-07-22,alta,georef/localidades-censales,https://apis.datos.gob.ar/georef/api,verde,
v3_p03,780,Buenos Aires,Chivilcoy,Benítez,,226,06224080,Benítez,Chivilcoy,-34.9669790631044,-60.1273005512641,auto_ok,auto_ok,match_exacto_3campos,auto_match,no,auto,2026-07-22,alta,georef/localidades-censales,https://apis.datos.gob.ar/georef/api,verde,
v3_p03,846,Buenos Aires,Tornquist,Berrahondo,,166,06819A00,Berraondo,Tornquist,-38.4152392086822,-62.8189962852817,propuesto,E-bahra-fuzzy,bahra_fuzzy,auto_muestreo,no,auto(pendiente_muestra),2026-07-22,BAJA (fuzzy en capa BAHRA: puede no ser el mismo lugar),georef/asentamientos,https://apis.datos.gob.ar/georef/api,verde,antes era sin_match. candidatos: Berraondo/Tornquist [06819A00]
v3_p03,366,Buenos Aires,Salto,Berdier,,848,06714020,Berdier,Salto,-34.3977665512714,-60.2596256162029,auto_ok,auto_ok,match_exacto_3campos,auto_match,no,auto,2026-07-22,alta,georef/localidades-censales,https://apis.datos.gob.ar/georef/api,verde,
v3_p03,27,Buenos Aires,Berisso,Berisso,,40983,06098010,Berisso,Berisso,-34.8807254387813,-57.8688677457687,auto_ok,auto_ok,match_exacto_3campos,auto_match,no,auto,2026-07-22,alta,georef/localidades-censales,https://apis.datos.gob.ar/georef/api,verde,
v3_p03,538,Buenos Aires,Lincoln,Bermúdez,,485,06469100,Bermúdez,Lincoln,-34.6958240368065,-61.3289872216879,auto_ok,auto_ok,match_exacto_3campos,auto_match,no,auto,2026-07-22,alta,georef/localidades-censales,https://apis.datos.gob.ar/georef/api,verde,
v3_p03,242,La Pampa,Chapaleufú,Bernardo Larroudé,,1472,42056010,Bernardo Larroude,Chapaleufú,-35.0259882387012,-63.5827320858488,auto_ok,auto_ok,match_exacto_3campos,auto_match,no,auto,2026-07-22,alta,georef/localidades-censales,https://apis.datos.gob.ar/georef/api,verde,
v3_p03,174,La Pampa,Hucal,Bernasconi,,2453,42077020,Bernasconi,Hucal,-37.9022778251595,-63.7429775377978,auto_ok,auto_ok,match_exacto_3campos,auto_match,no,auto,2026-07-22,alta,georef/localidades-censales,https://apis.datos.gob.ar/georef/api,verde,
v3_p03,263,Buenos Aires,Trenque Lauquen,Berutti,,1364,06826010,Berutti,Trenque Lauquen,-35.8525692100468,-62.5123231186888,auto_ok,auto_ok,match_exacto_3campos,auto_match,no,auto,2026-07-22,alta,georef/localidades-censales,https://apis.datos.gob.ar/georef/api,verde,
v3_p03,347,Buenos Aires,General Pinto,Blaquier,,920,06277010,Blaquier,Florentino Ameghino,-34.636164298947,-62.4776596645133,auto_ok,auto_ok,match_exacto_3campos,auto_match,no,auto,2026-07-22,alta,georef/localidades-censales,https://apis.datos.gob.ar/georef/api,verde,
v3_p03,549,Buenos Aires,Olavarría,Blanca Grande,,465,06595A15,Laguna Blanca Grande,Olavarría,-36.4761941243008,-60.8969088030338,propuesto,E-bahra-fuzzy,bahra_fuzzy,auto_muestreo,no,auto(pendiente_muestra),2026-07-22,BAJA (fuzzy en capa BAHRA: puede no ser el mismo lugar),georef/asentamientos,https://apis.datos.gob.ar/georef/api,verde,antes era sin_match. candidatos: Laguna Blanca Grande/Olavarría [06595A15]
v3_p03,842,Buenos Aires,Junín,Blandengues,,170,06413A00,Blandengues,Junín,-34.5419000481254,-61.2529720498407,propuesto,A (aparcado),bahra_georef,auto_muestreo,no,auto(pendiente_muestra),2026-07-22,alta,georef/asentamientos,https://apis.datos.gob.ar/georef/api,verde,BAHRA: el nombre no es localidad censal -> fuente correcta (P7)
v3_p03,893,Buenos Aires,25 de Mayo,Blas Durañona,,124,06854A03,Blas Durañona,25 de Mayo,-35.4801708802145,-60.1351993155068,propuesto,A (aparcado),bahra_georef,auto_muestreo,no,auto(pendiente_muestra),2026-07-22,alta,georef/asentamientos,https://apis.datos.gob.ar/georef/api,verde,BAHRA: el nombre no es localidad censal -> fuente correcta (P7)
v3_p03,635,Buenos Aires,Pellegrini,Bocayuva,,360,06616010,Bocayuva,Pellegrini,-36.2056381315745,-63.0753032895216,auto_ok,auto_ok,match_exacto_3campos,auto_match,no,auto,2026-07-22,alta,georef/localidades-censales,https://apis.datos.gob.ar/georef/api,verde,
v3_p03,855,La Pampa,Conhello,Boeuf,,161,42035A00,Boeuf,Conhelo,-35.9614565190777,-64.4418440791695,propuesto,A (aparcado),bahra_georef,auto_muestreo,no,auto(pendiente_muestra),2026-07-22,alta,georef/asentamientos,https://apis.datos.gob.ar/georef/api,verde,BAHRA: el nombre no es localidad censal -> fuente correcta (P7)
v3_p03,49,Buenos Aires,Bolívar,Bolívar,,15750,06105060,San Carlos de Bolívar,Bolívar,-36.2298730869971,-61.1138994036572,propuesto,A (aparcado),bahra_georef,auto_muestreo,no,auto(pendiente_muestra),2026-07-22,media (nombre difiere),georef/,https://apis.datos.gob.ar/georef/api,verde,variante de nombre en el depto correcto
v3_p03,827,Buenos Aires,Guaminí,Bonifacio,,187,,Laguna Alsina (Bonifacio),,-36.8075,-62.2479,propuesto,C5-rename,web_rename,humano_lote,no,pendiente:Jose,2026-07-22,verde (guard: coord en depto esperado),Wikipedia (Estación Bonifacio) / OSM,https://es.wikipedia.org/wiki/Estaci%C3%B3n_Bonifacio,verde,"[guard=verde; punto en Guaminí] La estación Bonifacio está en la localidad de Laguna Alsina, partido de Guaminí; comúnmente aún llamada Bonifacio."
v3_p03,254,Buenos Aires,Puán,Bordenave,,1414,06651020,Bordenave,Puán,-37.802796391209,-63.0384654571547,auto_ok,auto_ok,match_exacto_3campos,auto_match,no,auto,2026-07-22,alta,georef/localidades-censales,https://apis.datos.gob.ar/georef/api,verde,
v3_p03,795,Buenos Aires,Bahía Blanca,Bordeu,,211,0605601004,Villa Bordeau,Bahía Blanca,-38.693558630756,-62.3350174250385,propuesto,E-bahra-fuzzy,bahra_fuzzy,auto_muestreo,no,auto(pendiente_muestra),2026-07-22,BAJA (fuzzy en capa BAHRA: puede no ser el mismo lugar),georef/localidades,https://apis.datos.gob.ar/georef/api,verde,antes era sin_match. candidatos: Villa Bordeau/Bahía Blanca [0605601004]
v3_p03,521,Buenos Aires,Balcarce,Bosch,,511,06063A00,Bosch,Balcarce,-37.6468617350962,-58.2395587338111,propuesto,A (aparcado),bahra_georef,auto_muestreo,no,auto(pendiente_muestra),2026-07-22,alta,georef/asentamientos,https://apis.datos.gob.ar/georef/api,verde,BAHRA: el nombre no es localidad censal -> fuente correcta (P7)
v3_p03,40,Buenos Aires,Bragado,Bragado,,20689,06112020,Bragado,Bragado,-35.1155552588278,-60.4897339093707,auto_ok,auto_ok,match_exacto_3campos,auto_match,no,auto,2026-07-22,alta,georef/localidades-censales,https://apis.datos.gob.ar/georef/api,verde,
v3_p03,172,Buenos Aires,Bahía Blanca,Cabildo,,2470,06056020,Cabildo,Bahía Blanca,-38.4851176778623,-61.8937811442982,auto_ok,auto_ok,match_exacto_3campos,auto_match,no,auto,2026-07-22,alta,georef/localidades-censales,https://apis.datos.gob.ar/georef/api,verde,
v3_p03,145,Buenos Aires,Azul,Cacharí,,3135,06049030,Cacharí,Azul,-36.3767030049524,-59.5046056501002,auto_ok,auto_ok,match_exacto_3campos,auto_match,no,auto,2026-07-22,alta,georef/localidades-censales,https://apis.datos.gob.ar/georef/api,verde,
v3_p03,648,La Pampa,Toay,Cachirulo,,345,42140005,Cachirulo,Toay,-36.7476695099668,-64.3678561303517,auto_ok,auto_ok,match_exacto_3campos,auto_match,no,auto,2026-07-22,alta,georef/localidades-censales,https://apis.datos.gob.ar/georef/api,verde,
v3_p03,409,Buenos Aires,Carlos Casares,Cadret,,710,06147020,Cadret,Carlos Casares,-35.7710874699556,-61.3356838592444,auto_ok,auto_ok,match_exacto_3campos,auto_match,no,auto,2026-07-22,alta,georef/localidades-censales,https://apis.datos.gob.ar/georef/api,verde,
v3_p03,909,Buenos Aires,Bahía Blanca,Calderón,,105,06182070,Calderón,Coronel de Marina Leonardo Rosales,-38.722079,-62.056792,confirmado_3.3b,3.3b:transferencia_limite_declarado,transferencia_limite_declarado,humano_individual,no,humano:Jose(3.3b),2026-07-22,alta,humano (Jose) + Wikipedia + Georef (candidato),https://es.wikipedia.org/wiki/Calder%C3%B3n_(Buenos_Aires),rojo,"Jose ratifico bloque limite declarado (README 3.1b: reasignacion entre deptos preexistentes, sin ley citable; identidad solida)"
v3_p03,689,Buenos Aires,Coronel de Marina Leonardo Rosales,Calderón,,306,06182070,Calderón,Coronel de Marina Leonardo Rosales,-38.722079306181,-62.0567918547382,auto_ok,auto_ok,match_exacto_3campos,auto_match,no,auto,2026-07-22,alta,georef/localidades-censales,https://apis.datos.gob.ar/georef/api,verde,
v3_p03,199,La Pampa,Rancul,Caleufú,,1927,42126010,Caleufú,Rancul,-35.5944989864308,-64.558562903335,auto_ok,auto_ok,match_exacto_3campos,auto_match,no,auto,2026-07-22,alta,georef/localidades-censales,https://apis.datos.gob.ar/georef/api,verde,
v3_p03,536,Buenos Aires,Mar Chiquita,Calfucurá,,488,06518A00,Calfucurá,Mar Chiquita,-37.4856416021458,-57.4361101224263,propuesto,A (aparcado),bahra_georef,auto_muestreo,no,auto(pendiente_muestra),2026-07-22,alta,georef/asentamientos,https://apis.datos.gob.ar/georef/api,verde,BAHRA: el nombre no es localidad censal -> fuente correcta (P7)
v3_p03,625,Buenos Aires,Coronel Dorrego,Calvo,,368,06189A00,Calvo,Coronel Dorrego,-38.7643528525285,-61.4173323420948,propuesto,A (aparcado),bahra_georef,auto_muestreo,no,auto(pendiente_muestra),2026-07-22,alta,georef/asentamientos,https://apis.datos.gob.ar/georef/api,verde,BAHRA: el nombre no es localidad censal -> fuente correcta (P7)
v3_p03,845,Buenos Aires,9 de Julio,Cambaceres,,167,06588A01,Cambaceres,9 de Julio,-35.5541778907709,-61.1250534825703,propuesto,A (aparcado),bahra_georef,auto_muestreo,no,auto(pendiente_muestra),2026-07-22,alta,georef/asentamientos,https://apis.datos.gob.ar/georef/api,verde,BAHRA: el nombre no es localidad censal -> fuente correcta (P7)
v3_p03,339,Buenos Aires,General Pueyrredón,Camet,,956,0635711001,Camet,General Pueyrredón,-37.9401411938582,-57.5499424869415,propuesto,A (aparcado),bahra_georef,auto_muestreo,no,auto(pendiente_muestra),2026-07-22,alta,georef/localidades,https://apis.datos.gob.ar/georef/api,verde,BAHRA: el nombre no es localidad censal -> BAHRA es la fuente correcta (P7). id de capa 'localidades' NO es id censal INDEC valido
v3_p03,38,Buenos Aires,Campana,Campana,,24781,06126020,Campana,Campana,-34.1632276907392,-58.9591641997717,auto_ok,auto_ok,match_exacto_3campos,auto_match,no,auto,2026-07-22,alta,georef/localidades-censales,https://apis.datos.gob.ar/georef/api,verde,
v3_p03,546,Buenos Aires,San Nicolás,Campo Salles,,474,0676305001,Campos Salles,San Nicolás,-33.401672448024,-60.2374682244366,propuesto,E-bahra-fuzzy,bahra_fuzzy,auto_muestreo,no,auto(pendiente_muestra),2026-07-22,BAJA (fuzzy en capa BAHRA: puede no ser el mismo lugar),georef/localidades,https://apis.datos.gob.ar/georef/api,verde,antes era sin_match. candidatos: Campos Salles/San Nicolás [0676305001]
v3_p03,479,Buenos Aires,Ayacucho,Cangallo,,573,06042A00,Cangallo,Ayacucho,-37.2159524101424,-58.6825043373854,propuesto,A (aparcado),bahra_georef,auto_muestreo,no,auto(pendiente_muestra),2026-07-22,alta,georef/asentamientos,https://apis.datos.gob.ar/georef/api,verde,BAHRA: el nombre no es localidad censal -> fuente correcta (P7)
v3_p03,697,Buenos Aires,Adolfo Alsina,Canónigo Gorriti,,299,06007A04,Canónigo Gorriti,Adolfo Alsina,-37.5477298351751,-63.2446425317421,propuesto,A (aparcado),bahra_georef,auto_muestreo,no,auto(pendiente_muestra),2026-07-22,alta,georef/asentamientos,https://apis.datos.gob.ar/georef/api,verde,BAHRA: el nombre no es localidad censal -> fuente correcta (P7)
v3_p04,304,Buenos Aires,General Villegas,Cañada Seca,,1129,06392030,Cañada Seca,General Villegas,-34.4167125907158,-62.9607627025692,auto_ok,auto_ok,match_exacto_3campos,auto_match,no,auto,2026-07-22,alta,georef/localidades-censales,https://apis.datos.gob.ar/georef/api,verde,
v3_p04,70,Buenos Aires,Cañuelas,Cañuelas,,8842,06134040,Cañuelas,Cañuelas,-35.0537825523544,-58.7620353075768,auto_ok,auto_ok,match_exacto_3campos,auto_match,no,auto,2026-07-22,alta,georef/localidades-censales,https://apis.datos.gob.ar/georef/api,verde,
v3_p04,121,Buenos Aires,Exaltación de la Cruz,Capilla del Señor,,3928,06266050,Capilla del Señor,Exaltación de la Cruz,-34.2872438941071,-59.1020207384735,auto_ok,auto_ok,match_exacto_3campos,auto_match,no,auto,2026-07-22,alta,georef/localidades-censales,https://apis.datos.gob.ar/georef/api,verde,
v3_p04,721,Buenos Aires,Pehuajó,Capitán Castro,,272,06609010,Capitán Castro,Pehuajó,-35.9123079894038,-62.2249643908645,auto_ok,auto_ok,match_exacto_3campos,auto_match,no,auto,2026-07-22,alta,georef/localidades-censales,https://apis.datos.gob.ar/georef/api,verde,
v3_p04,83,Buenos Aires,Bartolomé Mitre,Capitán Sarmiento,,7051,06140010,Capitán Sarmiento,Capitán Sarmiento,-34.1711412650938,-59.7936095270191,auto_ok,auto_ok,match_exacto_3campos,auto_match,no,auto,2026-07-22,alta,georef/localidades-censales,https://apis.datos.gob.ar/georef/api,verde,
v3_p04,282,Buenos Aires,Rojas,Carabelas,,1239,06686020,Las Carabelas,Rojas,-34.0378755376697,-60.8671031431106,propuesto,A (aparcado),bahra_georef,auto_muestreo,no,auto(pendiente_muestra),2026-07-22,media (nombre difiere),georef/,https://apis.datos.gob.ar/georef/api,verde,variante de nombre en el depto correcto
v3_p04,492,Buenos Aires,Patagones,Cardenal Cagliero,,558,06602020,Cardenal Cagliero,Patagones,-40.6515803457429,-62.7548938337685,auto_ok,auto_ok,match_exacto_3campos,auto_match,no,auto,2026-07-22,alta,georef/localidades-censales,https://apis.datos.gob.ar/georef/api,verde,
v3_p04,335,Buenos Aires,Roque Pérez,Carlos Beguerie,,969,06693010,Carlos Beguerie,Roque Pérez,-35.4855718840867,-59.0997837058714,auto_ok,auto_ok,match_exacto_3campos,auto_match,no,auto,2026-07-22,alta,georef/localidades-censales,https://apis.datos.gob.ar/georef/api,verde,
v3_p04,67,Buenos Aires,Carlos Casares,Carlos Casares,,9218,06147030,Carlos Casares,Carlos Casares,-35.6224974038479,-61.3654517691007,auto_ok,auto_ok,match_exacto_3campos,auto_match,no,auto,2026-07-22,alta,georef/localidades-censales,https://apis.datos.gob.ar/georef/api,verde,
v3_p04,330,Buenos Aires,Luján,Carlos Keen,,998,06497010,Carlos Keen,Luján,-34.4873879896829,-59.219081540557,auto_ok,auto_ok,match_exacto_3campos,auto_match,no,auto,2026-07-22,alta,georef/localidades-censales,https://apis.datos.gob.ar/georef/api,verde,
v3_p04,272,Buenos Aires,9 de Julio,Carlos N. Naón,,1310,,Carlos María Naón,,-35.24,-60.8253,propuesto,C5-rename,web_rename,humano_lote,no,pendiente:Jose,2026-07-22,verde (guard: coord en depto esperado),Wikipedia (Estación Carlos María Naón),https://es.wikipedia.org/wiki/Estaci%C3%B3n_Carlos_Mar%C3%ADa_Na%C3%B3n,verde,[guard=verde; punto en 9 de Julio] Localidad/estación en partido 9 de Julio.
v3_p04,173,Buenos Aires,Pellegrini,Carlos Pellegrini,,2470,,Pellegrini (cabecera del partido de Pellegrini),,-36.2682,-63.1646,propuesto,C5-rename,web_rename,humano_lote,no,pendiente:Jose,2026-07-22,verde (guard: coord en depto esperado),Wikipedia / OSM Nominatim,https://es.wikipedia.org/wiki/Pellegrini_(Buenos_Aires),verde,[guard=verde; punto en Pellegrini] La localidad censal 'Carlos Pellegrini' es la ciudad cabecera Pellegrini; coordenada OSM confirmada dentro del partido d
v3_p04,403,Buenos Aires,Lincoln,Carlos Salas,,726,06469030,Carlos Salas,Lincoln,-35.3913662871435,-61.9949102331933,auto_ok,auto_ok,match_exacto_3campos,auto_match,no,auto,2026-07-22,alta,georef/localidades-censales,https://apis.datos.gob.ar/georef/api,verde,
v3_p04,129,Buenos Aires,Carlos Tejedor,Carlos Tejedor,,3540,06154010,Carlos Tejedor,Carlos Tejedor,-35.3915357848245,-62.4198031983956,auto_ok,auto_ok,match_exacto_3campos,auto_match,no,auto,2026-07-22,alta,georef/localidades-censales,https://apis.datos.gob.ar/georef/api,verde,
v3_p04,94,Buenos Aires,Carmen de Areco,Carmen de Areco,,5772,06161010,Carmen de Areco,Carmen de Areco,-34.3766064269391,-59.8226958860968,auto_ok,auto_ok,match_exacto_3campos,auto_match,no,auto,2026-07-22,alta,georef/localidades-censales,https://apis.datos.gob.ar/georef/api,verde,
v3_p04,78,Buenos Aires,Patagones,Carmen de Patagones,,7478,06602030,Carmen de Patagones,Patagones,-40.7937589318925,-62.9813902264886,auto_ok,auto_ok,match_exacto_3campos,auto_match,no,auto,2026-07-22,alta,georef/localidades-censales,https://apis.datos.gob.ar/georef/api,verde,
v3_p04,386,La Pampa,Loventué,Carro Quemado,,780,42098010,Carro Quemado,Loventué,-36.4749290295312,-65.344596790041,auto_ok,auto_ok,match_exacto_3campos,auto_match,no,auto,2026-07-22,alta,georef/localidades-censales,https://apis.datos.gob.ar/georef/api,verde,
v3_p04,746,Buenos Aires,Pila,Casalins,,252,06630020,Casalins,Pila,-36.314358671522,-58.5519892020608,auto_ok,auto_ok,match_exacto_3campos,auto_match,no,auto,2026-07-22,alta,georef/localidades-censales,https://apis.datos.gob.ar/georef/api,verde,
v3_p04,179,Buenos Aires,Guaminí,Casbas,,2397,06399020,Casbas,Guaminí,-36.757649027575,-62.5043426648986,auto_ok,auto_ok,match_exacto_3campos,auto_match,no,auto,2026-07-22,alta,georef/localidades-censales,https://apis.datos.gob.ar/georef/api,verde,
v3_p04,449,Buenos Aires,Coronel Suárez,Cascada,,629,06203010,Cascada,Coronel Suárez,-37.2923902591232,-62.2972094097209,auto_ok,auto_ok,match_exacto_3campos,auto_match,no,auto,2026-07-22,alta,georef/localidades-censales,https://apis.datos.gob.ar/georef/api,verde,
v3_p04,778,Buenos Aires,Guaminí,Casey,,227,06399A02,Casey,Guaminí,-36.6856316827107,-62.3517614116796,propuesto,A (aparcado),bahra_georef,auto_muestreo,no,auto(pendiente_muestra),2026-07-22,alta,georef/asentamientos,https://apis.datos.gob.ar/georef/api,verde,BAHRA: el nombre no es localidad censal -> fuente correcta (P7)
v3_p04,146,Buenos Aires,Castelli,Castelli,,3123,06168010,Castelli,Castelli,-36.0909119355864,-57.8075587532052,auto_ok,auto_ok,match_exacto_3campos,auto_match,no,auto,2026-07-22,alta,georef/localidades-censales,https://apis.datos.gob.ar/georef/api,verde,
v3_p04,306,Buenos Aires,Chacabuco,Castilla,,1122,06210050,Castilla,Chacabuco,-34.6133062542013,-59.9061262332783,auto_ok,auto_ok,match_exacto_3campos,auto_match,no,auto,2026-07-22,alta,georef/localidades-censales,https://apis.datos.gob.ar/georef/api,verde,
v3_p04,195,La Pampa,Catriló,Catriló,,1951,42028010,Catriló,Catriló,-36.4066975622777,-63.4232484858219,auto_ok,auto_ok,match_exacto_3campos,auto_match,no,auto,2026-07-22,alta,georef/localidades-censales,https://apis.datos.gob.ar/georef/api,verde,
v3_p04,329,Buenos Aires,Saladillo,Cazón,,999,06707020,Cazon,Saladillo,-35.5750405901603,-59.6628995876888,auto_ok,auto_ok,match_exacto_3campos,auto_match,no,auto,2026-07-22,alta,georef/localidades-censales,https://apis.datos.gob.ar/georef/api,verde,
v3_p04,591,La Pampa,Chapaleufú,Ceballos,,398,42056020,Ceballos,Chapaleufú,-35.2908176457173,-63.7768247252113,auto_ok,auto_ok,match_exacto_3campos,auto_match,no,auto,2026-07-22,alta,georef/localidades-censales,https://apis.datos.gob.ar/georef/api,verde,
v3_p04,819,Buenos Aires,Carlos Casares,Centenario,,192,06147A00,Centenario,Carlos Casares,-35.8362079843959,-61.4332754340625,propuesto,A (aparcado),bahra_georef,auto_muestreo,no,auto(pendiente_muestra),2026-07-22,alta,georef/asentamientos,https://apis.datos.gob.ar/georef/api,verde,BAHRA: el nombre no es localidad censal -> fuente correcta (P7)
v3_p04,853,Buenos Aires,Castelli,Centro Guerrero,,162,06168020,Centro Guerrero,Castelli,-36.0543706674152,-57.8170575578428,auto_ok,auto_ok,match_exacto_3campos,auto_match,no,auto,2026-07-22,alta,georef/localidades-censales,https://apis.datos.gob.ar/georef/api,verde,
v3_p04,751,La Pampa,Atreucó,Cereales,,248,42007A01,Cereales,Atreucó,-36.8141584152301,-63.8563932480154,propuesto,A (aparcado),bahra_georef,auto_muestreo,no,auto(pendiente_muestra),2026-07-22,alta,georef/asentamientos,https://apis.datos.gob.ar/georef/api,verde,BAHRA: el nombre no es localidad censal -> fuente correcta (P7)
v3_p04,629,Buenos Aires,Rivadavia,Cerrito,,365,06679A01,Cerrito,Rivadavia,-35.4629476534034,-62.8523382572328,propuesto,A (aparcado),bahra_georef,auto_muestreo,no,auto(pendiente_muestra),2026-07-22,alta,georef/asentamientos,https://apis.datos.gob.ar/georef/api,verde,BAHRA: el nombre no es localidad censal -> fuente correcta (P7)
v3_p04,683,Buenos Aires,Tandil,Cerro de los Leones,,309,,Cerro Leones (paraje),,-37.3161,-59.2003,propuesto,C5-manual_coord,web_manual_coord,humano_lote,no,pendiente:Jose,2026-07-22,verde (guard: coord en depto esperado),Welcome Argentina / OSM,https://www.welcomeargentina.com/tandil/cabanas-cerro-leones_i.html,verde,"[guard=verde; punto en Tandil] Paraje serrano al pie del Cerro Leones, partido de Tandil"
v3_p04,684,Buenos Aires,Olavarría,Cerro Sotuyo,,308,06595A04,Cerro Sotuyo,Olavarría,-36.962382995753,-60.1106315396358,propuesto,A (aparcado),bahra_georef,auto_muestreo,no,auto(pendiente_muestra),2026-07-22,alta,georef/asentamientos,https://apis.datos.gob.ar/georef/api,verde,BAHRA: el nombre no es localidad censal -> fuente correcta (P7)
v3_p04,274,Buenos Aires,Necochea,Claraz,,1299,06581010,Claraz,Necochea,-37.8904000795262,-59.2886294059281,auto_ok,auto_ok,match_exacto_3campos,auto_match,no,auto,2026-07-22,alta,georef/localidades-censales,https://apis.datos.gob.ar/georef/api,verde,
v3_p04,565,Buenos Aires,Tres Arroyos,Claudio Molina,,439,06833A00,Claudio Molina,Tres Arroyos,-38.0896536914963,-60.3493214906532,propuesto,A (aparcado),bahra_georef,auto_muestreo,no,auto(pendiente_muestra),2026-07-22,alta,georef/asentamientos,https://apis.datos.gob.ar/georef/api,verde,BAHRA: el nombre no es localidad censal -> fuente correcta (P7)
v3_p04,833,Buenos Aires,Mar Chiquita,Cobo,,181,06518A01,Cobo,Mar Chiquita,-37.8026298417936,-57.6291503621637,propuesto,A (aparcado),bahra_georef,auto_muestreo,no,auto(pendiente_muestra),2026-07-22,alta,georef/asentamientos,https://apis.datos.gob.ar/georef/api,verde,BAHRA: el nombre no es localidad censal -> fuente correcta (P7)
v3_p04,748,Buenos Aires,Chacabuco,Coliqueo,,250,06210A00,Coliqueo,Chacabuco,-34.6622215933512,-60.541248353923,propuesto,A (aparcado),bahra_georef,auto_muestreo,no,auto(pendiente_muestra),2026-07-22,alta,georef/asentamientos,https://apis.datos.gob.ar/georef/api,verde,BAHRA: el nombre no es localidad censal -> fuente correcta (P7)
v3_p04,60,Buenos Aires,Colón,Colón,,10209,06175010,Colón,Colón,-33.8970987034335,-61.0995386590334,auto_ok,auto_ok,match_exacto_3campos,auto_match,no,auto,2026-07-22,alta,georef/localidades-censales,https://apis.datos.gob.ar/georef/api,verde,
v3_p04,185,La Pampa,Quemú-Quemú,Colonia Barón,,2094,42119010,Colonia Barón,Quemú Quemú,-36.1535720720363,-63.8550842711475,auto_ok,auto_ok,match_exacto_3campos,auto_match,no,auto,2026-07-22,alta,georef/localidades-censales,https://apis.datos.gob.ar/georef/api,verde,
v3_p04,504,Buenos Aires,Marcos Paz,Colonia Hogar Ricardo Gutiérrez,,541,,Marcos Paz (Colonia Hogar Ricardo Gutiérrez),,-34.8478,-58.8354,propuesto,C5-barrio_de,web_barrio,humano_lote,no,pendiente:Jose,2026-07-22,verde (guard: coord en depto esperado),osm,https://nominatim.openstreetmap.org/search?q=Colonia%20Hogar%20Ricardo%20Guti%C3%A9rrez%2C%20Marcos%20Paz,verde,"[guard=verde; punto en Marcos Paz] Colonia/barrio ~7 km al sur de la ciudad de Marcos Paz, partido Marcos Paz. Coincide depto."
v3_p04,905,Buenos Aires,Villarino,Colonia La Merced,,105,,Colonia La Merced,,-38.6740,-62.4743,propuesto,C5-manual_coord,web_manual_coord,humano_lote,no,pendiente:Jose,2026-07-22,verde (guard: coord en depto esperado),osm,https://nominatim.openstreetmap.org/search?q=Colonia%20La%20Merced%2C%20Villarino,verde,"[guard=verde; punto en Villarino] Colonia La Merced, paraje del partido Villarino (limite con Bahia Blanca sobre el arroyo Sauce Chico). Coincide depto."
v3_p05,810,Buenos Aires,Adolfo Alsina,Colonia Lapin,,200,06007A06,Colonia Lapin,Adolfo Alsina,-37.3722191828525,-63.0538035678501,propuesto,A (aparcado),bahra_georef,auto_muestreo,no,auto(pendiente_muestra),2026-07-22,alta,georef/asentamientos,https://apis.datos.gob.ar/georef/api,verde,BAHRA: el nombre no es localidad censal -> fuente correcta (P7)
v3_p05,779,Buenos Aires,Carlos Casares,Colonia Mauricio,,227,06147040,Colonia Mauricio,Carlos Casares,-35.5243348591657,-61.4370152297164,auto_ok,auto_ok,match_exacto_3campos,auto_match,no,auto,2026-07-22,alta,georef/localidades-censales,https://apis.datos.gob.ar/georef/api,verde,
v3_p05,887,Buenos Aires,Adolfo Alsina,Colonia Philippson,,129,06007A08,Colonia Philippson,Adolfo Alsina,-37.3424213129412,-63.1609548541594,propuesto,A (aparcado),bahra_georef,auto_muestreo,no,auto(pendiente_muestra),2026-07-22,alta,georef/asentamientos,https://apis.datos.gob.ar/georef/api,verde,BAHRA: el nombre no es localidad censal -> fuente correcta (P7)
v3_p05,704,La Pampa,Quemú-Quemú,Colonia San José,,287,42119020,Colonia San José,Quemú Quemú,-36.117461587481,-63.9031979433786,auto_ok,auto_ok,match_exacto_3campos,auto_match,no,auto,2026-07-22,alta,georef/localidades-censales,https://apis.datos.gob.ar/georef/api,verde,
v3_p05,435,Buenos Aires,Olavarría,Colonia San Miguel,,662,06595050,Colonia San Miguel,Olavarría,-36.9501331009748,-60.1100161497349,auto_ok,auto_ok,match_exacto_3campos,auto_match,no,auto,2026-07-22,alta,georef/localidades-censales,https://apis.datos.gob.ar/georef/api,verde,
v3_p05,258,Buenos Aires,Adolfo Alsina,Colonia San Miguel Arcángel,,1379,06007020,Colonia San Miguel Arcángel,Adolfo Alsina,-37.4497730840701,-63.1177116197039,auto_ok,auto_ok,match_exacto_3campos,auto_match,no,auto,2026-07-22,alta,georef/localidades-censales,https://apis.datos.gob.ar/georef/api,verde,
v3_p05,515,La Pampa,Utracán,Colonia Santa María,,521,42154030,Colonia Santa María,Utracán,-37.4947549798165,-64.2241228064151,auto_ok,auto_ok,match_exacto_3campos,auto_match,no,auto,2026-07-22,alta,georef/localidades-censales,https://apis.datos.gob.ar/georef/api,verde,
v3_p05,319,Buenos Aires,Carlos Tejedor,Colonia Seré,,1034,06154020,Colonia Seré,Carlos Tejedor,-35.436445515524,-62.7277873563898,auto_ok,auto_ok,match_exacto_3campos,auto_match,no,auto,2026-07-22,alta,georef/localidades-censales,https://apis.datos.gob.ar/georef/api,verde,
v3_p05,410,La Pampa,Puelén,Colonia 25 de Mayo,,709,42112020,25 de Mayo,,-37.7700150466245,-67.7180795675134,propuesto,C-generador,generador_transformacion,auto_muestreo,no,auto(pendiente_muestra),2026-07-22,alta (match exacto en depto del conjunto),georef/localidades-censales,https://apis.datos.gob.ar/georef/api,verde,candidato probado: '25 de Mayo' [prefijo: se quita 'Colonia']
v3_p05,712,Buenos Aires,San Pedro,Colonia Velaz,,280,06770A04,Colonia Vélaz,San Pedro,-33.8091750288299,-60.0283022472472,propuesto,A (aparcado),bahra_georef,auto_muestreo,no,auto(pendiente_muestra),2026-07-22,alta,georef/asentamientos,https://apis.datos.gob.ar/georef/api,verde,BAHRA: el nombre no es localidad censal -> fuente correcta (P7)
v3_p05,541,Buenos Aires,Chascomús,Comandante Giribone,,483,06218A02,Comandante Giribone,Chascomús,-35.6190543612838,-57.6850315028198,propuesto,A (aparcado),bahra_georef,auto_muestreo,no,auto(pendiente_muestra),2026-07-22,alta,georef/asentamientos,https://apis.datos.gob.ar/georef/api,verde,BAHRA: el nombre no es localidad censal -> fuente correcta (P7)
v3_p05,117,Buenos Aires,General Alvarado,Cte. Nicanor Otamendi,,4046,06280010,Comandante Nicanor Otamendi,,-38.1104895688634,-57.8412127291463,propuesto,C-generador,generador_transformacion,auto_muestreo,no,auto(pendiente_muestra),2026-07-22,alta (match exacto en depto del conjunto),georef/localidades-censales,https://apis.datos.gob.ar/georef/api,verde,candidato probado: 'Comandante Nicanor Otamendi' [abreviatura: Cte.->Comandante]
v3_p05,219,Buenos Aires,Bragado,Comodoro Py,,1677,06112030,Comodoro Py,Bragado,-35.3224758404375,-60.5213696707723,auto_ok,auto_ok,match_exacto_3campos,auto_match,no,auto,2026-07-22,alta,georef/localidades-censales,https://apis.datos.gob.ar/georef/api,verde,
v3_p05,840,Buenos Aires,Rivadavia,Condarco,,173,06679A03,Condarco,Rivadavia,-35.2729986392237,-63.0670754991434,propuesto,A (aparcado),bahra_georef,auto_muestreo,no,auto(pendiente_muestra),2026-07-22,alta,georef/asentamientos,https://apis.datos.gob.ar/georef/api,verde,BAHRA: el nombre no es localidad censal -> fuente correcta (P7)
v3_p05,191,Buenos Aires,San Nicolás,Conesa,,2010,06763020,Conesa,San Nicolás,-33.595699623325,-60.3557706104973,auto_ok,auto_ok,match_exacto_3campos,auto_match,no,auto,2026-07-22,alta,georef/localidades-censales,https://apis.datos.gob.ar/georef/api,verde,
v3_p05,114,La Pampa,Conhello,Conhello,,4248,42035010,Conhelo,Conhelo,-35.9995689953088,-64.5975236782054,propuesto,A (aparcado),bahra_georef,auto_muestreo,no,auto(pendiente_muestra),2026-07-22,media (nombre difiere),georef/,https://apis.datos.gob.ar/georef/api,verde,variante de nombre en el depto correcto
v3_p05,232,Buenos Aires,Tres Arroyos,Copetonas,,1575,06833030,Copetonas,Tres Arroyos,-38.724724163884,-60.4469652061013,auto_ok,auto_ok,match_exacto_3campos,auto_match,no,auto,2026-07-22,alta,georef/localidades-censales,https://apis.datos.gob.ar/georef/api,verde,
v3_p05,856,Buenos Aires,Trenque Lauquen,Corazzi,,160,06826A05,Corazzi,Trenque Lauquen,-36.2102810629728,-62.4015883778845,propuesto,A (aparcado),bahra_georef,auto_muestreo,no,auto(pendiente_muestra),2026-07-22,alta,georef/asentamientos,https://apis.datos.gob.ar/georef/api,verde,BAHRA: el nombre no es localidad censal -> fuente correcta (P7)
v3_p05,783,Buenos Aires,9 de Julio,Corbett,,222,06588A03,Corbett,9 de Julio,-35.8403204468808,-60.9982756937731,propuesto,A (aparcado),bahra_georef,auto_muestreo,no,auto(pendiente_muestra),2026-07-22,alta,georef/asentamientos,https://apis.datos.gob.ar/georef/api,verde,BAHRA: el nombre no es localidad censal -> fuente correcta (P7)
v3_p05,872,Buenos Aires,Las Flores,Coronel Boerr,,147,06455010,Coronel Boerr,Las Flores,-35.9414440334215,-59.0693547287839,auto_ok,auto_ok,match_exacto_3campos,auto_match,no,auto,2026-07-22,alta,georef/localidades-censales,https://apis.datos.gob.ar/georef/api,verde,
v3_p05,109,Buenos Aires,Brandsen,Coronel Brandsen,,4775,06119050,Coronel Brandsen,Brandsen,-35.1679239311576,-58.2373977679137,auto_ok,auto_ok,match_exacto_3campos,auto_match,no,auto,2026-07-22,alta,georef/localidades-censales,https://apis.datos.gob.ar/georef/api,verde,
v3_p05,68,Buenos Aires,Coronel Dorrego,Coronel Dorrego,,9154,06189030,Coronel Dorrego,Coronel Dorrego,-38.7166239148323,-61.2884948879698,auto_ok,auto_ok,match_exacto_3campos,auto_match,no,auto,2026-07-22,alta,georef/localidades-censales,https://apis.datos.gob.ar/georef/api,verde,
v3_p05,803,Buenos Aires,Coronel Pringles,Coronel Falcón,,208,06196A01,Coronel Falcón,Coronel Pringles,-38.6046563525221,-61.7001656751556,propuesto,A (aparcado),bahra_georef,auto_muestreo,no,auto(pendiente_muestra),2026-07-22,alta,georef/asentamientos,https://apis.datos.gob.ar/georef/api,verde,BAHRA: el nombre no es localidad censal -> fuente correcta (P7)
v3_p05,312,Buenos Aires,General Pinto,Coronel Granada,,1080,06351050,Coronel Granada,General Pinto,-34.7901060331523,-62.2010092578546,auto_ok,auto_ok,match_exacto_3campos,auto_match,no,auto,2026-07-22,alta,georef/localidades-censales,https://apis.datos.gob.ar/georef/api,verde,
v3_p05,457,La Pampa,Chapaleufú,Coronel Hilario Lagos,,623,42056030,Coronel Hilario Lagos,Chapaleufú,-35.0240429774699,-63.9121818751175,auto_ok,auto_ok,match_exacto_3campos,auto_match,no,auto,2026-07-22,alta,georef/localidades-censales,https://apis.datos.gob.ar/georef/api,verde,
v3_p05,615,Buenos Aires,Salto,Coronel Isleño,,372,06714A01,Coronel Isleño,Salto,-34.4230470247817,-60.4049790006463,propuesto,A (aparcado),bahra_georef,auto_muestreo,no,auto(pendiente_muestra),2026-07-22,alta,georef/asentamientos,https://apis.datos.gob.ar/georef/api,verde,BAHRA: el nombre no es localidad censal -> fuente correcta (P7)
v3_p05,288,Buenos Aires,Alberti,Coronel Mom,,1201,,Villa Ortiz (Estación Coronel Mom),,-34.8414,-60.3061,propuesto,C5-rename,web_rename,humano_lote,no,pendiente:Jose,2026-07-22,verde (guard: coord en depto esperado),Wikipedia,https://es.wikipedia.org/wiki/Estaci%C3%B3n_Coronel_Mom,verde,"[guard=verde; punto en Alberti] Localidad Villa Ortiz, conocida por su estación Coronel Mom (FC Sarmiento), partido de Alberti."
v3_p05,52,Buenos Aires,Coronel Pringles,Coronel Pringles,,14180,06196010,Coronel Pringles,Coronel Pringles,-37.9788088725912,-61.3567519838836,auto_ok,auto_ok,match_exacto_3campos,auto_match,no,auto,2026-07-22,alta,georef/localidades-censales,https://apis.datos.gob.ar/georef/api,verde,
v3_p05,765,Buenos Aires,Juárez,Coronel Rodolfo Bunge,,235,06084A00,Coronel Rodolfo Bunge,Benito Juárez,-37.573060131079,-60.1376602260236,propuesto,A (aparcado),bahra_georef,auto_muestreo,no,auto(pendiente_muestra),2026-07-22,alta,georef/asentamientos,https://apis.datos.gob.ar/georef/api,verde,BAHRA: el nombre no es localidad censal -> fuente correcta (P7)
v3_p05,899,Buenos Aires,Alberti,Coronel Seguí,,117,06021020,Coronel Seguí,Alberti,-34.8675697341925,-60.391831362721,auto_ok,auto_ok,match_exacto_3campos,auto_match,no,auto,2026-07-22,alta,georef/localidades-censales,https://apis.datos.gob.ar/georef/api,verde,
v3_p05,69,Buenos Aires,Coronel Suárez,Coronel Suárez,,8878,06203020,Coronel Suárez,Coronel Suárez,-37.4585806162675,-61.9329171751099,auto_ok,auto_ok,match_exacto_3campos,auto_match,no,auto,2026-07-22,alta,georef/localidades-censales,https://apis.datos.gob.ar/georef/api,verde,
v3_p05,124,Buenos Aires,Mar Chiquita,Coronel Vidal,,3660,06518010,Coronel Vidal,Mar Chiquita,-37.4466279420061,-57.7294079612685,auto_ok,auto_ok,match_exacto_3campos,auto_match,no,auto,2026-07-22,alta,georef/localidades-censales,https://apis.datos.gob.ar/georef/api,verde,
v3_p05,323,Buenos Aires,Luján,Cortines,,1012,0649706002,Cortines,Luján,-34.556551592138,-59.2039851566143,propuesto,A (aparcado),bahra_georef,auto_muestreo,no,auto(pendiente_muestra),2026-07-22,alta,georef/localidades,https://apis.datos.gob.ar/georef/api,verde,BAHRA: el nombre no es localidad censal -> BAHRA es la fuente correcta (P7). id de capa 'localidades' NO es id censal INDEC valido
v3_p05,839,La Pampa,Hucal,Cotita,,174,42077A01,Cotita,Hucal,-37.7249124217496,-64.0629628461873,propuesto,A (aparcado),bahra_georef,auto_muestreo,no,auto(pendiente_muestra),2026-07-22,alta,georef/asentamientos,https://apis.datos.gob.ar/georef/api,verde,BAHRA: el nombre no es localidad censal -> fuente correcta (P7)
v3_p05,520,Buenos Aires,Tapalqué,Covello,,513,06798A02,Covello,Tapalqué,-36.2232542251047,-59.7277893178436,propuesto,A (aparcado),bahra_georef,auto_muestreo,no,auto(pendiente_muestra),2026-07-22,alta,georef/asentamientos,https://apis.datos.gob.ar/georef/api,verde,BAHRA: el nombre no es localidad censal -> fuente correcta (P7)
v3_p05,421,Buenos Aires,San Cayetano,Cristiano Muerto,,691,06742040,Cristiano Muerto,San Cayetano,-38.6478350781612,-59.6061797822875,auto_ok,auto_ok,match_exacto_3campos,auto_match,no,auto,2026-07-22,alta,georef/localidades-censales,https://apis.datos.gob.ar/georef/api,verde,
v3_p05,503,Buenos Aires,Tapalqué,Crotto,,542,06798010,Crotto,Tapalqué,-36.5764116959176,-60.1722050294761,auto_ok,auto_ok,match_exacto_3campos,auto_match,no,auto,2026-07-22,alta,georef/localidades-censales,https://apis.datos.gob.ar/georef/api,verde,
v3_p05,679,Buenos Aires,Rojas,Cuatro de Noviembre,,316,06686A00,4 de Noviembre,,-34.1427196001106,-60.7824010074233,propuesto,C-generador,generador_transformacion,auto_muestreo,no,auto(pendiente_muestra),2026-07-22,media (match exacto pero en capa BAHRA),georef/asentamientos,https://apis.datos.gob.ar/georef/api,verde,candidato probado: '4 de Noviembre' [numero-palabra -> digito: Cuatro->4 [capa asentamientos]]
v3_p05,646,Buenos Aires,San Andrés de Giles,Cuculú,,346,06728020,Cucullú,San Andrés de Giles,-34.4444648721718,-59.3615579372671,propuesto,A (aparcado),bahra_georef,auto_muestreo,no,auto(pendiente_muestra),2026-07-22,media (nombre difiere),georef/,https://apis.datos.gob.ar/georef/api,verde,variante de nombre en el depto correcto
v3_p05,469,Buenos Aires,Chacabuco,Cucha-Cucha,,583,06210A03,Cucha Cucha,Chacabuco,-34.6220032094369,-60.4083094333416,propuesto,A (aparcado),bahra_georef,auto_muestreo,no,auto(pendiente_muestra),2026-07-22,alta,georef/asentamientos,https://apis.datos.gob.ar/georef/api,verde,BAHRA: el nombre no es localidad censal -> fuente correcta (P7)
v3_p06,624,La Pampa,Lihuel-Calel,Cuchillo-Co,,369,42084010,Cuchillo Co,Lihuel Calel,-38.3344077620834,-64.6429708247297,auto_ok,auto_ok,match_exacto_3campos,auto_match,no,auto,2026-07-22,alta,georef/localidades-censales,https://apis.datos.gob.ar/georef/api,verde,
v3_p06,406,Buenos Aires,Carlos Tejedor,Curarú,,717,06154030,Curarú,Carlos Tejedor,-35.6408427379706,-62.1945835034824,auto_ok,auto_ok,match_exacto_3campos,auto_match,no,auto,2026-07-22,alta,georef/localidades-censales,https://apis.datos.gob.ar/georef/api,verde,
v3_p06,353,Buenos Aires,Coronel Suárez,Curumalán,,896,06203030,Curamalal,Coronel Suárez,-37.4838873061271,-62.1043498687485,propuesto,A (aparcado),bahra_georef,auto_muestreo,no,auto(pendiente_muestra),2026-07-22,media (nombre difiere),georef/,https://apis.datos.gob.ar/georef/api,verde,variante de nombre en el depto correcto
v3_p06,39,Buenos Aires,Chacabuco,Chacabuco,,22544,06210010,Chacabuco,Chacabuco,-34.642035475954,-60.4712581328409,auto_ok,auto_ok,match_exacto_3campos,auto_match,no,auto,2026-07-22,alta,georef/localidades-censales,https://apis.datos.gob.ar/georef/api,verde,
v3_p06,448,La Pampa,Utracán,Chacharramendi,,632,42154020,Chacharramendi,Utracán,-37.3320361211578,-65.6515976216054,auto_ok,auto_ok,match_exacto_3campos,auto_match,no,auto,2026-07-22,alta,georef/localidades-censales,https://apis.datos.gob.ar/georef/api,verde,
v3_p06,776,La Pampa,Rancul,Chamaicó,,228,42126A01,Chamaicó,Rancul,-35.0497783257181,-64.949014395044,propuesto,A (aparcado),bahra_georef,auto_muestreo,no,auto(pendiente_muestra),2026-07-22,alta,georef/asentamientos,https://apis.datos.gob.ar/georef/api,verde,BAHRA: el nombre no es localidad censal -> fuente correcta (P7)
v3_p06,865,Buenos Aires,General Viamonte,Chancay,,154,06385A01,Chancay,General Viamonte,-35.0419686945084,-61.2524471303015,propuesto,A (aparcado),bahra_georef,auto_muestreo,no,auto(pendiente_muestra),2026-07-22,alta,georef/asentamientos,https://apis.datos.gob.ar/georef/api,verde,BAHRA: el nombre no es localidad censal -> fuente correcta (P7)
v3_p06,181,Buenos Aires,General Pueyrredón,Chapadmalal,,2243,06357080,Chapadmalal,General Pueyrredón,-38.1765041069769,-57.6520177990214,auto_ok,auto_ok,match_exacto_3campos,auto_match,no,auto,2026-07-22,alta,georef/localidades-censales,https://apis.datos.gob.ar/georef/api,verde,
v3_p06,729,Buenos Aires,Rauch,Chapaleofú,,265,06672A01,Chapaleofú,Rauch,-36.6401302908568,-59.1486745066808,propuesto,A (aparcado),bahra_georef,auto_muestreo,no,auto(pendiente_muestra),2026-07-22,alta,georef/asentamientos,https://apis.datos.gob.ar/georef/api,verde,BAHRA: el nombre no es localidad censal -> fuente correcta (P7)
v3_p06,494,Buenos Aires,General Villegas,Charlone,,554,06392050,Coronel Charlone,General Villegas,-34.6739917900064,-63.369070074086,propuesto,A (aparcado),bahra_georef,auto_muestreo,no,auto(pendiente_muestra),2026-07-22,media (nombre difiere),georef/,https://apis.datos.gob.ar/georef/api,verde,variante de nombre en el depto correcto
v3_p06,56,Buenos Aires,Chascomús,Chascomús,,10521,06218010,Chascomús,Chascomús,-35.5770527211859,-58.0084623060577,auto_ok,auto_ok,match_exacto_3campos,auto_match,no,auto,2026-07-22,alta,georef/localidades-censales,https://apis.datos.gob.ar/georef/api,verde,
v3_p06,616,Buenos Aires,Tornquist,Chasicó,,372,06819010,Chasicó,Tornquist,-38.3372109882985,-62.6428045534167,auto_ok,auto_ok,match_exacto_3campos,auto_match,no,auto,2026-07-22,alta,georef/localidades-censales,https://apis.datos.gob.ar/georef/api,verde,
v3_p06,860,Buenos Aires,Exaltación de la Cruz,Chenaut,,157,06266A00,Chenaut,Exaltación de la Cruz,-34.2476848793198,-59.2173325945662,propuesto,A (aparcado),bahra_georef,auto_muestreo,no,auto(pendiente_muestra),2026-07-22,alta,georef/asentamientos,https://apis.datos.gob.ar/georef/api,verde,BAHRA: el nombre no es localidad censal -> fuente correcta (P7)
v3_p06,534,Buenos Aires,Pehuajó,Chiclana,,492,06609100,Chiclana,Pehuajó,-35.7314972091167,-61.7421584049501,auto_ok,auto_ok,match_exacto_3campos,auto_match,no,auto,2026-07-22,alta,georef/localidades-censales,https://apis.datos.gob.ar/georef/api,verde,
v3_p06,356,Buenos Aires,Azul,Chillar,,869,06049040,Chillar,Azul,-37.312779171528,-59.9852225680494,auto_ok,auto_ok,match_exacto_3campos,auto_match,no,auto,2026-07-22,alta,georef/localidades-censales,https://apis.datos.gob.ar/georef/api,verde,
v3_p06,32,Buenos Aires,Chivilcoy,Chivilcoy,,32660,06224010,Chivilcoy,Chivilcoy,-34.8968623417202,-60.0190641653169,auto_ok,auto_ok,match_exacto_3campos,auto_match,no,auto,2026-07-22,alta,georef/localidades-censales,https://apis.datos.gob.ar/georef/api,verde,
v3_p06,849,Buenos Aires,Tornquist,Choique,,165,06819A02,Choique,Tornquist,-38.4696801313183,-62.6958205857434,propuesto,A (aparcado),bahra_georef,auto_muestreo,no,auto(pendiente_muestra),2026-07-22,alta,georef/asentamientos,https://apis.datos.gob.ar/georef/api,verde,BAHRA: el nombre no es localidad censal -> fuente correcta (P7)
v3_p06,95,Buenos Aires,Caseros,Daireaux,,5769,06231030,Daireaux,Daireaux,-36.5995860057332,-61.7475320123337,auto_ok,auto_ok,match_exacto_3campos,auto_match,no,auto,2026-07-22,alta,georef/localidades-censales,https://apis.datos.gob.ar/georef/api,verde,
v3_p06,465,La Pampa,Realicó,Damián Maisonave,,598,42133030,Damián Maisonave,Realicó,-35.0414406129008,-64.3859667565326,auto_ok,auto_ok,match_exacto_3campos,auto_match,no,auto,2026-07-22,alta,georef/localidades-censales,https://apis.datos.gob.ar/georef/api,verde,
v3_p06,108,Buenos Aires,Puán,Darragueira,,4981,06651030,Darregueira,Puán,-37.6894133756582,-63.1611119559898,propuesto,A (aparcado),bahra_georef,auto_muestreo,no,auto(pendiente_muestra),2026-07-22,media (nombre difiere),georef/,https://apis.datos.gob.ar/georef/api,verde,variante de nombre en el depto correcto
v3_p06,471,Buenos Aires,Pellegrini,De Bary,,582,06616020,De Bary,Pellegrini,-36.3405841571626,-63.2594747117297,auto_ok,auto_ok,match_exacto_3campos,auto_match,no,auto,2026-07-22,alta,georef/localidades-censales,https://apis.datos.gob.ar/georef/api,verde,
v3_p06,402,Buenos Aires,San Cayetano,Defferrari,,727,06742A02,Defferrari,San Cayetano,-38.3018521074945,-59.3868896740131,propuesto,A (aparcado),bahra_georef,auto_muestreo,no,auto(pendiente_muestra),2026-07-22,alta,georef/asentamientos,https://apis.datos.gob.ar/georef/api,verde,BAHRA: el nombre no es localidad censal -> fuente correcta (P7)
v3_p06,493,Buenos Aires,Tandil,De la Canal,,557,06791010,De la Canal,Tandil,-37.1262751004275,-59.1057649521363,auto_ok,auto_ok,match_exacto_3campos,auto_match,no,auto,2026-07-22,alta,georef/localidades-censales,https://apis.datos.gob.ar/georef/api,verde,
v3_p06,210,Buenos Aires,González Chaves,De la Garma,,1837,06014020,De La Garma,Adolfo Gonzales Chaves,-37.9665584521229,-60.4168474097614,auto_ok,auto_ok,match_exacto_3campos,auto_match,no,auto,2026-07-22,alta,georef/localidades-censales,https://apis.datos.gob.ar/georef/api,verde,
v3_p06,216,Buenos Aires,Saladillo,Del Carril,,1717,06707030,Del Carril,Saladillo,-35.5079245076848,-59.5136614986617,auto_ok,auto_ok,match_exacto_3campos,auto_match,no,auto,2026-07-22,alta,georef/localidades-censales,https://apis.datos.gob.ar/georef/api,verde,
v3_p06,828,Buenos Aires,General Arenales,Delgado,,185,06294A02,Delgado,General Arenales,-34.1673892721366,-61.2491887742712,propuesto,A (aparcado),bahra_georef,auto_muestreo,no,auto(pendiente_muestra),2026-07-22,alta,georef/asentamientos,https://apis.datos.gob.ar/georef/api,verde,BAHRA: el nombre no es localidad censal -> fuente correcta (P7)
v3_p06,594,Buenos Aires,Adolfo Alsina,Delfín Huergo,,396,06007030,Delfín Huergo,Adolfo Alsina,-37.3198600465141,-63.2331011514303,auto_ok,auto_ok,match_exacto_3campos,auto_match,no,auto,2026-07-22,alta,georef/localidades-censales,https://apis.datos.gob.ar/georef/api,verde,
v3_p06,314,Buenos Aires,25 de Mayo,Del Valle,,1069,06854020,Del Valle,25 de Mayo,-35.8973453887603,-60.7316089512944,auto_ok,auto_ok,match_exacto_3campos,auto_match,no,auto,2026-07-22,alta,georef/localidades-censales,https://apis.datos.gob.ar/georef/api,verde,
v3_p06,387,Buenos Aires,Pilar,Del Viso,,778,0663804001,Del Viso,Pilar,-34.4502158741149,-58.7986321054863,propuesto,A (aparcado),bahra_georef,auto_muestreo,no,auto(pendiente_muestra),2026-07-22,alta,georef/localidades,https://apis.datos.gob.ar/georef/api,verde,BAHRA: el nombre no es localidad censal -> BAHRA es la fuente correcta (P7). id de capa 'localidades' NO es id censal INDEC valido
v3_p06,564,Buenos Aires,9 de Julio,Dennhy,,441,06588070,Dennehy,9 de Julio,-35.342609874895,-60.7468764112969,propuesto,A (aparcado),bahra_georef,auto_muestreo,no,auto(pendiente_muestra),2026-07-22,media (nombre difiere),georef/,https://apis.datos.gob.ar/georef/api,verde,variante de nombre en el depto correcto
v3_p06,640,Buenos Aires,Azul,Dieciseis de Julio,,354,06049050,16 de Julio,,-37.20009841127,-60.1644141143862,propuesto,C-generador,generador_transformacion,auto_muestreo,no,auto(pendiente_muestra),2026-07-22,alta (match exacto en depto del conjunto),georef/localidades-censales,https://apis.datos.gob.ar/georef/api,verde,candidato probado: '16 de Julio' [numero-palabra -> digito: Dieciseis->16]
v3_p06,745,Buenos Aires,Exaltación de la Cruz,Diego Gaynor,,254,06266060,Diego Gaynor,Exaltación de la Cruz,-34.2868836985301,-59.2222242977661,auto_ok,auto_ok,match_exacto_3campos,auto_match,no,auto,2026-07-22,alta,georef/localidades-censales,https://apis.datos.gob.ar/georef/api,verde,
v3_p06,243,La Pampa,Atreucó,Doblas,,1462,42007010,Doblas,Atreucó,-37.1504833036367,-64.0114571460834,auto_ok,auto_ok,match_exacto_3campos,auto_match,no,auto,2026-07-22,alta,georef/localidades-censales,https://apis.datos.gob.ar/georef/api,verde,
v3_p06,439,Buenos Aires,9 de Julio,Doce de Octubre,,654,06588030,12 de Octubre,,-35.6077493091212,-60.9178174157348,propuesto,C-generador,generador_transformacion,auto_muestreo,no,auto(pendiente_muestra),2026-07-22,alta (match exacto en depto del conjunto),georef/localidades-censales,https://apis.datos.gob.ar/georef/api,verde,candidato probado: '12 de Octubre' [numero-palabra -> digito: Doce->12]
v3_p06,858,Buenos Aires,Las Flores,Dr. Domingo Harósteguy,,159,06455A02,Dr. Domingo Harósteguy,Las Flores,-36.1500536857308,-59.2676781166469,propuesto,A (aparcado),bahra_georef,auto_muestreo,no,auto(pendiente_muestra),2026-07-22,alta,georef/asentamientos,https://apis.datos.gob.ar/georef/api,verde,BAHRA: el nombre no es localidad censal -> fuente correcta (P7)
v3_p06,48,Buenos Aires,Dolores,Dolores,,16003,06238010,Dolores,Dolores,-36.3153676069646,-57.6755454308423,auto_ok,auto_ok,match_exacto_3campos,auto_match,no,auto,2026-07-22,alta,georef/localidades-censales,https://apis.datos.gob.ar/georef/api,verde,
v3_p06,297,Buenos Aires,San Vicente,Domselaar,,1155,0677802003,Domselaar,San Vicente,-35.0738937822194,-58.2904583823958,propuesto,A (aparcado),bahra_georef,auto_muestreo,no,auto(pendiente_muestra),2026-07-22,alta,georef/localidades,https://apis.datos.gob.ar/georef/api,verde,BAHRA: el nombre no es localidad censal -> BAHRA es la fuente correcta (P7). id de capa 'localidades' NO es id censal INDEC valido
v3_p06,903,Buenos Aires,Chascomús,Don Cipriano,,108,06218080,Don Cipriano,Chascomús,-35.4944528741481,-57.7706451188406,auto_ok,auto_ok,match_exacto_3campos,auto_match,no,auto,2026-07-22,alta,georef/localidades-censales,https://apis.datos.gob.ar/georef/api,verde,
v3_p06,767,Buenos Aires,Coronel Suárez,D'Orbigny,,234,06203040,D'Orbigny,Coronel Suárez,-37.676551866332,-61.707970624441,auto_ok,auto_ok,match_exacto_3campos,auto_match,no,auto,2026-07-22,alta,georef/localidades-censales,https://apis.datos.gob.ar/georef/api,verde,
v3_p06,670,La Pampa,Maracó,Dorila,,324,42105020,Dorila,Maracó,-35.7751410100173,-63.7160281089593,auto_ok,auto_ok,match_exacto_3campos,auto_match,no,auto,2026-07-22,alta,georef/localidades-censales,https://apis.datos.gob.ar/georef/api,verde,
v3_p06,844,Buenos Aires,General Pinto,Dos Hermanos,,168,06351A01,Dos Hermanos,General Pinto,-34.4729274548073,-62.0936478657583,propuesto,A (aparcado),bahra_georef,auto_muestreo,no,auto(pendiente_muestra),2026-07-22,alta,georef/asentamientos,https://apis.datos.gob.ar/georef/api,verde,BAHRA: el nombre no es localidad censal -> fuente correcta (P7)
v3_p07,824,Buenos Aires,General Villegas,Drabble,,190,06392A03,Drabble,General Villegas,-34.9189662527212,-62.7646443323342,propuesto,A (aparcado),bahra_georef,auto_muestreo,no,auto(pendiente_muestra),2026-07-22,alta,georef/asentamientos,https://apis.datos.gob.ar/georef/api,verde,BAHRA: el nombre no es localidad censal -> fuente correcta (P7)
v3_p07,786,Buenos Aires,Carlos Tejedor,Drysdale,,219,06154A01,Drysdale,Carlos Tejedor,-35.3041132218291,-62.6446397042579,propuesto,A (aparcado),bahra_georef,auto_muestreo,no,auto(pendiente_muestra),2026-07-22,alta,georef/asentamientos,https://apis.datos.gob.ar/georef/api,verde,BAHRA: el nombre no es localidad censal -> fuente correcta (P7)
v3_p07,869,Buenos Aires,Saavedra,Ducos,,152,06700A04,Ducós,Saavedra,-37.4568346898287,-62.4242412765107,propuesto,A (aparcado),bahra_georef,auto_muestreo,no,auto(pendiente_muestra),2026-07-22,alta,georef/asentamientos,https://apis.datos.gob.ar/georef/api,verde,BAHRA: el nombre no es localidad censal -> fuente correcta (P7)
v3_p07,171,Buenos Aires,9 de Julio,Dudignac,,2524,06588040,Dudignac,9 de Julio,-35.649186496441,-60.7025081738844,auto_ok,auto_ok,match_exacto_3campos,auto_match,no,auto,2026-07-22,alta,georef/localidades-censales,https://apis.datos.gob.ar/georef/api,verde,
v3_p07,417,Buenos Aires,Saavedra,Dufaur,,697,06700020,Dufaur,Saavedra,-37.9448918853929,-62.2869140520945,auto_ok,auto_ok,match_exacto_3campos,auto_match,no,auto,2026-07-22,alta,georef/localidades-censales,https://apis.datos.gob.ar/georef/api,verde,
v3_p07,315,Buenos Aires,San Antonio de Areco,Duggan,,1052,06735010,Duggan,San Antonio de Areco,-34.2071973030208,-59.6357055338083,auto_ok,auto_ok,match_exacto_3campos,auto_match,no,auto,2026-07-22,alta,georef/localidades-censales,https://apis.datos.gob.ar/georef/api,verde,
v3_p07,762,Buenos Aires,Trenque Lauquen,Duhau,,236,06826A06,Duhau,Trenque Lauquen,-36.1114967195394,-62.2777994204437,propuesto,A (aparcado),bahra_georef,auto_muestreo,no,auto(pendiente_muestra),2026-07-22,alta,georef/asentamientos,https://apis.datos.gob.ar/georef/api,verde,BAHRA: el nombre no es localidad censal -> fuente correcta (P7)
v3_p07,769,Buenos Aires,Olavarría,Durañona,,232,06595A07,Durañona,Olavarría,-37.2516091098717,-60.5043648964245,propuesto,A (aparcado),bahra_georef,auto_muestreo,no,auto(pendiente_muestra),2026-07-22,alta,georef/asentamientos,https://apis.datos.gob.ar/georef/api,verde,BAHRA: el nombre no es localidad censal -> fuente correcta (P7)
v3_p07,431,Buenos Aires,Puán,Durcudoy,,670,,Villa Durcudoy (Estación 17 de Agosto),,-37.9128,-62.9381,propuesto,C5-rename,web_rename,humano_lote,no,pendiente:Jose,2026-07-22,verde (guard: coord en depto esperado),wikipedia,https://es.wikipedia.org/wiki/Estaci%C3%B3n_17_de_Agosto,verde,"[guard=verde; punto en Puán] Durcudoy = Villa Durcudoy / Estacion 17 de Agosto, en localidad Diecisiete de Agosto, partido Puan, Buenos Aires. Coinci"
v3_p07,866,Buenos Aires,General Pinto,Dussaud,,153,06351A02,Dussaud,General Pinto,-34.7934224073151,-61.7788978613878,propuesto,A (aparcado),bahra_georef,auto_muestreo,no,auto(pendiente_muestra),2026-07-22,alta,georef/asentamientos,https://apis.datos.gob.ar/georef/api,verde,BAHRA: el nombre no es localidad censal -> fuente correcta (P7)
v3_p07,301,La Pampa,Conhello,Eduardo Castex,,1140,42035020,Eduardo Castex,Conhelo,-35.9160013059254,-64.2955955151707,auto_ok,auto_ok,match_exacto_3campos,auto_match,no,auto,2026-07-22,alta,georef/localidades-censales,https://apis.datos.gob.ar/georef/api,verde,
v3_p07,852,Buenos Aires,General Pinto,Eduardo Costa,,163,06277A01,Eduardo Costa,Florentino Ameghino,-34.8190217217661,-62.3384536355225,propuesto,A (aparcado),bahra_georef,auto_muestreo,no,auto(pendiente_muestra),2026-07-22,alta,georef/asentamientos,https://apis.datos.gob.ar/georef/api,verde,BAHRA: el nombre no es localidad censal -> fuente correcta (P7)
v3_p07,477,Buenos Aires,Rauch,Egaña,,576,06672A05,Egaña,Rauch,-36.9622023477748,-59.0968708448964,propuesto,A (aparcado),bahra_georef,auto_muestreo,no,auto(pendiente_muestra),2026-07-22,alta,georef/asentamientos,https://apis.datos.gob.ar/georef/api,verde,BAHRA: el nombre no es localidad censal -> fuente correcta (P7)
v3_p07,698,Buenos Aires,Colón,El Arbolito,,298,,El Arbolito,,-33.9138,-60.9434,propuesto,C5-manual_coord,web_manual_coord,humano_lote,no,pendiente:Jose,2026-07-22,verde (guard: coord en depto esperado),Wikipedia (Estación El Arbolito),https://es.wikipedia.org/wiki/Estaci%C3%B3n_El_Arbolito,verde,[guard=verde; punto en Colón] Localidad/estación en partido Colón (parte se extiende a Rojas como Villa Manuel Pomar).
v3_p07,867,Buenos Aires,General Villegas,El Día,,153,06392A04,El Día,General Villegas,-34.7379021755568,-62.8328772617937,propuesto,A (aparcado),bahra_georef,auto_muestreo,no,auto(pendiente_muestra),2026-07-22,alta,georef/asentamientos,https://apis.datos.gob.ar/georef/api,verde,BAHRA: el nombre no es localidad censal -> fuente correcta (P7)
v3_p07,509,Buenos Aires,Coronel Pringles,El Divisorio,,534,06196020,El Divisorio,Coronel Pringles,-38.3237183376666,-61.4450423393234,auto_ok,auto_ok,match_exacto_3campos,auto_match,no,auto,2026-07-22,alta,georef/localidades-censales,https://apis.datos.gob.ar/georef/api,verde,
v3_p07,322,Buenos Aires,Leandro N. Alem,El Dorado,,1019,06462020,El Dorado,Leandro N. Alem,-34.6528608747523,-61.5829085058874,auto_ok,auto_ok,match_exacto_3campos,auto_match,no,auto,2026-07-22,alta,georef/localidades-censales,https://apis.datos.gob.ar/georef/api,verde,
v3_p07,639,Buenos Aires,9 de Julio,El Jabalí,,355,06588A06,El Jabalí,9 de Julio,-35.4448282775885,-61.3497518481573,propuesto,A (aparcado),bahra_georef,auto_muestreo,no,auto(pendiente_muestra),2026-07-22,alta,georef/asentamientos,https://apis.datos.gob.ar/georef/api,verde,BAHRA: el nombre no es localidad censal -> fuente correcta (P7)
v3_p07,682,Buenos Aires,Lobería,El Lenguaraz,,311,06476A02,El Lenguaraz,Lobería,-38.067255538782,-58.8586317607496,propuesto,A (aparcado),bahra_georef,auto_muestreo,no,auto(pendiente_muestra),2026-07-22,alta,georef/asentamientos,https://apis.datos.gob.ar/georef/api,verde,BAHRA: el nombre no es localidad censal -> fuente correcta (P7)
v3_p07,685,Buenos Aires,Lobería,El Moro,,307,06476A03,El Moro,Lobería,-38.1076628361141,-58.5703673300706,propuesto,A (aparcado),bahra_georef,auto_muestreo,no,auto(pendiente_muestra),2026-07-22,alta,georef/asentamientos,https://apis.datos.gob.ar/georef/api,verde,BAHRA: el nombre no es localidad censal -> fuente correcta (P7)
v3_p07,533,Buenos Aires,General Villegas,Elordi,,494,,Massey (Estación Elordi),,-35.0462,-63.1218,propuesto,C5-rename,web_rename,humano_lote,no,pendiente:Jose,2026-07-22,verde (guard: coord en depto esperado),OSM Nominatim,https://nominatim.openstreetmap.org/,verde,"[guard=verde; punto en General Villegas] Localidad Massey, cuya estación ferroviaria es Elordi; partido de General Villegas, Buenos Aires."
v3_p07,229,Buenos Aires,Ramallo,El Paraíso,,1596,06665010,El Paraí­so,Ramallo,-33.5706334432815,-59.9791952195862,auto_ok,auto_ok,match_exacto_3campos,auto_match,no,auto,2026-07-22,alta,georef/localidades-censales,https://apis.datos.gob.ar/georef/api,verde,
v3_p07,719,Buenos Aires,Coronel Pringles,El Pensamiento,,274,06196030,El Pensamiento,Coronel Pringles,-38.2164502159548,-61.3148119543108,auto_ok,auto_ok,match_exacto_3campos,auto_match,no,auto,2026-07-22,alta,georef/localidades-censales,https://apis.datos.gob.ar/georef/api,verde,
v3_p07,208,Buenos Aires,Pergamino,El Socorro,,1857,06623130,El socorro,Pergamino,-33.6622804069366,-60.7069962078291,auto_ok,auto_ok,match_exacto_3campos,auto_match,no,auto,2026-07-22,alta,georef/localidades-censales,https://apis.datos.gob.ar/georef/api,verde,
v3_p07,686,Buenos Aires,9 de Julio,El Tejar,,307,06588A08,El Tejar,9 de Julio,-35.2224393045561,-61.0451872933092,propuesto,A (aparcado),bahra_georef,auto_muestreo,no,auto(pendiente_muestra),2026-07-22,alta,georef/asentamientos,https://apis.datos.gob.ar/georef/api,verde,BAHRA: el nombre no es localidad censal -> fuente correcta (P7)
v3_p07,863,Buenos Aires,Las Flores,El Trigo,,155,06455020,El Trigo,Las Flores,-35.8815483511482,-59.4063369903389,auto_ok,auto_ok,match_exacto_3campos,auto_match,no,auto,2026-07-22,alta,georef/localidades-censales,https://apis.datos.gob.ar/georef/api,verde,
v3_p07,267,Buenos Aires,Lincoln,El Triunfo,,1346,06469050,El Triunfo,Lincoln,-35.0882210775847,-61.5163333232821,auto_ok,auto_ok,match_exacto_3campos,auto_match,no,auto,2026-07-22,alta,georef/localidades-censales,https://apis.datos.gob.ar/georef/api,verde,
v3_p07,470,Buenos Aires,Lobos,Elvira,,583,06483020,Elvira,Lobos,-35.2424877942795,-59.4846671851948,auto_ok,auto_ok,match_exacto_3campos,auto_match,no,auto,2026-07-22,alta,georef/localidades-censales,https://apis.datos.gob.ar/georef/api,verde,
v3_p07,784,Buenos Aires,Coronel Dorrego,El Zorro,,221,06189A06,El Zorro,Coronel Dorrego,-38.5579417985078,-61.0905780088142,propuesto,A (aparcado),bahra_georef,auto_muestreo,no,auto(pendiente_muestra),2026-07-22,alta,georef/asentamientos,https://apis.datos.gob.ar/georef/api,verde,BAHRA: el nombre no es localidad censal -> fuente correcta (P7)
v3_p07,356,La Pampa,Realicó,Embajador Martini,,814,42133040,Embajador Martini,Realicó,-35.3873136762608,-64.2828102076798,auto_ok,auto_ok,match_exacto_3campos,auto_match,no,auto,2026-07-22,alta,georef/localidades-censales,https://apis.datos.gob.ar/georef/api,verde,
v3_p07,481,Buenos Aires,Saladillo,Emiliano Reynoso,,572,06707A08,Emiliano Reynoso,Saladillo,-35.5488736283651,-59.8744725648265,propuesto,A (aparcado),bahra_georef,auto_muestreo,no,auto(pendiente_muestra),2026-07-22,alta,georef/asentamientos,https://apis.datos.gob.ar/georef/api,verde,BAHRA: el nombre no es localidad censal -> fuente correcta (P7)
v3_p07,345,Buenos Aires,Chivilcoy,Emilio Ayarza,,924,06224020,Emilio Ayarza,Chivilcoy,-34.7435652931814,-60.0390888584043,auto_ok,auto_ok,match_exacto_3campos,auto_match,no,auto,2026-07-22,alta,georef/localidades-censales,https://apis.datos.gob.ar/georef/api,verde,
v3_p07,718,Buenos Aires,Patagones,Emilio Lamarca,,275,06602A17,Emilio Lamarca,Patagones,-40.0703158301386,-62.6159634298455,propuesto,A (aparcado),bahra_georef,auto_muestreo,no,auto(pendiente_muestra),2026-07-22,alta,georef/asentamientos,https://apis.datos.gob.ar/georef/api,verde,BAHRA: el nombre no es localidad censal -> fuente correcta (P7)
v3_p07,817,La Pampa,Chalileo,Emilio Mitre,,193,42049A01,Colonia Emilio Mitre,Chalileo,-36.4450292095665,-66.4953304627706,propuesto,E-bahra-fuzzy,bahra_fuzzy,auto_muestreo,no,auto(pendiente_muestra),2026-07-22,BAJA (fuzzy en capa BAHRA: puede no ser el mismo lugar),georef/asentamientos,https://apis.datos.gob.ar/georef/api,verde,antes era sin_match. candidatos: Colonia Emilio Mitre/Chalileo [42049A01]
v3_p07,224,Buenos Aires,General Villegas,Emilio V. Bunge,,1628,06392040,Emilio V. Bunge,General Villegas,-34.7835206080606,-63.195445197564,auto_ok,auto_ok,match_exacto_3campos,auto_match,no,auto,2026-07-22,alta,georef/localidades-censales,https://apis.datos.gob.ar/georef/api,verde,
v3_p07,611,Buenos Aires,General Alvear,Emma,,376,06287A07,Emma,General Alvear,-36.2103381863386,-60.2188056868671,propuesto,A (aparcado),bahra_georef,auto_muestreo,no,auto(pendiente_muestra),2026-07-22,alta,georef/asentamientos,https://apis.datos.gob.ar/georef/api,verde,BAHRA: el nombre no es localidad censal -> fuente correcta (P7)
v3_p07,102,Buenos Aires,Lobos,Empalme Lobos,,5170,06483040,Lobos,,-35.1855001355473,-59.0925986919386,propuesto,C-generador,generador_transformacion,auto_muestreo,no,auto(pendiente_muestra),2026-07-22,alta (match exacto en depto del conjunto),georef/localidades-censales,https://apis.datos.gob.ar/georef/api,verde,candidato probado: 'Lobos' [prefijo: se quita 'Empalme']
v3_p07,86,Buenos Aires,San Vicente,Empalme San Vicente,,6459,06778020,San Vicente,,-35.0240394387399,-58.4205914420453,propuesto,C-generador,generador_transformacion,auto_muestreo,no,auto(pendiente_muestra),2026-07-22,alta (match exacto en depto del conjunto),georef/localidades-censales,https://apis.datos.gob.ar/georef/api,verde,candidato probado: 'San Vicente' [prefijo: se quita 'Empalme']
v3_p07,900,Buenos Aires,Carlos Tejedor,Encina,,116,06154A04,Encina,Carlos Tejedor,-35.12751451778,-62.3912131001855,propuesto,A (aparcado),bahra_georef,auto_muestreo,no,auto(pendiente_muestra),2026-07-22,alta,georef/asentamientos,https://apis.datos.gob.ar/georef/api,verde,BAHRA: el nombre no es localidad censal -> fuente correcta (P7)
v3_p07,652,Buenos Aires,San Cayetano,Energía,,343,06581030,Energía,Necochea,-38.55792,-59.34108,confirmado_3.3b,3.3b:transferencia_limite_declarado,transferencia_limite_declarado,humano_individual,no,humano:Jose(3.3b),2026-07-22,alta,humano (Jose) + Georef + Wikipedia,https://es.wikipedia.org/wiki/Energ%C3%ADa_(Buenos_Aires),rojo,"Jose ratifico bloque limite declarado (README 3.1b: reasignacion entre deptos preexistentes, sin ley citable; identidad solida)"
v3_p07,606,Buenos Aires,General Las Heras,Enrique Fynn,,382,06329A00,Enrique Fynn,General Las Heras,-34.8218165060807,-59.1356267030589,propuesto,A (aparcado),bahra_georef,auto_muestreo,no,auto(pendiente_muestra),2026-07-22,alta,georef/asentamientos,https://apis.datos.gob.ar/georef/api,verde,BAHRA: el nombre no es localidad censal -> fuente correcta (P7)
v3_p08,558,Buenos Aires,Hipólito Yrigoyen,Enrique Lavalle,,457,,Enrique Lavalle (estacion FC Midland),Daireaux,-36.40887,-61.93402,confirmado_3.3b,3.3b:manual_coord_frontera,manual_coord_frontera,humano_individual,no,humano:Jose(3.3b),2026-07-22,media,humano (Jose) + OpenStreetMap/Nominatim + Wikipedia,https://es.wikipedia.org/wiki/Estaci%C3%B3n_Enrique_Lavalle,rojo,"Jose: aceptar (residuo chico, mismo lugar confirmado por fuente; guard rojo por borde/split)"
v3_p08,25,Buenos Aires,Ensenada,Ensenada,,26086,06245010,Ensenada,Ensenada,-34.8574603095566,-57.9077167405645,auto_ok,auto_ok,match_exacto_3campos,auto_match,no,auto,2026-07-22,alta,georef/localidades-censales,https://apis.datos.gob.ar/georef/api,verde,
v3_p08,768,Buenos Aires,San Nicolás,Erezcano,,234,06763040,Erézcano,San Nicolás,-33.5232449410318,-60.3174454958625,auto_ok,auto_ok,match_exacto_3campos,auto_match,no,auto,2026-07-22,alta,georef/localidades-censales,https://apis.datos.gob.ar/georef/api,verde,
v3_p08,661,Buenos Aires,Puán,Erize,,334,06651090,Erize,Puán,-37.3938335409048,-62.8033910828547,auto_ok,auto_ok,match_exacto_3campos,auto_match,no,auto,2026-07-22,alta,georef/localidades-censales,https://apis.datos.gob.ar/georef/api,verde,
v3_p08,407,Buenos Aires,25 de Mayo,Ernestina,,715,06854030,Ernestina,25 de Mayo,-35.2687823394438,-59.5569393138737,auto_ok,auto_ok,match_exacto_3campos,auto_match,no,auto,2026-07-22,alta,georef/localidades-censales,https://apis.datos.gob.ar/georef/api,verde,
v3_p08,653,Buenos Aires,Zárate,Escalada,,343,06882030,Escalada,Zárate,-34.1581474333804,-59.113670695869,propuesto,A (aparcado),bahra_georef,auto_muestreo,no,auto(pendiente_muestra),2026-07-22,alta,georef/localidades,https://apis.datos.gob.ar/georef/api,verde,BAHRA: el nombre no es localidad censal -> BAHRA es la fuente correcta (P7). id de capa 'localidades' NO es id censal INDEC valido
v3_p08,570,Buenos Aires,Adolfo Alsina,Espartillar,,426,06007040,Espartillar,Adolfo Alsina,-37.3563345638716,-62.4387637810214,auto_ok,auto_ok,match_exacto_3campos,auto_match,no,auto,2026-07-22,alta,georef/localidades-censales,https://apis.datos.gob.ar/georef/api,verde,
v3_p08,495,Buenos Aires,Saavedra,Espartillar,,554,06700030,Espartillar,Saavedra,-37.3610879470877,-62.4338085344158,auto_ok,auto_ok,match_exacto_3campos,auto_match,no,auto,2026-07-22,alta,georef/localidades-censales,https://apis.datos.gob.ar/georef/api,verde,
v3_p08,328,Buenos Aires,Olavarría,Espigas,,1000,06595060,Espigas,Olavarría,-36.4129063058135,-60.6730694647,auto_ok,auto_ok,match_exacto_3campos,auto_match,no,auto,2026-07-22,alta,georef/localidades-censales,https://apis.datos.gob.ar/georef/api,verde,
v3_p08,735,Buenos Aires,San Andrés de Giles,Espora,,262,06728A02,Espora,San Andrés de Giles,-34.5264642858713,-59.5763907037446,propuesto,A (aparcado),bahra_georef,auto_muestreo,no,auto(pendiente_muestra),2026-07-22,alta,georef/asentamientos,https://apis.datos.gob.ar/georef/api,verde,BAHRA: el nombre no es localidad censal -> fuente correcta (P7)
v3_p08,649,Buenos Aires,General Arenales,Estación Arenales,,345,06294030,Estación Arenales,General Arenales,-34.2701709376172,-61.2923464676926,auto_ok,auto_ok,match_exacto_3campos,auto_match,no,auto,2026-07-22,alta,georef/localidades-censales,https://apis.datos.gob.ar/georef/api,verde,
v3_p08,475,Buenos Aires,Adolfo Alsina,Esteban Agustín Gascón,,577,06007050,Esteban Agustín Gascón,Adolfo Alsina,-37.455033706427,-63.2530314226587,auto_ok,auto_ok,match_exacto_3campos,auto_match,no,auto,2026-07-22,alta,georef/localidades-censales,https://apis.datos.gob.ar/georef/api,verde,
v3_p08,592,Buenos Aires,Carlos Tejedor,Esteban de Luca,,398,06154A05,Esteban de Luca,Carlos Tejedor,-35.6795476021321,-62.3415966184068,propuesto,A (aparcado),bahra_georef,auto_muestreo,no,auto(pendiente_muestra),2026-07-22,alta,georef/asentamientos,https://apis.datos.gob.ar/georef/api,verde,BAHRA: el nombre no es localidad censal -> fuente correcta (P7)
v3_p08,19,Buenos Aires,Esteban Echeverría,Esteban Echeverría,1,69730,06260010,Esteban Echeverría,Esteban Echeverría,-34.8193488124903,-58.4659157112903,auto_ok,auto_ok,match_exacto_3campos,auto_match,no,auto,2026-07-22,alta,georef/localidades-censales,https://apis.datos.gob.ar/georef/api,verde,
v3_p08,687,Buenos Aires,Puán,Estela,,307,06651040,Estela,Puán,-38.1093793518765,-62.9125340725546,auto_ok,auto_ok,match_exacto_3campos,auto_match,no,auto,2026-07-22,alta,georef/localidades-censales,https://apis.datos.gob.ar/georef/api,verde,
v3_p08,663,Buenos Aires,Saladillo,Esther,,330,06707A09,Esther,Saladillo,-35.640141667177,-59.953432487543,propuesto,A (aparcado),bahra_georef,auto_muestreo,no,auto(pendiente_muestra),2026-07-22,alta,georef/asentamientos,https://apis.datos.gob.ar/georef/api,verde,BAHRA: el nombre no es localidad censal -> fuente correcta (P7)
v3_p08,722,Buenos Aires,Tornquist,Estonba,,270,06819A06,Estomba,Tornquist,-38.3493947206493,-61.8031510180881,propuesto,E-bahra-fuzzy,bahra_fuzzy,auto_muestreo,no,auto(pendiente_muestra),2026-07-22,BAJA (fuzzy en capa BAHRA: puede no ser el mismo lugar),georef/asentamientos,https://apis.datos.gob.ar/georef/api,verde,antes era sin_match. candidatos: Estomba/Tornquist [06819A06]
v3_p08,680,Buenos Aires,Las Flores,Estrugamou,,312,06455A08,Estrugamou,Las Flores,-35.9843899264414,-59.5253534444716,propuesto,A (aparcado),bahra_georef,auto_muestreo,no,auto(pendiente_muestra),2026-07-22,alta,georef/asentamientos,https://apis.datos.gob.ar/georef/api,verde,BAHRA: el nombre no es localidad censal -> fuente correcta (P7)
v3_p08,641,Buenos Aires,Exaltación de la Cruz,Etchegoyen,,353,06266A01,Etchegoyen,Exaltación de la Cruz,-34.4285124039728,-59.0776793605999,propuesto,A (aparcado),bahra_georef,auto_muestreo,no,auto(pendiente_muestra),2026-07-22,alta,georef/asentamientos,https://apis.datos.gob.ar/georef/api,verde,BAHRA: el nombre no es localidad censal -> fuente correcta (P7)
v3_p08,874,Buenos Aires,Tapalqué,Eufemio Uballes,,146,06798A09,Eufemio Uballes,Tapalqué,-36.6431525598262,-60.0541699031585,propuesto,A (aparcado),bahra_georef,auto_muestreo,no,auto(pendiente_muestra),2026-07-22,alta,georef/asentamientos,https://apis.datos.gob.ar/georef/api,verde,BAHRA: el nombre no es localidad censal -> fuente correcta (P7)
v3_p08,710,Buenos Aires,Ayacucho,Fair,,282,06042A09,Fair,Ayacucho,-37.0676536679537,-58.3030898933833,propuesto,A (aparcado),bahra_georef,auto_muestreo,no,auto(pendiente_muestra),2026-07-22,alta,georef/asentamientos,https://apis.datos.gob.ar/georef/api,verde,BAHRA: el nombre no es localidad censal -> fuente correcta (P7)
v3_p08,713,La Pampa,Realicó,Falucho,,280,42133050,Falucho,Realicó,-35.1905327831474,-64.106898901041,auto_ok,auto_ok,match_exacto_3campos,auto_match,no,auto,2026-07-22,alta,georef/localidades-censales,https://apis.datos.gob.ar/georef/api,verde,
v3_p08,632,Buenos Aires,Coronel Dorrego,Faro,,362,06189050,Faro,Coronel Dorrego,-38.7978615475205,-61.0692062978204,auto_ok,auto_ok,match_exacto_3campos,auto_match,no,auto,2026-07-22,alta,georef/localidades-censales,https://apis.datos.gob.ar/georef/api,verde,
v3_p08,902,Buenos Aires,Guaminí,Fatraló,,110,06399A05,Fatraló,Guaminí,-36.9644739846984,-62.8345921053519,propuesto,A (aparcado),bahra_georef,auto_muestreo,no,auto(pendiente_muestra),2026-07-22,alta,georef/asentamientos,https://apis.datos.gob.ar/georef/api,verde,BAHRA: el nombre no es localidad censal -> fuente correcta (P7)
v3_p08,559,Buenos Aires,9 de Julio,Fauzón,,457,06588A09,Fauzón,9 de Julio,-35.3887085568083,-61.0061939120609,propuesto,A (aparcado),bahra_georef,auto_muestreo,no,auto(pendiente_muestra),2026-07-22,alta,georef/asentamientos,https://apis.datos.gob.ar/georef/api,verde,BAHRA: el nombre no es localidad censal -> fuente correcta (P7)
v3_p08,279,Buenos Aires,Puán,Felipe Solá,,1270,06651050,Felipe Solá,Puán,-38.0090186606941,-62.8223290131163,auto_ok,auto_ok,match_exacto_3campos,auto_match,no,auto,2026-07-22,alta,georef/localidades-censales,https://apis.datos.gob.ar/georef/api,verde,
v3_p08,295,Buenos Aires,General Arenales,Ferré,,1164,06294040,Ferré,General Arenales,-34.1225722499223,-61.133427109448,auto_ok,auto_ok,match_exacto_3campos,auto_match,no,auto,2026-07-22,alta,georef/localidades-censales,https://apis.datos.gob.ar/georef/api,verde,
v3_p08,25,Buenos Aires,Florencio Varela,Florencio Varela,1,41707,06274010,Florencio Varela,Florencio Varela,-34.8043714405555,-58.2792719767724,auto_ok,auto_ok,match_exacto_3campos,auto_match,no,auto,2026-07-22,alta,georef/localidades-censales,https://apis.datos.gob.ar/georef/api,verde,
v3_p08,813,Buenos Aires,Pergamino,Fontezuela,,199,06623140,Fontezuela,Pergamino,-33.9123679530917,-60.4602199700351,auto_ok,auto_ok,match_exacto_3campos,auto_match,no,auto,2026-07-22,alta,georef/localidades-censales,https://apis.datos.gob.ar/georef/api,verde,
v3_p08,666,Buenos Aires,Leandro N. Alem,Fortín Acha,,326,06462030,Fortín Acha,Leandro N. Alem,-34.3423483954941,-61.5151801698666,propuesto,A (aparcado),bahra_georef,auto_muestreo,no,auto(pendiente_muestra),2026-07-22,alta,georef/localidades,https://apis.datos.gob.ar/georef/api,verde,BAHRA: el nombre no es localidad censal -> BAHRA es la fuente correcta (P7). id de capa 'localidades' NO es id censal INDEC valido
v3_p08,278,Buenos Aires,Rivadavia,Fortín Olavarría,,1275,06679010,Fortí­n Olavarría,Rivadavia,-35.7025240581481,-63.0238756234993,auto_ok,auto_ok,match_exacto_3campos,auto_match,no,auto,2026-07-22,alta,georef/localidades-censales,https://apis.datos.gob.ar/georef/api,verde,
v3_p08,372,Buenos Aires,Junín,Fortín Tiburcio,,833,06413040,Fortí­n Tiburcio,Junín,-34.3460185342182,-61.1308370110561,auto_ok,auto_ok,match_exacto_3campos,auto_match,no,auto,2026-07-22,alta,georef/localidades-censales,https://apis.datos.gob.ar/georef/api,verde,
v3_p08,414,Buenos Aires,9 de Julio,Fournier,,704,06588120,Villa Fournier,9 de Julio,-35.4989206034073,-60.8749637021148,propuesto,E-bahra-fuzzy,bahra_fuzzy,auto_muestreo,no,auto(pendiente_muestra),2026-07-22,BAJA (fuzzy en capa BAHRA: puede no ser el mismo lugar),georef/localidades,https://apis.datos.gob.ar/georef/api,verde,antes era sin_match. candidatos: Villa Fournier/9 de Julio [06588120]
v3_p08,607,Buenos Aires,Monte,Francisco A. Berra,,380,06547040,Francisco A. Berra,Monte,-35.3754050136521,-58.8501889356841,auto_ok,auto_ok,match_exacto_3campos,auto_match,no,auto,2026-07-22,alta,georef/localidades-censales,https://apis.datos.gob.ar/georef/api,verde,
v3_p08,531,Buenos Aires,Pergamino,Francisco Ayerza,,495,06623A07,Francisco Ayerza,Pergamino,-33.8369268787807,-60.5619876343631,propuesto,A (aparcado),bahra_georef,auto_muestreo,no,auto(pendiente_muestra),2026-07-22,alta,georef/asentamientos,https://apis.datos.gob.ar/georef/api,verde,BAHRA: el nombre no es localidad censal -> fuente correcta (P7)
v3_p08,835,Buenos Aires,Trenque Lauquen,Francisco de Victoria,,178,06826A08,Francisco de Vitoria,Trenque Lauquen,-35.6280426399475,-62.7060422792741,propuesto,E-bahra-fuzzy,bahra_fuzzy,auto_muestreo,no,auto(pendiente_muestra),2026-07-22,BAJA (fuzzy en capa BAHRA: puede no ser el mismo lugar),georef/asentamientos,https://apis.datos.gob.ar/georef/api,verde,antes era sin_match. candidatos: Francisco de Vitoria/Trenque Lauquen [06826A08]
v3_p08,204,Buenos Aires,Pehuajó,Francisco Madero,,1873,06609080,Francisco Madero,Pehuajó,-35.8494144351475,-62.0665842831227,auto_ok,auto_ok,match_exacto_3campos,auto_match,no,auto,2026-07-22,alta,georef/localidades-censales,https://apis.datos.gob.ar/georef/api,verde,
v3_p08,908,Buenos Aires,Trenque Lauquen,Francisco Magnano,,102,06826A09,Francisco Magnano,Trenque Lauquen,-35.6550345056363,-62.501539907523,propuesto,A (aparcado),bahra_georef,auto_muestreo,no,auto(pendiente_muestra),2026-07-22,alta,georef/asentamientos,https://apis.datos.gob.ar/georef/api,verde,BAHRA: el nombre no es localidad censal -> fuente correcta (P7)
v3_p08,589,Buenos Aires,Adolfo Alsina,Francisco Murature,,401,06007A09,Francisco Murature,Adolfo Alsina,-36.6873355818008,-63.3810967917465,propuesto,A (aparcado),bahra_georef,auto_muestreo,no,auto(pendiente_muestra),2026-07-22,alta,georef/asentamientos,https://apis.datos.gob.ar/georef/api,verde,BAHRA: el nombre no es localidad censal -> fuente correcta (P7)
v3_p08,252,Buenos Aires,9 de Julio,French,,1424,06588060,French,9 de Julio,-35.5181114918939,-61.0011557877922,auto_ok,auto_ok,match_exacto_3campos,auto_match,no,auto,2026-07-22,alta,georef/localidades-censales,https://apis.datos.gob.ar/georef/api,verde,
v3_p08,696,Buenos Aires,Tornquist,Fuerte Argentino,,301,,Fuerte Argentino,,-38.2117,-62.4206,propuesto,C5-manual_coord,web_manual_coord,humano_lote,no,pendiente:Jose,2026-07-22,verde (guard: coord en depto esperado),OSM Nominatim,"https://nominatim.openstreetmap.org/search?q=Fuerte+Argentino,+Tornquist,+Buenos+Aires,+Argentina",verde,"[guard=verde; punto en Tornquist] Paraje sobre el río Sauce Chico, partido de Tornquist (Cuartel III)."
v3_p09,603,Buenos Aires,Tandil,Fulton,,385,06791070,Fulton,Tandil,-37.4173201526759,-58.8101209831823,auto_ok,auto_ok,match_exacto_3campos,auto_match,no,auto,2026-07-22,alta,georef/localidades-censales,https://apis.datos.gob.ar/georef/api,verde,
v3_p09,341,Buenos Aires,Salto,Gahan,,943,06714030,Gahan,Salto,-34.3368759493824,-60.0976017051753,auto_ok,auto_ok,match_exacto_3campos,auto_match,no,auto,2026-07-22,alta,georef/localidades-censales,https://apis.datos.gob.ar/georef/api,verde,
v3_p09,384,Buenos Aires,Chascomús,Gándara,,782,06218A11,Gándara,Chascomús,-35.4494481242199,-58.0940940923259,propuesto,A (aparcado),bahra_georef,auto_muestreo,no,auto(pendiente_muestra),2026-07-22,alta,georef/asentamientos,https://apis.datos.gob.ar/georef/api,verde,BAHRA: el nombre no es localidad censal -> fuente correcta (P7)
v3_p09,830,Buenos Aires,Tornquist,García del Río,,182,06819A08,García del Río,Tornquist,-38.3634223804441,-62.2056653749846,propuesto,A (aparcado),bahra_georef,auto_muestreo,no,auto(pendiente_muestra),2026-07-22,alta,georef/asentamientos,https://apis.datos.gob.ar/georef/api,verde,BAHRA: el nombre no es localidad censal -> fuente correcta (P7)
v3_p09,420,Buenos Aires,Tandil,Gardey,,694,06791030,Gardey,Tandil,-37.2830815791084,-59.3615728658737,auto_ok,auto_ok,match_exacto_3campos,auto_match,no,auto,2026-07-22,alta,georef/localidades-censales,https://apis.datos.gob.ar/georef/api,verde,
v3_p09,87,Buenos Aires,Escobar,Garín,,6341,0625201003,Garín,Escobar,-34.4230339103436,-58.7394613036842,propuesto,A (aparcado),bahra_georef,auto_muestreo,no,auto(pendiente_muestra),2026-07-22,alta,georef/localidades,https://apis.datos.gob.ar/georef/api,verde,BAHRA: el nombre no es localidad censal -> BAHRA es la fuente correcta (P7). id de capa 'localidades' NO es id censal INDEC valido
v3_p09,391,Buenos Aires,Guaminí,Garré,,763,06399030,Garré,Guaminí,-36.5618704605464,-62.6043650688246,auto_ok,auto_ok,match_exacto_3campos,auto_match,no,auto,2026-07-22,alta,georef/localidades-censales,https://apis.datos.gob.ar/georef/api,verde,
v3_p09,97,La Pampa,Utracán,General Acha,,5627,42154040,General Acha,Utracán,-37.3782129793046,-64.6042388895116,auto_ok,auto_ok,match_exacto_3campos,auto_match,no,auto,2026-07-22,alta,georef/localidades-censales,https://apis.datos.gob.ar/georef/api,verde,
v3_p09,73,Buenos Aires,General Alvarado,Gral. Alvarado (Miramar),,7782,06280040,Miramar,,-38.2704290017702,-57.8387822151677,propuesto,C-generador,generador_transformacion,auto_muestreo,no,auto(pendiente_muestra),2026-07-22,alta (match exacto en depto del conjunto),georef/localidades-censales,https://apis.datos.gob.ar/georef/api,verde,candidato probado: 'Miramar' [parentesis: se usa el contenido del parentesis]
v3_p09,106,Buenos Aires,General Alvear,General Alvear,,5017,06287010,General Alvear,General Alvear,-36.0217126120832,-60.0145618624224,auto_ok,auto_ok,match_exacto_3campos,auto_match,no,auto,2026-07-22,alta,georef/localidades-censales,https://apis.datos.gob.ar/georef/api,verde,
v3_p09,166,Buenos Aires,General Arenales,General Arenales,,2658,06294050,General Arenales,General Arenales,-34.3033477283701,-61.3070968690783,auto_ok,auto_ok,match_exacto_3campos,auto_match,no,auto,2026-07-22,alta,georef/localidades-censales,https://apis.datos.gob.ar/georef/api,verde,
v3_p09,458,Buenos Aires,Coronel de Marina Leonardo Rosales,General Arias,,618,06182050,Villa General Arias,Coronel de Marina Leonardo Rosales,-38.809530417102,-62.1010331102634,propuesto,A (aparcado),bahra_georef,auto_muestreo,no,auto(pendiente_muestra),2026-07-22,media (nombre difiere),georef/,https://apis.datos.gob.ar/georef/api,verde,variante de nombre en el depto correcto
v3_p09,84,Buenos Aires,General Belgrano,General Belgrano,,6994,06301010,General Belgrano,General Belgrano,-35.7656823582787,-58.4972051075343,auto_ok,auto_ok,match_exacto_3campos,auto_match,no,auto,2026-07-22,alta,georef/localidades-censales,https://apis.datos.gob.ar/georef/api,verde,
v3_p09,517,Buenos Aires,Tordillo,General Conesa,,519,06812010,General Conesa,Tordillo,-36.5196082372624,-57.3253709517514,auto_ok,auto_ok,match_exacto_3campos,auto_match,no,auto,2026-07-22,alta,georef/localidades-censales,https://apis.datos.gob.ar/georef/api,verde,
v3_p09,137,Buenos Aires,Bahía Blanca,General Daniel Cerri,,3298,06056030,General Daniel Cerri,Bahía Blanca,-38.7148047073191,-62.4011505169838,auto_ok,auto_ok,match_exacto_3campos,auto_match,no,auto,2026-07-22,alta,georef/localidades-censales,https://apis.datos.gob.ar/georef/api,verde,
v3_p09,293,Buenos Aires,General Guido,General Guido,,1174,06308010,General Guido,General Guido,-36.6416606332142,-57.7921119069172,auto_ok,auto_ok,match_exacto_3campos,auto_match,no,auto,2026-07-22,alta,georef/localidades-censales,https://apis.datos.gob.ar/georef/api,verde,
v3_p09,542,Buenos Aires,General Las Heras,General Hornos,,483,06329050,General Hornos,General Las Heras,-34.8923401867298,-58.9178063378305,auto_ok,auto_ok,match_exacto_3campos,auto_match,no,auto,2026-07-22,alta,georef/localidades-censales,https://apis.datos.gob.ar/georef/api,verde,
v3_p09,80,Buenos Aires,General Juan Madariaga,Gral. Juan Madariaga,,7196,06315010,General Juan Madariaga,General Juan Madariaga,-36.9952462327822,-57.1368817008985,propuesto,A (aparcado),bahra_georef,auto_muestreo,no,auto(pendiente_muestra),2026-07-22,media (nombre difiere),georef/,https://apis.datos.gob.ar/georef/api,verde,variante de nombre en el depto correcto
v3_p09,103,Buenos Aires,General Lamadrid,General Lamadrid,,5161,06322010,General La Madrid,General La Madrid,-37.2497066794609,-61.2621759484651,propuesto,A (aparcado),bahra_georef,auto_muestreo,no,auto(pendiente_muestra),2026-07-22,media (nombre difiere),georef/,https://apis.datos.gob.ar/georef/api,verde,variante de nombre en el depto correcto
v3_p09,120,Buenos Aires,General Las Heras,General Las Heras,,4020,06329010,General Las Heras,General Las Heras,-34.9268997405489,-58.9468147243535,auto_ok,auto_ok,match_exacto_3campos,auto_match,no,auto,2026-07-22,alta,georef/localidades-censales,https://apis.datos.gob.ar/georef/api,verde,
v3_p09,280,Buenos Aires,General Lavalle,General Lavalle,,1257,06336010,General Lavalle,General Lavalle,-36.4063505340029,-56.9432359078323,auto_ok,auto_ok,match_exacto_3campos,auto_match,no,auto,2026-07-22,alta,georef/localidades-censales,https://apis.datos.gob.ar/georef/api,verde,
v3_p09,336,La Pampa,Guatraché,General Manuel J. Campos,,962,42070020,General Manuel J. Campos,Guatraché,-37.4614390940596,-63.5856765668501,auto_ok,auto_ok,match_exacto_3campos,auto_match,no,auto,2026-07-22,alta,georef/localidades-censales,https://apis.datos.gob.ar/georef/api,verde,
v3_p09,186,Buenos Aires,Bragado,General O'Brien,,2065,06112030,General O'Brien,Bragado,-34.9056096603392,-60.7605000810587,propuesto,A (aparcado),bahra_georef,auto_muestreo,no,auto(pendiente_muestra),2026-07-22,alta,georef/localidades,https://apis.datos.gob.ar/georef/api,verde,BAHRA: el nombre no es localidad censal -> BAHRA es la fuente correcta (P7). id de capa 'localidades' NO es id censal INDEC valido
v3_p09,182,Buenos Aires,General Paz,General Paz,,2217,06343020,Ranchos,,-35.5164055625349,-58.3189734205107,propuesto,C1-cabecera,cabecera_documentada,humano_lote,no,pendiente:Jose,2026-07-22,alta,web+georef,https://es.wikipedia.org/wiki/Partido_de_General_Paz,verde,el censo 1960 listo la cabecera con el nombre del depto. cabecera
v3_p09,42,La Pampa,Maracó,General Pico,,18133,42105030,General Pico,Maracó,-35.6587897781576,-63.757000005304,auto_ok,auto_ok,match_exacto_3campos,auto_match,no,auto,2026-07-22,alta,georef/localidades-censales,https://apis.datos.gob.ar/georef/api,verde,
v3_p09,132,Buenos Aires,General Pinto,General Pinto,,3431,06351020,General Pinto,General Pinto,-34.7643405586271,-61.8915305574535,auto_ok,auto_ok,match_exacto_3campos,auto_match,no,auto,2026-07-22,alta,georef/localidades-censales,https://apis.datos.gob.ar/georef/api,verde,
v3_p09,155,Buenos Aires,Mar Chiquita,General Pirán,,2967,06518020,General Pirán,Mar Chiquita,-37.2759182869641,-57.7741503324633,auto_ok,auto_ok,match_exacto_3campos,auto_match,no,auto,2026-07-22,alta,georef/localidades-censales,https://apis.datos.gob.ar/georef/api,verde,
v3_p09,63,Buenos Aires,General Rodríguez,General Rodríguez,,9771,06364030,General Rodri­guez,General Rodríguez,-34.6121036280152,-58.9541208269881,auto_ok,auto_ok,match_exacto_3campos,auto_match,no,auto,2026-07-22,alta,georef/localidades-censales,https://apis.datos.gob.ar/georef/api,verde,
v3_p09,188,Buenos Aires,San Nicolás,General Rojo,,2042,06763010,General Rojo,San Nicolás,-33.473575571236,-60.2880907634722,auto_ok,auto_ok,match_exacto_3campos,auto_match,no,auto,2026-07-22,alta,georef/localidades-censales,https://apis.datos.gob.ar/georef/api,verde,
v3_p09,633,Buenos Aires,Puán,General Rondeau,,362,06651A04,General Rondeau,Puán,-38.2395125779664,-63.1217599431385,propuesto,A (aparcado),bahra_georef,auto_muestreo,no,auto(pendiente_muestra),2026-07-22,alta,georef/asentamientos,https://apis.datos.gob.ar/georef/api,verde,BAHRA: el nombre no es localidad censal -> fuente correcta (P7)
v3_p09,7,Buenos Aires,General San Martín,General San Martín,1,278751,06371010,General San Martín,General San Martín,-34.5720903831064,-58.5337542758788,auto_ok,auto_ok,match_exacto_3campos,auto_match,no,auto,2026-07-22,alta,georef/localidades-censales,https://apis.datos.gob.ar/georef/api,verde,
v3_p09,139,La Pampa,Hucal,General San Martín,,3228,42077030,General San Martín,Hucal,-37.9788174021185,-63.6036059163972,auto_ok,auto_ok,match_exacto_3campos,auto_match,no,auto,2026-07-22,alta,georef/localidades-censales,https://apis.datos.gob.ar/georef/api,verde,
v3_p09,13,Buenos Aires,General Sarmiento,General Sarmiento,1,167160,06760010,San Miguel,,-34.5438144507937,-58.712723882421,propuesto,C1-cabecera,cabecera_documentada,humano_lote,no,pendiente:Jose,2026-07-22,alta,web+georef,https://es.wikipedia.org/wiki/Partido_de_General_Sarmiento,verde,el censo 1960 listo la cabecera con el nombre del depto. f(1)=total del partido. Partido DISUELTO 1994 -> San Miguel + Jose C. Paz + Malvinas Argentinas; no existe localidad 'General Sarmiento'. San Miguel fue la cabecera toda la vida del partido. DECISION de Jose: 1 punto en San Miguel (la poblacion 1960 estaba repartida sobre los 3)
v3_p09,81,Buenos Aires,General Viamonte,General Viamonte,,7174,06385030,Los Toldos,,-35.0002289478671,-61.0383489252287,propuesto,C1-cabecera,cabecera_documentada,humano_lote,no,pendiente:Jose,2026-07-22,alta,web+georef,https://es.wikipedia.org/wiki/Partido_de_General_Viamonte,verde,el censo 1960 listo la cabecera con el nombre del depto. cabecera
v3_p09,82,Buenos Aires,General Villegas,General Villegas,,7120,06392060,General Villegas,General Villegas,-35.0326110096909,-63.0148371208859,auto_ok,auto_ok,match_exacto_3campos,auto_match,no,auto,2026-07-22,alta,georef/localidades-censales,https://apis.datos.gob.ar/georef/api,verde,
v3_p09,231,Buenos Aires,General Pinto,Germania,,1577,06351030,Germania,General Pinto,-34.5770081706017,-62.0478331699194,auto_ok,auto_ok,match_exacto_3campos,auto_match,no,auto,2026-07-22,alta,georef/localidades-censales,https://apis.datos.gob.ar/georef/api,verde,
v3_p09,576,Buenos Aires,Coronel Dorrego,Gil,,419,06189A08,Gil,Coronel Dorrego,-38.791339010403,-60.9054403407424,propuesto,A (aparcado),bahra_georef,auto_muestreo,no,auto(pendiente_muestra),2026-07-22,alta,georef/asentamientos,https://apis.datos.gob.ar/georef/api,verde,BAHRA: el nombre no es localidad censal -> fuente correcta (P7)
v3_p09,681,Buenos Aires,Trenque Lauquen,Girodías,,312,06826020,Girodias,Trenque Lauquen,-36.365103991192,-62.3559552297511,auto_ok,auto_ok,match_exacto_3campos,auto_match,no,auto,2026-07-22,alta,georef/localidades-censales,https://apis.datos.gob.ar/georef/api,verde,
v3_p09,530,Buenos Aires,Pehuajó,Girondo,,497,06609A13,Girondo,Pehuajó,-35.997578361265,-61.6234003174849,propuesto,A (aparcado),bahra_georef,auto_muestreo,no,auto(pendiente_muestra),2026-07-22,alta,georef/asentamientos,https://apis.datos.gob.ar/georef/api,verde,BAHRA: el nombre no es localidad censal -> fuente correcta (P7)
v3_p09,800,Buenos Aires,Exaltación de la Cruz,Gobernador Andonaegui,,209,06266A02,Gobernador Andonaegui,Exaltación de la Cruz,-34.1790927106464,-59.3078014998622,propuesto,A (aparcado),bahra_georef,auto_muestreo,no,auto(pendiente_muestra),2026-07-22,alta,georef/asentamientos,https://apis.datos.gob.ar/georef/api,verde,BAHRA: el nombre no es localidad censal -> fuente correcta (P7)
v3_p09,708,Buenos Aires,Carlos Casares,Gobernador Arias,,283,06147A05,Gobernador Arias,Carlos Casares,-35.5383956991558,-61.3466063182967,propuesto,A (aparcado),bahra_georef,auto_muestreo,no,auto(pendiente_muestra),2026-07-22,alta,georef/asentamientos,https://apis.datos.gob.ar/georef/api,verde,BAHRA: el nombre no es localidad censal -> fuente correcta (P7)
v3_p10,752,La Pampa,Puelén,Gobernador Ayala,,248,42112A02,Gobernador Ayala,Puelén,-37.5841227997965,-68.0947081033302,propuesto,A (aparcado),bahra_georef,auto_muestreo,no,auto(pendiente_muestra),2026-07-22,alta,georef/asentamientos,https://apis.datos.gob.ar/georef/api,verde,BAHRA: el nombre no es localidad censal -> fuente correcta (P7)
v3_p10,308,Buenos Aires,San Pedro,Gobernador Castro,,1111,06770010,Gobernador Castro,San Pedro,-33.6596750601482,-59.8695204050625,auto_ok,auto_ok,match_exacto_3campos,auto_match,no,auto,2026-07-22,alta,georef/localidades-censales,https://apis.datos.gob.ar/georef/api,verde,
v3_p10,880,Buenos Aires,Brandsen,Gobernador Obligado,,137,06119A02,Gobernador Obligado,Brandsen,-35.1626150705612,-58.1983400878776,propuesto,A (aparcado),bahra_georef,auto_muestreo,no,auto(pendiente_muestra),2026-07-22,alta,georef/asentamientos,https://apis.datos.gob.ar/georef/api,verde,BAHRA: el nombre no es localidad censal -> fuente correcta (P7)
v3_p10,486,Buenos Aires,Cañuelas,Gobernador Udaondo,,567,06134060,Gobernador Udaondo,Cañuelas,-35.3026119244728,-58.5960799765629,auto_ok,auto_ok,match_exacto_3campos,auto_match,no,auto,2026-07-22,alta,georef/localidades-censales,https://apis.datos.gob.ar/georef/api,verde,
v3_p10,291,Buenos Aires,25 de Mayo,Gobernador Ugarte,,1182,06854040,Gobernador Ugarte,25 de Mayo,-35.1638000887948,-60.0789769729494,auto_ok,auto_ok,match_exacto_3campos,auto_match,no,auto,2026-07-22,alta,georef/localidades-censales,https://apis.datos.gob.ar/georef/api,verde,
v3_p10,425,Buenos Aires,Mercedes,Goldney,,683,06532010,Goldney,Mercedes,-34.6016396651625,-59.2859277306033,auto_ok,auto_ok,match_exacto_3campos,auto_match,no,auto,2026-07-22,alta,georef/localidades-censales,https://apis.datos.gob.ar/georef/api,verde,
v3_p10,637,Buenos Aires,Brandsen,Gómez,,357,06119060,Gómez,Brandsen,-35.0679739062059,-58.1647295695433,auto_ok,auto_ok,match_exacto_3campos,auto_match,no,auto,2026-07-22,alta,georef/localidades-censales,https://apis.datos.gob.ar/georef/api,verde,
v3_p10,885,Buenos Aires,Brandsen,Gómez de la Vega,,131,06119A03,Gómez de la Vega,Brandsen,-35.0875087178715,-58.1479792240101,propuesto,A (aparcado),bahra_georef,auto_muestreo,no,auto(pendiente_muestra),2026-07-22,alta,georef/asentamientos,https://apis.datos.gob.ar/georef/api,verde,BAHRA: el nombre no es localidad censal -> fuente correcta (P7)
v3_p10,756,Buenos Aires,General Villegas,Gondra,,246,06392A07,Gondra,General Villegas,-34.7470400162646,-63.3597301869292,propuesto,A (aparcado),bahra_georef,auto_muestreo,no,auto(pendiente_muestra),2026-07-22,alta,georef/asentamientos,https://apis.datos.gob.ar/georef/api,verde,BAHRA: el nombre no es localidad censal -> fuente correcta (P7)
v3_p10,93,Buenos Aires,González Chaves,González Chaves,,5774,06014010,Adolfo Gonzales Chaves,Adolfo Gonzales Chaves,-38.0324513470644,-60.0993865814513,propuesto,A (aparcado),bahra_georef,auto_muestreo,no,auto(pendiente_muestra),2026-07-22,media (nombre difiere),georef/,https://apis.datos.gob.ar/georef/api,verde,variante de nombre en el depto correcto
v3_p10,275,Buenos Aires,Rivadavia,González Moreno,,1298,06679020,González Moreno,Rivadavia,-35.5550815467413,-63.3801170143251,auto_ok,auto_ok,match_exacto_3campos,auto_match,no,auto,2026-07-22,alta,georef/localidades-censales,https://apis.datos.gob.ar/georef/api,verde,
v3_p10,886,Buenos Aires,Navarro,González Risos,,130,06574A03,González Risos,Navarro,-34.8551542680675,-59.2261726546119,propuesto,A (aparcado),bahra_georef,auto_muestreo,no,auto(pendiente_muestra),2026-07-22,alta,georef/asentamientos,https://apis.datos.gob.ar/georef/api,verde,BAHRA: el nombre no es localidad censal -> fuente correcta (P7)
v3_p10,348,Buenos Aires,General Belgrano,Gorchs,,915,06301020,Gorchs,General Belgrano,-35.6728465837035,-58.9569478847982,auto_ok,auto_ok,match_exacto_3campos,auto_match,no,auto,2026-07-22,alta,georef/localidades-censales,https://apis.datos.gob.ar/georef/api,verde,
v3_p10,388,Buenos Aires,Chivilcoy,Gorostiaga,,772,06224030,Gorostiaga,Chivilcoy,-34.838818420922,-59.8660452868395,auto_ok,auto_ok,match_exacto_3campos,auto_match,no,auto,2026-07-22,alta,georef/localidades-censales,https://apis.datos.gob.ar/georef/api,verde,
v3_p10,510,Buenos Aires,Carmen de Areco,Gouin,,531,06161020,Pueblo Gouin,Carmen de Areco,-34.4951304870249,-59.802724139001,propuesto,A (aparcado),bahra_georef,auto_muestreo,no,auto(pendiente_muestra),2026-07-22,media (nombre difiere),georef/,https://apis.datos.gob.ar/georef/api,verde,variante de nombre en el depto correcto
v3_p10,340,Buenos Aires,Mercedes,Gowland,,944,06532020,Gowland,Mercedes,-34.6510310477336,-59.3524961835322,auto_ok,auto_ok,match_exacto_3campos,auto_match,no,auto,2026-07-22,alta,georef/localidades-censales,https://apis.datos.gob.ar/georef/api,verde,
v3_p10,344,Buenos Aires,Saavedra,Goyena,,930,06700040,Goyena,Saavedra,-37.7209946578353,-62.6065057870991,auto_ok,auto_ok,match_exacto_3campos,auto_match,no,auto,2026-07-22,alta,georef/localidades-censales,https://apis.datos.gob.ar/georef/api,verde,
v3_p10,861,Buenos Aires,Pellegrini,Graciarena,,157,06721A00,Graciarena,Salliqueló,-36.6428648978823,-63.1748899898458,propuesto,A (aparcado),bahra_georef,auto_muestreo,no,auto(pendiente_muestra),2026-07-22,alta,georef/asentamientos,https://apis.datos.gob.ar/georef/api,verde,BAHRA: el nombre no es localidad censal -> fuente correcta (P7)
v3_p10,876,Buenos Aires,Chacabuco,Gregorio Villafañe,,142,06210A05,Gregorio Villafañe,Chacabuco,-34.7139439573142,-60.6015164701539,propuesto,A (aparcado),bahra_georef,auto_muestreo,no,auto(pendiente_muestra),2026-07-22,alta,georef/asentamientos,https://apis.datos.gob.ar/georef/api,verde,BAHRA: el nombre no es localidad censal -> fuente correcta (P7)
v3_p10,326,Buenos Aires,Bahía Blanca,Grumbein,,1003,0605601002,Grünbein,Bahía Blanca,-38.7492722104635,-62.1908892770901,propuesto,E-bahra-fuzzy,bahra_fuzzy,auto_muestreo,no,auto(pendiente_muestra),2026-07-22,BAJA (fuzzy en capa BAHRA: puede no ser el mismo lugar),georef/localidades,https://apis.datos.gob.ar/georef/api,verde,antes era sin_match. candidatos: Grünbein/Bahía Blanca [0605601002]
v3_p10,194,Buenos Aires,Guaminí,Guaminí,,1959,06399040,Guaminí,Guaminí,-37.0108480348447,-62.4222267487226,auto_ok,auto_ok,match_exacto_3campos,auto_match,no,auto,2026-07-22,alta,georef/localidades-censales,https://apis.datos.gob.ar/georef/api,verde,
v3_p10,400,Buenos Aires,Pehuajó,Guanaco,,738,06609090,Guanaco,Pehuajó,-35.7149955299505,-61.6499233098685,auto_ok,auto_ok,match_exacto_3campos,auto_match,no,auto,2026-07-22,alta,georef/localidades-censales,https://apis.datos.gob.ar/georef/api,verde,
v3_p10,165,La Pampa,Guatraché,Guatraché,,2674,42070030,Guatraché,Guatraché,-37.6707844191933,-63.5357146788265,auto_ok,auto_ok,match_exacto_3campos,auto_match,no,auto,2026-07-22,alta,georef/localidades-censales,https://apis.datos.gob.ar/georef/api,verde,
v3_p10,79,Buenos Aires,San Vicente,Guernica,,7423,0664801002,Guernica,Presidente Perón,-34.9179865232138,-58.3821570439019,propuesto,A (aparcado),bahra_georef,auto_muestreo,no,auto(pendiente_muestra),2026-07-22,alta,georef/localidades,https://apis.datos.gob.ar/georef/api,verde,BAHRA: el nombre no es localidad censal -> BAHRA es la fuente correcta (P7). id de capa 'localidades' NO es id censal INDEC valido
v3_p10,331,Buenos Aires,Pergamino,Guerrico,,990,06623030,Guerrico,Pergamino,-33.6710788991352,-60.3965760552765,auto_ok,auto_ok,match_exacto_3campos,auto_match,no,auto,2026-07-22,alta,georef/localidades-censales,https://apis.datos.gob.ar/georef/api,verde,
v3_p10,724,Buenos Aires,Rojas,Guido Spano,,269,06686A01,Guido Spano,Rojas,-34.2316070834476,-60.6476837120465,propuesto,A (aparcado),bahra_georef,auto_muestreo,no,auto(pendiente_muestra),2026-07-22,alta,georef/asentamientos,https://apis.datos.gob.ar/georef/api,verde,BAHRA: el nombre no es localidad censal -> fuente correcta (P7)
v3_p10,678,Buenos Aires,General Pinto,Gunther,,317,06351040,Günther,General Pinto,-34.5973462563133,-61.9175486021627,auto_ok,auto_ok,match_exacto_3campos,auto_match,no,auto,2026-07-22,alta,georef/localidades-censales,https://apis.datos.gob.ar/georef/api,verde,
v3_p10,375,Buenos Aires,Bolívar,Hale,,819,06105010,Hale,Bolívar,-35.9982344842931,-60.8544808012368,auto_ok,auto_ok,match_exacto_3campos,auto_match,no,auto,2026-07-22,alta,georef/localidades-censales,https://apis.datos.gob.ar/georef/api,verde,
v3_p10,111,Buenos Aires,Hipólito Yrigoyen,Henderson,,4620,06406010,Henderson,Hipólito Yrigoyen,-36.2981336893232,-61.7185149949897,auto_ok,auto_ok,match_exacto_3campos,auto_match,no,auto,2026-07-22,alta,georef/localidades-censales,https://apis.datos.gob.ar/georef/api,verde,
v3_p10,529,Buenos Aires,Chivilcoy,Henry Bell,,498,06224A07,Henry Bell,Chivilcoy,-35.0452928827939,-59.9519454205668,propuesto,A (aparcado),bahra_georef,auto_muestreo,no,auto(pendiente_muestra),2026-07-22,alta,georef/asentamientos,https://apis.datos.gob.ar/georef/api,verde,BAHRA: el nombre no es localidad censal -> fuente correcta (P7)
v3_p10,613,Buenos Aires,Carlos Tejedor,Hereford,,374,06154A06,Heresford,Carlos Tejedor,-35.1325840766865,-62.5115378704201,propuesto,E-bahra-fuzzy,bahra_fuzzy,auto_muestreo,no,auto(pendiente_muestra),2026-07-22,BAJA (fuzzy en capa BAHRA: puede no ser el mismo lugar),georef/asentamientos,https://apis.datos.gob.ar/georef/api,verde,antes era sin_match. candidatos: Heresford/Carlos Tejedor [06154A06]
v3_p10,585,Buenos Aires,Hipólito Yrigoyen,Herrera Vegas,,404,06406020,Herrera Vegas,Hipólito Yrigoyen,-36.0849500932761,-61.4083567191042,auto_ok,auto_ok,match_exacto_3campos,auto_match,no,auto,2026-07-22,alta,georef/localidades-censales,https://apis.datos.gob.ar/georef/api,verde,
v3_p10,247,Buenos Aires,Villarino,Hilario Ascasubi,,1431,06875030,Hilario Ascasubi,Villarino,-39.3756157293261,-62.6474281775036,auto_ok,auto_ok,match_exacto_3campos,auto_match,no,auto,2026-07-22,alta,georef/localidades-censales,https://apis.datos.gob.ar/georef/api,verde,
v3_p10,156,Buenos Aires,Olavarría,Hinojo,,2910,06595070,Hinojo,Olavarría,-36.865850435029,-60.1603430337976,auto_ok,auto_ok,match_exacto_3campos,auto_match,no,auto,2026-07-22,alta,georef/localidades-censales,https://apis.datos.gob.ar/georef/api,verde,
v3_p10,461,Buenos Aires,Carlos Casares,Hortensia,,612,06147050,Hortensia,Carlos Casares,-35.9242891886846,-61.2628781074639,auto_ok,auto_ok,match_exacto_3campos,auto_match,no,auto,2026-07-22,alta,georef/localidades-censales,https://apis.datos.gob.ar/georef/api,verde,
v3_p10,119,Buenos Aires,Coronel Suárez,Huanguelén,,4022,06203050,Huanguelén,Coronel Suárez,-37.0588083117535,-61.9325364000869,auto_ok,auto_ok,match_exacto_3campos,auto_match,no,auto,2026-07-22,alta,georef/localidades-censales,https://apis.datos.gob.ar/georef/api,verde,
v3_p10,655,La Pampa,Hucal,Hucal,,341,42077040,Hucal,Hucal,-37.7910407590427,-64.0251354219152,auto_ok,auto_ok,match_exacto_3campos,auto_match,no,auto,2026-07-22,alta,georef/localidades-censales,https://apis.datos.gob.ar/georef/api,verde,
v3_p10,850,La Pampa,Quemú-Quemú,Huelén,,164,42119A01,Huelén,Quemú Quemú,-36.1150542235299,-63.7195934220994,propuesto,A (aparcado),bahra_georef,auto_muestreo,no,auto(pendiente_muestra),2026-07-22,alta,georef/asentamientos,https://apis.datos.gob.ar/georef/api,verde,BAHRA: el nombre no es localidad censal -> fuente correcta (P7)
v3_p10,595,Buenos Aires,25 de Mayo,Huetel,,393,06854A08,Huetel,25 de Mayo,-35.8228750073307,-60.6426660305767,propuesto,A (aparcado),bahra_georef,auto_muestreo,no,auto(pendiente_muestra),2026-07-22,alta,georef/asentamientos,https://apis.datos.gob.ar/georef/api,verde,BAHRA: el nombre no es localidad censal -> fuente correcta (P7)
v3_p10,578,Buenos Aires,Rojas,Hunter,,416,06686A02,Hunter,Rojas,-34.247778963666,-60.5327014028158,propuesto,A (aparcado),bahra_georef,auto_muestreo,no,auto(pendiente_muestra),2026-07-22,alta,georef/asentamientos,https://apis.datos.gob.ar/georef/api,verde,BAHRA: el nombre no es localidad censal -> fuente correcta (P7)
v3_p10,851,Buenos Aires,Carlos Tejedor,Húsares,,164,06154A07,Húsares,Carlos Tejedor,-35.5231895876618,-62.3453366804586,propuesto,A (aparcado),bahra_georef,auto_muestreo,no,auto(pendiente_muestra),2026-07-22,alta,georef/asentamientos,https://apis.datos.gob.ar/georef/api,verde,BAHRA: el nombre no es localidad censal -> fuente correcta (P7)
v3_p11,875,Buenos Aires,General Belgrano,Ibáñez,,143,06301A06,Ibañez,General Belgrano,-36.038012372123,-58.6032762495983,propuesto,A (aparcado),bahra_georef,auto_muestreo,no,auto(pendiente_muestra),2026-07-22,alta,georef/asentamientos,https://apis.datos.gob.ar/georef/api,verde,BAHRA: el nombre no es localidad censal -> fuente correcta (P7)
v3_p11,811,Buenos Aires,Patagones,Igarzábal,,200,06602A19,Igarzabal,Patagones,-39.7788985108588,-62.6139993004362,propuesto,A (aparcado),bahra_georef,auto_muestreo,no,auto(pendiente_muestra),2026-07-22,alta,georef/asentamientos,https://apis.datos.gob.ar/georef/api,verde,BAHRA: el nombre no es localidad censal -> fuente correcta (P7)
v3_p11,568,Buenos Aires,Chivilcoy,Indacochea,,431,06224A08,Indacochea,Chivilcoy,-35.0541610723621,-60.0568129897133,propuesto,A (aparcado),bahra_georef,auto_muestreo,no,auto(pendiente_muestra),2026-07-22,alta,georef/asentamientos,https://apis.datos.gob.ar/georef/api,verde,BAHRA: el nombre no es localidad censal -> fuente correcta (P7)
v3_p11,196,Buenos Aires,Coronel Pringles,Indio Rico,,1951,06196040,Indio Rico,Coronel Pringles,-38.3304231683786,-60.885334361923,auto_ok,auto_ok,match_exacto_3campos,auto_match,no,auto,2026-07-22,alta,georef/localidades-censales,https://apis.datos.gob.ar/georef/api,verde,
v3_p11,259,Buenos Aires,Salto,Inés Indart,,1378,06714040,Inés Indart,Salto,-34.3972265670868,-60.5443927860746,auto_ok,auto_ok,match_exacto_3campos,auto_match,no,auto,2026-07-22,alta,georef/localidades-censales,https://apis.datos.gob.ar/georef/api,verde,
v3_p11,401,Buenos Aires,General Pinto,Ingeniero Balbín,,728,06351060,Villa Roth (Est. Ingeniero Balbín),General Pinto,-34.5768859195838,-62.1711843922809,propuesto,A (aparcado),bahra_georef,auto_muestreo,no,auto(pendiente_muestra),2026-07-22,media (nombre difiere),georef/,https://apis.datos.gob.ar/georef/api,verde,variante de nombre en el depto correcto
v3_p11,714,La Pampa,Rancul,Ingeniero Foster,,280,42126020,Ingeniero Foster,Rancul,-35.7033418727938,-65.1019513972829,auto_ok,auto_ok,match_exacto_3campos,auto_match,no,auto,2026-07-22,alta,georef/localidades-censales,https://apis.datos.gob.ar/georef/api,verde,
v3_p11,190,La Pampa,Realicó,Ingeniero Luiggi,,2016,42133060,Ingeniero Luiggi,Realicó,-35.3885388812863,-64.4675066675315,auto_ok,auto_ok,match_exacto_3campos,auto_match,no,auto,2026-07-22,alta,georef/localidades-censales,https://apis.datos.gob.ar/georef/api,verde,
v3_p11,118,Buenos Aires,Escobar,Ingeniero Maschwitz,,4029,0625201004,Ingeniero Maschwitz,Escobar,-34.3892350663582,-58.7378666055156,propuesto,A (aparcado),bahra_georef,auto_muestreo,no,auto(pendiente_muestra),2026-07-22,alta,georef/localidades,https://apis.datos.gob.ar/georef/api,verde,BAHRA: el nombre no es localidad censal -> BAHRA es la fuente correcta (P7). id de capa 'localidades' NO es id censal INDEC valido
v3_p11,547,Buenos Aires,San Pedro,Ingeniero Moneta,,474,06770020,Ingeniero Moneta,San Pedro,-33.9306180352619,-59.7499817721519,auto_ok,auto_ok,match_exacto_3campos,auto_match,no,auto,2026-07-22,alta,georef/localidades-censales,https://apis.datos.gob.ar/georef/api,verde,
v3_p11,650,Buenos Aires,Chacabuco,Ingeniero Silveyra,,344,06210A06,Ingeniero Silveyra,Chacabuco,-34.5241326904445,-60.1987544230689,propuesto,A (aparcado),bahra_georef,auto_muestreo,no,auto(pendiente_muestra),2026-07-22,alta,georef/asentamientos,https://apis.datos.gob.ar/georef/api,verde,BAHRA: el nombre no es localidad censal -> fuente correcta (P7)
v3_p11,422,Buenos Aires,Pellegrini,Ingeniero Thompson,,688,06847010,Ingeniero Thompson,Tres Lomas,-36.6109386160692,-62.9129192105774,auto_ok,auto_ok,match_exacto_3campos,auto_match,no,auto,2026-07-22,alta,georef/localidades-censales,https://apis.datos.gob.ar/georef/api,verde,
v3_p11,91,Buenos Aires,Bahía Blanca,Ingeniero White,,6089,0605601003,Ingeniero White,Bahía Blanca,-38.7794923647948,-62.2655806941397,propuesto,A (aparcado),bahra_georef,auto_muestreo,no,auto(pendiente_muestra),2026-07-22,alta,georef/localidades,https://apis.datos.gob.ar/georef/api,verde,BAHRA: el nombre no es localidad censal -> BAHRA es la fuente correcta (P7). id de capa 'localidades' NO es id censal INDEC valido
v3_p11,582,Buenos Aires,Navarro,Ingeniero Williams,,408,06574A04,Ingeniero Williams,Navarro,-34.8944199778223,-59.3728276014711,propuesto,A (aparcado),bahra_georef,auto_muestreo,no,auto(pendiente_muestra),2026-07-22,alta,georef/asentamientos,https://apis.datos.gob.ar/georef/api,verde,BAHRA: el nombre no es localidad censal -> fuente correcta (P7)
v3_p11,626,Buenos Aires,Pehuajó,Inocencio Sosa,,368,06609020,Inocencio Sosa,Pehuajó,-35.7184196474894,-62.1142777365421,auto_ok,auto_ok,match_exacto_3campos,auto_match,no,auto,2026-07-22,alta,georef/localidades-censales,https://apis.datos.gob.ar/georef/api,verde,
v3_p11,133,La Pampa,Chapaleufú,Intendente Alvear,,3385,42056040,Intendente Alvear,Chapaleufú,-35.2347475655164,-63.592068256389,auto_ok,auto_ok,match_exacto_3campos,auto_match,no,auto,2026-07-22,alta,georef/localidades-censales,https://apis.datos.gob.ar/georef/api,verde,
v3_p11,690,Buenos Aires,General Alvarado,Iraizoz,,305,06280A07,Yraizoz,General Alvarado,-38.1390600160881,-57.9861794185853,propuesto,E-bahra-fuzzy,bahra_fuzzy,auto_muestreo,no,auto(pendiente_muestra),2026-07-22,BAJA (fuzzy en capa BAHRA: puede no ser el mismo lugar),georef/asentamientos,https://apis.datos.gob.ar/georef/api,verde,antes era sin_match. candidatos: Yraizoz/General Alvarado [06280A07]
v3_p11,307,Buenos Aires,Bragado,Irala,,1112,06112050,Irala,Bragado,-34.7701861705945,-60.6910180332824,auto_ok,auto_ok,match_exacto_3campos,auto_match,no,auto,2026-07-22,alta,georef/localidades-censales,https://apis.datos.gob.ar/georef/api,verde,
v3_p11,412,Buenos Aires,Tandil,Iraola,,707,06791080,Iraola,Tandil,-37.2524438506817,-58.9170090713051,auto_ok,auto_ok,match_exacto_3campos,auto_match,no,auto,2026-07-22,alta,georef/localidades-censales,https://apis.datos.gob.ar/georef/api,verde,
v3_p11,454,Buenos Aires,Coronel Dorrego,Irene,,627,06189060,Irene,Coronel Dorrego,-38.5546026656424,-60.6968840425832,auto_ok,auto_ok,match_exacto_3campos,auto_match,no,auto,2026-07-22,alta,georef/localidades-censales,https://apis.datos.gob.ar/georef/api,verde,
v3_p11,466,Buenos Aires,Baradero,Ireneo Portela,,592,06070020,Irineo Portela,Baradero,-33.9797918491477,-59.6716798816513,propuesto,A (aparcado),bahra_georef,auto_muestreo,no,auto(pendiente_muestra),2026-07-22,media (nombre difiere),georef/,https://apis.datos.gob.ar/georef/api,verde,variante de nombre en el depto correcto
v3_p11,405,Buenos Aires,General Pinto,Iriarte,,719,06351010,Iriarte,General Pinto,-34.4163049879338,-61.9293054793085,auto_ok,auto_ok,match_exacto_3campos,auto_match,no,auto,2026-07-22,alta,georef/localidades-censales,https://apis.datos.gob.ar/georef/api,verde,
v3_p11,217,Buenos Aires,Isla Martín García,Isla Martín García,2,1712,,Isla Martín García (poblado),La Plata,-34.1825,-58.25,confirmado_3.3b,3.3b:manual_coord,manual_coord,documentado_3.3b,no,auto:3.3b(web+doc+guard),2026-07-22,alta,auto + Wikipedia,https://es.wikipedia.org/wiki/Isla_Mart%C3%ADn_Garc%C3%ADa,verde,guard=verde (coord en conjunto permitido)
v3_p11,472,Buenos Aires,25 de Mayo,Islas,,581,06854A09,Islas,25 de Mayo,-35.56780922426,-60.3573710106395,propuesto,A (aparcado),bahra_georef,auto_muestreo,no,auto(pendiente_muestra),2026-07-22,alta,georef/asentamientos,https://apis.datos.gob.ar/georef/api,verde,BAHRA: el nombre no es localidad censal -> fuente correcta (P7)
v3_p11,725,La Pampa,Catriló,Ivanowsky,,268,42028A01,Ivanowsky,Catriló,-36.5568752328253,-63.4343047684082,propuesto,A (aparcado),bahra_georef,auto_muestreo,no,auto(pendiente_muestra),2026-07-22,alta,georef/asentamientos,https://apis.datos.gob.ar/georef/api,verde,BAHRA: el nombre no es localidad censal -> fuente correcta (P7)
v3_p11,184,La Pampa,Hucal,Jacinto Aráuz,,2126,42077050,Jacinto Aráuz,Hucal,-38.0829157891983,-63.4294987522777,auto_ok,auto_ok,match_exacto_3campos,auto_match,no,auto,2026-07-22,alta,georef/localidades-censales,https://apis.datos.gob.ar/georef/api,verde,
v3_p11,147,Buenos Aires,Luján,Jáuregui,,3113,,José María Jáuregui (Villa Flandria),,-34.6000,-59.1670,propuesto,C5-rename,web_rename,humano_lote,no,pendiente:Jose,2026-07-22,verde (guard: coord en depto esperado),wikipedia,https://es.wikipedia.org/wiki/Jos%C3%A9_Mar%C3%ADa_J%C3%A1uregui,verde,"[guard=verde; punto en Luján] Localidad de Luján, llamada Villa Flandria 1978-1990s; hoy José María Jáuregui."
v3_p11,273,Buenos Aires,Brandsen,Jeppener,,1302,06119070,Jeppener,Brandsen,-35.27748443396,-58.2016561578349,auto_ok,auto_ok,match_exacto_3campos,auto_match,no,auto,2026-07-22,alta,georef/localidades-censales,https://apis.datos.gob.ar/georef/api,verde,
v3_p11,193,Buenos Aires,Coronel Dorrego,José A. Guisasola,,1967,06189040,El Perdido (Est. José A. Guisasola),Coronel Dorrego,-38.67726,-61.08618,confirmado_3.3b,3.3b:rename,rename,documentado_3.3b,no,auto:3.3b(web+doc+guard),2026-07-22,alta,auto + Wikipedia + Georef,https://es.wikipedia.org/wiki/El_Perdido,verde,guard=verde (coord en conjunto permitido)
v3_p11,415,Buenos Aires,Patagones,José B. Casas,,704,06602040,José B. Casas,Patagones,-40.4357234187303,-62.5430621406046,auto_ok,auto_ok,match_exacto_3campos,auto_match,no,auto,2026-07-22,alta,georef/localidades-censales,https://apis.datos.gob.ar/georef/api,verde,
v3_p11,614,Buenos Aires,Magdalena,José Ferrari,,373,06505A04,José Ferrari,Magdalena,-35.2914221376027,-57.8616814984706,propuesto,A (aparcado),bahra_georef,auto_muestreo,no,auto(pendiente_muestra),2026-07-22,alta,georef/asentamientos,https://apis.datos.gob.ar/georef/api,verde,BAHRA: el nombre no es localidad censal -> fuente correcta (P7)
v3_p11,113,Buenos Aires,Pellegrini,José M. Blanco,,4251,,Tres Lomas (ex Colonia/estación José M. Blanco),,-36.4582,-62.8756,propuesto,C5-manual_coord,web_manual_coord,humano_lote,no,pendiente:Jose,2026-07-22,verde (guard: coord en depto esperado),OSM Nominatim; treslomas.gob.ar,https://www.treslomas.gob.ar/?q=historia,verde,[guard=verde; punto en Tres Lomas] No existe localidad moderna 'José M. Blanco'. José María Blanco fue el terrateniente que fundó la Colonia Blanco y cedió
v3_p11,642,Buenos Aires,General Alvear,José M. Micheo,,352,,Estación José María Micheo,,-35.8816,-59.9466,propuesto,C5-rename,web_rename,humano_lote,no,pendiente:Jose,2026-07-22,verde (guard: coord en depto esperado),Wikipedia (Estación José María Micheo),https://es.wikipedia.org/wiki/Estaci%C3%B3n_Jos%C3%A9_Mar%C3%ADa_Micheo,verde,[guard=verde; punto en General Alvear] Paraje/estación en partido General Alvear.
v3_p11,617,Buenos Aires,Lobos,José Santos Arévalo,,372,06483A09,José Santos Arévalo,Lobos,-35.1677635099957,-59.2316864927508,propuesto,A (aparcado),bahra_georef,auto_muestreo,no,auto(pendiente_muestra),2026-07-22,alta,georef/asentamientos,https://apis.datos.gob.ar/georef/api,verde,BAHRA: el nombre no es localidad censal -> fuente correcta (P7)
v3_p11,444,Buenos Aires,Pergamino,Juan A. de la Peña,,644,06623040,Juan A. de la Peña,Pergamino,-33.8301427502759,-60.4862525474011,auto_ok,auto_ok,match_exacto_3campos,auto_match,no,auto,2026-07-22,alta,georef/localidades-censales,https://apis.datos.gob.ar/georef/api,verde,
v3_p11,244,Buenos Aires,Patagones,Juan A. Pradere,,1453,06602050,Juan A. Pradere,Patagones,-39.5993074663141,-62.6499136794715,auto_ok,auto_ok,match_exacto_3campos,auto_match,no,auto,2026-07-22,alta,georef/localidades-censales,https://apis.datos.gob.ar/georef/api,verde,
v3_p11,158,Buenos Aires,Leandro N. Alem,Juan B. Alberdi,,2873,,Juan Bautista Alberdi,,-34.4333,-61.8,propuesto,C5-manual_coord,web_manual_coord,humano_lote,no,pendiente:Jose,2026-07-22,verde (guard: coord en depto esperado),Wikipedia,https://es.wikipedia.org/wiki/Juan_Bautista_Alberdi_(Buenos_Aires),verde,"[guard=verde; punto en Leandro N. Alem] Localidad del partido Leandro N. Alem, BA (km 340 RN7)"
v3_p11,500,Buenos Aires,Saladillo,Juan Blaquier,,547,06707A11,Juan Blaquier,Saladillo,-35.7640554948561,-59.3023068813366,propuesto,A (aparcado),bahra_georef,auto_muestreo,no,auto(pendiente_muestra),2026-07-22,alta,georef/asentamientos,https://apis.datos.gob.ar/georef/api,verde,BAHRA: el nombre no es localidad censal -> fuente correcta (P7)
v3_p11,604,Buenos Aires,General Juan Madariaga,Juancho,,384,06315A04,Juancho,General Juan Madariaga,-37.1532515083004,-57.0842424414875,propuesto,A (aparcado),bahra_georef,auto_muestreo,no,auto(pendiente_muestra),2026-07-22,alta,georef/asentamientos,https://apis.datos.gob.ar/georef/api,verde,BAHRA: el nombre no es localidad censal -> fuente correcta (P7)
v3_p11,404,Buenos Aires,González Chaves,Juan E. Barra,,720,06014030,Juan E. Barra,Adolfo Gonzales Chaves,-37.8212422280092,-60.4827882028091,auto_ok,auto_ok,match_exacto_3campos,auto_match,no,auto,2026-07-22,alta,georef/localidades-censales,https://apis.datos.gob.ar/georef/api,verde,
v3_p11,332,Buenos Aires,Bolívar,Juan F. Ibarra,,985,06105020,Juan F. Ibarra,Bolívar,-36.3492149232859,-61.2562947609103,auto_ok,auto_ok,match_exacto_3campos,auto_match,no,auto,2026-07-22,alta,georef/localidades-censales,https://apis.datos.gob.ar/georef/api,verde,
v3_p12,418,Buenos Aires,Navarro,Juan J. Almeyra,,696,06574010,José Juan Almeyra,Navarro,-34.92159,-59.54223,confirmado_3.3b,3.3b:rename,rename,documentado_3.3b,no,auto:3.3b(web+doc+guard),2026-07-22,alta,auto + Georef + Wikipedia,https://es.wikipedia.org/wiki/Jos%C3%A9_Juan_Almeyra,verde,guard=verde (coord en conjunto permitido)
v3_p12,136,Buenos Aires,Necochea,Juan N. Fernández,,3326,06581040,Juan N. Fernández,Necochea,-38.0055290684137,-59.2641006486466,auto_ok,auto_ok,match_exacto_3campos,auto_match,no,auto,2026-07-22,alta,georef/localidades-censales,https://apis.datos.gob.ar/georef/api,verde,
v3_p12,64,Buenos Aires,Juárez,Juárez,,9535,06084020,Benito Juárez,Benito Juárez,-37.6742571604814,-59.8049089715607,propuesto,A (aparcado),bahra_georef,auto_muestreo,no,auto(pendiente_muestra),2026-07-22,media (nombre difiere),georef/,https://apis.datos.gob.ar/georef/api,verde,variante de nombre en el depto correcto
v3_p12,588,Buenos Aires,Magdalena,Julio Arditi,,402,06505070,Julio Arditi,Magdalena,-35.1286054809893,-57.6470576806293,auto_ok,auto_ok,match_exacto_3campos,auto_match,no,auto,2026-07-22,alta,georef/localidades-censales,https://apis.datos.gob.ar/georef/api,verde,
v3_p12,21,Buenos Aires,Junín,Junín,,53489,06413050,Juní­n,Junín,-34.576704518763,-60.9470682040392,auto_ok,auto_ok,match_exacto_3campos,auto_match,no,auto,2026-07-22,alta,georef/localidades-censales,https://apis.datos.gob.ar/georef/api,verde,
v3_p12,907,Buenos Aires,Carmen de Areco,Kenny,,103,06161A04,Kenny,Carmen de Areco,-34.3599092307876,-60.0053875163669,propuesto,A (aparcado),bahra_georef,auto_muestreo,no,auto(pendiente_muestra),2026-07-22,alta,georef/asentamientos,https://apis.datos.gob.ar/georef/api,verde,BAHRA: el nombre no es localidad censal -> fuente correcta (P7)
v3_p12,820,Buenos Aires,San Andrés de Giles,Kilómetro 125,,192,,Estación La Valerosa,,-34.5525,-59.5328,propuesto,C5-rename,web_rename,humano_lote,no,pendiente:Jose,2026-07-22,verde (guard: coord en depto esperado),Wikipedia,https://es.wikipedia.org/wiki/Estaci%C3%B3n_La_Valerosa,verde,"[guard=verde; punto en San Andrés de Giles] Estacion cuyo nombre original era Kilometro 125, renombrada La Valerosa, partido San Andres de Giles, Buenos Aires"
v3_p12,532,Buenos Aires,San Pedro,Kilómetro 158,,495,,Pueblo Doyle,,-33.9033,-59.8210,propuesto,C5-rename,web_rename,humano_lote,no,pendiente:Jose,2026-07-22,verde (guard: coord en depto esperado),wikipedia,https://es.wikipedia.org/wiki/Estaci%C3%B3n_Doyle,verde,[guard=verde; punto en San Pedro] El pueblo se llamó Kilómetro 158 (luego Ing. Urcelay) antes de renombrarse Pueblo Doyle; depto San Pedro (Buenos Aires).
v3_p12,815,Buenos Aires,Coronel Pringles,Krabbe,,197,06196A04,Krabbe,Coronel Pringles,-37.7827415597865,-61.1428855564657,propuesto,A (aparcado),bahra_georef,auto_muestreo,no,auto(pendiente_muestra),2026-07-22,alta,georef/asentamientos,https://apis.datos.gob.ar/georef/api,verde,BAHRA: el nombre no es localidad censal -> fuente correcta (P7)
v3_p12,438,Buenos Aires,General Arenales,La Angelita,,657,06294060,La Angelita,General Arenales,-34.2618640746608,-60.966032150591,auto_ok,auto_ok,match_exacto_3campos,auto_match,no,auto,2026-07-22,alta,georef/localidades-censales,https://apis.datos.gob.ar/georef/api,verde,
v3_p12,281,Buenos Aires,General Guido,Labardén,,1246,06308020,Labardén,General Guido,-36.947434184058,-58.1036445183417,auto_ok,auto_ok,match_exacto_3campos,auto_match,no,auto,2026-07-22,alta,georef/localidades-censales,https://apis.datos.gob.ar/georef/api,verde,
v3_p12,294,Buenos Aires,Saladillo,La Barrancosa,,1174,06707A13,La Barrancosa,Saladillo,-35.737832472496,-59.8681165534994,propuesto,A (aparcado),bahra_georef,auto_muestreo,no,auto(pendiente_muestra),2026-07-22,alta,georef/asentamientos,https://apis.datos.gob.ar/georef/api,verde,BAHRA: el nombre no es localidad censal -> fuente correcta (P7)
v3_p12,555,Buenos Aires,Rojas,La Beba,,459,06686010,La Beba,Rojas,-34.1544387870912,-61.0128711169321,auto_ok,auto_ok,match_exacto_3campos,auto_match,no,auto,2026-07-22,alta,georef/localidades-censales,https://apis.datos.gob.ar/georef/api,verde,
v3_p12,627,Buenos Aires,Trenque Lauquen,La Carreta,,366,06826030,La Carreta,Trenque Lauquen,-36.2088723944051,-62.2379173261835,auto_ok,auto_ok,match_exacto_3campos,auto_match,no,auto,2026-07-22,alta,georef/localidades-censales,https://apis.datos.gob.ar/georef/api,verde,
v3_p12,499,Buenos Aires,General Lamadrid,La Colina,,550,06322020,La Colina,General La Madrid,-37.3595368817448,-61.5360095803567,auto_ok,auto_ok,match_exacto_3campos,auto_match,no,auto,2026-07-22,alta,georef/localidades-censales,https://apis.datos.gob.ar/georef/api,verde,
v3_p12,822,Buenos Aires,Ayacucho,La Constancia,,191,06042020,La Constancia,Ayacucho,-37.226183333452,-58.7596022326105,auto_ok,auto_ok,match_exacto_3campos,auto_match,no,auto,2026-07-22,alta,georef/localidades-censales,https://apis.datos.gob.ar/georef/api,verde,
v3_p12,898,Buenos Aires,General Las Heras,La Choza,,119,06329020,La Choza,General Las Heras,-34.7813109502068,-59.1110151193181,auto_ok,auto_ok,match_exacto_3campos,auto_match,no,auto,2026-07-22,alta,georef/localidades-censales,https://apis.datos.gob.ar/georef/api,verde,
v3_p12,572,Buenos Aires,General Viamonte,La Delfina,,425,06385020,La Delfina,General Viamonte,-34.9437076703516,-61.1586766691658,auto_ok,auto_ok,match_exacto_3campos,auto_match,no,auto,2026-07-22,alta,georef/localidades-censales,https://apis.datos.gob.ar/georef/api,verde,
v3_p12,672,Buenos Aires,Carlos Casares,La Dorita,,322,06147A06,La Dorita,Carlos Casares,-35.5909936148223,-61.2412257148602,propuesto,A (aparcado),bahra_georef,auto_muestreo,no,auto(pendiente_muestra),2026-07-22,alta,georef/asentamientos,https://apis.datos.gob.ar/georef/api,verde,BAHRA: el nombre no es localidad censal -> fuente correcta (P7)
v3_p12,222,Buenos Aires,Necochea,La Dulce,,1662,06581050,Nicanor Olivera (La Dulce),Necochea,-38.2830519,-59.2027438,confirmado_3.3b,3.3b:rename,rename,documentado_3.3b,no,auto:3.3b(web+doc+guard),2026-07-22,alta,auto + Georef + Wikipedia (Nicanor Olivera),https://apis.datos.gob.ar/georef/api/localidades?nombre=Nicanor%20Olivera&provincia=Buenos%20Aires,verde,guard=verde (coord en conjunto permitido)
v3_p12,125,Buenos Aires,San Nicolás,La Emilia,,3632,06763030,La Emilia,San Nicolás,-33.3510472526016,-60.3139658525839,auto_ok,auto_ok,match_exacto_3campos,auto_match,no,auto,2026-07-22,alta,georef/localidades-censales,https://apis.datos.gob.ar/georef/api,verde,
v3_p12,654,La Pampa,Catriló,La Gloria,,343,42028020,La Gloria,Catriló,-36.5075204631326,-63.7426167387648,auto_ok,auto_ok,match_exacto_3campos,auto_match,no,auto,2026-07-22,alta,georef/localidades-censales,https://apis.datos.gob.ar/georef/api,verde,
v3_p12,426,Buenos Aires,Adolfo Alsina,Lago Epecuén,,682,06007A20,Villa Lago Epecuén,Adolfo Alsina,-37.133151583151,-62.8094292058305,propuesto,E-bahra-fuzzy,bahra_fuzzy,auto_muestreo,no,auto(pendiente_muestra),2026-07-22,BAJA (fuzzy en capa BAHRA: puede no ser el mismo lugar),georef/asentamientos,https://apis.datos.gob.ar/georef/api,verde,antes era sin_match. candidatos: Villa Lago Epecuén/Adolfo Alsina [06007A20]
v3_p12,309,Buenos Aires,Guaminí,Laguna Alsina,,1103,06399050,Laguna Alsina,Guaminí,-36.80905243808,-62.2451480754422,auto_ok,auto_ok,match_exacto_3campos,auto_match,no,auto,2026-07-22,alta,georef/localidades-censales,https://apis.datos.gob.ar/georef/api,verde,
v3_p12,430,Buenos Aires,Salto,La Invencible,,672,06714050,La Invencible,Salto,-34.266803967166,-60.3849650377881,auto_ok,auto_ok,match_exacto_3campos,auto_match,no,auto,2026-07-22,alta,georef/localidades-censales,https://apis.datos.gob.ar/georef/api,verde,
v3_p12,781,La Pampa,Cura-Có,La Japonesa,,225,,Gobernador Duval,,-38.7430,-66.4354,propuesto,C5-rename,web_rename,humano_lote,no,pendiente:Jose,2026-07-22,verde (guard: coord en depto esperado),osm,"https://nominatim.openstreetmap.org/search?q=Gobernador+Duval,+La+Pampa,+Argentina",verde,"[guard=verde; punto en Curacó] Gobernador Duval, sobre el Río Colorado en depto Curacó (La Pampa); histórica y popularmente conocido como La Japonesa."
v3_p12,482,La Pampa,Caseros,La Larga,,570,06231040,La Larga,Daireaux,-36.675,-61.93,propuesto,PASO0-correccion,correccion_fuente_imagen,humano_individual,no,humano:Jose(Paso0),2026-07-22,alta (imagen+georef; ratificar),imagen+georef,https://apis.datos.gob.ar/georef/api,verde,PASO0: fuente imprimio prov 'La Pampa' erronea; La Pampa no tiene depto Caseros; Caseros=viejo Daireaux(BA); La Larga en BA/Daireaux. Imagen v3_p12/482
v3_p12,445,Buenos Aires,Bragado,La Limpia,,640,06112070,La Limpia,Bragado,-35.0798829132362,-60.591667848836,auto_ok,auto_ok,match_exacto_3campos,auto_match,no,auto,2026-07-22,alta,georef/localidades-censales,https://apis.datos.gob.ar/georef/api,verde,
v3_p12,870,Buenos Aires,Bartolomé Mitre,La Luisa,,149,06140020,La Luisa,Capitán Sarmiento,-34.1327038909145,-59.9351303723456,auto_ok,auto_ok,match_exacto_3campos,auto_match,no,auto,2026-07-22,alta,georef/localidades-censales,https://apis.datos.gob.ar/georef/api,verde,
v3_p12,638,Buenos Aires,Caseros,La Manuela,,356,06231060,La Manuela,Daireaux,-36.743255906141,-62.0718222469417,auto_ok,auto_ok,match_exacto_3campos,auto_match,no,auto,2026-07-22,alta,georef/localidades-censales,https://apis.datos.gob.ar/georef/api,verde,
v3_p12,320,La Pampa,Rancul,La Maruja,,1022,42126030,La Maruja,Rancul,-35.6738117818431,-64.9421190662968,auto_ok,auto_ok,match_exacto_3campos,auto_match,no,auto,2026-07-22,alta,georef/localidades-censales,https://apis.datos.gob.ar/georef/api,verde,
v3_p12,1,Buenos Aires,La Matanza,La Matanza,1,401738,06427010,La Matanza,La Matanza,-34.6775535198437,-58.5609727562767,auto_ok,auto_ok,match_exacto_3campos,auto_match,no,auto,2026-07-22,alta,georef/localidades-censales,https://apis.datos.gob.ar/georef/api,verde,
v3_p12,610,Buenos Aires,Necochea,La Negra,,378,06581A09,La Negra,Necochea,-37.7913295862573,-59.3153733400316,propuesto,A (aparcado),bahra_georef,auto_muestreo,no,auto(pendiente_muestra),2026-07-22,alta,georef/asentamientos,https://apis.datos.gob.ar/georef/api,verde,BAHRA: el nombre no es localidad censal -> fuente correcta (P7)
v3_p12,728,Buenos Aires,Guaminí,La Nevada,,266,06399A11,La Nevada,Guaminí,-36.9368577357608,-61.9624647465385,propuesto,A (aparcado),bahra_georef,auto_muestreo,no,auto(pendiente_muestra),2026-07-22,alta,georef/asentamientos,https://apis.datos.gob.ar/georef/api,verde,BAHRA: el nombre no es localidad censal -> fuente correcta (P7)
v3_p12,831,Buenos Aires,Ayacucho,Langueyú,,182,06042A17,Langueyú,Ayacucho,-36.6699563653816,-58.5285461713573,propuesto,A (aparcado),bahra_georef,auto_muestreo,no,auto(pendiente_muestra),2026-07-22,alta,georef/asentamientos,https://apis.datos.gob.ar/georef/api,verde,BAHRA: el nombre no es localidad censal -> fuente correcta (P7)
v3_p12,253,Buenos Aires,9 de Julio,La Niña,,1423,06588050,La Niña,9 de Julio,-35.408761137398,-61.2077461218609,auto_ok,auto_ok,match_exacto_3campos,auto_match,no,auto,2026-07-22,alta,georef/localidades-censales,https://apis.datos.gob.ar/georef/api,verde,
v3_p12,620,Buenos Aires,Cañuelas,La Noria,,371,06134A03,La Noria,Cañuelas,-35.1651230174752,-58.7882685711171,propuesto,A (aparcado),bahra_georef,auto_muestreo,no,auto(pendiente_muestra),2026-07-22,alta,georef/asentamientos,https://apis.datos.gob.ar/georef/api,verde,BAHRA: el nombre no es localidad censal -> fuente correcta (P7)
v3_p12,373,Buenos Aires,Pehuajó,La Nueva Plata,,825,06609060,Nueva Plata,Pehuajó,-35.9185268491812,-61.8134750562068,propuesto,A (aparcado),bahra_georef,auto_muestreo,no,auto(pendiente_muestra),2026-07-22,media (nombre difiere),georef/,https://apis.datos.gob.ar/georef/api,verde,variante de nombre en el depto correcto
v3_p12,2,Buenos Aires,Lanús,Lanús,1,375428,06434010,Lanus,Lanús,-34.7075670582991,-58.3911484853653,auto_ok,auto_ok,match_exacto_3campos,auto_match,no,auto,2026-07-22,alta,georef/localidades-censales,https://apis.datos.gob.ar/georef/api,verde,
v3_p12,441,Buenos Aires,Junín,La Oriental,,646,06413A06,La Oriental,Junín,-34.5680932311422,-60.817119767828,propuesto,A (aparcado),bahra_georef,auto_muestreo,no,auto(pendiente_muestra),2026-07-22,alta,georef/asentamientos,https://apis.datos.gob.ar/georef/api,verde,BAHRA: el nombre no es localidad censal -> fuente correcta (P7)
v3_p12,763,Buenos Aires,Tandil,La Pastora,,236,06791A10,La Pastora,Tandil,-37.1476809297283,-59.3808969998274,propuesto,A (aparcado),bahra_georef,auto_muestreo,no,auto(pendiente_muestra),2026-07-22,alta,georef/asentamientos,https://apis.datos.gob.ar/georef/api,verde,BAHRA: el nombre no es localidad censal -> fuente correcta (P7)
v3_p13,557,La Pampa,Chalileo,La Pastoril,,458,42049A02,Colonia La Pastoril,Chalileo,-36.372762891057,-66.2264673785074,propuesto,E-bahra-fuzzy,bahra_fuzzy,auto_muestreo,no,auto(pendiente_muestra),2026-07-22,BAJA (fuzzy en capa BAHRA: puede no ser el mismo lugar),georef/asentamientos,https://apis.datos.gob.ar/georef/api,verde,antes era sin_match. candidatos: Colonia La Pastoril/Chalileo [42049A02]
v3_p13,608,Buenos Aires,Roque Pérez,La Paz Chica,,380,06693A11,La Paz Chica,Roque Pérez,-35.3470591202723,-59.4289185232386,propuesto,A (aparcado),bahra_georef,auto_muestreo,no,auto(pendiente_muestra),2026-07-22,alta,georef/asentamientos,https://apis.datos.gob.ar/georef/api,verde,BAHRA: el nombre no es localidad censal -> fuente correcta (P7)
v3_p13,796,Buenos Aires,General Arenales,La Pinta,,211,06294A05,La Pinta,General Arenales,-34.2501688325914,-61.3586405963625,propuesto,A (aparcado),bahra_georef,auto_muestreo,no,auto(pendiente_muestra),2026-07-22,alta,georef/asentamientos,https://apis.datos.gob.ar/georef/api,verde,BAHRA: el nombre no es localidad censal -> fuente correcta (P7)
v3_p13,437,Buenos Aires,Junín,Laplacette,,658,06413060,Laplacette,Junín,-34.7245238530675,-61.1553171474145,auto_ok,auto_ok,match_exacto_3campos,auto_match,no,auto,2026-07-22,alta,georef/localidades-censales,https://apis.datos.gob.ar/georef/api,verde,
v3_p13,4,Buenos Aires,La Plata,La Plata,,337060,06441030,La Plata,La Plata,-34.9213622338581,-57.9545000223642,auto_ok,auto_ok,match_exacto_3campos,auto_match,no,auto,2026-07-22,alta,georef/localidades-censales,https://apis.datos.gob.ar/georef/api,verde,
v3_p13,593,Buenos Aires,Trenque Lauquen,La Porteña,,398,06826A14,La Porteña,Trenque Lauquen,-36.3648533410591,-62.7192266774386,propuesto,A (aparcado),bahra_georef,auto_muestreo,no,auto(pendiente_muestra),2026-07-22,alta,georef/asentamientos,https://apis.datos.gob.ar/georef/api,verde,BAHRA: el nombre no es localidad censal -> fuente correcta (P7)
v3_p13,92,Buenos Aires,Laprida,Laprida,,5816,06448010,Laprida,Laprida,-37.5441424968983,-60.8011268328291,auto_ok,auto_ok,match_exacto_3campos,auto_match,no,auto,2026-07-22,alta,georef/localidades-censales,https://apis.datos.gob.ar/georef/api,verde,
v3_p13,797,Buenos Aires,Coronel Suárez,La Primavera,,211,06203A08,La Primavera,Coronel Suárez,-37.3440561146176,-61.9344248732035,propuesto,A (aparcado),bahra_georef,auto_muestreo,no,auto(pendiente_muestra),2026-07-22,alta,georef/asentamientos,https://apis.datos.gob.ar/georef/api,verde,BAHRA: el nombre no es localidad censal -> fuente correcta (P7)
v3_p13,753,Buenos Aires,Olavarría,La Providencia,,248,06595A14,La Providencia,Olavarría,-37.0003358646784,-60.1883836930132,propuesto,A (aparcado),bahra_georef,auto_muestreo,no,auto(pendiente_muestra),2026-07-22,alta,georef/asentamientos,https://apis.datos.gob.ar/georef/api,verde,BAHRA: el nombre no es localidad censal -> fuente correcta (P7)
v3_p13,749,Buenos Aires,Roque Pérez,La Reforma,,250,06693A13,La Reforma,Roque Pérez,-35.6644572817291,-59.231944275648,propuesto,A (aparcado),bahra_georef,auto_muestreo,no,auto(pendiente_muestra),2026-07-22,alta,georef/asentamientos,https://apis.datos.gob.ar/georef/api,verde,BAHRA: el nombre no es localidad censal -> fuente correcta (P7)
v3_p13,270,Buenos Aires,Chivilcoy,La Rica,,1324,06224040,La Rica,Chivilcoy,-34.9739189538858,-59.863930207049,auto_ok,auto_ok,match_exacto_3campos,auto_match,no,auto,2026-07-22,alta,georef/localidades-censales,https://apis.datos.gob.ar/georef/api,verde,
v3_p13,736,Buenos Aires,Alberti,Larrea,,261,06021A04,Larrea,Alberti,-35.0516625321053,-60.3669638982313,propuesto,A (aparcado),bahra_georef,auto_muestreo,no,auto(pendiente_muestra),2026-07-22,alta,georef/asentamientos,https://apis.datos.gob.ar/georef/api,verde,BAHRA: el nombre no es localidad censal -> fuente correcta (P7)
v3_p13,790,Buenos Aires,Coronel Pringles,Lartigau,,216,06196050,Lartigau,Coronel Pringles,-38.4475134906813,-61.5670016498582,auto_ok,auto_ok,match_exacto_3campos,auto_match,no,auto,2026-07-22,alta,georef/localidades-censales,https://apis.datos.gob.ar/georef/api,verde,
v3_p13,740,Buenos Aires,Maipú,Las Armas,,258,06511010,Las Armas,Maipú,-37.0863333435652,-57.8294293875405,auto_ok,auto_ok,match_exacto_3campos,auto_match,no,auto,2026-07-22,alta,georef/localidades-censales,https://apis.datos.gob.ar/georef/api,verde,
v3_p13,284,Buenos Aires,Lobos,Las Chacras,,1229,06483A13,Las Chacras,Lobos,-35.092111130273,-59.1733155654124,propuesto,A (aparcado),bahra_georef,auto_muestreo,no,auto(pendiente_muestra),2026-07-22,alta,georef/asentamientos,https://apis.datos.gob.ar/georef/api,verde,BAHRA: el nombre no es localidad censal -> fuente correcta (P7)
v3_p13,51,Buenos Aires,Las Flores,Las Flores,,14838,06455030,Las Flores,Las Flores,-36.0146293979698,-59.0923041843645,auto_ok,auto_ok,match_exacto_3campos,auto_match,no,auto,2026-07-22,alta,georef/localidades-censales,https://apis.datos.gob.ar/georef/api,verde,
v3_p13,743,Buenos Aires,Laprida,Las Hermanas,,256,06448A07,Las Hermanas,Laprida,-37.6166274200606,-60.8781458264992,propuesto,A (aparcado),bahra_georef,auto_muestreo,no,auto(pendiente_muestra),2026-07-22,alta,georef/asentamientos,https://apis.datos.gob.ar/georef/api,verde,BAHRA: el nombre no es localidad censal -> fuente correcta (P7)
v3_p13,847,Buenos Aires,Pehuajó,Las Juanitas,,166,06609A19,Las Juanitas,Pehuajó,-35.624524613689,-61.702859040776,propuesto,A (aparcado),bahra_georef,auto_muestreo,no,auto(pendiente_muestra),2026-07-22,alta,georef/asentamientos,https://apis.datos.gob.ar/georef/api,verde,BAHRA: el nombre no es localidad censal -> fuente correcta (P7)
v3_p13,223,Buenos Aires,Navarro,Las Marianas,,1643,06574020,Las Marianas,Navarro,-35.0528793494852,-59.5126713497054,auto_ok,auto_ok,match_exacto_3campos,auto_match,no,auto,2026-07-22,alta,georef/localidades-censales,https://apis.datos.gob.ar/georef/api,verde,
v3_p13,362,Buenos Aires,General Lamadrid,Las Martinetas,,857,06322030,Las Martinetas,General La Madrid,-37.1987375729844,-61.1193894162643,auto_ok,auto_ok,match_exacto_3campos,auto_match,no,auto,2026-07-22,alta,georef/localidades-censales,https://apis.datos.gob.ar/georef/api,verde,
v3_p13,645,Buenos Aires,Coronel Pringles,Las Mostazas,,347,06196A13,Las Mostazas,Coronel Pringles,-38.2700387122206,-61.3530427787215,propuesto,A (aparcado),bahra_georef,auto_muestreo,no,auto(pendiente_muestra),2026-07-22,alta,georef/asentamientos,https://apis.datos.gob.ar/georef/api,verde,BAHRA: el nombre no es localidad censal -> fuente correcta (P7)
v3_p13,429,Buenos Aires,Lobería,Las Nutrias,,673,06476A12,Las Nutrias,Lobería,-38.0809590440375,-58.4578035843079,propuesto,A (aparcado),bahra_georef,auto_muestreo,no,auto(pendiente_muestra),2026-07-22,alta,georef/asentamientos,https://apis.datos.gob.ar/georef/api,verde,BAHRA: el nombre no es localidad censal -> fuente correcta (P7)
v3_p13,657,Buenos Aires,Carlos Casares,La Sofía,,339,06147060,La Sofía,Carlos Casares,-35.6994135732127,-61.1692596674282,auto_ok,auto_ok,match_exacto_3campos,auto_match,no,auto,2026-07-22,alta,georef/localidades-censales,https://apis.datos.gob.ar/georef/api,verde,
v3_p13,667,Buenos Aires,Tres Arroyos,La Sortija,,325,06833A10,La Sortija,Tres Arroyos,-38.1116266058423,-60.6889101109335,propuesto,A (aparcado),bahra_georef,auto_muestreo,no,auto(pendiente_muestra),2026-07-22,alta,georef/asentamientos,https://apis.datos.gob.ar/georef/api,verde,BAHRA: el nombre no es localidad censal -> fuente correcta (P7)
v3_p13,720,Buenos Aires,Zárate,Las Palmas,,273,06882A12,Las Palmas,Zárate,-34.069014086824,-59.1509950973051,propuesto,A (aparcado),bahra_georef,auto_muestreo,no,auto(pendiente_muestra),2026-07-22,alta,georef/asentamientos,https://apis.datos.gob.ar/georef/api,verde,BAHRA: el nombre no es localidad censal -> fuente correcta (P7)
v3_p13,854,Buenos Aires,Junín,Las Parvas,,162,06413A07,Las Parvas,Junín,-34.5655652445894,-61.1293806283835,propuesto,A (aparcado),bahra_georef,auto_muestreo,no,auto(pendiente_muestra),2026-07-22,alta,georef/asentamientos,https://apis.datos.gob.ar/georef/api,verde,BAHRA: el nombre no es localidad censal -> fuente correcta (P7)
v3_p13,798,Buenos Aires,Magdalena,Las Tahonas,,211,06655A06,Las Tahonas,Punta Indio,-35.3523544374914,-57.3824040574585,propuesto,A (aparcado),bahra_georef,auto_muestreo,no,auto(pendiente_muestra),2026-07-22,alta,georef/asentamientos,https://apis.datos.gob.ar/georef/api,verde,BAHRA: el nombre no es localidad censal -> fuente correcta (P7)
v3_p13,490,Buenos Aires,Lincoln,Las Toscas,,562,06469060,Las Toscas,Lincoln,-35.3649873001768,-61.8055485519284,auto_ok,auto_ok,match_exacto_3campos,auto_match,no,auto,2026-07-22,alta,georef/localidades-censales,https://apis.datos.gob.ar/georef/api,verde,
v3_p13,881,Buenos Aires,General Lamadrid,Lastra,,137,06322A05,Lastra,General La Madrid,-37.4105319592593,-61.2802678886442,propuesto,A (aparcado),bahra_georef,auto_muestreo,no,auto(pendiente_muestra),2026-07-22,alta,georef/asentamientos,https://apis.datos.gob.ar/georef/api,verde,BAHRA: el nombre no es localidad censal -> fuente correcta (P7)
v3_p13,891,Buenos Aires,Tres Arroyos,Las Vaquerías,,125,06833A11,Las Vaquerías,Tres Arroyos,-38.2089653540043,-60.2870354604738,propuesto,A (aparcado),bahra_georef,auto_muestreo,no,auto(pendiente_muestra),2026-07-22,alta,georef/asentamientos,https://apis.datos.gob.ar/georef/api,verde,BAHRA: el nombre no es localidad censal -> fuente correcta (P7)
v3_p13,734,Buenos Aires,General Arenales,La Trinidad,,263,06294070,La Trinidad,General Arenales,-34.1069889150476,-61.1328115273158,auto_ok,auto_ok,match_exacto_3campos,auto_match,no,auto,2026-07-22,alta,georef/localidades-censales,https://apis.datos.gob.ar/georef/api,verde,
v3_p13,268,Buenos Aires,Pergamino,La Violeta,,1338,06623060,La Violeta,Pergamino,-33.7318764424264,-60.166962820246,auto_ok,auto_ok,match_exacto_3campos,auto_match,no,auto,2026-07-22,alta,georef/localidades-censales,https://apis.datos.gob.ar/georef/api,verde,
v3_p13,805,Buenos Aires,Bahía Blanca,La Vitícola,,207,06056A06,La Vitícola,Bahía Blanca,-38.5233384002776,-62.289164495799,propuesto,A (aparcado),bahra_georef,auto_muestreo,no,auto(pendiente_muestra),2026-07-22,alta,georef/asentamientos,https://apis.datos.gob.ar/georef/api,verde,BAHRA: el nombre no es localidad censal -> fuente correcta (P7)
v3_p13,707,Buenos Aires,Trenque Lauquen,La Zanja,,286,06826A15,La Zanja,Trenque Lauquen,-36.0510564969295,-62.8769606859489,propuesto,A (aparcado),bahra_georef,auto_muestreo,no,auto(pendiente_muestra),2026-07-22,alta,georef/asentamientos,https://apis.datos.gob.ar/georef/api,verde,BAHRA: el nombre no es localidad censal -> fuente correcta (P7)
v3_p13,836,Buenos Aires,Azul,Lazzarino,,176,06049A18,Lazzarino,Azul,-36.9201004494338,-59.7199559628091,propuesto,A (aparcado),bahra_georef,auto_muestreo,no,auto(pendiente_muestra),2026-07-22,alta,georef/asentamientos,https://apis.datos.gob.ar/georef/api,verde,BAHRA: el nombre no es localidad censal -> fuente correcta (P7)
v3_p13,175,Buenos Aires,Leandro N. Alem,Leandro N. Alem,,2419,06462050,Leandro N. Alem,Leandro N. Alem,-34.5173298346286,-61.3887927511723,auto_ok,auto_ok,match_exacto_3campos,auto_match,no,auto,2026-07-22,alta,georef/localidades-censales,https://apis.datos.gob.ar/georef/api,verde,
v3_p13,894,Buenos Aires,Trenque Lauquen,Lertora,,124,06826A17,Lértora,Trenque Lauquen,-35.9216340218255,-62.9787690876795,propuesto,A (aparcado),bahra_georef,auto_muestreo,no,auto(pendiente_muestra),2026-07-22,alta,georef/asentamientos,https://apis.datos.gob.ar/georef/api,verde,BAHRA: el nombre no es localidad censal -> fuente correcta (P7)
v3_p13,563,Buenos Aires,Adolfo Alsina,Leubuco,,448,06007A12,Leubucó,Adolfo Alsina,-36.8743767998379,-63.0421207941134,propuesto,A (aparcado),bahra_georef,auto_muestreo,no,auto(pendiente_muestra),2026-07-22,alta,georef/asentamientos,https://apis.datos.gob.ar/georef/api,verde,BAHRA: el nombre no es localidad censal -> fuente correcta (P7)
v3_p13,148,Buenos Aires,Chascomús,Lezama,,3097,06466010,Lezama,Lezama,-35.8731450846528,-57.897348273979,auto_ok,auto_ok,match_exacto_3campos,auto_match,no,auto,2026-07-22,alta,georef/localidades-censales,https://apis.datos.gob.ar/georef/api,verde,
v3_p13,321,Buenos Aires,General Lamadrid,Líbano,,1022,06322040,Líbano,General La Madrid,-37.5321699158934,-61.2853331153799,auto_ok,auto_ok,match_exacto_3campos,auto_match,no,auto,2026-07-22,alta,georef/localidades-censales,https://apis.datos.gob.ar/georef/api,verde,
v3_p13,526,Buenos Aires,Chascomús,Libres del Sud,,505,,Libres del Sud,,-35.7319,-57.72,propuesto,C5-manual_coord,web_manual_coord,humano_lote,no,pendiente:Jose,2026-07-22,verde (guard: coord en depto esperado),Wikipedia (Estación Libres del Sud),https://es.wikipedia.org/wiki/Estaci%C3%B3n_Libres_del_Sud,verde,[guard=verde; punto en Chascomús] Paraje/estación en partido Chascomús (linda con Lezama).
v3_p14,787,Buenos Aires,Lobería,Licenciado Matienzo,,219,06476020,Licenciado Matienzo,Lobería,-37.9081801053961,-58.9131594485365,auto_ok,auto_ok,match_exacto_3campos,auto_match,no,auto,2026-07-22,alta,georef/localidades-censales,https://apis.datos.gob.ar/georef/api,verde,
v3_p14,596,Buenos Aires,Zárate,Lima,,393,06882030,Lima,Zárate,-34.044677998932,-59.1961233992496,auto_ok,auto_ok,match_exacto_3campos,auto_match,no,auto,2026-07-22,alta,georef/localidades-censales,https://apis.datos.gob.ar/georef/api,verde,
v3_p14,363,La Pampa,Limay-Mahuída,Limay-Mahuída,,855,42091020,Limay Mahuida,Limay Mahuida,-37.1583763797787,-66.6758423036843,auto_ok,auto_ok,match_exacto_3campos,auto_match,no,auto,2026-07-22,alta,georef/localidades-censales,https://apis.datos.gob.ar/georef/api,verde,
v3_p14,598,Buenos Aires,Tres Arroyos,Lia Calel,,392,,Lin Calel,,-38.7000,-60.2333,propuesto,C5-rename,web_rename,humano_lote,no,pendiente:Jose,2026-07-22,verde (guard: coord en depto esperado),gazetteer,https://www.dices.net/mapas/argentina/mapa.php?nombre=Lin-Calel&id=877,verde,"[guard=verde; punto en Tres Arroyos] Transcripcion 'Lia Calel' = Lin Calel, pueblo/estacion del partido Tres Arroyos, Buenos Aires. Coincide depto."
v3_p14,50,Buenos Aires,Lincoln,Lincoln,,15477,06469070,Lincoln,Lincoln,-34.869042222818,-61.5291649669285,auto_ok,auto_ok,match_exacto_3campos,auto_match,no,auto,2026-07-22,alta,georef/localidades-censales,https://apis.datos.gob.ar/georef/api,verde,
v3_p14,71,Buenos Aires,Lobería,Lobería,,8455,06476030,Loberí­a,Lobería,-38.1634225547553,-58.7818638300412,auto_ok,auto_ok,match_exacto_3campos,auto_match,no,auto,2026-07-22,alta,georef/localidades-censales,https://apis.datos.gob.ar/georef/api,verde,
v3_p14,59,Buenos Aires,Lobos,Lobos,,10352,06483040,Lobos,Lobos,-35.1855001355473,-59.0925986919386,auto_ok,auto_ok,match_exacto_3campos,auto_match,no,auto,2026-07-22,alta,georef/localidades-censales,https://apis.datos.gob.ar/georef/api,verde,
v3_p14,673,Buenos Aires,Olavarría,Loma Negra,,322,,Loma Negra (Villa Fortabat),,-36.9667,-60.2500,propuesto,C5-manual_coord,web_manual_coord,humano_lote,no,pendiente:Jose,2026-07-22,verde (guard: coord en depto esperado),Wikipedia,https://es.wikipedia.org/wiki/Loma_Negra,verde,"[guard=verde; punto en Olavarría] Pueblo cementero (Villa Alfredo Fortabat), a ~14 km de Olavarría, partido de Olavarría."
v3_p14,337,Buenos Aires,General Paz,Loma Verde,,959,06343010,Loma Verde,General Paz,-35.2728201784287,-58.4046429825465,auto_ok,auto_ok,match_exacto_3campos,auto_match,no,auto,2026-07-22,alta,georef/localidades-censales,https://apis.datos.gob.ar/georef/api,verde,
v3_p14,8,Buenos Aires,Lomas de Zamora,Lomas de Zamora,1,272116,06490010,Lomas de Zamora,Lomas de Zamora,-34.7574009714543,-58.4026922700185,auto_ok,auto_ok,match_exacto_3campos,auto_match,no,auto,2026-07-22,alta,georef/localidades-censales,https://apis.datos.gob.ar/georef/api,verde,
v3_p14,249,La Pampa,Catriló,Lonquimay,,1427,42028030,Lonquimay,Catriló,-36.4663722712817,-63.6235898145261,auto_ok,auto_ok,match_exacto_3campos,auto_match,no,auto,2026-07-22,alta,georef/localidades-censales,https://apis.datos.gob.ar/georef/api,verde,
v3_p14,464,Buenos Aires,Juárez,López,,604,06084030,López,Benito Juárez,-37.5523905908099,-59.6265790493393,auto_ok,auto_ok,match_exacto_3campos,auto_match,no,auto,2026-07-22,alta,georef/localidades-censales,https://apis.datos.gob.ar/georef/api,verde,
v3_p14,674,Buenos Aires,Puán,López Lecube,,321,06651060,López Lecube,Puán,-38.1182074383988,-62.7262250674344,auto_ok,auto_ok,match_exacto_3campos,auto_match,no,auto,2026-07-22,alta,georef/localidades-censales,https://apis.datos.gob.ar/georef/api,verde,
v3_p14,630,Buenos Aires,Chacabuco,Los Angeles,,364,06210020,Los Ángeles,Chacabuco,-34.457003289896,-60.1801977529447,auto_ok,auto_ok,match_exacto_3campos,auto_match,no,auto,2026-07-22,alta,georef/localidades-censales,https://apis.datos.gob.ar/georef/api,verde,
v3_p14,225,Buenos Aires,Exaltación de la Cruz,Los Cardales,,1628,06266070,Los Cardales,Exaltación de la Cruz,-34.3306105307756,-58.9871693972021,auto_ok,auto_ok,match_exacto_3campos,auto_match,no,auto,2026-07-22,alta,georef/localidades-censales,https://apis.datos.gob.ar/georef/api,verde,
v3_p14,691,Buenos Aires,Rojas,Los Indios,,305,06686030,Los Indios,Rojas,-34.3735696107802,-60.6523710265627,auto_ok,auto_ok,match_exacto_3campos,auto_match,no,auto,2026-07-22,alta,georef/localidades-censales,https://apis.datos.gob.ar/georef/api,verde,
v3_p14,662,Buenos Aires,General Villegas,Los Laureles,,331,06392A13,Los Laureles,General Villegas,-35.1118202324623,-62.909446858609,propuesto,A (aparcado),bahra_georef,auto_muestreo,no,auto(pendiente_muestra),2026-07-22,alta,georef/asentamientos,https://apis.datos.gob.ar/georef/api,verde,BAHRA: el nombre no es localidad censal -> fuente correcta (P7)
v3_p14,211,Buenos Aires,Balcarce,Los Pinos,,1813,06063020,Los Pinos,Balcarce,-37.9427434742578,-58.3242915936291,auto_ok,auto_ok,match_exacto_3campos,auto_match,no,auto,2026-07-22,alta,georef/localidades-censales,https://apis.datos.gob.ar/georef/api,verde,
v3_p14,791,La Pampa,Loventué,Loventuel,,215,42098020,Loventué,Loventué,-36.1887459763907,-65.2899702728719,propuesto,A (aparcado),bahra_georef,auto_muestreo,no,auto(pendiente_muestra),2026-07-22,media (nombre difiere),georef/,https://apis.datos.gob.ar/georef/api,verde,variante de nombre en el depto correcto
v3_p14,518,Buenos Aires,General Las Heras,Lozano,,514,06329A03,Lozano,General Las Heras,-34.8515191538889,-59.05371465746,propuesto,A (aparcado),bahra_georef,auto_muestreo,no,auto(pendiente_muestra),2026-07-22,alta,georef/asentamientos,https://apis.datos.gob.ar/georef/api,verde,BAHRA: el nombre no es localidad censal -> fuente correcta (P7)
v3_p14,342,La Pampa,Loventué,Luan Toro,,938,42098030,Luan Toro,Loventué,-36.2039646968229,-65.0996775199121,auto_ok,auto_ok,match_exacto_3campos,auto_match,no,auto,2026-07-22,alta,georef/localidades-censales,https://apis.datos.gob.ar/georef/api,verde,
v3_p14,601,Buenos Aires,25 de Mayo,Lucas Monteverde,,387,06854050,Lucas Monteverde,25 de Mayo,-35.4838272164734,-59.9880647932831,auto_ok,auto_ok,match_exacto_3campos,auto_match,no,auto,2026-07-22,alta,georef/localidades-censales,https://apis.datos.gob.ar/georef/api,verde,
v3_p14,34,Buenos Aires,Luján,Luján,,28976,06497020,Luján,Luján,-34.5663100334811,-59.1147226150138,auto_ok,auto_ok,match_exacto_3campos,auto_match,no,auto,2026-07-22,alta,georef/localidades-censales,https://apis.datos.gob.ar/georef/api,verde,
v3_p14,804,Buenos Aires,San Cayetano,Lumb,,208,06742A06,Lumb,San Cayetano,-38.2175029465544,-59.3141540808841,propuesto,A (aparcado),bahra_georef,auto_muestreo,no,auto(pendiente_muestra),2026-07-22,alta,georef/asentamientos,https://apis.datos.gob.ar/georef/api,verde,BAHRA: el nombre no es localidad censal -> fuente correcta (P7)
v3_p14,205,La Pampa,Atreucó,Macachín,,1866,42007020,Macachín,Atreucó,-37.1369740281671,-63.6667779514966,auto_ok,auto_ok,match_exacto_3campos,auto_match,no,auto,2026-07-22,alta,georef/localidades-censales,https://apis.datos.gob.ar/georef/api,verde,
v3_p14,599,Buenos Aires,General Juan Madariaga,Macedo,,389,06315A13,Macedo,General Juan Madariaga,-37.26392104757,-57.2088835659925,propuesto,A (aparcado),bahra_georef,auto_muestreo,no,auto(pendiente_muestra),2026-07-22,alta,georef/asentamientos,https://apis.datos.gob.ar/georef/api,verde,BAHRA: el nombre no es localidad censal -> fuente correcta (P7)
v3_p14,423,Buenos Aires,Pehuajó,Magdala,,685,06609040,Magdala,Pehuajó,-36.0846456104344,-61.7234478019912,auto_ok,auto_ok,match_exacto_3campos,auto_match,no,auto,2026-07-22,alta,georef/localidades-censales,https://apis.datos.gob.ar/georef/api,verde,
v3_p14,107,Buenos Aires,Magdalena,Magdalena,,4989,06505040,Magdalena,Magdalena,-35.082656692141,-57.5114542980123,auto_ok,auto_ok,match_exacto_3campos,auto_match,no,auto,2026-07-22,alta,georef/localidades-censales,https://apis.datos.gob.ar/georef/api,verde,
v3_p14,785,Buenos Aires,Pergamino,Maguirre,,221,06623A12,Maguire,Pergamino,-33.9545316398379,-60.2958249575001,propuesto,E-bahra-fuzzy,bahra_fuzzy,auto_muestreo,no,auto(pendiente_muestra),2026-07-22,BAJA (fuzzy en capa BAHRA: puede no ser el mismo lugar),georef/asentamientos,https://apis.datos.gob.ar/georef/api,verde,antes era sin_match. candidatos: Maguire/Pergamino [06623A12]
v3_p14,88,Buenos Aires,Maipú,Maipú,,6239,06511020,Maipú,Maipú,-36.8629131780046,-57.8832451429827,auto_ok,auto_ok,match_exacto_3campos,auto_match,no,auto,2026-07-22,alta,georef/localidades-censales,https://apis.datos.gob.ar/georef/api,verde,
v3_p14,462,Buenos Aires,25 de Mayo,Mamaguita,,608,06854A16,Mamaguita,25 de Mayo,-35.6889812527103,-60.2248824255492,propuesto,A (aparcado),bahra_georef,auto_muestreo,no,auto(pendiente_muestra),2026-07-22,alta,georef/asentamientos,https://apis.datos.gob.ar/georef/api,verde,BAHRA: el nombre no es localidad censal -> fuente correcta (P7)
v3_p14,545,Buenos Aires,Mercedes,Manuel J. García,,478,06532A09,Manuel J. García,Mercedes,-34.709710880419,-59.5408681795533,propuesto,A (aparcado),bahra_georef,auto_muestreo,no,auto(pendiente_muestra),2026-07-22,alta,georef/asentamientos,https://apis.datos.gob.ar/georef/api,verde,BAHRA: el nombre no es localidad censal -> fuente correcta (P7)
v3_p14,220,Buenos Aires,Pergamino,Manuel Ocampo,,1676,06623070,Manuel Ocampo,Pergamino,-33.7638866855294,-60.6494073009055,auto_ok,auto_ok,match_exacto_3campos,auto_match,no,auto,2026-07-22,alta,georef/localidades-censales,https://apis.datos.gob.ar/georef/api,verde,
v3_p14,505,Buenos Aires,Pilar,Manzanares,,541,0663804005,Manzanares,Pilar,-34.4503831705186,-59.0070416860588,propuesto,A (aparcado),bahra_georef,auto_muestreo,no,auto(pendiente_muestra),2026-07-22,alta,georef/localidades,https://apis.datos.gob.ar/georef/api,verde,BAHRA: el nombre no es localidad censal -> BAHRA es la fuente correcta (P7). id de capa 'localidades' NO es id censal INDEC valido
v3_p14,888,Buenos Aires,Pilar,Manzone,,129,0663804006,Manzone,Pilar,-34.508617703129,-58.8613535584736,propuesto,A (aparcado),bahra_georef,auto_muestreo,no,auto(pendiente_muestra),2026-07-22,alta,georef/localidades,https://apis.datos.gob.ar/georef/api,verde,BAHRA: el nombre no es localidad censal -> BAHRA es la fuente correcta (P7). id de capa 'localidades' NO es id censal INDEC valido
v3_p14,770,Buenos Aires,Olavarría,Mapis,,231,06595A18,Mapis,Olavarría,-36.7716628864375,-61.2855356710622,propuesto,A (aparcado),bahra_georef,auto_muestreo,no,auto(pendiente_muestra),2026-07-22,alta,georef/asentamientos,https://apis.datos.gob.ar/georef/api,verde,BAHRA: el nombre no es localidad censal -> fuente correcta (P7)
v3_p14,74,Buenos Aires,Marcos Paz,Marcos Paz,,7697,06525020,Marcos Paz,Marcos Paz,-34.7800219917337,-58.8335252686468,auto_ok,auto_ok,match_exacto_3campos,auto_match,no,auto,2026-07-22,alta,georef/localidades-censales,https://apis.datos.gob.ar/georef/api,verde,
v3_p14,460,Buenos Aires,General Lavalle,Mar de Ajó,,613,0642002003,Mar de Ajó,La Costa,-36.7295552936745,-56.6772956263397,propuesto,A (aparcado),bahra_georef,auto_muestreo,no,auto(pendiente_muestra),2026-07-22,alta,georef/localidades,https://apis.datos.gob.ar/georef/api,verde,BAHRA: el nombre no es localidad censal -> BAHRA es la fuente correcta (P7). id de capa 'localidades' NO es id censal INDEC valido
v3_p14,11,Buenos Aires,General Pueyrredón,Mar del Plata,,211365,06357110,Mar del Plata,General Pueyrredón,-37.997618882919,-57.5481525302113,auto_ok,auto_ok,match_exacto_3campos,auto_match,no,auto,2026-07-22,alta,georef/localidades-censales,https://apis.datos.gob.ar/georef/api,verde,
v3_p14,153,Buenos Aires,Tandil,María Ignacia,,3023,06791040,Marí­a Ignacia,Tandil,-37.401287325615,-59.50597398265,auto_ok,auto_ok,match_exacto_3campos,auto_match,no,auto,2026-07-22,alta,georef/localidades-censales,https://apis.datos.gob.ar/georef/api,verde,
v3_p14,597,Buenos Aires,Hipólito Yrigoyen,María Lucila,,393,06406A04,María Lucila,Hipólito Yrigoyen,-36.1929992041573,-61.5382190076134,propuesto,A (aparcado),bahra_georef,auto_muestreo,no,auto(pendiente_muestra),2026-07-22,alta,georef/asentamientos,https://apis.datos.gob.ar/georef/api,verde,BAHRA: el nombre no es localidad censal -> fuente correcta (P7)
v3_p15,485,Buenos Aires,Pergamino,Mariano Benítez,,569,06623080,Mariano Bení­tez,Pergamino,-33.7066223714511,-60.5819041309541,auto_ok,auto_ok,match_exacto_3campos,auto_match,no,auto,2026-07-22,alta,georef/localidades-censales,https://apis.datos.gob.ar/georef/api,verde,
v3_p15,266,Buenos Aires,Pergamino,Mariano M. Alfonso,,1353,,Mariano H. Alfonzo,,-33.883,-60.833,propuesto,C5-rename,web_rename,humano_lote,no,pendiente:Jose,2026-07-22,verde (guard: coord en depto esperado),Wikipedia,https://en.wikipedia.org/wiki/Mariano_H._Alfonzo,verde,[guard=verde; punto en Pergamino] Estación/localidad del partido Pergamino; estación renombrada Mariano H. Alfonzo en 1945
v3_p15,571,Buenos Aires,Juárez,Mariano Roldán,,426,06084A04,Mariano Roldán,Benito Juárez,-37.719053633062,-60.3235172353705,propuesto,A (aparcado),bahra_georef,auto_muestreo,no,auto(pendiente_muestra),2026-07-22,alta,georef/asentamientos,https://apis.datos.gob.ar/georef/api,verde,BAHRA: el nombre no es localidad censal -> fuente correcta (P7)
v3_p15,573,Buenos Aires,Trenque Lauquen,Mari Lauquen,,425,06826A19,Mari Lauquen,Trenque Lauquen,-36.1292066243669,-62.9780487456826,propuesto,A (aparcado),bahra_georef,auto_muestreo,no,auto(pendiente_muestra),2026-07-22,alta,georef/asentamientos,https://apis.datos.gob.ar/georef/api,verde,BAHRA: el nombre no es localidad censal -> fuente correcta (P7)
v3_p15,716,Buenos Aires,25 de Mayo,Martín Berraondo,,276,06854A17,Martín Berraondo,25 de Mayo,-35.3171938257935,-59.9513519860967,propuesto,A (aparcado),bahra_georef,auto_muestreo,no,auto(pendiente_muestra),2026-07-22,alta,georef/asentamientos,https://apis.datos.gob.ar/georef/api,verde,BAHRA: el nombre no es localidad censal -> fuente correcta (P7)
v3_p15,248,Buenos Aires,Lincoln,Martínez de Hoz,,1428,06469040,Coronel Martí­nez de Hoz,Lincoln,-35.3321817215807,-61.6140851684372,propuesto,A (aparcado),bahra_georef,auto_muestreo,no,auto(pendiente_muestra),2026-07-22,media (nombre difiere),georef/,https://apis.datos.gob.ar/georef/api,verde,variante de nombre en el depto correcto
v3_p15,772,Buenos Aires,Azul,Martín Fierro,,229,06049A20,Martín Fierro,Azul,-37.2326332975521,-59.8237552475948,propuesto,A (aparcado),bahra_georef,auto_muestreo,no,auto(pendiente_muestra),2026-07-22,alta,georef/asentamientos,https://apis.datos.gob.ar/georef/api,verde,BAHRA: el nombre no es localidad censal -> fuente correcta (P7)
v3_p15,154,Buenos Aires,Escobar,Matheu,,2993,0625201006,Matheu,Escobar,-34.3852450911802,-58.8278056477923,propuesto,A (aparcado),bahra_georef,auto_muestreo,no,auto(pendiente_muestra),2026-07-22,alta,georef/localidades,https://apis.datos.gob.ar/georef/api,verde,BAHRA: el nombre no es localidad censal -> BAHRA es la fuente correcta (P7). id de capa 'localidades' NO es id censal INDEC valido
v3_p15,467,Buenos Aires,Carlos Casares,Mauricio Hirsch,,590,06147070,Mauricio Hirsch,Carlos Casares,-35.581311755967,-61.5247935122897,auto_ok,auto_ok,match_exacto_3campos,auto_match,no,auto,2026-07-22,alta,georef/localidades-censales,https://apis.datos.gob.ar/georef/api,verde,
v3_p15,379,La Pampa,Conhello,Mauricio Mayer,,802,42035030,Mauricio Mayer,Conhelo,-36.2108395392133,-64.0336372499252,auto_ok,auto_ok,match_exacto_3campos,auto_match,no,auto,2026-07-22,alta,georef/localidades-censales,https://apis.datos.gob.ar/georef/api,verde,
v3_p15,527,Buenos Aires,Bragado,Máximo Fernández,,505,,Máximo Fernández,,-35.0614,-60.7047,propuesto,C5-rename,web_rename,humano_lote,no,pendiente:Jose,2026-07-22,verde (guard: coord en depto esperado),wikipedia,https://es.wikipedia.org/wiki/Estaci%C3%B3n_M%C3%A1ximo_Fern%C3%A1ndez,verde,"[guard=verde; punto en Bragado] Localidad/estacion Maximo Fernandez, ~21 km al oeste de Bragado, partido Bragado. Coincide depto."
v3_p15,358,Buenos Aires,Cañuelas,Máximo Paz,,866,06134070,Máximo Paz,Cañuelas,-34.9405321574521,-58.6160962899907,auto_ok,auto_ok,match_exacto_3campos,auto_match,no,auto,2026-07-22,alta,georef/localidades-censales,https://apis.datos.gob.ar/georef/api,verde,
v3_p15,159,Buenos Aires,Villarino,Mayor Buratovich,,2872,06875050,Mayor Buratovich,Villarino,-39.2607770728703,-62.6153390165416,auto_ok,auto_ok,match_exacto_3campos,auto_match,no,auto,2026-07-22,alta,georef/localidades-censales,https://apis.datos.gob.ar/georef/api,verde,
v3_p15,227,Buenos Aires,Adolfo Alsina,Maza,,1609,06007070,Maza,Adolfo Alsina,-36.8002318222102,-63.3392712276672,auto_ok,auto_ok,match_exacto_3campos,auto_match,no,auto,2026-07-22,alta,georef/localidades-censales,https://apis.datos.gob.ar/georef/api,verde,
v3_p15,551,Buenos Aires,Rauch,M. Colman,,464,,Estación Martín Colman,,-36.4097,-59.1433,propuesto,C5-rename,web_rename,humano_lote,no,pendiente:Jose,2026-07-22,verde (guard: coord en depto esperado),Wikipedia,https://es.wikipedia.org/wiki/Estaci%C3%B3n_Mart%C3%ADn_Colman,verde,[guard=verde; punto en Rauch] Estación y pequeño poblado en partido de Rauch (M. Colman = Martín Colman)
v3_p15,568,Buenos Aires,Alberti,Mechita,,456,06021030,Mechita,Alberti,-35.0682353747787,-60.4035809631775,auto_ok,auto_ok,match_exacto_3campos,auto_match,no,auto,2026-07-22,alta,georef/localidades-censales,https://apis.datos.gob.ar/georef/api,verde,
v3_p15,189,Buenos Aires,Bragado,Mechita,,2042,06112080,Mechita,Bragado,-35.0733395584087,-60.4117437751734,auto_ok,auto_ok,match_exacto_3campos,auto_match,no,auto,2026-07-22,alta,georef/localidades-censales,https://apis.datos.gob.ar/georef/api,verde,
v3_p15,212,Buenos Aires,General Alvarado,Mechongué,,1801,06280030,Mechongué,General Alvarado,-38.1462571359698,-58.2292083335288,auto_ok,auto_ok,match_exacto_3campos,auto_match,no,auto,2026-07-22,alta,georef/localidades-censales,https://apis.datos.gob.ar/georef/api,verde,
v3_p15,140,Buenos Aires,Villarino,Médanos,,3200,06875060,Médanos,Villarino,-38.8292048528221,-62.6935528682105,auto_ok,auto_ok,match_exacto_3campos,auto_match,no,auto,2026-07-22,alta,georef/localidades-censales,https://apis.datos.gob.ar/georef/api,verde,
v3_p15,656,Buenos Aires,Chacabuco,Membrillar,,341,06210A13,Membrillar,Chacabuco,-34.5912406873025,-60.6119221526641,propuesto,A (aparcado),bahra_georef,auto_muestreo,no,auto(pendiente_muestra),2026-07-22,alta,georef/asentamientos,https://apis.datos.gob.ar/georef/api,verde,BAHRA: el nombre no es localidad censal -> fuente correcta (P7)
v3_p15,36,Buenos Aires,Mercedes,Mercedes,,25778,06532040,Mercedes,Mercedes,-34.6527818757186,-59.4248819068552,auto_ok,auto_ok,match_exacto_3campos,auto_match,no,auto,2026-07-22,alta,georef/localidades-censales,https://apis.datos.gob.ar/georef/api,verde,
v3_p15,16,Buenos Aires,Merlo,Merlo,1,100146,06539010,Merlo,Merlo,-34.6703630256425,-58.730053959003,auto_ok,auto_ok,match_exacto_3campos,auto_match,no,auto,2026-07-22,alta,georef/localidades-censales,https://apis.datos.gob.ar/georef/api,verde,
v3_p15,580,La Pampa,Trenel,Metileo,,409,42147020,Metileo,Trenel,-35.7741588972938,-63.9406674706721,auto_ok,auto_ok,match_exacto_3campos,auto_match,no,auto,2026-07-22,alta,georef/localidades-censales,https://apis.datos.gob.ar/georef/api,verde,
v3_p15,183,Buenos Aires,Tres Arroyos,Micaela Cascallares,,2156,06833050,Micaela Cascallares,Tres Arroyos,-38.4926790060303,-60.4684232796744,auto_ok,auto_ok,match_exacto_3campos,auto_match,no,auto,2026-07-22,alta,georef/localidades-censales,https://apis.datos.gob.ar/georef/api,verde,
v3_p15,283,La Pampa,Quemú-Quemú,Miguel Cané,,1235,42119030,Miguel Cané,Quemú Quemú,-36.1571827513974,-63.5125973395603,auto_ok,auto_ok,match_exacto_3campos,auto_match,no,auto,2026-07-22,alta,georef/localidades-censales,https://apis.datos.gob.ar/georef/api,verde,
v3_p15,265,La Pampa,Atreucó,Miguel Riglos,,1360,42007030,Miguel Riglos,Atreucó,-36.8564183729564,-63.6878175463855,auto_ok,auto_ok,match_exacto_3campos,auto_match,no,auto,2026-07-22,alta,georef/localidades-censales,https://apis.datos.gob.ar/georef/api,verde,
v3_p15,658,Buenos Aires,Azul,Miramonte,,337,06049A21,Miramonte,Azul,-36.3088100426147,-59.435934895012,propuesto,A (aparcado),bahra_georef,auto_muestreo,no,auto(pendiente_muestra),2026-07-22,alta,georef/asentamientos,https://apis.datos.gob.ar/georef/api,verde,BAHRA: el nombre no es localidad censal -> fuente correcta (P7)
v3_p15,440,Buenos Aires,Rauch,Miranda,,647,06672030,Miranda,Rauch,-36.5332147119631,-59.1332034831959,auto_ok,auto_ok,match_exacto_3campos,auto_match,no,auto,2026-07-22,alta,georef/localidades-censales,https://apis.datos.gob.ar/georef/api,verde,
v3_p15,889,Buenos Aires,Rivadavia,Mira Pampa,,129,06679030,Mira Pampa,Rivadavia,-35.8699655607231,-63.374378405246,auto_ok,auto_ok,match_exacto_3campos,auto_match,no,auto,2026-07-22,alta,georef/localidades-censales,https://apis.datos.gob.ar/georef/api,verde,
v3_p15,365,Buenos Aires,Carlos Casares,Moctezuma,,852,06147080,Moctezuma,Carlos Casares,-35.4779088059904,-61.4957491091046,auto_ok,auto_ok,match_exacto_3campos,auto_match,no,auto,2026-07-22,alta,georef/localidades-censales,https://apis.datos.gob.ar/georef/api,verde,
v3_p15,292,Buenos Aires,Navarro,Moll,,1175,06574040,Villa Moll,Navarro,-35.0778963773342,-59.6519124756177,propuesto,A (aparcado),bahra_georef,auto_muestreo,no,auto(pendiente_muestra),2026-07-22,media (nombre difiere),georef/,https://apis.datos.gob.ar/georef/api,verde,variante de nombre en el depto correcto
v3_p15,688,Buenos Aires,Chascomús,Monasterio,,307,06466030,Monasterio,Lezama,-35.773658177883,-57.9302773322448,auto_ok,auto_ok,match_exacto_3campos,auto_match,no,auto,2026-07-22,alta,georef/localidades-censales,https://apis.datos.gob.ar/georef/api,verde,
v3_p15,250,Buenos Aires,Pehuajó,Mones Cazón,,1426,06609050,Mones Cazón,Pehuajó,-36.2276848372081,-62.0065915307438,auto_ok,auto_ok,match_exacto_3campos,auto_match,no,auto,2026-07-22,alta,georef/localidades-censales,https://apis.datos.gob.ar/georef/api,verde,
v3_p15,829,Buenos Aires,Salto,Monroe,,183,06714A04,Monroe,Salto,-34.4592660598717,-60.2891582733432,propuesto,A (aparcado),bahra_georef,auto_muestreo,no,auto(pendiente_muestra),2026-07-22,alta,georef/asentamientos,https://apis.datos.gob.ar/georef/api,verde,BAHRA: el nombre no es localidad censal -> fuente correcta (P7)
v3_p15,730,Buenos Aires,Maipú,Monsalvo,,265,06511A01,Monsalvo,Maipú,-36.8809868413935,-57.3604910081387,propuesto,A (aparcado),bahra_georef,auto_muestreo,no,auto(pendiente_muestra),2026-07-22,alta,georef/asentamientos,https://apis.datos.gob.ar/georef/api,verde,BAHRA: el nombre no es localidad censal -> fuente correcta (P7)
v3_p15,289,Buenos Aires,Coronel Dorrego,Monte Hermoso,,1198,06553020,Monte Hermoso,Monte Hermoso,-38.983450802687,-61.3033756383997,auto_ok,auto_ok,match_exacto_3campos,auto_match,no,auto,2026-07-22,alta,georef/localidades-censales,https://apis.datos.gob.ar/georef/api,verde,
v3_p15,715,La Pampa,Conhello,Monte Nievas,,279,42035040,Monte Nievas,Conhelo,-35.8615333799767,-64.1531254795262,auto_ok,auto_ok,match_exacto_3campos,auto_match,no,auto,2026-07-22,alta,georef/localidades-censales,https://apis.datos.gob.ar/georef/api,verde,
v3_p15,837,Buenos Aires,General Villegas,Moores,,176,06392A15,Moores,General Villegas,-34.9537047169756,-62.913777478767,propuesto,A (aparcado),bahra_georef,auto_muestreo,no,auto(pendiente_muestra),2026-07-22,alta,georef/asentamientos,https://apis.datos.gob.ar/georef/api,verde,BAHRA: el nombre no es localidad censal -> fuente correcta (P7)
v3_p15,203,Buenos Aires,Chivilcoy,Moquehuá,,1875,06224050,Moquehuá,Chivilcoy,-35.0921276618456,-59.7757242002291,auto_ok,auto_ok,match_exacto_3campos,auto_match,no,auto,2026-07-22,alta,georef/localidades-censales,https://apis.datos.gob.ar/georef/api,verde,
v3_p15,334,Buenos Aires,9 de Julio,Morea,,970,06588080,Morea,9 de Julio,-35.5553503872341,-60.5608164030183,auto_ok,auto_ok,match_exacto_3campos,auto_match,no,auto,2026-07-22,alta,georef/localidades-censales,https://apis.datos.gob.ar/georef/api,verde,
v3_p15,20,Buenos Aires,Moreno,Moreno,1,59338,06560010,Moreno,Moreno,-34.6502671432558,-58.7894737815397,auto_ok,auto_ok,match_exacto_3campos,auto_match,no,auto,2026-07-22,alta,georef/localidades-censales,https://apis.datos.gob.ar/georef/api,verde,
v3_p16,3,Buenos Aires,Morón,Morón,1,341920,06568010,Morón,Morón,-34.6485927855746,-58.6221005158761,auto_ok,auto_ok,match_exacto_3campos,auto_match,no,auto,2026-07-22,alta,georef/localidades-censales,https://apis.datos.gob.ar/georef/api,verde,
v3_p16,276,Buenos Aires,Junín,Morse,,1277,06413080,Morse,Junín,-34.759726505665,-60.8409589238057,auto_ok,auto_ok,match_exacto_3campos,auto_match,no,auto,2026-07-22,alta,georef/localidades-censales,https://apis.datos.gob.ar/georef/api,verde,
v3_p16,316,Buenos Aires,25 de Mayo,Mosconi,,1050,06854010,Agustí­n Mosconi,25 de Mayo,-35.740311960229,-60.5570725421309,propuesto,A (aparcado),bahra_georef,auto_muestreo,no,auto(pendiente_muestra),2026-07-22,media (nombre difiere),georef/,https://apis.datos.gob.ar/georef/api,verde,variante de nombre en el depto correcto
v3_p16,883,Buenos Aires,9 de Julio,Mulcahy,,132,06588A20,Mulcahy,9 de Julio,-35.4936040642818,-60.7120316766354,propuesto,A (aparcado),bahra_georef,auto_muestreo,no,auto(pendiente_muestra),2026-07-22,alta,georef/asentamientos,https://apis.datos.gob.ar/georef/api,verde,BAHRA: el nombre no es localidad censal -> fuente correcta (P7)
v3_p16,878,Buenos Aires,Olavarría,Muñoz,,138,06595A19,Muñoz,Olavarría,-37.0775534388319,-60.7679933249147,propuesto,A (aparcado),bahra_georef,auto_muestreo,no,auto(pendiente_muestra),2026-07-22,alta,georef/asentamientos,https://apis.datos.gob.ar/georef/api,verde,BAHRA: el nombre no es localidad censal -> fuente correcta (P7)
v3_p16,590,Buenos Aires,Mar Chiquita,Nahuel Ruca,,400,06518A10,Nahuel Rucá,Mar Chiquita,-37.5820133780284,-57.5475949066997,propuesto,A (aparcado),bahra_georef,auto_muestreo,no,auto(pendiente_muestra),2026-07-22,alta,georef/asentamientos,https://apis.datos.gob.ar/georef/api,verde,BAHRA: el nombre no es localidad censal -> fuente correcta (P7)
v3_p16,514,La Pampa,Toay,Naicó,,523,42140010,Naicó,Toay,-36.9259831953825,-64.4053317068126,auto_ok,auto_ok,match_exacto_3campos,auto_match,no,auto,2026-07-22,alta,georef/localidades-censales,https://apis.datos.gob.ar/georef/api,verde,
v3_p16,519,Buenos Aires,Balcarce,Napaleofú,,514,06063030,Napaleofú,Balcarce,-37.6231336037769,-58.7463729004601,auto_ok,auto_ok,match_exacto_3campos,auto_match,no,auto,2026-07-22,alta,georef/localidades-censales,https://apis.datos.gob.ar/georef/api,verde,
v3_p16,793,Buenos Aires,Bahía Blanca,Napostá,,212,06056A08,Napostá,Bahía Blanca,-38.4397332690481,-62.2447413110331,propuesto,A (aparcado),bahra_georef,auto_muestreo,no,auto(pendiente_muestra),2026-07-22,alta,georef/asentamientos,https://apis.datos.gob.ar/georef/api,verde,BAHRA: el nombre no es localidad censal -> fuente correcta (P7)
v3_p16,98,Buenos Aires,Navarro,Navarro,,5431,06574030,Navarro,Navarro,-34.9986469923949,-59.2755426861369,auto_ok,auto_ok,match_exacto_3campos,auto_match,no,auto,2026-07-22,alta,georef/localidades-censales,https://apis.datos.gob.ar/georef/api,verde,
v3_p16,33,Buenos Aires,Necochea,Necochea,,29319,0658104001,Necochea,Necochea,-38.5712233301397,-58.7262420207665,propuesto,A (aparcado),bahra_georef,auto_muestreo,no,auto(pendiente_muestra),2026-07-22,alta,georef/localidades,https://apis.datos.gob.ar/georef/api,verde,BAHRA: el nombre no es localidad censal -> BAHRA es la fuente correcta (P7). id de capa 'localidades' NO es id censal INDEC valido
v3_p16,884,Buenos Aires,Carlos Tejedor,Necol,,132,06154A14,Necol,Carlos Tejedor,-35.2057676449331,-62.2701180389741,propuesto,A (aparcado),bahra_georef,auto_muestreo,no,auto(pendiente_muestra),2026-07-22,alta,georef/asentamientos,https://apis.datos.gob.ar/georef/api,verde,BAHRA: el nombre no es localidad censal -> fuente correcta (P7)
v3_p16,859,Buenos Aires,General Belgrano,Newton,,158,06301A09,Newton,General Belgrano,-35.9314057649953,-58.7746154930529,propuesto,A (aparcado),bahra_georef,auto_muestreo,no,auto(pendiente_muestra),2026-07-22,alta,georef/asentamientos,https://apis.datos.gob.ar/georef/api,verde,BAHRA: el nombre no es localidad censal -> fuente correcta (P7)
v3_p16,450,Buenos Aires,Coronel Dorrego,Nicolás Descalzi,,629,06189A15,Nicolás Descalzi,Coronel Dorrego,-38.4380298340483,-60.9891204871918,propuesto,A (aparcado),bahra_georef,auto_muestreo,no,auto(pendiente_muestra),2026-07-22,alta,georef/asentamientos,https://apis.datos.gob.ar/georef/api,verde,BAHRA: el nombre no es localidad censal -> fuente correcta (P7)
v3_p16,755,Buenos Aires,Villarino,Nicolás Levalle,,247,06875A33,Nicolás Levalle,Villarino,-38.8509221913918,-62.8792461262531,propuesto,A (aparcado),bahra_georef,auto_muestreo,no,auto(pendiente_muestra),2026-07-22,alta,georef/asentamientos,https://apis.datos.gob.ar/georef/api,verde,BAHRA: el nombre no es localidad censal -> fuente correcta (P7)
v3_p16,741,Buenos Aires,Azul,Nieves,,257,06049A22,Nieves,Azul,-36.8287225648075,-59.9903285920356,propuesto,A (aparcado),bahra_georef,auto_muestreo,no,auto(pendiente_muestra),2026-07-22,alta,georef/asentamientos,https://apis.datos.gob.ar/georef/api,verde,BAHRA: el nombre no es localidad censal -> fuente correcta (P7)
v3_p16,128,Buenos Aires,25 de Mayo,Norberto de la Riestra,,3582,06854060,Norberto de la Riestra,25 de Mayo,-35.2733180770451,-59.7756408136404,auto_ok,auto_ok,match_exacto_3campos,auto_match,no,auto,2026-07-22,alta,georef/localidades-censales,https://apis.datos.gob.ar/georef/api,verde,
v3_p16,581,Buenos Aires,9 de Julio,Norumbega,,409,06588090,Norumbega,9 de Julio,-35.5328611032777,-60.793555522239,auto_ok,auto_ok,match_exacto_3campos,auto_match,no,auto,2026-07-22,alta,georef/localidades-censales,https://apis.datos.gob.ar/georef/api,verde,
v3_p16,44,Buenos Aires,9 de Julio,9 de Julio,,17768,06588100,9 de Julio,9 de Julio,-35.4439899937388,-60.8845656839741,auto_ok,auto_ok,match_exacto_3campos,auto_match,no,auto,2026-07-22,alta,georef/localidades-censales,https://apis.datos.gob.ar/georef/api,verde,
v3_p16,432,Buenos Aires,San Cayetano,Ochandio,,667,06742020,Ochandio,San Cayetano,-38.3593373768084,-59.7928291747163,auto_ok,auto_ok,match_exacto_3campos,auto_match,no,auto,2026-07-22,alta,georef/localidades-censales,https://apis.datos.gob.ar/georef/api,verde,
v3_p16,240,Buenos Aires,Chacabuco,O'Higgins,,1490,06210030,O'Higgins,Chacabuco,-34.5855138159791,-60.6998804295248,auto_ok,auto_ok,match_exacto_3campos,auto_match,no,auto,2026-07-22,alta,georef/localidades-censales,https://apis.datos.gob.ar/georef/api,verde,
v3_p16,759,La Pampa,Realicó,Ojeda,,243,42133070,Ojeda,Realicó,-35.3068277686526,-64.0054725550363,auto_ok,auto_ok,match_exacto_3campos,auto_match,no,auto,2026-07-22,alta,georef/localidades-censales,https://apis.datos.gob.ar/georef/api,verde,
v3_p16,355,Buenos Aires,Bragado,Olascoaga,,874,06112090,Olascoaga,Bragado,-35.2375612404351,-60.6113223341941,auto_ok,auto_ok,match_exacto_3campos,auto_match,no,auto,2026-07-22,alta,georef/localidades-censales,https://apis.datos.gob.ar/georef/api,verde,
v3_p16,29,Buenos Aires,Olavarría,Olavarría,,35107,06595080,Olavarrí­a,Olavarría,-36.8937905479518,-60.3232626222861,auto_ok,auto_ok,match_exacto_3campos,auto_match,no,auto,2026-07-22,alta,georef/localidades-censales,https://apis.datos.gob.ar/georef/api,verde,
v3_p16,544,Buenos Aires,Brandsen,Oliden,,482,06119080,Oliden,Brandsen,-35.1845564497434,-57.9486775638617,auto_ok,auto_ok,match_exacto_3campos,auto_match,no,auto,2026-07-22,alta,georef/localidades-censales,https://apis.datos.gob.ar/georef/api,verde,
v3_p16,428,Buenos Aires,Luján,Olivera,,674,06497030,Olivera,Luján,-34.6277286802245,-59.255071127234,auto_ok,auto_ok,match_exacto_3campos,auto_match,no,auto,2026-07-22,alta,georef/localidades-censales,https://apis.datos.gob.ar/georef/api,verde,
v3_p16,664,Buenos Aires,Villarino,Ombucta,,329,06875A34,Ombucta,Villarino,-38.905702961375,-62.5438839339285,propuesto,A (aparcado),bahra_georef,auto_muestreo,no,auto(pendiente_muestra),2026-07-22,alta,georef/asentamientos,https://apis.datos.gob.ar/georef/api,verde,BAHRA: el nombre no es localidad censal -> fuente correcta (P7)
v3_p16,251,Buenos Aires,Luján,Open Door,,1426,0649706008,Open Door,Luján,-34.4914919706787,-59.0775054640689,propuesto,A (aparcado),bahra_georef,auto_muestreo,no,auto(pendiente_muestra),2026-07-22,alta,georef/localidades,https://apis.datos.gob.ar/georef/api,verde,BAHRA: el nombre no es localidad censal -> BAHRA es la fuente correcta (P7). id de capa 'localidades' NO es id censal INDEC valido
v3_p16,399,Buenos Aires,Carlos Casares,Ordoqui,,739,06147090,Ordoqui,Carlos Casares,-35.8804714044304,-61.1601270682213,auto_ok,auto_ok,match_exacto_3campos,auto_match,no,auto,2026-07-22,alta,georef/localidades-censales,https://apis.datos.gob.ar/georef/api,verde,
v3_p16,160,Buenos Aires,Tres Arroyos,Orense,,2841,06833060,Orense,Tres Arroyos,-38.6838863883441,-59.7765374116697,auto_ok,auto_ok,match_exacto_3campos,auto_match,no,auto,2026-07-22,alta,georef/localidades-censales,https://apis.datos.gob.ar/georef/api,verde,
v3_p16,180,Buenos Aires,Coronel Dorrego,Oriente,,2357,06189070,Oriente,Coronel Dorrego,-38.744365690742,-60.6094457463082,auto_ok,auto_ok,match_exacto_3campos,auto_match,no,auto,2026-07-22,alta,georef/localidades-censales,https://apis.datos.gob.ar/georef/api,verde,
v3_p16,476,Buenos Aires,Pergamino,Ortiz Basualdo,,577,06623A16,Ortíz Basualdo,Pergamino,-34.0297328414777,-60.655248149748,propuesto,A (aparcado),bahra_georef,auto_muestreo,no,auto(pendiente_muestra),2026-07-22,alta,georef/asentamientos,https://apis.datos.gob.ar/georef/api,verde,BAHRA: el nombre no es localidad censal -> fuente correcta (P7)
v3_p16,671,Buenos Aires,25 de Mayo,Ortiz de Rozas,,323,06854A18,Ortíz de Rosas,25 de Mayo,-35.4017729768803,-60.3783033480706,propuesto,E-bahra-fuzzy,bahra_fuzzy,auto_muestreo,no,auto(pendiente_muestra),2026-07-22,BAJA (fuzzy en capa BAHRA: puede no ser el mismo lugar),georef/asentamientos,https://apis.datos.gob.ar/georef/api,verde,antes era sin_match. candidatos: Ortíz de Rosas/25 de Mayo [06854A18]
v3_p16,290,Buenos Aires,Campana,Otamendi,,1190,,Ingeniero Otamendi,,-34.2342,-58.8642,propuesto,C5-rename,web_rename,humano_lote,no,pendiente:Jose,2026-07-22,verde (guard: coord en depto esperado),dices.net,https://www.dices.net/mapas/argentina/mapa.php?nombre=Otamendi&id=42326,verde,"[guard=verde; punto en Campana] En partido Campana; NO es Comandante Nicanor Otamendi (Gral Alvarado), homónimo lejano de la pista"
v3_p16,692,Buenos Aires,Azul,Pablo Acosta,,303,06049A23,Pablo Acosta,Azul,-37.159952829155,-59.6522629712545,propuesto,A (aparcado),bahra_georef,auto_muestreo,no,auto(pendiente_muestra),2026-07-22,alta,georef/asentamientos,https://apis.datos.gob.ar/georef/api,verde,BAHRA: el nombre no es localidad censal -> fuente correcta (P7)
v3_p16,732,Buenos Aires,Alberti,Palantelén,,264,06021A06,Palantelén,Alberti,-35.1673913962176,-60.3347322651498,propuesto,A (aparcado),bahra_georef,auto_muestreo,no,auto(pendiente_muestra),2026-07-22,alta,georef/asentamientos,https://apis.datos.gob.ar/georef/api,verde,BAHRA: el nombre no es localidad censal -> fuente correcta (P7)
v3_p16,368,Buenos Aires,Chivilcoy,Palemón Huergo,,845,06224090,Palemón Huergo,Chivilcoy,-34.7989339436524,-60.2068647917915,auto_ok,auto_ok,match_exacto_3campos,auto_match,no,auto,2026-07-22,alta,georef/localidades-censales,https://apis.datos.gob.ar/georef/api,verde,
v3_p16,717,Buenos Aires,Laprida,Paraguil,,276,06448A08,Paragüil,Laprida,-37.6944109848734,-60.9823361147515,propuesto,A (aparcado),bahra_georef,auto_muestreo,no,auto(pendiente_muestra),2026-07-22,alta,georef/asentamientos,https://apis.datos.gob.ar/georef/api,verde,BAHRA: el nombre no es localidad censal -> fuente correcta (P7)
v3_p16,312,Buenos Aires,Las Flores,Pardo,,1140,06455040,Pardo,Las Flores,-36.2437580460508,-59.3662916338311,auto_ok,auto_ok,match_exacto_3campos,auto_match,no,auto,2026-07-22,alta,georef/localidades-censales,https://apis.datos.gob.ar/georef/api,verde,
v3_p16,311,La Pampa,Rancul,Parera,,1091,42126040,Parera,Rancul,-35.1467837477407,-64.5022810186307,auto_ok,auto_ok,match_exacto_3campos,auto_match,no,auto,2026-07-22,alta,georef/localidades-censales,https://apis.datos.gob.ar/georef/api,verde,
v3_p16,474,Buenos Aires,Azul,Parish,,578,06049060,Parish,Azul,-36.5181231178421,-59.6329322433746,auto_ok,auto_ok,match_exacto_3campos,auto_match,no,auto,2026-07-22,alta,georef/localidades-censales,https://apis.datos.gob.ar/georef/api,verde,
v3_p17,508,Buenos Aires,Coronel Suárez,Pasman,,536,06203060,Pasman,Coronel Suárez,-37.2236356964937,-62.1647437066642,auto_ok,auto_ok,match_exacto_3campos,auto_match,no,auto,2026-07-22,alta,georef/localidades-censales,https://apis.datos.gob.ar/georef/api,verde,
v3_p17,843,Buenos Aires,Coronel de Marina Leonardo Rosales,Paso Mayer,,170,06182A05,Paso Mayor,Coronel de Marina Leonardo Rosales,-38.6713031229012,-61.7905276111079,propuesto,E-bahra-fuzzy,bahra_fuzzy,auto_muestreo,no,auto(pendiente_muestra),2026-07-22,BAJA (fuzzy en capa BAHRA: puede no ser el mismo lugar),georef/asentamientos,https://apis.datos.gob.ar/georef/api,verde,antes era sin_match. candidatos: Paso Mayor/Coronel de Marina Leonardo Rosales [06182A05]
v3_p17,873,Buenos Aires,General Pinto,Pasteur,,147,06469080,Pasteur,Lincoln,-35.14129,-62.24397,confirmado_3.3b,3.3b:transferencia_limite_declarado,transferencia_limite_declarado,humano_individual,no,humano:Jose(3.3b),2026-07-22,alta,humano (Jose) + Georef + Wikipedia,https://es.wikipedia.org/wiki/Partido_de_Lincoln,rojo,"Jose ratifico bloque limite declarado (README 3.1b: reasignacion entre deptos preexistentes, sin ley citable; identidad solida)"
v3_p17,192,Buenos Aires,Lincoln,Pasteur,,1979,06469080,Pasteur,Lincoln,-35.1412901967067,-62.2439738648286,auto_ok,auto_ok,match_exacto_3campos,auto_match,no,auto,2026-07-22,alta,georef/localidades-censales,https://apis.datos.gob.ar/georef/api,verde,
v3_p17,201,Buenos Aires,9 de Julio,Patricios,,1902,06588110,Patricios,9 de Julio,-35.4410844258529,-60.7165861383737,auto_ok,auto_ok,match_exacto_3campos,auto_match,no,auto,2026-07-22,alta,georef/localidades-censales,https://apis.datos.gob.ar/georef/api,verde,
v3_p17,566,Buenos Aires,Bolívar,Paula,,437,06105040,Paula,Bolívar,-36.5015502397395,-61.0256454771107,auto_ok,auto_ok,match_exacto_3campos,auto_match,no,auto,2026-07-22,alta,georef/localidades-censales,https://apis.datos.gob.ar/georef/api,verde,
v3_p17,455,Buenos Aires,Exaltación de la Cruz,Pavón,,627,0626606003,Pavón (partido Exaltación de la Cruz),Exaltación de la Cruz,-34.39318,-59.03470,confirmado_3.3b,3.3b:rename,rename,documentado_3.3b,no,auto:3.3b(web+doc+guard),2026-07-22,alta,auto + Wikipedia + Georef,https://es.wikipedia.org/wiki/Pav%C3%B3n_(Buenos_Aires),verde,guard=verde (coord en conjunto permitido)
v3_p17,789,Buenos Aires,Colón,Pearson,,217,06175020,Pearson,Colón,-33.6533925621561,-60.8933098448772,auto_ok,auto_ok,match_exacto_3campos,auto_match,no,auto,2026-07-22,alta,georef/localidades-censales,https://apis.datos.gob.ar/georef/api,verde,
v3_p17,202,Buenos Aires,25 de Mayo,Pedernales,,1902,06854070,Pedernales,25 de Mayo,-35.2623612113269,-59.6307570155408,auto_ok,auto_ok,match_exacto_3campos,auto_match,no,auto,2026-07-22,alta,georef/localidades-censales,https://apis.datos.gob.ar/georef/api,verde,
v3_p17,892,Buenos Aires,Pehuajó,Pedro Gamen,,125,06609A20,Pedro Gamen,Pehuajó,-35.6478126077762,-61.8396962857957,propuesto,A (aparcado),bahra_georef,auto_muestreo,no,auto(pendiente_muestra),2026-07-22,alta,georef/asentamientos,https://apis.datos.gob.ar/georef/api,verde,BAHRA: el nombre no es localidad censal -> fuente correcta (P7)
v3_p17,157,Buenos Aires,Villarino,Pedro Luro,,2882,06875070,Pedro Luro,Villarino,-39.5034861635189,-62.6886250416131,auto_ok,auto_ok,match_exacto_3campos,auto_match,no,auto,2026-07-22,alta,georef/localidades-censales,https://apis.datos.gob.ar/georef/api,verde,
v3_p17,792,Buenos Aires,Chascomús,Pedro Nicolás Escribano,,215,06218A25,Pedro Nicolás Escribano,Chascomús,-35.5646144396626,-57.6847371879977,propuesto,A (aparcado),bahra_georef,auto_muestreo,no,auto(pendiente_muestra),2026-07-22,alta,georef/asentamientos,https://apis.datos.gob.ar/georef/api,verde,BAHRA: el nombre no es localidad censal -> fuente correcta (P7)
v3_p17,668,Buenos Aires,González Chaves,Pedro P. Lasalle,,325,06014A06,Pedro P. Lasalle,Adolfo Gonzales Chaves,-37.9858149929639,-60.5804180512618,propuesto,A (aparcado),bahra_georef,auto_muestreo,no,auto(pendiente_muestra),2026-07-22,alta,georef/asentamientos,https://apis.datos.gob.ar/georef/api,verde,BAHRA: el nombre no es localidad censal -> fuente correcta (P7)
v3_p17,46,Buenos Aires,Pehuajó,Pehuajó,,16947,06609070,Pehuajo,Pehuajó,-35.8107922747772,-61.8989466556189,auto_ok,auto_ok,match_exacto_3campos,auto_match,no,auto,2026-07-22,alta,georef/localidades-censales,https://apis.datos.gob.ar/georef/api,verde,
v3_p17,906,Buenos Aires,Pellegrini,Pehuelches,,104,06847A04,Pehuelches,Tres Lomas,-36.3418011085984,-62.8749324686429,propuesto,A (aparcado),bahra_georef,auto_muestreo,no,auto(pendiente_muestra),2026-07-22,alta,georef/asentamientos,https://apis.datos.gob.ar/georef/api,verde,BAHRA: el nombre no es localidad censal -> fuente correcta (P7)
v3_p17,882,Buenos Aires,Coronel de Marina Leonardo Rosales,Pehuenco,,134,06182020,Pehuen Co,Coronel de Marina Leonardo Rosales,-38.9957704088246,-61.5519913516415,propuesto,A (aparcado),bahra_georef,auto_muestreo,no,auto(pendiente_muestra),2026-07-22,media (nombre difiere),georef/,https://apis.datos.gob.ar/georef/api,verde,variante de nombre en el depto correcto
v3_p17,744,Buenos Aires,Tornquist,Pelicura,,256,06819100,Pelicurá,Tornquist,-38.1940162819699,-62.6900949287599,auto_ok,auto_ok,match_exacto_3campos,auto_match,no,auto,2026-07-22,alta,georef/localidades-censales,https://apis.datos.gob.ar/georef/api,verde,
v3_p17,207,Buenos Aires,Ramallo,Pérez Millán,,1860,06665030,Pérez Millán,Ramallo,-33.7701939258864,-60.0937410521656,propuesto,A (aparcado),bahra_georef,auto_muestreo,no,auto(pendiente_muestra),2026-07-22,alta,georef/localidades,https://apis.datos.gob.ar/georef/api,verde,BAHRA: el nombre no es localidad censal -> BAHRA es la fuente correcta (P7). id de capa 'localidades' NO es id censal INDEC valido
v3_p17,26,Buenos Aires,Pergamino,Pergamino,,41612,06623100,Pergamino,Pergamino,-33.893276092013,-60.5645053715269,auto_ok,auto_ok,match_exacto_3campos,auto_match,no,auto,2026-07-22,alta,georef/localidades-censales,https://apis.datos.gob.ar/georef/api,verde,
v3_p17,562,La Pampa,Guatraché,Perú,,449,42070040,Perú,Guatraché,-37.6619078638343,-64.1380116420878,auto_ok,auto_ok,match_exacto_3campos,auto_match,no,auto,2026-07-22,alta,georef/localidades-censales,https://apis.datos.gob.ar/georef/api,verde,
v3_p17,602,La Pampa,Rancul,Pichi-Huincha,,386,42126050,Pichi Huinca,Rancul,-35.6482005734099,-64.7680698577442,propuesto,A (aparcado),bahra_georef,auto_muestreo,no,auto(pendiente_muestra),2026-07-22,media (nombre difiere),georef/,https://apis.datos.gob.ar/georef/api,verde,variante de nombre en el depto correcto
v3_p17,442,Buenos Aires,General Villegas,Pichincha,,646,06392080,Pichincha,General Villegas,-34.58047872197,-62.3507145078128,auto_ok,auto_ok,match_exacto_3campos,auto_match,no,auto,2026-07-22,alta,georef/localidades-censales,https://apis.datos.gob.ar/georef/api,verde,
v3_p17,333,Buenos Aires,General Villegas,Piedritas,,973,06392090,Piedritas,General Villegas,-34.7671866408455,-62.9857401769238,auto_ok,auto_ok,match_exacto_3campos,auto_match,no,auto,2026-07-22,alta,georef/localidades-censales,https://apis.datos.gob.ar/georef/api,verde,
v3_p17,419,Buenos Aires,Lobería,Pieres,,695,06476040,Pieres,Lobería,-38.3935368324778,-58.6723575386229,auto_ok,auto_ok,match_exacto_3campos,auto_match,no,auto,2026-07-22,alta,georef/localidades-censales,https://apis.datos.gob.ar/georef/api,verde,
v3_p17,75,Buenos Aires,Saavedra,Pigüé,,7645,06700050,Pigüé,Saavedra,-37.6024682862562,-62.4084762081619,auto_ok,auto_ok,match_exacto_3campos,auto_match,no,auto,2026-07-22,alta,georef/localidades-censales,https://apis.datos.gob.ar/georef/api,verde,
v3_p17,351,Buenos Aires,Pila,Pila,,906,06630010,Pila,Pila,-36.0042171697766,-58.1412589332938,auto_ok,auto_ok,match_exacto_3campos,auto_match,no,auto,2026-07-22,alta,georef/localidades-censales,https://apis.datos.gob.ar/georef/api,verde,
v3_p17,58,Buenos Aires,Pilar,Pilar,,10375,06638040,Pilar,Pilar,-34.4587099138041,-58.913989480885,auto_ok,auto_ok,match_exacto_3campos,auto_match,no,auto,2026-07-22,alta,georef/localidades-censales,https://apis.datos.gob.ar/georef/api,verde,
v3_p17,381,Buenos Aires,General Juan Madariaga,Pinamar,,798,06644010,Pinamar,Pinamar,-37.1250453893472,-56.8834877312448,auto_ok,auto_ok,match_exacto_3campos,auto_match,no,auto,2026-07-22,alta,georef/localidades-censales,https://apis.datos.gob.ar/georef/api,verde,
v3_p17,511,Buenos Aires,Pergamino,Pinzón,,526,06623110,Pinzón,Pergamino,-33.9925544610771,-60.7284615172705,auto_ok,auto_ok,match_exacto_3campos,auto_match,no,auto,2026-07-22,alta,georef/localidades-censales,https://apis.datos.gob.ar/georef/api,verde,
v3_p17,605,Buenos Aires,Coronel Suárez,Piñeyro,,383,06203A15,Piñeyro,Coronel Suárez,-37.4227621728746,-61.7347595122763,propuesto,A (aparcado),bahra_georef,auto_muestreo,no,auto(pendiente_muestra),2026-07-22,alta,georef/asentamientos,https://apis.datos.gob.ar/georef/api,verde,BAHRA: el nombre no es localidad censal -> fuente correcta (P7)
v3_p17,256,Buenos Aires,Magdalena,Pipinas,,1411,06655020,Pipinas,Punta Indio,-35.53126706917,-57.3285887617048,auto_ok,auto_ok,match_exacto_3campos,auto_match,no,auto,2026-07-22,alta,georef/localidades-censales,https://apis.datos.gob.ar/georef/api,verde,
v3_p17,198,Buenos Aires,Bolívar,Pirovano,,1929,06105050,Pirovano,Bolívar,-36.5101281084354,-61.5555134814354,auto_ok,auto_ok,match_exacto_3campos,auto_match,no,auto,2026-07-22,alta,georef/localidades-censales,https://apis.datos.gob.ar/georef/api,verde,
v3_p17,367,Buenos Aires,Alberti,Plá,,846,06021040,Pla,Alberti,-35.1228641624939,-60.2218996683766,auto_ok,auto_ok,match_exacto_3campos,auto_match,no,auto,2026-07-22,alta,georef/localidades-censales,https://apis.datos.gob.ar/georef/api,verde,
v3_p17,747,Buenos Aires,Las Flores,Plaza Montero,,251,06455A18,Plaza Montero,Las Flores,-36.1484385384447,-59.1460539008813,propuesto,A (aparcado),bahra_georef,auto_muestreo,no,auto(pendiente_muestra),2026-07-22,alta,georef/asentamientos,https://apis.datos.gob.ar/georef/api,verde,BAHRA: el nombre no es localidad censal -> fuente correcta (P7)
v3_p17,777,Buenos Aires,General Las Heras,Plomer,,228,06329030,Plomer,General Las Heras,-34.794679417032,-59.0317549074615,auto_ok,auto_ok,match_exacto_3campos,auto_match,no,auto,2026-07-22,alta,georef/localidades-censales,https://apis.datos.gob.ar/georef/api,verde,
v3_p17,360,Buenos Aires,Saladillo,Polvaredas,,862,06707040,Polvaredas,Saladillo,-35.5945409793742,-59.506923839432,auto_ok,auto_ok,match_exacto_3campos,auto_match,no,auto,2026-07-22,alta,georef/localidades-censales,https://apis.datos.gob.ar/georef/api,verde,
v3_p17,528,Buenos Aires,General Lamadrid,Pontaut,,502,06322050,Pontaut,General La Madrid,-37.7315724279515,-61.323872569162,auto_ok,auto_ok,match_exacto_3campos,auto_match,no,auto,2026-07-22,alta,georef/localidades-censales,https://apis.datos.gob.ar/georef/api,verde,
v3_p17,567,Buenos Aires,General Pinto,Porvenir,,437,06277030,Porvenir,Florentino Ameghino,-34.9501147498895,-62.2233553041209,auto_ok,auto_ok,match_exacto_3campos,auto_match,no,auto,2026-07-22,alta,georef/localidades-censales,https://apis.datos.gob.ar/georef/api,verde,
v3_p17,512,Buenos Aires,Olavarría,Pourtale,,526,06595A20,Pourtalé,Olavarría,-37.0194175703326,-60.5907909067561,propuesto,A (aparcado),bahra_georef,auto_muestreo,no,auto(pendiente_muestra),2026-07-22,alta,georef/asentamientos,https://apis.datos.gob.ar/georef/api,verde,BAHRA: el nombre no es localidad censal -> fuente correcta (P7)
v3_p17,738,Buenos Aires,General Pinto,Pozos Kanki,,260,06351A06,Pazos Kanki,General Pinto,-34.7748952444885,-62.0606779712434,propuesto,E-bahra-fuzzy,bahra_fuzzy,auto_muestreo,no,auto(pendiente_muestra),2026-07-22,BAJA (fuzzy en capa BAHRA: puede no ser el mismo lugar),georef/asentamientos,https://apis.datos.gob.ar/georef/api,verde,antes era sin_match. candidatos: Pazos Kanki/General Pinto [06351A06]
v3_p17,841,Buenos Aires,General Villegas,Pradere,,171,06392A16,Pradere,General Villegas,-35.253159859934,-62.9253926027847,propuesto,A (aparcado),bahra_georef,auto_muestreo,no,auto(pendiente_muestra),2026-07-22,alta,georef/asentamientos,https://apis.datos.gob.ar/georef/api,verde,BAHRA: el nombre no es localidad censal -> fuente correcta (P7)
v3_p18,104,Buenos Aires,Pilar,Presidente Derqui,,5068,0663804009,Presidente Derqui,Pilar,-34.4922671765476,-58.8390198925922,propuesto,A (aparcado),bahra_georef,auto_muestreo,no,auto(pendiente_muestra),2026-07-22,alta,georef/localidades,https://apis.datos.gob.ar/georef/api,verde,BAHRA: el nombre no es localidad censal -> BAHRA es la fuente correcta (P7). id de capa 'localidades' NO es id censal INDEC valido
v3_p18,809,Buenos Aires,Alberti,Presidente Quintana,,202,06021A07,Presidente Quintana,Alberti,-35.2233758708822,-60.1912833502869,propuesto,A (aparcado),bahra_georef,auto_muestreo,no,auto(pendiente_muestra),2026-07-22,alta,georef/asentamientos,https://apis.datos.gob.ar/georef/api,verde,BAHRA: el nombre no es localidad censal -> fuente correcta (P7)
v3_p18,612,Buenos Aires,Trenque Lauquen,Primera Junta,,375,06826A22,Primera Junta,Trenque Lauquen,-35.9168040151427,-62.6364991478498,propuesto,A (aparcado),bahra_georef,auto_muestreo,no,auto(pendiente_muestra),2026-07-22,alta,georef/asentamientos,https://apis.datos.gob.ar/georef/api,verde,BAHRA: el nombre no es localidad censal -> fuente correcta (P7)
v3_p18,131,Buenos Aires,Puán,Puán,,3439,06651070,Puán,Puán,-37.5411223576675,-62.7696248165909,auto_ok,auto_ok,match_exacto_3campos,auto_match,no,auto,2026-07-22,alta,georef/localidades-censales,https://apis.datos.gob.ar/georef/api,verde,
v3_p18,631,Buenos Aires,25 de Mayo,Pueblitos,,364,06854A20,Pueblitos,25 de Mayo,-35.6374803215302,-60.1099543488625,propuesto,A (aparcado),bahra_georef,auto_muestreo,no,auto(pendiente_muestra),2026-07-22,alta,georef/asentamientos,https://apis.datos.gob.ar/georef/api,verde,BAHRA: el nombre no es localidad censal -> fuente correcta (P7)
v3_p18,502,La Pampa,Cura-Có,Puelches,,544,42042020,Puelches,Curacó,-38.1463539971211,-65.9140673856569,auto_ok,auto_ok,match_exacto_3campos,auto_match,no,auto,2026-07-22,alta,georef/localidades-censales,https://apis.datos.gob.ar/georef/api,verde,
v3_p18,126,Buenos Aires,Coronel de Marina Leonardo Rosales,Puerto Belgrano,,3607,,Base Naval Puerto Belgrano (Punta Alta),,-38.8869,-62.0978,propuesto,C5-manual_coord,web_manual_coord,humano_lote,no,pendiente:Jose,2026-07-22,verde (guard: coord en depto esperado),Wikipedia,https://en.wikipedia.org/wiki/Port_Belgrano_Naval_Base,verde,"[guard=verde; punto en Coronel de Marina Leonardo Rosales] Base naval junto a Punta Alta, partido Coronel de Marina L. Rosales"
v3_p18,45,Buenos Aires,Puerto de la Plata,Puerto de la Plata,2,17338,,Puerto La Plata (zona portuaria Ensenada-Berisso),Ensenada,-34.86670,-57.89994,confirmado_3.3b,3.3b:manual_coord_ambiguo,manual_coord_ambiguo,humano_individual,no,humano:Jose(3.3b),2026-07-22,baja,humano (Jose) + Wikipedia,https://es.wikipedia.org/wiki/Puerto_La_Plata,verde,"Jose: punto del puerto (-34.8667,-57.8999), ambiguo; los 17338 hab son del cordon Ensenada-Berisso sin reparto documentado"
v3_p18,727,Buenos Aires,Pergamino,Pujol,,267,06623A09,Juan Gregorio Pujol,Pergamino,-33.672454735976,-60.2942457252379,propuesto,E-bahra-fuzzy,bahra_fuzzy,auto_muestreo,no,auto(pendiente_muestra),2026-07-22,BAJA (fuzzy en capa BAHRA: puede no ser el mismo lugar),georef/asentamientos,https://apis.datos.gob.ar/georef/api,verde,antes era sin_match. candidatos: Juan Gregorio Pujol/Pergamino [06623A09]
v3_p18,28,Buenos Aires,Coronel de Marina Leonardo Rosales,Punta Alta,,35440,06182030,Punta Alta,Coronel de Marina Leonardo Rosales,-38.8804399423486,-62.0750094941145,auto_ok,auto_ok,match_exacto_3campos,auto_match,no,auto,2026-07-22,alta,georef/localidades-censales,https://apis.datos.gob.ar/georef/api,verde,
v3_p18,553,Buenos Aires,Magdalena,Punta Indio,,460,06655030,Punta Indio,Punta Indio,-35.2808352898089,-57.2360072391524,auto_ok,auto_ok,match_exacto_3campos,auto_match,no,auto,2026-07-22,alta,georef/localidades-censales,https://apis.datos.gob.ar/georef/api,verde,
v3_p18,163,La Pampa,Quemú-Quemú,Quemú-Quemú,,2703,42119040,Quemú Quemú,Quemú Quemú,-36.0548207316492,-63.5658619380341,auto_ok,auto_ok,match_exacto_3campos,auto_match,no,auto,2026-07-22,alta,georef/localidades-censales,https://apis.datos.gob.ar/georef/api,verde,
v3_p18,483,Buenos Aires,Pellegrini,Quenuma,,570,06721010,Quenumá,Salliqueló,-36.5662740076309,-63.0839213783154,auto_ok,auto_ok,match_exacto_3campos,auto_match,no,auto,2026-07-22,alta,georef/localidades-censales,https://apis.datos.gob.ar/georef/api,verde,
v3_p18,76,Buenos Aires,Lobería,Quequén,,7589,0658104002,Quequén,Necochea,-38.566113,-58.706181,confirmado_3.3b,3.3b:transferencia_confirmada,transferencia_confirmada,documentado_3.3b,no,auto:3.3b(web+doc+guard),2026-07-22,alta,auto + Wikipedia + Georef,https://archivoquequen.blogspot.com/2010/11/el-22-de-mayo-de-1979-quequen-fue.html,rojo,transferencia DOCUMENTADA: Decreto-Ley 9327/1979 | ley: Decreto-Ley 9327/1979
v3_p18,647,La Pampa,Rancul,Quetrequén,,346,42126060,Quetrequén,Rancul,-35.0570060285576,-64.5231686675132,auto_ok,auto_ok,match_exacto_3campos,auto_match,no,auto,2026-07-22,alta,georef/localidades-censales,https://apis.datos.gob.ar/georef/api,verde,
v3_p18,6,Buenos Aires,Quilmes,Quilmes,1,317783,06658010,Quilmes,Quilmes,-34.724691432384,-58.2613407434763,auto_ok,auto_ok,match_exacto_3campos,auto_match,no,auto,2026-07-22,alta,georef/localidades-censales,https://apis.datos.gob.ar/georef/api,verde,
v3_p18,660,Buenos Aires,Coronel Suárez,Quiñihual,,336,06203A16,Quiñihual,Coronel Suárez,-37.7886373941711,-61.5898639305721,propuesto,A (aparcado),bahra_georef,auto_muestreo,no,auto(pendiente_muestra),2026-07-22,alta,georef/asentamientos,https://apis.datos.gob.ar/georef/api,verde,BAHRA: el nombre no es localidad censal -> fuente correcta (P7)
v3_p18,832,Buenos Aires,General Viamonte,Quirno Costa,,182,06385A09,Quirno Costa,General Viamonte,-34.8770532015355,-61.1395101942481,propuesto,A (aparcado),bahra_georef,auto_muestreo,no,auto(pendiente_muestra),2026-07-22,alta,georef/asentamientos,https://apis.datos.gob.ar/georef/api,verde,BAHRA: el nombre no es localidad censal -> fuente correcta (P7)
v3_p18,200,Buenos Aires,9 de Julio,Quiroga,,1925,06588010,Facundo Quiroga,9 de Julio,-35.2922148180777,-61.4057435457533,propuesto,A (aparcado),bahra_georef,auto_muestreo,no,auto(pendiente_muestra),2026-07-22,media (nombre difiere),georef/,https://apis.datos.gob.ar/georef/api,verde,variante de nombre en el depto correcto
v3_p18,277,Buenos Aires,Rojas,Rafael Obligado,,1276,06686040,Rafael Obligado,Rojas,-34.3595409379833,-60.7838416364791,auto_ok,auto_ok,match_exacto_3campos,auto_match,no,auto,2026-07-22,alta,georef/localidades-censales,https://apis.datos.gob.ar/georef/api,verde,
v3_p18,105,Buenos Aires,Ramallo,Ramallo,,5060,06665040,Ramallo,Ramallo,-33.4850668104273,-60.0045027963237,auto_ok,auto_ok,match_exacto_3campos,auto_match,no,auto,2026-07-22,alta,georef/localidades-censales,https://apis.datos.gob.ar/georef/api,verde,
v3_p18,350,Buenos Aires,Chivilcoy,Ramón Biaus,,910,06224060,Ramón Biaus,Chivilcoy,-35.0853540461537,-59.9241033355477,auto_ok,auto_ok,match_exacto_3campos,auto_match,no,auto,2026-07-22,alta,georef/localidades-censales,https://apis.datos.gob.ar/georef/api,verde,
v3_p18,731,Buenos Aires,9 de Julio,Ramón J. Neild,,265,06588A21,Ramón J. Neild,9 de Julio,-35.2210186349607,-61.2251272159046,propuesto,A (aparcado),bahra_georef,auto_muestreo,no,auto(pendiente_muestra),2026-07-22,alta,georef/asentamientos,https://apis.datos.gob.ar/georef/api,verde,BAHRA: el nombre no es localidad censal -> fuente correcta (P7)
v3_p18,305,Buenos Aires,Necochea,Ramón Santamarina,,1124,06581070,Ramón Santamarina,Necochea,-38.4474000773615,-59.3326879230025,auto_ok,auto_ok,match_exacto_3campos,auto_match,no,auto,2026-07-22,alta,georef/localidades-censales,https://apis.datos.gob.ar/georef/api,verde,
v3_p18,416,Buenos Aires,Balcarce,Ramón Otero,,701,06063040,Ramos Otero,Balcarce,-37.540703547179,-58.3407015552081,propuesto,A (aparcado),bahra_georef,auto_muestreo,no,auto(pendiente_muestra),2026-07-22,media (nombre difiere),georef/,https://apis.datos.gob.ar/georef/api,verde,variante de nombre en el depto correcto
v3_p18,239,Buenos Aires,Pergamino,Rancagua,,1491,06623120,Rancagua,Pergamino,-34.0284156030114,-60.5012048888593,auto_ok,auto_ok,match_exacto_3campos,auto_match,no,auto,2026-07-22,alta,georef/localidades-censales,https://apis.datos.gob.ar/georef/api,verde,
v3_p18,206,La Pampa,Rancul,Rancul,,1865,42126070,Rancul,Rancul,-35.0677744463466,-64.6842610881382,auto_ok,auto_ok,match_exacto_3campos,auto_match,no,auto,2026-07-22,alta,georef/localidades-censales,https://apis.datos.gob.ar/georef/api,verde,
v3_p18,85,Buenos Aires,Rauch,Rauch,,6953,06672010,Rauch,Rauch,-36.7745065760695,-59.0872745439506,auto_ok,auto_ok,match_exacto_3campos,auto_match,no,auto,2026-07-22,alta,georef/localidades-censales,https://apis.datos.gob.ar/georef/api,verde,
v3_p18,150,Buenos Aires,Chacabuco,Rawson,,3083,06210040,Rawson,Chacabuco,-34.6050468131252,-60.0668001973042,auto_ok,auto_ok,match_exacto_3campos,auto_match,no,auto,2026-07-22,alta,georef/localidades-censales,https://apis.datos.gob.ar/georef/api,verde,
v3_p18,801,Buenos Aires,Pila,Real Audiencia,,209,06630A15,Real Audiencia,Pila,-36.1758439978545,-58.5843132910868,propuesto,A (aparcado),bahra_georef,auto_muestreo,no,auto(pendiente_muestra),2026-07-22,alta,georef/asentamientos,https://apis.datos.gob.ar/georef/api,verde,BAHRA: el nombre no es localidad censal -> fuente correcta (P7)
v3_p18,135,La Pampa,Realicó,Realicó,,3373,42133080,Realicó,Realicó,-35.0382051939992,-64.2462726584325,auto_ok,auto_ok,match_exacto_3campos,auto_match,no,auto,2026-07-22,alta,georef/localidades-censales,https://apis.datos.gob.ar/georef/api,verde,
v3_p18,506,Buenos Aires,Olavarría,Recalde,,541,06595090,Recalde,Olavarría,-36.6516071283121,-61.0861922034615,auto_ok,auto_ok,match_exacto_3campos,auto_match,no,auto,2026-07-22,alta,georef/localidades-censales,https://apis.datos.gob.ar/georef/api,verde,
v3_p18,773,La Pampa,Quemú-Quemú,Relmo,,229,42119050,Relmo,Quemú Quemú,-36.2565832472949,-63.4480994199787,auto_ok,auto_ok,match_exacto_3campos,auto_match,no,auto,2026-07-22,alta,georef/localidades-censales,https://apis.datos.gob.ar/georef/api,verde,
v3_p18,540,La Pampa,Guatraché,Remecó,,484,42070A07,Remecó,Guatraché,-37.6247195958827,-63.6821645859988,propuesto,A (aparcado),bahra_georef,auto_muestreo,no,auto(pendiente_muestra),2026-07-22,alta,georef/asentamientos,https://apis.datos.gob.ar/georef/api,verde,BAHRA: el nombre no es localidad censal -> fuente correcta (P7)
v3_p18,618,Buenos Aires,Coronel Pringles,Reserva,,372,06196A17,Reserva,Coronel Pringles,-37.825983633608,-61.2212266027447,propuesto,A (aparcado),bahra_georef,auto_muestreo,no,auto(pendiente_muestra),2026-07-22,alta,georef/asentamientos,https://apis.datos.gob.ar/georef/api,verde,BAHRA: el nombre no es localidad censal -> fuente correcta (P7)
v3_p18,390,La Pampa,Caleu-Caleu,Río Colorado,,764,,La Adela,,-38.9854,-64.0907,propuesto,C5-rename,web_rename,humano_lote,no,pendiente:Jose,2026-07-22,verde (guard: coord en depto esperado),OSM Nominatim,"https://nominatim.openstreetmap.org/search?q=La+Adela,+Caleu+Caleu,+La+Pampa,+Argentina",verde,"[guard=verde; punto en Caleu Caleu] El poblado del lado La Pampa (ex 'Río Colorado-La Pampa') es la actual La Adela, cabecera de Caleu Caleu; Río Colorado c"
v3_p18,677,Buenos Aires,Campana,Río Luján,,319,06126040,Río Luján,Campana,-34.2786409486538,-58.8976060079118,propuesto,A (aparcado),bahra_georef,auto_muestreo,no,auto(pendiente_muestra),2026-07-22,alta,georef/asentamientos,https://apis.datos.gob.ar/georef/api,verde,BAHRA: el nombre no es localidad censal -> fuente correcta (P7)
v3_p18,261,Buenos Aires,San Pedro,Río Tala,,1375,06770040,Río Tala,San Pedro,-33.7692927806971,-59.6394845323378,propuesto,A (aparcado),bahra_georef,auto_muestreo,no,auto(pendiente_muestra),2026-07-22,alta,georef/localidades,https://apis.datos.gob.ar/georef/api,verde,BAHRA: el nombre no es localidad censal -> BAHRA es la fuente correcta (P7). id de capa 'localidades' NO es id censal INDEC valido
v3_p18,100,Buenos Aires,Rivadavia,Rivadavia,,5315,06679040,América,,-35.4891109711641,-62.9757109723008,propuesto,C1-cabecera,cabecera_documentada,humano_lote,no,pendiente:Jose,2026-07-22,alta,web+georef,https://es.wikipedia.org/wiki/Partido_de_Rivadavia,verde,el censo 1960 listo la cabecera con el nombre del depto. cabecera
v3_p18,816,Buenos Aires,Puán,Rivadeo,,197,06651A10,Rivadeo,Puán,-38.1459957349685,-63.0528901080292,propuesto,A (aparcado),bahra_georef,auto_muestreo,no,auto(pendiente_muestra),2026-07-22,alta,georef/asentamientos,https://apis.datos.gob.ar/georef/api,verde,BAHRA: el nombre no es localidad censal -> fuente correcta (P7)
v3_p18,393,Buenos Aires,Suipacha,Rivas,,757,06784010,General Rivas,Suipacha,-34.6100543213376,-59.7519417106692,propuesto,A (aparcado),bahra_georef,auto_muestreo,no,auto(pendiente_muestra),2026-07-22,media (nombre difiere),georef/,https://apis.datos.gob.ar/georef/api,verde,variante de nombre en el depto correcto
v3_p19,141,Buenos Aires,Adolfo Alsina,Rivera,,3187,06007080,Rivera,Adolfo Alsina,-37.1605187984608,-63.241762387826,auto_ok,auto_ok,match_exacto_3campos,auto_match,no,auto,2026-07-22,alta,georef/localidades-censales,https://apis.datos.gob.ar/georef/api,verde,
v3_p19,561,Buenos Aires,Rojas,Roberto Cano,,452,06686050,Roberto Cano,Rojas,-34.0865171790515,-60.6671921928331,auto_ok,auto_ok,match_exacto_3campos,auto_match,no,auto,2026-07-22,alta,georef/localidades-censales,https://apis.datos.gob.ar/georef/api,verde,
v3_p19,522,Buenos Aires,Magdalena,Roberto J. Payró,,510,06505080,Roberto J. Payró,Magdalena,-35.1799267057869,-57.651986019808,auto_ok,auto_ok,match_exacto_3campos,auto_match,no,auto,2026-07-22,alta,georef/localidades-censales,https://apis.datos.gob.ar/georef/api,verde,
v3_p19,152,Buenos Aires,Lincoln,Roberts,,3035,06469090,Roberts,Lincoln,-35.1428633288324,-61.9703423893235,auto_ok,auto_ok,match_exacto_3campos,auto_match,no,auto,2026-07-22,alta,georef/localidades-censales,https://apis.datos.gob.ar/georef/api,verde,
v3_p19,834,Buenos Aires,Olavarría,Rocha,,180,06595A21,Rocha,Olavarría,-37.1463986314672,-60.9771145759177,propuesto,A (aparcado),bahra_georef,auto_muestreo,no,auto(pendiente_muestra),2026-07-22,alta,georef/asentamientos,https://apis.datos.gob.ar/georef/api,verde,BAHRA: el nombre no es localidad censal -> fuente correcta (P7)
v3_p19,65,Buenos Aires,Rojas,Rojas,,9446,06686060,Rojas,Rojas,-34.1970589546929,-60.7300960587737,auto_ok,auto_ok,match_exacto_3campos,auto_match,no,auto,2026-07-22,alta,georef/localidades-censales,https://apis.datos.gob.ar/georef/api,verde,
v3_p19,896,Buenos Aires,Guaminí,Rolito,,123,06399A12,Rolito,Guaminí,-37.0033487918988,-62.7102969067208,propuesto,A (aparcado),bahra_georef,auto_muestreo,no,auto(pendiente_muestra),2026-07-22,alta,georef/asentamientos,https://apis.datos.gob.ar/georef/api,verde,BAHRA: el nombre no es localidad censal -> fuente correcta (P7)
v3_p19,371,La Pampa,Atreucó,Rolón,,835,42007040,Rolón,Atreucó,-37.1665832278765,-63.4149648674089,auto_ok,auto_ok,match_exacto_3campos,auto_match,no,auto,2026-07-22,alta,georef/localidades-censales,https://apis.datos.gob.ar/georef/api,verde,
v3_p19,895,Buenos Aires,Suipacha,Román Báez,,124,06784A06,Román Báez,Suipacha,-34.7380495309787,-59.8389664950257,propuesto,A (aparcado),bahra_georef,auto_muestreo,no,auto(pendiente_muestra),2026-07-22,alta,georef/asentamientos,https://apis.datos.gob.ar/georef/api,verde,BAHRA: el nombre no es localidad censal -> fuente correcta (P7)
v3_p19,524,Buenos Aires,Las Flores,Rosas,,506,06455050,Rosas,Las Flores,-35.9659366349607,-58.9390067837397,auto_ok,auto_ok,match_exacto_3campos,auto_match,no,auto,2026-07-22,alta,georef/localidades-censales,https://apis.datos.gob.ar/georef/api,verde,
v3_p19,389,Buenos Aires,Rivadavia,Roosvelt,,771,06679050,Roosevelt,Rivadavia,-35.8461997578592,-63.289967001162,propuesto,A (aparcado),bahra_georef,auto_muestreo,no,auto(pendiente_muestra),2026-07-22,media (nombre difiere),georef/,https://apis.datos.gob.ar/georef/api,verde,variante de nombre en el depto correcto
v3_p19,127,Buenos Aires,Roque Pérez,Roque Pérez,,3602,06693020,Roque Pérez,Roque Pérez,-35.4026733116021,-59.333521507391,auto_ok,auto_ok,match_exacto_3campos,auto_match,no,auto,2026-07-22,alta,georef/localidades-censales,https://apis.datos.gob.ar/georef/api,verde,
v3_p19,317,La Pampa,Conhello,Rucanelo,,1050,42035050,Rucanelo,Conhelo,-36.0433121572057,-64.8349361432123,auto_ok,auto_ok,match_exacto_3campos,auto_match,no,auto,2026-07-22,alta,georef/localidades-censales,https://apis.datos.gob.ar/georef/api,verde,
v3_p19,324,Buenos Aires,San Andrés de Giles,Ruiz,,1004,06728070,Villa Ruiz,San Andrés de Giles,-34.4338832013567,-59.2603049161852,propuesto,A (aparcado),bahra_georef,auto_muestreo,no,auto(pendiente_muestra),2026-07-22,media (nombre difiere),georef/,https://apis.datos.gob.ar/georef/api,verde,variante de nombre en el depto correcto
v3_p19,177,Buenos Aires,Saavedra,Saavedra,,666,06700060,Saavedra,Saavedra,-37.7639174847958,-62.3522171746736,auto_ok,auto_ok,match_exacto_3campos,auto_match,no,auto,2026-07-22,alta,georef/localidades-censales,https://apis.datos.gob.ar/georef/api,verde,
v3_p19,433,Buenos Aires,Junín,Saforcada,,2404,06413100,Saforcada,Junín,-34.5728714860252,-61.0742145686916,auto_ok,auto_ok,match_exacto_3campos,auto_match,no,auto,2026-07-22,alta,georef/localidades-censales,https://apis.datos.gob.ar/georef/api,verde,
v3_p19,53,Buenos Aires,Saladillo,Saladillo,,13293,06707050,Saladillo,Saladillo,-35.6386474637324,-59.779375858645,auto_ok,auto_ok,match_exacto_3campos,auto_match,no,auto,2026-07-22,alta,georef/localidades-censales,https://apis.datos.gob.ar/georef/api,verde,
v3_p19,234,Buenos Aires,Caseros,Salazar,,1568,06231050,Salazar,Daireaux,-36.3070845246816,-62.2028824167194,auto_ok,auto_ok,match_exacto_3campos,auto_match,no,auto,2026-07-22,alta,georef/localidades-censales,https://apis.datos.gob.ar/georef/api,verde,
v3_p19,235,Buenos Aires,Tornquist,Saldungaray,,1565,06819050,Saldungaray,Tornquist,-38.2051804844641,-61.7697913520366,auto_ok,auto_ok,match_exacto_3campos,auto_match,no,auto,2026-07-22,alta,georef/localidades-censales,https://apis.datos.gob.ar/georef/api,verde,
v3_p19,62,Buenos Aires,Salto,Salto,,9979,06714060,Salto,Salto,-34.2997130695838,-60.2467679335168,auto_ok,auto_ok,match_exacto_3campos,auto_match,no,auto,2026-07-22,alta,georef/localidades-censales,https://apis.datos.gob.ar/georef/api,verde,
v3_p19,226,Buenos Aires,Lobos,Salvador María,,1616,06483050,Salvador Marí­a,Lobos,-35.2987873618516,-59.1637770276452,auto_ok,auto_ok,match_exacto_3campos,auto_match,no,auto,2026-07-22,alta,georef/localidades-censales,https://apis.datos.gob.ar/georef/api,verde,
v3_p19,115,Buenos Aires,Pellegrini,Salliqueló,,4220,06721020,Salliqueló,Salliqueló,-36.7484485604683,-62.9562557652804,auto_ok,auto_ok,match_exacto_3campos,auto_match,no,auto,2026-07-22,alta,georef/localidades-censales,https://apis.datos.gob.ar/georef/api,verde,
v3_p19,862,Buenos Aires,Brandsen,Samborombón,,156,06119090,Samborombón,Brandsen,-35.2206242719966,-58.2805297949826,auto_ok,auto_ok,match_exacto_3campos,auto_match,no,auto,2026-07-22,alta,georef/localidades-censales,https://apis.datos.gob.ar/georef/api,verde,
v3_p19,237,Buenos Aires,Balcarce,San Agustín,,1511,06063050,San Agustín,Balcarce,-38.0110509298096,-58.3553060799001,auto_ok,auto_ok,match_exacto_3campos,auto_match,no,auto,2026-07-22,alta,georef/localidades-censales,https://apis.datos.gob.ar/georef/api,verde,
v3_p19,77,Buenos Aires,San Andrés de Giles,San Andrés de Giles,,7546,06728040,San Andrés de Giles,San Andrés de Giles,-34.4511536860294,-59.4429842146149,auto_ok,auto_ok,match_exacto_3campos,auto_match,no,auto,2026-07-22,alta,georef/localidades-censales,https://apis.datos.gob.ar/georef/api,verde,
v3_p19,66,Buenos Aires,San Antonio de Areco,San Antonio de Areco,,9249,06735020,San Antonio de Areco,San Antonio de Areco,-34.2485740952629,-59.4773302552069,auto_ok,auto_ok,match_exacto_3campos,auto_match,no,auto,2026-07-22,alta,georef/localidades-censales,https://apis.datos.gob.ar/georef/api,verde,
v3_p19,636,Buenos Aires,Saladillo,San Benito,,358,06707A25,San Benito,Saladillo,-35.6676981944844,-59.8856136278935,propuesto,A (aparcado),bahra_georef,auto_muestreo,no,auto(pendiente_muestra),2026-07-22,alta,georef/asentamientos,https://apis.datos.gob.ar/georef/api,verde,BAHRA: el nombre no es localidad censal -> fuente correcta (P7)
v3_p19,742,Buenos Aires,Tapalqué,San Bernardo,,257,06798A14,San Bernardo,Tapalqué,-36.3087582912669,-60.4475838977345,propuesto,A (aparcado),bahra_georef,auto_muestreo,no,auto(pendiente_muestra),2026-07-22,alta,georef/asentamientos,https://apis.datos.gob.ar/georef/api,verde,BAHRA: el nombre no es localidad censal -> fuente correcta (P7)
v3_p19,96,Buenos Aires,San Cayetano,San Cayetano,,5733,06742030,San Cayetano,San Cayetano,-38.3456588296824,-59.6068199781888,auto_ok,auto_ok,match_exacto_3campos,auto_match,no,auto,2026-07-22,alta,georef/localidades-censales,https://apis.datos.gob.ar/georef/api,verde,
v3_p19,214,Buenos Aires,General Lavalle,San Clemente del Tuyú,,1736,06420030,San Clemente del Tuyú,La Costa,-36.3618684675077,-56.7188279978178,auto_ok,auto_ok,match_exacto_3campos,auto_match,no,auto,2026-07-22,alta,georef/localidades-censales,https://apis.datos.gob.ar/georef/api,verde,
v3_p19,241,Buenos Aires,Ramallo,Sánchez,,1480,,Villa General Savio,,-33.4350,-60.1460,propuesto,C5-rename,web_rename,humano_lote,no,pendiente:Jose,2026-07-22,verde (guard: coord en depto esperado),Wikipedia (Villa General Savio),https://en.wikipedia.org/wiki/Villa_General_Savio,verde,[guard=verde; punto en Ramallo] Estación/localidad Sánchez renombrada Villa General Savio en 1967; partido de Ramallo.
v3_p19,382,Buenos Aires,General Viamonte,San Emilio,,796,06385040,San Emilio,General Viamonte,-35.0327384906848,-60.865255145522,auto_ok,auto_ok,match_exacto_3campos,auto_match,no,auto,2026-07-22,alta,georef/localidades-censales,https://apis.datos.gob.ar/georef/api,verde,
v3_p19,377,Buenos Aires,25 de Mayo,San Enrique,,812,06854080,San Enrique,25 de Mayo,-35.7697428203972,-60.3504313670885,auto_ok,auto_ok,match_exacto_3campos,auto_match,no,auto,2026-07-22,alta,georef/localidades-censales,https://apis.datos.gob.ar/georef/api,verde,
v3_p19,901,Buenos Aires,Guaminí,San Fermín,,113,06399A13,San Fermín,Guaminí,-36.8180716767246,-62.621109639901,propuesto,A (aparcado),bahra_georef,auto_muestreo,no,auto(pendiente_muestra),2026-07-22,alta,georef/asentamientos,https://apis.datos.gob.ar/georef/api,verde,BAHRA: el nombre no es localidad censal -> fuente correcta (P7)
v3_p19,17,Buenos Aires,San Fernando,San Fernando,1,92302,06749010,San Fernando,San Fernando,-34.4418003197061,-58.5580198721145,auto_ok,auto_ok,match_exacto_3campos,auto_match,no,auto,2026-07-22,alta,georef/localidades-censales,https://apis.datos.gob.ar/georef/api,verde,
v3_p19,257,Buenos Aires,Tres Arroyos,San Francisco de Bellocq,,1389,06833080,San Francisco de Bellocq,Tres Arroyos,-38.689637687166,-60.0140156389685,auto_ok,auto_ok,match_exacto_3campos,auto_match,no,auto,2026-07-22,alta,georef/localidades-censales,https://apis.datos.gob.ar/georef/api,verde,
v3_p19,452,Buenos Aires,Puán,San Germán,,628,06651080,San Germán,Puán,-38.3025006470219,-62.9834938208855,auto_ok,auto_ok,match_exacto_3campos,auto_match,no,auto,2026-07-22,alta,georef/localidades-censales,https://apis.datos.gob.ar/georef/api,verde,
v3_p19,537,Buenos Aires,Ayacucho,San Ignacio,,486,06042A24,San Ignacio,Ayacucho,-37.3411334306085,-58.4236845784767,propuesto,A (aparcado),bahra_georef,auto_muestreo,no,auto(pendiente_muestra),2026-07-22,alta,georef/asentamientos,https://apis.datos.gob.ar/georef/api,verde,BAHRA: el nombre no es localidad censal -> fuente correcta (P7)
v3_p19,12,Buenos Aires,San Isidro,San Isidro,1,188065,06756010,San Isidro,San Isidro,-34.4721541217739,-58.5109710038312,auto_ok,auto_ok,match_exacto_3campos,auto_match,no,auto,2026-07-22,alta,georef/localidades-censales,https://apis.datos.gob.ar/georef/api,verde,
v3_p19,760,Buenos Aires,Mercedes,San Jacinto,,239,06532A11,San Jacinto,Mercedes,-34.6447896599641,-59.5247174548168,propuesto,A (aparcado),bahra_georef,auto_muestreo,no,auto(pendiente_muestra),2026-07-22,alta,georef/asentamientos,https://apis.datos.gob.ar/georef/api,verde,BAHRA: el nombre no es localidad censal -> fuente correcta (P7)
v3_p19,424,Buenos Aires,Laprida,San Jorge,,684,06448030,Pueblo San Jorge,Laprida,-37.2287463208352,-60.9611399929517,propuesto,A (aparcado),bahra_georef,auto_muestreo,no,auto(pendiente_muestra),2026-07-22,media (nombre difiere),georef/,https://apis.datos.gob.ar/georef/api,verde,variante de nombre en el depto correcto
v3_p20,812,Buenos Aires,Necochea,San José,,200,,"San José (Estación, Necochea)",Necochea,-38.1751691,-59.005777,confirmado_3.3b,3.3b:manual_coord,manual_coord,documentado_3.3b,no,auto:3.3b(web+doc+guard),2026-07-22,media,"auto + Wikipedia (Estación San José, Roca)",https://es.wikipedia.org/wiki/Estaci%C3%B3n_San_Jos%C3%A9_(Roca),verde,guard=verde (coord en conjunto permitido)
v3_p20,213,Buenos Aires,Lobería,San Manuel,,1748,06476050,San Manuel,Lobería,-37.7865707899887,-58.8485743707578,auto_ok,auto_ok,match_exacto_3campos,auto_match,no,auto,2026-07-22,alta,georef/localidades-censales,https://apis.datos.gob.ar/georef/api,verde,
v3_p20,525,Buenos Aires,Rivadavia,San Mauricio,,506,06679060,San Mauricio,Rivadavia,-35.5107382633044,-63.1879827320047,auto_ok,auto_ok,match_exacto_3campos,auto_match,no,auto,2026-07-22,alta,georef/localidades-censales,https://apis.datos.gob.ar/georef/api,verde,
v3_p20,343,Buenos Aires,Tres Arroyos,San Mayol,,936,06833090,San Mayol,Tres Arroyos,-38.3177365227324,-60.0258421214843,auto_ok,auto_ok,match_exacto_3campos,auto_match,no,auto,2026-07-22,alta,georef/localidades-censales,https://apis.datos.gob.ar/georef/api,verde,
v3_p20,90,Buenos Aires,Monte,San Miguel del Monte,,6092,06547020,San Miguel del Monte,Monte,-35.4391643240479,-58.8094598355672,auto_ok,auto_ok,match_exacto_3campos,auto_match,no,auto,2026-07-22,alta,georef/localidades-censales,https://apis.datos.gob.ar/georef/api,verde,
v3_p20,22,Buenos Aires,San Nicolás,San Nicolás,,49082,06763050,San Nicolás de los Arroyos,San Nicolás,-33.3334318533461,-60.2108704885047,propuesto,A (aparcado),bahra_georef,auto_muestreo,no,auto(pendiente_muestra),2026-07-22,media (nombre difiere),georef/,https://apis.datos.gob.ar/georef/api,verde,variante de nombre en el depto correcto
v3_p20,378,Buenos Aires,Chacabuco,San Patricio,,803,06210A14,San Patricio,Chacabuco,-34.6141865366556,-60.2484199751501,propuesto,A (aparcado),bahra_georef,auto_muestreo,no,auto(pendiente_muestra),2026-07-22,alta,georef/asentamientos,https://apis.datos.gob.ar/georef/api,verde,BAHRA: el nombre no es localidad censal -> fuente correcta (P7)
v3_p20,43,Buenos Aires,San Pedro,San Pedro,,17960,06770060,San Pedro,San Pedro,-33.6758954455934,-59.6629624694234,auto_ok,auto_ok,match_exacto_3campos,auto_match,no,auto,2026-07-22,alta,georef/localidades-censales,https://apis.datos.gob.ar/georef/api,verde,
v3_p20,408,Buenos Aires,Coronel Dorrego,San Román,,714,06189090,San Román,Coronel Dorrego,-38.7413132543129,-61.5385545095186,auto_ok,auto_ok,match_exacto_3campos,auto_match,no,auto,2026-07-22,alta,georef/localidades-censales,https://apis.datos.gob.ar/georef/api,verde,
v3_p20,507,Buenos Aires,Chivilcoy,San Sebastián,,540,06224070,San Sebastián,Chivilcoy,-34.9431479827078,-59.702226872066,auto_ok,auto_ok,match_exacto_3campos,auto_match,no,auto,2026-07-22,alta,georef/localidades-censales,https://apis.datos.gob.ar/georef/api,verde,
v3_p20,411,Buenos Aires,Rivadavia,Sansinena,,708,06679070,Sansinena,Rivadavia,-35.2742647765196,-63.2140646000829,auto_ok,auto_ok,match_exacto_3campos,auto_match,no,auto,2026-07-22,alta,georef/localidades-censales,https://apis.datos.gob.ar/georef/api,verde,
v3_p20,587,Buenos Aires,Baradero,Santa Coloma,,403,06070030,Santa Coloma,Baradero,-34.059361700184,-59.559311114743,auto_ok,auto_ok,match_exacto_3campos,auto_match,no,auto,2026-07-22,alta,georef/localidades-censales,https://apis.datos.gob.ar/georef/api,verde,
v3_p20,739,Buenos Aires,Laprida,Santa Elena,,259,06448A09,Santa Elena,Laprida,-37.344135052949,-60.6055625033205,propuesto,A (aparcado),bahra_georef,auto_muestreo,no,auto(pendiente_muestra),2026-07-22,alta,georef/asentamientos,https://apis.datos.gob.ar/georef/api,verde,BAHRA: el nombre no es localidad censal -> fuente correcta (P7)
v3_p20,456,Buenos Aires,General Villegas,Santa Eleodora,,626,06392020,Santa Eleodora,General Villegas,-34.6945608712432,-62.6954481408889,auto_ok,auto_ok,match_exacto_3campos,auto_match,no,auto,2026-07-22,alta,georef/localidades-censales,https://apis.datos.gob.ar/georef/api,verde,
v3_p20,600,Buenos Aires,Carlos Tejedor,Santa Inés,,389,06154A15,Santa Inés,Carlos Tejedor,-35.4027726175261,-62.5920347099892,propuesto,A (aparcado),bahra_georef,auto_muestreo,no,auto(pendiente_muestra),2026-07-22,alta,georef/asentamientos,https://apis.datos.gob.ar/georef/api,verde,BAHRA: el nombre no es localidad censal -> fuente correcta (P7)
v3_p20,413,La Pampa,Chalileo,Santa Isabel,,706,42049010,Santa Isabel,Chalileo,-36.2319404032193,-66.9407943663849,auto_ok,auto_ok,match_exacto_3campos,auto_match,no,auto,2026-07-22,alta,georef/localidades-censales,https://apis.datos.gob.ar/georef/api,verde,
v3_p20,161,Buenos Aires,San Pedro,Santa Lucía,,2791,06770070,Santa Lucía,San Pedro,-33.8808700272696,-59.874232328984,auto_ok,auto_ok,match_exacto_3campos,auto_match,no,auto,2026-07-22,alta,georef/localidades-censales,https://apis.datos.gob.ar/georef/api,verde,
v3_p20,774,Buenos Aires,Olavarría,Santa Luisa,,229,06595100,Santa Luisa,Olavarría,-37.1289653693521,-60.4099303899854,auto_ok,auto_ok,match_exacto_3campos,auto_match,no,auto,2026-07-22,alta,georef/localidades-censales,https://apis.datos.gob.ar/georef/api,verde,
v3_p20,233,Buenos Aires,Coronel Suárez,Santa María,,1569,06203080,Santa María,Coronel Suárez,-37.5547048681,-61.8757751325368,auto_ok,auto_ok,match_exacto_3campos,auto_match,no,auto,2026-07-22,alta,georef/localidades-censales,https://apis.datos.gob.ar/georef/api,verde,
v3_p20,369,Buenos Aires,General Villegas,Santa Regina,,838,06392100,Santa Regina,General Villegas,-34.5496213328275,-63.1731322287306,auto_ok,auto_ok,match_exacto_3campos,auto_match,no,auto,2026-07-22,alta,georef/localidades-censales,https://apis.datos.gob.ar/georef/api,verde,
v3_p20,37,La Pampa,Capital,Santa Rosa,,25273,42021020,Santa Rosa,Capital,-36.6203995261434,-64.2905735675783,auto_ok,auto_ok,match_exacto_3campos,auto_match,no,auto,2026-07-22,alta,georef/localidades-censales,https://apis.datos.gob.ar/georef/api,verde,
v3_p20,451,La Pampa,Guatraché,Santa Teresa,,629,42070050,Santa Teresa,Guatraché,-37.5747726164107,-63.4313744751766,auto_ok,auto_ok,match_exacto_3campos,auto_match,no,auto,2026-07-22,alta,georef/localidades-censales,https://apis.datos.gob.ar/georef/api,verde,
v3_p20,501,Buenos Aires,General Lavalle,Santa Teresita,,547,0642004002,Santa Teresita,La Costa,-36.5405925007164,-56.6929407422398,propuesto,A (aparcado),bahra_georef,auto_muestreo,no,auto(pendiente_muestra),2026-07-22,alta,georef/localidades,https://apis.datos.gob.ar/georef/api,verde,BAHRA: el nombre no es localidad censal -> BAHRA es la fuente correcta (P7). id de capa 'localidades' NO es id censal INDEC valido
v3_p20,700,Buenos Aires,25 de Mayo,Santiago Garbarini,,293,06854A23,Santiago Garbarini,25 de Mayo,-35.4828687260944,-60.3821395541696,propuesto,A (aparcado),bahra_georef,auto_muestreo,no,auto(pendiente_muestra),2026-07-22,alta,georef/asentamientos,https://apis.datos.gob.ar/georef/api,verde,BAHRA: el nombre no es localidad censal -> fuente correcta (P7)
v3_p20,621,Buenos Aires,Roque Pérez,Santiago Larré,,371,06693A18,Santiago Larré,Roque Pérez,-35.5823813989668,-59.1652876492908,propuesto,A (aparcado),bahra_georef,auto_muestreo,no,auto(pendiente_muestra),2026-07-22,alta,georef/asentamientos,https://apis.datos.gob.ar/georef/api,verde,BAHRA: el nombre no es localidad censal -> fuente correcta (P7)
v3_p20,644,Buenos Aires,Maipú,Santo Domingo,,348,06511030,Santo Domingo,Maipú,-36.7115381434249,-57.5863001097361,auto_ok,auto_ok,match_exacto_3campos,auto_match,no,auto,2026-07-22,alta,georef/localidades-censales,https://apis.datos.gob.ar/georef/api,verde,
v3_p20,584,Buenos Aires,9 de Julio,Santos Unzué,,405,06588A22,Santos Unzué,9 de Julio,-35.7460443466831,-60.8603872073342,propuesto,A (aparcado),bahra_georef,auto_muestreo,no,auto(pendiente_muestra),2026-07-22,alta,georef/asentamientos,https://apis.datos.gob.ar/georef/api,verde,BAHRA: el nombre no es localidad censal -> fuente correcta (P7)
v3_p20,543,Buenos Aires,Carlos Casares,Santo Tomás,,483,06147100,Santo Tomás,Carlos Casares,-35.6723997385324,-61.5068727426589,auto_ok,auto_ok,match_exacto_3campos,auto_match,no,auto,2026-07-22,alta,georef/localidades-censales,https://apis.datos.gob.ar/georef/api,verde,
v3_p20,101,Buenos Aires,San Vicente,San Vicente,,5207,06778020,San Vicente,San Vicente,-35.0240394387399,-58.4205914420453,auto_ok,auto_ok,match_exacto_3campos,auto_match,no,auto,2026-07-22,alta,georef/localidades-censales,https://apis.datos.gob.ar/georef/api,verde,
v3_p20,711,La Pampa,Chapaleufú,Sarah,,281,42056050,Sarah,Chapaleufú,-35.0280392928096,-63.6858964178019,auto_ok,auto_ok,match_exacto_3campos,auto_match,no,auto,2026-07-22,alta,georef/localidades-censales,https://apis.datos.gob.ar/georef/api,verde,
v3_p20,398,Buenos Aires,Colón,Sarasa,,743,06175030,Sarasa,Colón,-34.0481637070693,-61.2017061687434,auto_ok,auto_ok,match_exacto_3campos,auto_match,no,auto,2026-07-22,alta,georef/localidades-censales,https://apis.datos.gob.ar/georef/api,verde,
v3_p20,799,Buenos Aires,Guaminí,Saturno,,210,06399A14,Saturno,Guaminí,-36.9136592168849,-62.682675767021,propuesto,A (aparcado),bahra_georef,auto_muestreo,no,auto(pendiente_muestra),2026-07-22,alta,georef/asentamientos,https://apis.datos.gob.ar/georef/api,verde,BAHRA: el nombre no es localidad censal -> fuente correcta (P7)
v3_p20,374,Buenos Aires,Dolores,Sevigné,,820,06238020,Sevigné,Dolores,-36.2036698461647,-57.7427535363227,auto_ok,auto_ok,match_exacto_3campos,auto_match,no,auto,2026-07-22,alta,georef/localidades-censales,https://apis.datos.gob.ar/georef/api,verde,
v3_p20,453,Buenos Aires,Tornquist,Sierra de la Ventana,,628,06819060,Sierra de la Ventana,Tornquist,-38.131714910679,-61.8045637174001,auto_ok,auto_ok,match_exacto_3campos,auto_match,no,auto,2026-07-22,alta,georef/localidades-censales,https://apis.datos.gob.ar/georef/api,verde,
v3_p20,142,Buenos Aires,Olavarría,Sierras Bayas,,3168,06595120,Sierras Bayas,Olavarría,-36.9298298570961,-60.1658590966911,auto_ok,auto_ok,match_exacto_3campos,auto_match,no,auto,2026-07-22,alta,georef/localidades-censales,https://apis.datos.gob.ar/georef/api,verde,
v3_p20,246,Buenos Aires,Olavarría,Sierra Chica,,1448,06595110,Sierra Chica,Olavarría,-36.8438537035323,-60.2290280152955,auto_ok,auto_ok,match_exacto_3campos,auto_match,no,auto,2026-07-22,alta,georef/localidades-censales,https://apis.datos.gob.ar/georef/api,verde,
v3_p20,286,Buenos Aires,Carlos Casares,Smith,,1214,06147110,Smith,Carlos Casares,-35.4953401123334,-61.5924644875119,auto_ok,auto_ok,match_exacto_3campos,auto_match,no,auto,2026-07-22,alta,georef/localidades-censales,https://apis.datos.gob.ar/georef/api,verde,
v3_p20,806,Buenos Aires,Ayacucho,Solanet,,203,06042030,Solanet,Ayacucho,-36.8428436905421,-58.5077215781152,auto_ok,auto_ok,match_exacto_3campos,auto_match,no,auto,2026-07-22,alta,georef/localidades-censales,https://apis.datos.gob.ar/georef/api,verde,
v3_p20,788,Buenos Aires,Rojas,Sol de Mayo,,219,06686070,Sol de Mayo,Rojas,-34.2682599673445,-60.8736821753868,auto_ok,auto_ok,match_exacto_3campos,auto_match,no,auto,2026-07-22,alta,georef/localidades-censales,https://apis.datos.gob.ar/georef/api,verde,
v3_p20,498,Buenos Aires,San Andrés de Giles,Solís,,552,06728050,Solís,San Andrés de Giles,-34.2979706883022,-59.3238418712797,auto_ok,auto_ok,match_exacto_3campos,auto_match,no,auto,2026-07-22,alta,georef/localidades-censales,https://apis.datos.gob.ar/georef/api,verde,
v3_p20,556,La Pampa,Maracó,Speluzzi,,459,42105040,Speluzzi,Maracó,-35.5496682292744,-63.8204421715339,auto_ok,auto_ok,match_exacto_3campos,auto_match,no,auto,2026-07-22,alta,georef/localidades-censales,https://apis.datos.gob.ar/georef/api,verde,
v3_p21,513,Buenos Aires,Bahía Blanca,Spurr,,524,,Spurr (barrio y estación de Bahía Blanca),,-38.7544,-62.2544,propuesto,C5-barrio_de,web_barrio,humano_lote,no,pendiente:Jose,2026-07-22,verde (guard: coord en depto esperado),Wikipedia,https://es.wikipedia.org/wiki/Estaci%C3%B3n_Spurr,verde,[guard=verde; punto en Bahía Blanca] Barrio y estación de FC a ~4 km al sur del centro de Bahía Blanca
v3_p21,693,Buenos Aires,Coronel Pringles,Stegman,,303,06196A19,Stegmann,Coronel Pringles,-37.989933086505,-61.5445750028686,propuesto,E-bahra-fuzzy,bahra_fuzzy,auto_muestreo,no,auto(pendiente_muestra),2026-07-22,BAJA (fuzzy en capa BAHRA: puede no ser el mismo lugar),georef/asentamientos,https://apis.datos.gob.ar/georef/api,verde,antes era sin_match. candidatos: Stegmann/Coronel Pringles [06196A19]
v3_p21,255,Buenos Aires,Patagones,Stroeder,,1412,06602060,Stroeder,Patagones,-40.1858050598167,-62.620320671925,auto_ok,auto_ok,match_exacto_3campos,auto_match,no,auto,2026-07-22,alta,georef/localidades-censales,https://apis.datos.gob.ar/georef/api,verde,
v3_p21,380,Buenos Aires,Luján,Sucre,,802,06497A04,Sucre,Luján,-34.5078618504809,-59.1142639161741,propuesto,A (aparcado),bahra_georef,auto_muestreo,no,auto(pendiente_muestra),2026-07-22,alta,georef/asentamientos,https://apis.datos.gob.ar/georef/api,verde,BAHRA: el nombre no es localidad censal -> fuente correcta (P7)
v3_p21,130,Buenos Aires,Suipacha,Suipacha,,3495,06784020,Suipacha,Suipacha,-34.768691043144,-59.6869002378206,auto_ok,auto_ok,match_exacto_3campos,auto_match,no,auto,2026-07-22,alta,georef/localidades-censales,https://apis.datos.gob.ar/georef/api,verde,
v3_p21,676,Buenos Aires,Rivadavia,Sundblad,,320,06679080,Sundblad,Rivadavia,-35.7648879836558,-63.1390645220736,auto_ok,auto_ok,match_exacto_3campos,auto_match,no,auto,2026-07-22,alta,georef/localidades-censales,https://apis.datos.gob.ar/georef/api,verde,
v3_p21,890,Buenos Aires,Salto,Tacuarí,,126,06714A07,Tacuarí,Salto,-34.2114964968241,-60.3102346052653,propuesto,A (aparcado),bahra_georef,auto_muestreo,no,auto(pendiente_muestra),2026-07-22,alta,georef/asentamientos,https://apis.datos.gob.ar/georef/api,verde,BAHRA: el nombre no es localidad censal -> fuente correcta (P7)
v3_p21,325,Buenos Aires,Lobería,Tamangueyú,,1004,06476060,Tamangueyú,Lobería,-38.2013044445807,-58.7392568541914,auto_ok,auto_ok,match_exacto_3campos,auto_match,no,auto,2026-07-22,alta,georef/localidades-censales,https://apis.datos.gob.ar/georef/api,verde,
v3_p21,733,Buenos Aires,Pergamino,Tambo Nuevo,,264,06623A19,Tambo Nuevo,Pergamino,-33.9670771214874,-60.5794002004478,propuesto,A (aparcado),bahra_georef,auto_muestreo,no,auto(pendiente_muestra),2026-07-22,alta,georef/asentamientos,https://apis.datos.gob.ar/georef/api,verde,BAHRA: el nombre no es localidad censal -> fuente correcta (P7)
v3_p21,24,Buenos Aires,Tandil,Tandil,,45703,06791050,Tandil,Tandil,-37.3286638524321,-59.1368808617922,auto_ok,auto_ok,match_exacto_3campos,auto_match,no,auto,2026-07-22,alta,georef/localidades-censales,https://apis.datos.gob.ar/georef/api,verde,
v3_p21,122,Buenos Aires,Tapalqué,Tapalqué,,3795,06798020,Tapalqué,Tapalqué,-36.3561597732637,-60.0251394372615,auto_ok,auto_ok,match_exacto_3campos,auto_match,no,auto,2026-07-22,alta,georef/localidades-censales,https://apis.datos.gob.ar/georef/api,verde,
v3_p21,665,Buenos Aires,Carmen de Areco,Tatay,,327,06161A09,Tatay,Carmen de Areco,-34.3713636182917,-59.9440427692425,propuesto,A (aparcado),bahra_georef,auto_muestreo,no,auto(pendiente_muestra),2026-07-22,alta,georef/asentamientos,https://apis.datos.gob.ar/georef/api,verde,BAHRA: el nombre no es localidad censal -> fuente correcta (P7)
v3_p21,361,Buenos Aires,Juárez,Tedín Uriburu,,861,06084040,Tedín Uriburu,Benito Juárez,-37.364218614256,-59.7601928177513,auto_ok,auto_ok,match_exacto_3campos,auto_match,no,auto,2026-07-22,alta,georef/localidades-censales,https://apis.datos.gob.ar/georef/api,verde,
v3_p21,209,La Pampa,Loventué,Telén,,1857,42098040,Telén,Loventué,-36.2641734288439,-65.5111517486351,auto_ok,auto_ok,match_exacto_3campos,auto_match,no,auto,2026-07-22,alta,georef/localidades-censales,https://apis.datos.gob.ar/georef/api,verde,
v3_p21,480,La Pampa,Conhello,Tte. Gral. Emilio Mitre,,573,42035A04,Teniente General Emilio Mitre,Conhelo,-36.1383647554285,-64.9361328884959,propuesto,E-bahra-fuzzy,bahra_fuzzy,auto_muestreo,no,auto(pendiente_muestra),2026-07-22,BAJA (fuzzy en capa BAHRA: puede no ser el mismo lugar),georef/asentamientos,https://apis.datos.gob.ar/georef/api,verde,antes era sin_match. candidatos: Teniente General Emilio Mitre/Conhelo [42035A04]
v3_p21,487,Buenos Aires,Villarino,Teniente Origone,,567,06875080,Teniente Origone,Villarino,-39.0578239142738,-62.5705744996718,auto_ok,auto_ok,match_exacto_3campos,auto_match,no,auto,2026-07-22,alta,georef/localidades-censales,https://apis.datos.gob.ar/georef/api,verde,
v3_p21,18,Buenos Aires,Tigre,Tigre,1,91725,06805010,Tigre,Tigre,-34.4256910710843,-58.5810472651652,auto_ok,auto_ok,match_exacto_3campos,auto_match,no,auto,2026-07-22,alta,georef/localidades-censales,https://apis.datos.gob.ar/georef/api,verde,
v3_p21,300,Buenos Aires,Carlos Tejedor,Timote,,1145,06154040,Timote,Carlos Tejedor,-35.3474270322638,-62.2228786543666,auto_ok,auto_ok,match_exacto_3campos,auto_match,no,auto,2026-07-22,alta,georef/localidades-censales,https://apis.datos.gob.ar/georef/api,verde,
v3_p21,669,Buenos Aires,Adolfo Alsina,Thames,,325,06007A18,Thames,Adolfo Alsina,-36.9253528021856,-63.2955803695286,propuesto,A (aparcado),bahra_georef,auto_muestreo,no,auto(pendiente_muestra),2026-07-22,alta,georef/asentamientos,https://apis.datos.gob.ar/georef/api,verde,BAHRA: el nombre no es localidad censal -> fuente correcta (P7)
v3_p21,144,La Pampa,Toay,Toay,,3166,42140020,Toay,Toay,-36.6738647838869,-64.3797267718024,auto_ok,auto_ok,match_exacto_3campos,auto_match,no,auto,2026-07-22,alta,georef/localidades-censales,https://apis.datos.gob.ar/georef/api,verde,
v3_p21,287,Buenos Aires,Bartolomé Mitre,Todd,,1205,06077020,Todd,Arrecifes,-34.0312956499151,-60.1557108591817,auto_ok,auto_ok,match_exacto_3campos,auto_match,no,auto,2026-07-22,alta,georef/localidades-censales,https://apis.datos.gob.ar/georef/api,verde,
v3_p21,766,Buenos Aires,Mercedes,Tomás Jofré,,235,,Tomás Jofré (nombre oficial Jorge Born),,-34.6995,-59.3189,propuesto,C5-manual_coord,web_manual_coord,humano_lote,no,pendiente:Jose,2026-07-22,verde (guard: coord en depto esperado),Municipalidad de Mercedes,https://nw.mercedes.gob.ar/ciudad/turismo/tomas-jofre,verde,"[guard=verde; punto en Mercedes] Localidad del partido de Mercedes; nombre oficial Jorge Born, popularmente Tomás Jofré por su estación"
v3_p21,575,La Pampa,Atreucó,Tomás M. Anchorena,,422,42007050,Tomás M. Anchorena,Atreucó,-36.8403659815016,-63.5247929009758,auto_ok,auto_ok,match_exacto_3campos,auto_match,no,auto,2026-07-22,alta,georef/localidades-censales,https://apis.datos.gob.ar/georef/api,verde,
v3_p21,151,Buenos Aires,Tornquist,Tornquist,,3062,06819070,Tornquist,Tornquist,-38.1014150142065,-62.2229188366889,auto_ok,auto_ok,match_exacto_3campos,auto_match,no,auto,2026-07-22,alta,georef/localidades-censales,https://apis.datos.gob.ar/georef/api,verde,
v3_p21,164,Buenos Aires,Luján,Torres,,2699,06497050,Torres,Luján,-34.4328248155783,-59.1285842988555,auto_ok,auto_ok,match_exacto_3campos,auto_match,no,auto,2026-07-22,alta,georef/localidades-censales,https://apis.datos.gob.ar/georef/api,verde,
v3_p21,169,Buenos Aires,Pilar,Tortuguitas,,2628,0663804012,Tortuguitas,Pilar,-34.4607720798694,-58.7631813315473,propuesto,D,ambiguo,auto_muestreo,no,auto(pendiente_muestra),2026-07-22,baja,georef,https://apis.datos.gob.ar/georef/api,verde,>1 candidato: Tortuguitas/Pilar [0663804012]; Tortuguitas/Malvinas Argentinas [0651501007]
v3_p21,548,La Pampa,Maracó,Trebolares,,472,42105050,Trebolares,Maracó,-35.5841111323849,-63.5857434452724,auto_ok,auto_ok,match_exacto_3campos,auto_match,no,auto,2026-07-22,alta,georef/localidades-censales,https://apis.datos.gob.ar/georef/api,verde,
v3_p21,170,Buenos Aires,Trenque Lauquen,30 de Agosto,,2601,06826040,30 de Agosto,Trenque Lauquen,-36.2785915674803,-62.545088758002,auto_ok,auto_ok,match_exacto_3campos,auto_match,no,auto,2026-07-22,alta,georef/localidades-censales,https://apis.datos.gob.ar/georef/api,verde,
v3_p21,149,La Pampa,Trenel,Trenel,,3086,42147030,Trenel,Trenel,-35.6983199310986,-64.1332301983715,auto_ok,auto_ok,match_exacto_3campos,auto_match,no,auto,2026-07-22,alta,georef/localidades-censales,https://apis.datos.gob.ar/georef/api,verde,
v3_p21,54,Buenos Aires,Trenque Lauquen,Trenque Lauquen,,13263,06826050,Trenque Lauquen,Trenque Lauquen,-35.9732603814102,-62.7326360506884,auto_ok,auto_ok,match_exacto_3campos,auto_match,no,auto,2026-07-22,alta,georef/localidades-censales,https://apis.datos.gob.ar/georef/api,verde,
v3_p21,134,Buenos Aires,Carlos Tejedor,Tres Algarrobos,,3385,06154050,Tres Algarrobos,Carlos Tejedor,-35.1955750860716,-62.774391469815,auto_ok,auto_ok,match_exacto_3campos,auto_match,no,auto,2026-07-22,alta,georef/localidades-censales,https://apis.datos.gob.ar/georef/api,verde,
v3_p21,30,Buenos Aires,Tres Arroyos,Tres Arroyos,,34139,06833100,Tres Arroyos,Tres Arroyos,-38.377001938002,-60.2747300376261,auto_ok,auto_ok,match_exacto_3campos,auto_match,no,auto,2026-07-22,alta,georef/localidades-censales,https://apis.datos.gob.ar/georef/api,verde,
v3_p21,9,Buenos Aires,3 de Febrero,3 de Febrero,1,263391,06840010,Tres de Febrero,,-34.6048497158582,-58.5609615725508,propuesto,C-generador,generador_transformacion,auto_muestreo,no,auto(pendiente_muestra),2026-07-22,alta (match exacto en depto del conjunto),georef/localidades-censales,https://apis.datos.gob.ar/georef/api,verde,candidato probado: 'Tres de Febrero' [digito -> numero-palabra: 3->tres]
v3_p21,628,Buenos Aires,Adolfo Alsina,Tres Lagunas,,366,06007A19,Tres Lagunas,Adolfo Alsina,-37.1403976558238,-63.0084041239123,propuesto,A (aparcado),bahra_georef,auto_muestreo,no,auto(pendiente_muestra),2026-07-22,alta,georef/asentamientos,https://apis.datos.gob.ar/georef/api,verde,BAHRA: el nombre no es localidad censal -> fuente correcta (P7)
v3_p21,579,Buenos Aires,Tornquist,Tres Picos,,414,06819080,Tres Picos,Tornquist,-38.2884025052379,-62.210073686413,auto_ok,auto_ok,match_exacto_3campos,auto_match,no,auto,2026-07-22,alta,georef/localidades-censales,https://apis.datos.gob.ar/georef/api,verde,
v3_p21,392,Buenos Aires,Carmen de Areco,Tres Sargentos,,759,06161030,Tres Sargentos,Carmen de Areco,-34.4664671152993,-59.9993946648954,auto_ok,auto_ok,match_exacto_3campos,auto_match,no,auto,2026-07-22,alta,georef/localidades-censales,https://apis.datos.gob.ar/georef/api,verde,
v3_p21,619,Buenos Aires,Lincoln,Triunvirato,,372,06469110,Triunvirato,Lincoln,-34.6758379792473,-61.4657087059049,auto_ok,auto_ok,match_exacto_3campos,auto_match,no,auto,2026-07-22,alta,georef/localidades-censales,https://apis.datos.gob.ar/georef/api,verde,
v3_p21,823,Buenos Aires,Trenque Lauquen,Tronge,,192,06826060,Trongé,Trenque Lauquen,-36.4603092402658,-62.4871229040303,auto_ok,auto_ok,match_exacto_3campos,auto_match,no,auto,2026-07-22,alta,georef/localidades-censales,https://apis.datos.gob.ar/georef/api,verde,
v3_p21,705,Buenos Aires,San Andrés de Giles,Tuyutí,,287,06728A10,Tuyutí,San Andrés de Giles,-34.5204623120518,-59.6725319175543,propuesto,A (aparcado),bahra_georef,auto_muestreo,no,auto(pendiente_muestra),2026-07-22,alta,georef/asentamientos,https://apis.datos.gob.ar/georef/api,verde,BAHRA: el nombre no es localidad censal -> fuente correcta (P7)
v3_p21,478,Buenos Aires,Ayacucho,Udaquiola,,576,06042040,Udaquiola,Ayacucho,-36.5623187085811,-58.5342947787006,auto_ok,auto_ok,match_exacto_3campos,auto_match,no,auto,2026-07-22,alta,georef/localidades-censales,https://apis.datos.gob.ar/georef/api,verde,
v3_p21,463,Buenos Aires,Bolívar,Unzué,,606,06105A13,Mariano Unzué,Bolívar,-36.1373008964692,-61.0078227743231,propuesto,E-bahra-fuzzy,bahra_fuzzy,auto_muestreo,no,auto(pendiente_muestra),2026-07-22,BAJA (fuzzy en capa BAHRA: puede no ser el mismo lugar),georef/asentamientos,https://apis.datos.gob.ar/georef/api,verde,antes era sin_match. candidatos: Mariano Unzué/Bolívar [06105A13]
v3_p22,138,Buenos Aires,Bolívar,Urdampilleta,,3229,06105070,Urdampilleta,Bolívar,-36.4271722792919,-61.4161624553726,auto_ok,auto_ok,match_exacto_3campos,auto_match,no,auto,2026-07-22,alta,georef/localidades-censales,https://apis.datos.gob.ar/georef/api,verde,
v3_p22,357,Buenos Aires,Cañuelas,Uribelarrea,,867,06134080,Uribelarrea,Cañuelas,-35.1237982777546,-58.8921038171189,auto_ok,auto_ok,match_exacto_3campos,auto_match,no,auto,2026-07-22,alta,georef/localidades-censales,https://apis.datos.gob.ar/georef/api,verde,
v3_p22,298,La Pampa,Catriló,Uriburu,,1154,42028040,Uriburu,Catriló,-36.5062619465026,-63.8600321293575,auto_ok,auto_ok,match_exacto_3campos,auto_match,no,auto,2026-07-22,alta,georef/localidades-censales,https://apis.datos.gob.ar/georef/api,verde,
v3_p22,354,Buenos Aires,Pergamino,Urquiza,,875,06623050,Urquiza,Pergamino,-33.923055807155,-60.3811824095264,auto_ok,auto_ok,match_exacto_3campos,auto_match,no,auto,2026-07-22,alta,georef/localidades-censales,https://apis.datos.gob.ar/georef/api,verde,
v3_p22,723,Buenos Aires,San Antonio de Areco,Vagues,,270,06735040,Vagues,San Antonio de Areco,-34.2987200832789,-59.4445967184558,auto_ok,auto_ok,match_exacto_3campos,auto_match,no,auto,2026-07-22,alta,georef/localidades-censales,https://apis.datos.gob.ar/georef/api,verde,
v3_p22,303,Buenos Aires,25 de Mayo,Valdés,,1137,06854090,Valdés,25 de Mayo,-35.6479335038384,-60.4656498402767,auto_ok,auto_ok,match_exacto_3campos,auto_match,no,auto,2026-07-22,alta,georef/localidades-censales,https://apis.datos.gob.ar/georef/api,verde,
v3_p22,758,Buenos Aires,Rivadavia,Valentín Gómez,,245,06679A06,Valentín Gómez,Rivadavia,-35.6498230069269,-63.2550989086405,propuesto,A (aparcado),bahra_georef,auto_muestreo,no,auto(pendiente_muestra),2026-07-22,alta,georef/asentamientos,https://apis.datos.gob.ar/georef/api,verde,BAHRA: el nombre no es localidad censal -> fuente correcta (P7)
v3_p22,864,Buenos Aires,Bolívar,Vallimanca,,155,06105A21,Vallimanca,Bolívar,-36.342899216148,-61.0330238156088,propuesto,A (aparcado),bahra_georef,auto_muestreo,no,auto(pendiente_muestra),2026-07-22,alta,georef/asentamientos,https://apis.datos.gob.ar/georef/api,verde,BAHRA: el nombre no es localidad censal -> fuente correcta (P7)
v3_p22,782,Buenos Aires,González Chaves,Vázquez,,223,06014040,Vásquez,Adolfo Gonzales Chaves,-38.176514629101,-60.1715323552449,propuesto,A (aparcado),bahra_georef,auto_muestreo,no,auto(pendiente_muestra),2026-07-22,media (nombre difiere),georef/,https://apis.datos.gob.ar/georef/api,verde,variante de nombre en el depto correcto
v3_p22,112,Buenos Aires,Leandro N. Alem,Vedia,,4456,06462060,Vedia,Leandro N. Alem,-34.4979073052789,-61.5423378023687,auto_ok,auto_ok,match_exacto_3campos,auto_match,no,auto,2026-07-22,alta,georef/localidades-censales,https://apis.datos.gob.ar/georef/api,verde,
v3_p22,47,Buenos Aires,25 de Mayo,25 de Mayo,,16184,06854100,25 de Mayo,25 de Mayo,-35.4323790352212,-60.1716277553696,auto_ok,auto_ok,match_exacto_3campos,auto_match,no,auto,2026-07-22,alta,georef/localidades-censales,https://apis.datos.gob.ar/georef/api,verde,
v3_p22,383,Buenos Aires,Tapalqué,Velloso,,785,06798030,Velloso,Tapalqué,-36.1195335164104,-59.6517269033189,auto_ok,auto_ok,match_exacto_3campos,auto_match,no,auto,2026-07-22,alta,georef/localidades-censales,https://apis.datos.gob.ar/georef/api,verde,
v3_p22,701,Buenos Aires,Magdalena,Vergara,,291,06505A13,Vergara,Magdalena,-35.383479882281,-57.8034258660725,propuesto,A (aparcado),bahra_georef,auto_muestreo,no,auto(pendiente_muestra),2026-07-22,alta,georef/asentamientos,https://apis.datos.gob.ar/georef/api,verde,BAHRA: el nombre no es localidad censal -> fuente correcta (P7)
v3_p22,110,Buenos Aires,Magdalena,Verónica,,4760,06655040,Verónica,Punta Indio,-35.3881552142501,-57.3371601623743,auto_ok,auto_ok,match_exacto_3campos,auto_match,no,auto,2026-07-22,alta,georef/localidades-censales,https://apis.datos.gob.ar/georef/api,verde,
v3_p22,468,La Pampa,Chapaleufú,Vértiz,,588,42056060,Vértiz,Chapaleufú,-35.4274527599415,-63.9099651451605,auto_ok,auto_ok,match_exacto_3campos,auto_match,no,auto,2026-07-22,alta,georef/localidades-censales,https://apis.datos.gob.ar/georef/api,verde,
v3_p22,794,Buenos Aires,Puán,Víboras,,212,06651A12,Víboras,Puán,-37.6953490676936,-62.8044379341661,propuesto,A (aparcado),bahra_georef,auto_muestreo,no,auto(pendiente_muestra),2026-07-22,alta,georef/asentamientos,https://apis.datos.gob.ar/georef/api,verde,BAHRA: el nombre no es localidad censal -> fuente correcta (P7)
v3_p22,310,Buenos Aires,Mar Chiquita,Vivoratá,,1096,06518070,Vivoratá,Mar Chiquita,-37.6619411833987,-57.6687982154862,auto_ok,auto_ok,match_exacto_3campos,auto_match,no,auto,2026-07-22,alta,georef/localidades-censales,https://apis.datos.gob.ar/georef/api,verde,
v3_p22,197,Buenos Aires,Cañuelas,Vicente Casares,,1935,06134080,Vicente Casares,Cañuelas,-34.9655362562693,-58.6518407731212,propuesto,A (aparcado),bahra_georef,auto_muestreo,no,auto(pendiente_muestra),2026-07-22,alta,georef/localidades,https://apis.datos.gob.ar/georef/api,verde,BAHRA: el nombre no es localidad censal -> BAHRA es la fuente correcta (P7). id de capa 'localidades' NO es id censal INDEC valido
v3_p22,10,Buenos Aires,Vicente López,Vicente López,1,247656,06861010,Vicente López,Vicente López,-34.5275557594499,-58.5030975311771,auto_ok,auto_ok,match_exacto_3campos,auto_match,no,auto,2026-07-22,alta,georef/localidades-censales,https://apis.datos.gob.ar/georef/api,verde,
v3_p22,143,La Pampa,Loventué,Victorica,,3167,42098050,Victorica,Loventué,-36.2164839315882,-65.437086832443,auto_ok,auto_ok,match_exacto_3campos,auto_match,no,auto,2026-07-22,alta,georef/localidades-censales,https://apis.datos.gob.ar/georef/api,verde,
v3_p22,523,Buenos Aires,Guaminí,Victorino de la Plaza,,510,06399A15,Victorino de la Plaza,Guaminí,-36.6217706404874,-62.6707372933421,propuesto,A (aparcado),bahra_georef,auto_muestreo,no,auto(pendiente_muestra),2026-07-22,alta,georef/asentamientos,https://apis.datos.gob.ar/georef/api,verde,BAHRA: el nombre no es localidad censal -> fuente correcta (P7)
v3_p22,488,Buenos Aires,Magdalena,Vieytes,,567,06505050,Vieytes,Magdalena,-35.269568396303,-57.5757117447539,auto_ok,auto_ok,match_exacto_3campos,auto_match,no,auto,2026-07-22,alta,georef/localidades-censales,https://apis.datos.gob.ar/georef/api,verde,
v3_p22,823,Buenos Aires,Lincoln,Vigilancia,,191,06469A06,Fortín Vigilancia,Lincoln,-35.1097525325126,-61.6734037367717,propuesto,E-bahra-fuzzy,bahra_fuzzy,auto_muestreo,no,auto(pendiente_muestra),2026-07-22,BAJA (fuzzy en capa BAHRA: puede no ser el mismo lugar),georef/asentamientos,https://apis.datos.gob.ar/georef/api,verde,antes era sin_match. candidatos: Fortín Vigilancia/Lincoln [06469A06]
v3_p22,695,Buenos Aires,Las Flores,Vilela,,302,06455A22,Vilela,Las Flores,-35.8468806124004,-59.0350955587029,propuesto,A (aparcado),bahra_georef,auto_muestreo,no,auto(pendiente_muestra),2026-07-22,alta,georef/asentamientos,https://apis.datos.gob.ar/georef/api,verde,BAHRA: el nombre no es localidad censal -> fuente correcta (P7)
v3_p22,535,Buenos Aires,San Andrés de Giles,Villa Espil,,492,06728060,Villa Espil,San Andrés de Giles,-34.5052790391016,-59.3382364169119,auto_ok,auto_ok,match_exacto_3campos,auto_match,no,auto,2026-07-22,alta,georef/localidades-censales,https://apis.datos.gob.ar/georef/api,verde,
v3_p22,262,Buenos Aires,General Juan Madariaga,Villa Gessell,,1374,06868020,Villa Gesell,Villa Gesell,-37.2497240324505,-56.9678616849268,propuesto,A (aparcado),bahra_georef,auto_muestreo,no,auto(pendiente_muestra),2026-07-22,media (nombre difiere),georef/,https://apis.datos.gob.ar/georef/api,verde,variante de nombre en el depto correcto
v3_p22,496,Buenos Aires,Bahía Blanca,Villa Harding Green,,553,,Villa Harding Green (Bahía Blanca),,-38.7211,-62.1958,propuesto,C5-barrio_de,web_barrio,humano_lote,no,pendiente:Jose,2026-07-22,verde (guard: coord en depto esperado),Wikipedia,https://es.wikipedia.org/wiki/Villa_Harding_Green,verde,"[guard=verde; punto en Bahía Blanca] Localidad separada hasta censo 1991, hoy barrio del NE de Bahia Blanca"
v3_p22,167,Buenos Aires,Puán,Villa Iris,,2640,06651110,Villa Iris,Puán,-38.171747781365,-63.2355559145704,auto_ok,auto_ok,match_exacto_3campos,auto_match,no,auto,2026-07-22,alta,georef/localidades-censales,https://apis.datos.gob.ar/georef/api,verde,
v3_p22,346,Buenos Aires,San Antonio de Areco,Villa Lía,,921,06735030,Villa Lía,San Antonio de Areco,-34.1230849891832,-59.4304979675286,auto_ok,auto_ok,match_exacto_3campos,auto_match,no,auto,2026-07-22,alta,georef/localidades-censales,https://apis.datos.gob.ar/georef/api,verde,
v3_p22,218,Buenos Aires,Patagones,Villalonga,,1680,06602070,Villalonga,Patagones,-39.9174672692849,-62.6189019197015,auto_ok,auto_ok,match_exacto_3campos,auto_match,no,auto,2026-07-22,alta,georef/localidades-censales,https://apis.datos.gob.ar/georef/api,verde,
v3_p22,802,Buenos Aires,Alberti,Villa María,,209,06021060,Villa María,Alberti,-34.8878007536355,-60.339840966265,auto_ok,auto_ok,match_exacto_3campos,auto_match,no,auto,2026-07-22,alta,georef/localidades-censales,https://apis.datos.gob.ar/georef/api,verde,
v3_p22,352,La Pampa,Quemú-Quemú,Villa Mirasol,,902,42119060,Villa Mirasol,Quemú Quemú,-36.0764284316936,-63.8863538159604,auto_ok,auto_ok,match_exacto_3campos,auto_match,no,auto,2026-07-22,alta,georef/localidades-censales,https://apis.datos.gob.ar/georef/api,verde,
v3_p22,489,Buenos Aires,General Paz,Villa Nueva,,564,,Villanueva (Estación Villanueva),,-35.6789,-58.4353,propuesto,C5-rename,web_rename,humano_lote,no,pendiente:Jose,2026-07-22,verde (guard: coord en depto esperado),Wikipedia,https://es.wikipedia.org/wiki/Estaci%C3%B3n_Villanueva,verde,"[guard=verde; punto en General Paz] Localidad/estación del partido General Paz, BA"
v3_p22,215,Buenos Aires,San Vicente,Villa Numancia,,1735,,Estación Villa Numancia (Guernica),,-34.9219,-58.4012,propuesto,C5-manual_coord,web_manual_coord,humano_lote,no,pendiente:Jose,2026-07-22,verde (guard: coord en depto esperado),Wikipedia,https://es.wikipedia.org/wiki/Estaci%C3%B3n_Villa_Numancia,verde,"[guard=verde; punto en Presidente Perón] Estación/barrio de Guernica, hoy partido Presidente Perón"
v3_p22,123,Buenos Aires,Ramallo,Villa Ramallo,,3736,06665060,Villa Ramallo,Ramallo,-33.4978678876513,-60.065527605439,auto_ok,auto_ok,match_exacto_3campos,auto_match,no,auto,2026-07-22,alta,georef/localidades-censales,https://apis.datos.gob.ar/georef/api,verde,
v3_p22,228,Buenos Aires,Pilar,Villa Rosa,,1598,0663804014,Villa Rosa,Pilar,-34.4152919195327,-58.8695488420707,propuesto,A (aparcado),bahra_georef,auto_muestreo,no,auto(pendiente_muestra),2026-07-22,alta,georef/localidades,https://apis.datos.gob.ar/georef/api,verde,BAHRA: el nombre no es localidad censal -> BAHRA es la fuente correcta (P7). id de capa 'localidades' NO es id censal INDEC valido
v3_p22,349,Buenos Aires,Marcos Paz,Villars,,915,06329040,Villars,General Las Heras,-34.82601,-58.93905,confirmado_3.3b,3.3b:transferencia_limite_declarado,transferencia_limite_declarado,humano_individual,no,humano:Jose(3.3b),2026-07-22,media,humano (Jose) + Wikipedia + OpenStreetMap,https://es.wikipedia.org/wiki/Villars_(Buenos_Aires),rojo,"Jose ratifico bloque limite declarado (README 3.1b: reasignacion entre deptos preexistentes, sin ley citable; identidad solida)"
v3_p22,327,Buenos Aires,General Villegas,Villa Saboya,,1001,06392110,Villa Saboya,General Villegas,-34.459973849085,-62.6491960994875,auto_ok,auto_ok,match_exacto_3campos,auto_match,no,auto,2026-07-22,alta,georef/localidades-censales,https://apis.datos.gob.ar/georef/api,verde,
v3_p22,364,Buenos Aires,General Villegas,Villa Sauce,,853,06392120,Villa Sauze,General Villegas,-35.2857701693627,-63.368360528573,propuesto,A (aparcado),bahra_georef,auto_muestreo,no,auto(pendiente_muestra),2026-07-22,media (nombre difiere),georef/,https://apis.datos.gob.ar/georef/api,verde,variante de nombre en el depto correcto
v3_p22,848,Buenos Aires,Rivadavia,Villa Sena,,166,06679A07,Villa Sena,Rivadavia,-35.6301689138421,-62.8933279176174,propuesto,A (aparcado),bahra_georef,auto_muestreo,no,auto(pendiente_muestra),2026-07-22,alta,georef/asentamientos,https://apis.datos.gob.ar/georef/api,verde,BAHRA: el nombre no es localidad censal -> fuente correcta (P7)
v3_p22,643,Buenos Aires,Bartolomé Mitre,Viñas,,349,06077030,Viña,Arrecifes,-33.9918997449433,-60.2256161202229,propuesto,A (aparcado),bahra_georef,auto_muestreo,no,auto(pendiente_muestra),2026-07-22,media (nombre difiere),georef/,https://apis.datos.gob.ar/georef/api,verde,variante de nombre en el depto correcto
v3_p23,709,Buenos Aires,San Pedro,Vuelta de Obligado,,283,06770020,Obligado,San Pedro,-33.59681,-59.81769,confirmado_3.3b,3.3b:rename,rename,documentado_3.3b,no,auto:3.3b(web+doc+guard),2026-07-22,alta,auto + Wikipedia + Georef,https://es.wikipedia.org/wiki/Obligado_(Buenos_Aires),verde,guard=verde (coord en conjunto permitido)
v3_p23,370,Buenos Aires,Bragado,Warnes,,838,06112100,Warnes,Bragado,-34.9099843322177,-60.5381265800083,auto_ok,auto_ok,match_exacto_3campos,auto_match,no,auto,2026-07-22,alta,georef/localidades-censales,https://apis.datos.gob.ar/georef/api,verde,
v3_p23,178,La Pampa,Conhello,Winifreda,,2399,42035060,Winifreda,Conhelo,-36.2274923532513,-64.2334530268491,auto_ok,auto_ok,match_exacto_3campos,auto_match,no,auto,2026-07-22,alta,georef/localidades-censales,https://apis.datos.gob.ar/georef/api,verde,
v3_p23,771,Buenos Aires,Adolfo Alsina,Yutuyaco,,230,06007110,Yutuyaco,Adolfo Alsina,-36.9873204072125,-63.1320279056445,propuesto,A (aparcado),bahra_georef,auto_muestreo,no,auto(pendiente_muestra),2026-07-22,alta,georef/asentamientos,https://apis.datos.gob.ar/georef/api,verde,BAHRA: el nombre no es localidad censal -> fuente correcta (P7)
v3_p23,583,Buenos Aires,Lobos,Zapiola,,406,06483060,Zapiola,Lobos,-35.0581056193109,-59.0415765038789,auto_ok,auto_ok,match_exacto_3campos,auto_match,no,auto,2026-07-22,alta,georef/localidades-censales,https://apis.datos.gob.ar/georef/api,verde,
v3_p23,23,Buenos Aires,Zárate,Zárate,,46460,06882040,Zárate,Zárate,-34.0957447885433,-59.0242961539098,auto_ok,auto_ok,match_exacto_3campos,auto_match,no,auto,2026-07-22,alta,georef/localidades-censales,https://apis.datos.gob.ar/georef/api,verde,
v3_p23,484,Buenos Aires,General Viamonte,Zavalía,,570,06385050,Zavalía,General Viamonte,-34.8955972467887,-61.0074712439266,auto_ok,auto_ok,match_exacto_3campos,auto_match,no,auto,2026-07-22,alta,georef/localidades-censales,https://apis.datos.gob.ar/georef/api,verde,
v3_p23,436,Buenos Aires,Pilar,Zelaya,,661,0663804015,Zelaya,Pilar,-34.3715664829895,-58.8694503722801,propuesto,A (aparcado),bahra_georef,auto_muestreo,no,auto(pendiente_muestra),2026-07-22,alta,georef/localidades,https://apis.datos.gob.ar/georef/api,verde,BAHRA: el nombre no es localidad censal -> BAHRA es la fuente correcta (P7). id de capa 'localidades' NO es id censal INDEC valido
v3_p23,395,Buenos Aires,Monte,Zenón Videla Dorna,,750,06547030,Zenón Videla Dorna,Monte,-35.5447734044526,-58.8855911917932,auto_ok,auto_ok,match_exacto_3campos,auto_match,no,auto,2026-07-22,alta,georef/localidades-censales,https://apis.datos.gob.ar/georef/api,verde,
v4_p01,393,Santa Fe,General López,Aarón Castellanos,,1043,82042010,Aarón Castellanos,General López,-34.3327327685606,-62.3740152362996,auto_ok,auto_ok,match_exacto_3campos,auto_match,no,auto,2026-07-22,alta,georef/localidades-censales,https://apis.datos.gob.ar/georef/api,verde,
v4_p01,154,Santa Fe,Rosario,Acebal,,2986,82084010,Acébal,Rosario,-33.2417509715646,-60.8365149917432,auto_ok,auto_ok,match_exacto_3campos,auto_match,no,auto,2026-07-22,alta,georef/localidades-censales,https://apis.datos.gob.ar/georef/api,verde,
v4_p01,188,Córdoba,Río Cuarto,Achiras,,1989,14098010,Achiras,Río Cuarto,-33.1744577612918,-64.9920173611892,auto_ok,auto_ok,match_exacto_3campos,auto_match,no,auto,2026-07-22,alta,georef/localidades-censales,https://apis.datos.gob.ar/georef/api,verde,
v4_p01,174,Córdoba,Río Cuarto,Adelia María,,2454,14098020,Adelia María,Río Cuarto,-33.6320961628939,-64.021610565103,auto_ok,auto_ok,match_exacto_3campos,auto_match,no,auto,2026-07-22,alta,georef/localidades-censales,https://apis.datos.gob.ar/georef/api,verde,
v4_p01,565,Córdoba,Colón,Agua de Oro,,564,14021010,Agua de Oro,Colón,-31.066448360111,-64.3021382451288,auto_ok,auto_ok,match_exacto_3campos,auto_match,no,auto,2026-07-22,alta,georef/localidades-censales,https://apis.datos.gob.ar/georef/api,verde,
v4_p01,594,Córdoba,Minas,Agua de Ramón,,490,14070A00,Agua de Ramón,Minas,-30.8508454078099,-65.3651231740995,propuesto,A (aparcado),bahra_georef,auto_muestreo,no,auto(pendiente_muestra),2026-07-22,alta,georef/asentamientos,https://apis.datos.gob.ar/georef/api,verde,BAHRA: el nombre no es localidad censal -> fuente correcta (P7)
v4_p01,381,Santa Fe,Rosario,Albarrellos,,1090,82084020,Albarellos,Rosario,-33.2395147864442,-60.6368410745967,propuesto,A (aparcado),bahra_georef,auto_muestreo,no,auto(pendiente_muestra),2026-07-22,media (nombre difiere),georef/,https://apis.datos.gob.ar/georef/api,verde,variante de nombre en el depto correcto
v4_p01,143,Córdoba,Río Cuarto,Alcira,,3180,14098030,Alcira,Río Cuarto,-32.7588022342519,-64.3341190350383,auto_ok,auto_ok,match_exacto_3campos,auto_match,no,auto,2026-07-22,alta,georef/localidades-censales,https://apis.datos.gob.ar/georef/api,verde,
v4_p01,67,Santa Fe,Constitución,Alcorta,,5632,82028010,Alcorta,Constitución,-33.5381908145311,-61.1239054065715,auto_ok,auto_ok,match_exacto_3campos,auto_match,no,auto,2026-07-22,alta,georef/localidades-censales,https://apis.datos.gob.ar/georef/api,verde,
v4_p01,339,Santa Fe,Castellanos,Aldao,,1260,82021010,Aldao,Castellanos,-30.9805613207763,-61.7433512131028,auto_ok,auto_ok,match_exacto_3campos,auto_match,no,auto,2026-07-22,alta,georef/localidades-censales,https://apis.datos.gob.ar/georef/api,verde,
v4_p01,503,Santa Fe,San Lorenzo,Aldao,,710,82119010,Aldao,San Lorenzo,-32.7036174158477,-60.8155041644391,auto_ok,auto_ok,match_exacto_3campos,auto_match,no,auto,2026-07-22,alta,georef/localidades-censales,https://apis.datos.gob.ar/georef/api,verde,
v4_p01,189,Santa Fe,San Javier,Alejandra,,1987,82098010,Alejandra,San Javier,-29.9091462650432,-59.8271539631043,auto_ok,auto_ok,match_exacto_3campos,auto_match,no,auto,2026-07-22,alta,georef/localidades-censales,https://apis.datos.gob.ar/georef/api,verde,
v4_p01,155,Córdoba,Juárez Celman,Alejandro,,2921,14056010,Alejandro Roca,Juárez Celman,-33.3535975392926,-63.7177324037015,propuesto,A (aparcado),bahra_georef,auto_muestreo,no,auto(pendiente_muestra),2026-07-22,media (nombre difiere),georef/,https://apis.datos.gob.ar/georef/api,verde,variante de nombre en el depto correcto
v4_p01,145,Córdoba,Marcos Juárez,Alejo Ledesma,,3110,14063010,Alejo Ledesma,Marcos Juárez,-33.605468530552,-62.6260082197532,auto_ok,auto_ok,match_exacto_3campos,auto_match,no,auto,2026-07-22,alta,georef/localidades-censales,https://apis.datos.gob.ar/georef/api,verde,
v4_p01,248,Córdoba,San Justo,Alicia,,1637,14140010,Alicia,San Justo,-31.9388455762237,-62.464199859417,auto_ok,auto_ok,match_exacto_3campos,auto_match,no,auto,2026-07-22,alta,georef/localidades-censales,https://apis.datos.gob.ar/georef/api,verde,
v4_p01,93,Córdoba,Tercero Arriba,Almafuerte,,4406,14161010,Almafuerte,Tercero Arriba,-32.1922811622835,-64.2544277722082,auto_ok,auto_ok,match_exacto_3campos,auto_match,no,auto,2026-07-22,alta,georef/localidades-censales,https://apis.datos.gob.ar/georef/api,verde,
v4_p01,629,Córdoba,Río Cuarto,Alpa Corral,,422,14098040,Alpa Corral,Río Cuarto,-32.6937013127228,-64.7172488139417,auto_ok,auto_ok,match_exacto_3campos,auto_match,no,auto,2026-07-22,alta,georef/localidades-censales,https://apis.datos.gob.ar/georef/api,verde,
v4_p01,26,Córdoba,Santa María,Alta Gracia,,11628,14147010,Alta Gracia,Santa María,-31.6579044755116,-64.4338468229567,auto_ok,auto_ok,match_exacto_3campos,auto_match,no,auto,2026-07-22,alta,georef/localidades-censales,https://apis.datos.gob.ar/georef/api,verde,
v4_p01,702,Córdoba,San Alberto,Altautina,,261,14126005,Altautina,San Alberto,-31.789476865256,-65.166342155668,auto_ok,auto_ok,match_exacto_3campos,auto_match,no,auto,2026-07-22,alta,georef/localidades-censales,https://apis.datos.gob.ar/georef/api,verde,
v4_p01,415,Córdoba,Unión,Alto Alegre,,971,14182020,Alto Alegre,Unión,-32.346850725576,-62.8842161736892,auto_ok,auto_ok,match_exacto_3campos,auto_match,no,auto,2026-07-22,alta,georef/localidades-censales,https://apis.datos.gob.ar/georef/api,verde,
v4_p01,199,Córdoba,San Justo,Altos de Chipión,,1917,14140020,Altos de Chipión,San Justo,-30.9572155879209,-62.338317355547,auto_ok,auto_ok,match_exacto_3campos,auto_match,no,auto,2026-07-22,alta,georef/localidades-censales,https://apis.datos.gob.ar/georef/api,verde,
v4_p01,168,Santa Fe,La Capital,Alto Verde,,2627,,Barrio Alto Verde (Santa Fe capital),,-31.6613,-60.6986,propuesto,C5-barrio_de,web_barrio,humano_lote,no,pendiente:Jose,2026-07-22,verde (guard: coord en depto esperado),Wikimapia/dices.net,https://www.dices.net/mapas/argentina/mapa.php?nombre=Alto-Verde&id=24458,verde,"[guard=verde; punto en La Capital] Barrio de la ciudad de Santa Fe sobre Isla Sirgadero, depto La Capital"
v4_p01,137,Santa Fe,Rosario,Alvarez,,3270,82084030,Álvarez,Rosario,-33.1281198683,-60.8063422393053,auto_ok,auto_ok,match_exacto_3campos,auto_match,no,auto,2026-07-22,alta,georef/localidades-censales,https://apis.datos.gob.ar/georef/api,verde,
v4_p01,340,Santa Fe,Rosario,Alvear,,1259,82084040,Alvear,Rosario,-33.0578573019617,-60.6199523402006,auto_ok,auto_ok,match_exacto_3campos,auto_match,no,auto,2026-07-22,alta,georef/localidades-censales,https://apis.datos.gob.ar/georef/api,verde,
v4_p01,597,Córdoba,Calamuchita,Amboy,,487,14007010,Amboy,Calamuchita,-32.1764309839373,-64.5750940980819,auto_ok,auto_ok,match_exacto_3campos,auto_match,no,auto,2026-07-22,alta,georef/localidades-censales,https://apis.datos.gob.ar/georef/api,verde,
v4_p01,315,Santa Fe,San Cristóbal,Ambrosetti,,1341,82091020,Ambrosetti,San Cristóbal,-30.0151139675007,-61.5761950937081,auto_ok,auto_ok,match_exacto_3campos,auto_match,no,auto,2026-07-22,alta,georef/localidades-censales,https://apis.datos.gob.ar/georef/api,verde,
v4_p01,634,Córdoba,San Alberto,Ambul,,414,14126010,Ambul,San Alberto,-31.4905770344961,-65.0539518278405,auto_ok,auto_ok,match_exacto_3campos,auto_match,no,auto,2026-07-22,alta,georef/localidades-censales,https://apis.datos.gob.ar/georef/api,verde,
v4_p01,524,Córdoba,General San Martín,Ana Zumarán,,657,14182030,Ana Zumarán,General San Martín,-32.3905234,-63.0573516,confirmado_3.3b,3.3b:transferencia_confirmada,transferencia_confirmada,documentado_3.3b,no,auto:3.3b(web+doc+guard),2026-07-22,alta,auto + Wikipedia (Ana Zumaran) + Georef,https://es.wikipedia.org/wiki/Ana_Zumar%C3%A1n,verde,guard=verde (coord en conjunto permitido)
v4_p01,290,Santa Fe,Iriondo,Andino,,1464,82056110,Pueblo Andino,Iriondo,-32.669898746244,-60.8755282895566,propuesto,D,ambiguo,auto_muestreo,no,auto(pendiente_muestra),2026-07-22,baja,georef,https://apis.datos.gob.ar/georef/api,verde,>1 candidato: Pueblo Andino/Iriondo [82056110]; Villa La Ribera (Pueblo Andino)/Iriondo [82056170]
v4_p01,650,Santa Fe,Castellanos,Angélica,,373,82021020,Angélica,Castellanos,-31.5507033763133,-61.5464708398049,auto_ok,auto_ok,match_exacto_3campos,auto_match,no,auto,2026-07-22,alta,georef/localidades-censales,https://apis.datos.gob.ar/georef/api,verde,
v4_p01,471,Santa Fe,San Justo,Angeloni,,789,82112010,Angeloni,San Justo,-30.8556189584065,-60.6503040500229,auto_ok,auto_ok,match_exacto_3campos,auto_match,no,auto,2026-07-22,alta,georef/localidades-censales,https://apis.datos.gob.ar/georef/api,verde,
v4_p01,574,Córdoba,Santa María,Anizacate,,523,14147020,Anisacate,Santa María,-31.7122361660026,-64.4041832956313,propuesto,D,ambiguo,auto_muestreo,no,auto(pendiente_muestra),2026-07-22,baja,georef,https://apis.datos.gob.ar/georef/api,verde,>1 candidato: Anisacate/Santa María [14147020]; Los Talas de Anisacate/Santa María [14147195]; Valle de Anisacate/Santa María [14147300]
v4_p01,74,Santa Fe,Caseros,Arequito,,5278,82014010,Arequito,Caseros,-33.1448133455284,-61.4696553532541,auto_ok,auto_ok,match_exacto_3campos,auto_match,no,auto,2026-07-22,alta,georef/localidades-censales,https://apis.datos.gob.ar/georef/api,verde,
v4_p01,82,Córdoba,Marcos Juárez,Arias,,5015,14063020,Arias,Marcos Juárez,-33.6421312323116,-62.4040008024569,auto_ok,auto_ok,match_exacto_3campos,auto_match,no,auto,2026-07-22,alta,georef/localidades-censales,https://apis.datos.gob.ar/georef/api,verde,
v4_p01,581,Santa Fe,Rosario,Arminda,,503,82084060,Arminda,Rosario,-33.2645146426408,-60.967775762544,auto_ok,auto_ok,match_exacto_3campos,auto_match,no,auto,2026-07-22,alta,georef/localidades-censales,https://apis.datos.gob.ar/georef/api,verde,
v4_p01,59,Santa Fe,Belgrano,Armstrong,,6093,82007010,Armstrong,Belgrano,-32.7852529555294,-61.6032242663009,auto_ok,auto_ok,match_exacto_3campos,auto_match,no,auto,2026-07-22,alta,georef/localidades-censales,https://apis.datos.gob.ar/georef/api,verde,
v4_p01,278,Santa Fe,San Jerónimo,Arocena,,1512,82105010,Arocena,San Jerónimo,-32.0824446165708,-60.9769790603943,auto_ok,auto_ok,match_exacto_3campos,auto_match,no,auto,2026-07-22,alta,georef/localidades-censales,https://apis.datos.gob.ar/georef/api,verde,
v4_p01,97,Córdoba,San Justo,Arroyito,,4244,14140030,Arroyito,San Justo,-31.4191287884059,-63.0509462742232,auto_ok,auto_ok,match_exacto_3campos,auto_match,no,auto,2026-07-22,alta,georef/localidades-censales,https://apis.datos.gob.ar/georef/api,verde,
v4_p01,616,Córdoba,General San Martín,Arroyo Algodón,,455,14042010,Arroyo Algodon,General San Martín,-32.2012255246333,-63.164951431503,auto_ok,auto_ok,match_exacto_3campos,auto_match,no,auto,2026-07-22,alta,georef/localidades-censales,https://apis.datos.gob.ar/georef/api,verde,
v4_p01,757,Córdoba,Río Segundo,Arroyo Alvarez,,137,14119A00,Arroyo de Álvarez Sur,Río Segundo,-31.5975811965671,-63.2459422910274,propuesto,E-bahra-fuzzy,bahra_fuzzy,auto_muestreo,no,auto(pendiente_muestra),2026-07-22,BAJA (fuzzy en capa BAHRA: puede no ser el mismo lugar),georef/asentamientos,https://apis.datos.gob.ar/georef/api,verde,antes era sin_match. candidatos: Arroyo de Álvarez Sur/Río Segundo [14119A00]
v4_p01,590,Córdoba,General San Martín,Arroyo Cabral,,493,14042020,Arroyo Cabral,General San Martín,-32.4894823661272,-63.4023651418236,auto_ok,auto_ok,match_exacto_3campos,auto_match,no,auto,2026-07-22,alta,georef/localidades-censales,https://apis.datos.gob.ar/georef/api,verde,
v4_p02,291,Santa Fe,General Obligado,Arroyo Ceibal,,1463,82049010,Arroyo Ceibal,General Obligado,-28.7230018180977,-59.4778433618273,auto_ok,auto_ok,match_exacto_3campos,auto_match,no,auto,2026-07-22,alta,georef/localidades-censales,https://apis.datos.gob.ar/georef/api,verde,
v4_p02,222,Santa Fe,San Cristóbal,Arrufó,,1773,82091030,Arrufo,San Cristóbal,-30.2322649090607,-61.7281680721824,auto_ok,auto_ok,match_exacto_3campos,auto_match,no,auto,2026-07-22,alta,georef/localidades-censales,https://apis.datos.gob.ar/georef/api,verde,
v4_p02,249,Santa Fe,Caseros,Arteaga,,1634,82014020,Arteaga,Caseros,-33.092685224785,-61.7920322586256,auto_ok,auto_ok,match_exacto_3campos,auto_match,no,auto,2026-07-22,alta,georef/localidades-censales,https://apis.datos.gob.ar/georef/api,verde,
v4_p02,488,Córdoba,Colón,Ascochinga,,738,14021020,Ascochinga,Colón,-30.9590969425315,-64.2727699019243,auto_ok,auto_ok,match_exacto_3campos,auto_match,no,auto,2026-07-22,alta,georef/localidades-censales,https://apis.datos.gob.ar/georef/api,verde,
v4_p02,450,Santa Fe,La Capital,Ascochingas,,864,,Ascochinga (paraje distrito Monte Vera),,-31.4833,-60.6333,propuesto,C5-rename,web_rename,humano_lote,no,pendiente:Jose,2026-07-22,verde (guard: coord en depto esperado),dices.net,https://www.dices.net/mapas/argentina/mapa.php?nombre=Desvio-Ascochinga&id=25412,verde,"[guard=verde; punto en La Capital] Paraje/desvío Ascochinga en el distrito Monte Vera, depto La Capital."
v4_p02,666,Córdoba,Juárez Celman,Asunta,,320,14056020,Assunta,Juárez Celman,-33.6339790347279,-63.2247930357316,propuesto,A (aparcado),bahra_georef,auto_muestreo,no,auto(pendiente_muestra),2026-07-22,media (nombre difiere),georef/,https://apis.datos.gob.ar/georef/api,verde,variante de nombre en el depto correcto
v4_p02,237,Santa Fe,Castellanos,Ataliva,,1689,82021030,Ataliva,Castellanos,-30.9981187823937,-61.4325186889204,auto_ok,auto_ok,match_exacto_3campos,auto_match,no,auto,2026-07-22,alta,georef/localidades-censales,https://apis.datos.gob.ar/georef/api,verde,
v4_p02,612,Santa Fe,Castellanos,Aurelia,,459,82021040,Aurelia,Castellanos,-31.419744412422,-61.4225288257251,auto_ok,auto_ok,match_exacto_3campos,auto_match,no,auto,2026-07-22,alta,georef/localidades-censales,https://apis.datos.gob.ar/georef/api,verde,
v4_p02,318,Córdoba,General San Martín,Ausonia,,1335,14042030,Ausonia,General San Martín,-32.6619200533415,-63.2431781094421,auto_ok,auto_ok,match_exacto_3campos,auto_match,no,auto,2026-07-22,alta,georef/localidades-censales,https://apis.datos.gob.ar/georef/api,verde,
v4_p02,595,Córdoba,Ischilín,Avellaneda,,490,14049010,Avellaneda,Ischilín,-30.5942657948633,-64.205655638413,auto_ok,auto_ok,match_exacto_3campos,auto_match,no,auto,2026-07-22,alta,georef/localidades-censales,https://apis.datos.gob.ar/georef/api,verde,
v4_p02,68,Santa Fe,General Obligado,Avellaneda,,5557,82049020,Avellaneda,General Obligado,-29.1175157173031,-59.6586299414662,auto_ok,auto_ok,match_exacto_3campos,auto_match,no,auto,2026-07-22,alta,georef/localidades-censales,https://apis.datos.gob.ar/georef/api,verde,
v4_p02,390,Córdoba,Santa María,Bajo Chico,,1051,14147A01,Bajo Chico,Santa María,-31.6981925205111,-64.3198618686378,propuesto,A (aparcado),bahra_georef,auto_muestreo,no,auto(pendiente_muestra),2026-07-22,alta,georef/asentamientos,https://apis.datos.gob.ar/georef/api,verde,BAHRA: el nombre no es localidad censal -> fuente correcta (P7)
v4_p02,98,Córdoba,San Justo,Balnearia,,4237,14140040,Balnearia,San Justo,-31.0128438604882,-62.6652934382487,auto_ok,auto_ok,match_exacto_3campos,auto_match,no,auto,2026-07-22,alta,georef/localidades-censales,https://apis.datos.gob.ar/georef/api,verde,
v4_p02,158,Córdoba,Unión,Ballesteros,,2844,14182040,Ballesteros,Unión,-32.5416767759915,-62.9807815199947,auto_ok,auto_ok,match_exacto_3campos,auto_match,no,auto,2026-07-22,alta,georef/localidades-censales,https://apis.datos.gob.ar/georef/api,verde,
v4_p02,125,Santa Fe,San Jerónimo,Barrancas,,3542,82105030,Barrancas,San Jerónimo,-32.2347171454475,-60.9836243525416,auto_ok,auto_ok,match_exacto_3campos,auto_match,no,auto,2026-07-22,alta,georef/localidades-censales,https://apis.datos.gob.ar/georef/api,verde,
v4_p02,744,Córdoba,Juárez Celman,Barreto,,176,14056A01,Barreto,Juárez Celman,-33.3532038518453,-63.3027147576059,propuesto,A (aparcado),bahra_georef,auto_muestreo,no,auto(pendiente_muestra),2026-07-22,alta,georef/asentamientos,https://apis.datos.gob.ar/georef/api,verde,BAHRA: el nombre no es localidad censal -> fuente correcta (P7)
v4_p02,474,Santa Fe,Castellanos,Baver y Sigel,,775,82021060,Bauer y Sigel,Castellanos,-31.2716204932089,-61.9431505231348,propuesto,A (aparcado),bahra_georef,auto_muestreo,no,auto(pendiente_muestra),2026-07-22,media (nombre difiere),georef/,https://apis.datos.gob.ar/georef/api,verde,variante de nombre en el depto correcto
v4_p02,12,Córdoba,Unión,Bell-Ville,,19269,14182060,Bell Ville,Unión,-32.6303014040211,-62.6888050048076,auto_ok,auto_ok,match_exacto_3campos,auto_match,no,auto,2026-07-22,alta,georef/localidades-censales,https://apis.datos.gob.ar/georef/api,verde,
v4_p02,432,Córdoba,Juárez Celman,Bengolea,,918,14056030,Bengolea,Juárez Celman,-33.0301555686746,-63.6734078458093,auto_ok,auto_ok,match_exacto_3campos,auto_match,no,auto,2026-07-22,alta,georef/localidades-censales,https://apis.datos.gob.ar/georef/api,verde,
v4_p02,355,Córdoba,Unión,Benjamín Gould,,1194,14182070,Benjamí­n Gould,Unión,-33.5874398718828,-62.7281770733369,auto_ok,auto_ok,match_exacto_3campos,auto_match,no,auto,2026-07-22,alta,georef/localidades-censales,https://apis.datos.gob.ar/georef/api,verde,
v4_p02,221,Santa Fe,Caseros,Berabevú,,1774,82014030,Beravebú,Caseros,-33.3408814941843,-61.8621438845322,propuesto,A (aparcado),bahra_georef,auto_muestreo,no,auto(pendiente_muestra),2026-07-22,media (nombre difiere),georef/,https://apis.datos.gob.ar/georef/api,verde,variante de nombre en el depto correcto
v4_p02,483,Santa Fe,General Obligado,Berna,,745,82049030,Berna,General Obligado,-29.2726339032767,-59.8454667208731,auto_ok,auto_ok,match_exacto_3campos,auto_match,no,auto,2026-07-22,alta,georef/localidades-censales,https://apis.datos.gob.ar/georef/api,verde,
v4_p02,272,Santa Fe,San Jerónimo,Bernardo de Irigoyen,,1547,82105060,Bernardo de Irigoyen,San Jerónimo,-32.1694830877569,-61.1593749497898,auto_ok,auto_ok,match_exacto_3campos,auto_match,no,auto,2026-07-22,alta,georef/localidades-censales,https://apis.datos.gob.ar/georef/api,verde,
v4_p02,144,Córdoba,Río Cuarto,Berrotarán,,3131,14098050,Berrotarán,Río Cuarto,-32.4527916985307,-64.3879235475158,auto_ok,auto_ok,match_exacto_3campos,auto_match,no,auto,2026-07-22,alta,georef/localidades-censales,https://apis.datos.gob.ar/georef/api,verde,
v4_p02,396,Córdoba,Punilla,Bialet Massé,,1029,14091020,Bialet Massé,Punilla,-31.3139184374961,-64.4639691974413,auto_ok,auto_ok,match_exacto_3campos,auto_match,no,auto,2026-07-22,alta,georef/localidades-censales,https://apis.datos.gob.ar/georef/api,verde,
v4_p02,111,Santa Fe,Caseros,Bigand,,3884,82014040,Bigand,Caseros,-33.3740306417258,-61.1847665887217,auto_ok,auto_ok,match_exacto_3campos,auto_match,no,auto,2026-07-22,alta,georef/localidades-censales,https://apis.datos.gob.ar/georef/api,verde,
v4_p02,485,Córdoba,Unión,Bismarck,,741,14182110,Colonia Bismarck,Unión,-33.3011665826588,-62.7125747650149,propuesto,A (aparcado),bahra_georef,auto_muestreo,no,auto(pendiente_muestra),2026-07-22,media (nombre difiere),georef/,https://apis.datos.gob.ar/georef/api,verde,variante de nombre en el depto correcto
v4_p02,342,Santa Fe,Constitución,Bombal,,1256,82028040,Bombal,Constitución,-33.4579104951603,-61.3181662048856,auto_ok,auto_ok,match_exacto_3campos,auto_match,no,auto,2026-07-22,alta,georef/localidades-censales,https://apis.datos.gob.ar/georef/api,verde,
v4_p02,349,Santa Fe,Belgrano,Bouquet,,1226,82007020,Bouquet,Belgrano,-32.4235553887992,-61.8899448685834,auto_ok,auto_ok,match_exacto_3campos,auto_match,no,auto,2026-07-22,alta,georef/localidades-censales,https://apis.datos.gob.ar/georef/api,verde,
v4_p02,510,Córdoba,Santa María,Bouwer,,688,14147050,Bouwer,Santa María,-31.5577412825573,-64.1928539775663,auto_ok,auto_ok,match_exacto_3campos,auto_match,no,auto,2026-07-22,alta,georef/localidades-censales,https://apis.datos.gob.ar/georef/api,verde,
v4_p02,161,Córdoba,San Justo,Brinkman,,2826,14140050,Brinkmann,San Justo,-30.8665171454491,-62.0430144828151,propuesto,A (aparcado),bahra_georef,auto_muestreo,no,auto(pendiente_muestra),2026-07-22,media (nombre difiere),georef/,https://apis.datos.gob.ar/georef/api,verde,variante de nombre en el depto correcto
v4_p02,244,Córdoba,General Roca,Buchardo,,1660,14035030,Buchardo,General Roca,-34.7237672020777,-63.5073725026435,auto_ok,auto_ok,match_exacto_3campos,auto_match,no,auto,2026-07-22,alta,georef/localidades-censales,https://apis.datos.gob.ar/georef/api,verde,
v4_p02,364,Córdoba,Río Cuarto,Bulnes,,1181,14098060,Bulnes,Río Cuarto,-33.5035839779112,-64.678296464866,auto_ok,auto_ok,match_exacto_3campos,auto_match,no,auto,2026-07-22,alta,georef/localidades-censales,https://apis.datos.gob.ar/georef/api,verde,
v4_p02,444,Santa Fe,Iriondo,Bustinza,,887,82056020,Bustinza,Iriondo,-32.7382085473276,-61.2909695209699,auto_ok,auto_ok,match_exacto_3campos,auto_match,no,auto,2026-07-22,alta,georef/localidades-censales,https://apis.datos.gob.ar/georef/api,verde,
v4_p02,610,Santa Fe,La Capital,Cabal,,463,82063040,Cabal,La Capital,-31.1001631733213,-60.7460483362567,auto_ok,auto_ok,match_exacto_3campos,auto_match,no,auto,2026-07-22,alta,georef/localidades-censales,https://apis.datos.gob.ar/georef/api,verde,
v4_p02,642,Córdoba,Colón,Cabana,,379,,Cabana,,-31.2175,-64.3502,propuesto,C5-manual_coord,web_manual_coord,humano_lote,no,pendiente:Jose,2026-07-22,verde (guard: coord en depto esperado),Wikipedia,https://es.wikipedia.org/wiki/Cabana_(Argentina),verde,"[guard=verde; punto en Colón] Localidad en la ladera este de las Sierras Chicas, depto Colón, cerca de Unquillo, Córdoba."
v4_p02,430,Santa Fe,San Javier,Cacique Ariacaiquín,,936,82098020,Cacique Ariacaiquín,San Javier,-30.6560952443392,-60.2290018860711,auto_ok,auto_ok,match_exacto_3campos,auto_match,no,auto,2026-07-22,alta,georef/localidades-censales,https://apis.datos.gob.ar/georef/api,verde,
v4_p02,234,Santa Fe,General López,Cafferata,,1711,82042030,Cafferata,General López,-33.4395142148994,-62.0862474635762,auto_ok,auto_ok,match_exacto_3campos,auto_match,no,auto,2026-07-22,alta,georef/localidades-censales,https://apis.datos.gob.ar/georef/api,verde,
v4_p02,90,Santa Fe,Vera,Calchaquí,,4493,82133010,Calchaquí,Vera,-29.8879376480129,-60.2832075541082,auto_ok,auto_ok,match_exacto_3campos,auto_match,no,auto,2026-07-22,alta,georef/localidades-censales,https://apis.datos.gob.ar/georef/api,verde,
v4_p02,353,Córdoba,Río Segundo,Calchín,,1203,14119010,Calchín,Río Segundo,-31.6688993456763,-63.1991845747347,auto_ok,auto_ok,match_exacto_3campos,auto_match,no,auto,2026-07-22,alta,georef/localidades-censales,https://apis.datos.gob.ar/georef/api,verde,
v4_p02,108,Córdoba,Marcos Juárez,Camilo Aldao,,3933,14063030,Camilo Aldao,Marcos Juárez,-33.1279008861095,-62.0943113008283,auto_ok,auto_ok,match_exacto_3campos,auto_match,no,auto,2026-07-22,alta,georef/localidades-censales,https://apis.datos.gob.ar/georef/api,verde,
v4_p03,733,Córdoba,Sobremonte,Caminiaga,,207,14154010,Caminiaga,Sobremonte,-30.0674495832697,-64.0507287648337,auto_ok,auto_ok,match_exacto_3campos,auto_match,no,auto,2026-07-22,alta,georef/localidades-censales,https://apis.datos.gob.ar/georef/api,verde,
v4_p03,63,Córdoba,Unión,Canals,,5918,14182080,Canals,Unión,-33.5622207127921,-62.8850287275667,auto_ok,auto_ok,match_exacto_3campos,auto_match,no,auto,2026-07-22,alta,georef/localidades-censales,https://apis.datos.gob.ar/georef/api,verde,
v4_p03,729,Córdoba,Totoral,Candelaria,,210,14168010,Candelaria Sur,Totoral,-30.8382872038366,-63.8002135158849,propuesto,A (aparcado),bahra_georef,auto_muestreo,no,auto(pendiente_muestra),2026-07-22,media (nombre difiere),georef/,https://apis.datos.gob.ar/georef/api,verde,variante de nombre en el depto correcto
v4_p03,686,Córdoba,Cruz del Eje,Candelaria,,291,14028A25,La Candelaria,Cruz del Eje,-31.0976200943244,-64.8556686477467,propuesto,E-bahra-fuzzy,bahra_fuzzy,auto_muestreo,no,auto(pendiente_muestra),2026-07-22,BAJA (fuzzy en capa BAHRA: puede no ser el mismo lugar),georef/asentamientos,https://apis.datos.gob.ar/georef/api,verde,antes era sin_match. candidatos: La Candelaria/Cruz del Eje [14028A25]
v4_p03,643,Córdoba,Río Seco,Candelaria Norte,,379,,Villa Candelaria Norte,,-29.8119,-63.3539,propuesto,C5-rename,web_rename,humano_lote,no,pendiente:Jose,2026-07-22,verde (guard: coord en depto esperado),Wikipedia,https://es.wikipedia.org/wiki/Villa_Candelaria_Norte,verde,"[guard=verde; punto en Río Seco] Localidad del depto Río Seco, Córdoba"
v4_p03,413,Córdoba,Colón,Canteras el Sauce,,975,14021030,Canteras El Sauce,Colón,-31.09522656468,-64.3113864293936,propuesto,A (aparcado),bahra_georef,auto_muestreo,no,auto(pendiente_muestra),2026-07-22,alta,georef/asentamientos,https://apis.datos.gob.ar/georef/api,verde,BAHRA: el nombre no es localidad censal -> fuente correcta (P7)
v4_p03,701,Córdoba,Calamuchita,Cañada de Alvarez,,262,14007A05,Cañada de Álvarez,Calamuchita,-32.3636354322823,-64.5500935007778,propuesto,A (aparcado),bahra_georef,auto_muestreo,no,auto(pendiente_muestra),2026-07-22,alta,georef/asentamientos,https://apis.datos.gob.ar/georef/api,verde,BAHRA: el nombre no es localidad censal -> fuente correcta (P7)
v4_p03,11,Santa Fe,Iriondo,Cañada de Gómez,,20462,82056030,Cañada de Gómez,Iriondo,-32.8210817536042,-61.3952605968975,auto_ok,auto_ok,match_exacto_3campos,auto_match,no,auto,2026-07-22,alta,georef/localidades-censales,https://apis.datos.gob.ar/georef/api,verde,
v4_p03,730,Córdoba,Ischilín,Cañada del Río Pinto,,209,14049020,Cañada de Rio Pinto,Ischilín,-30.7761931049048,-64.2181038970414,propuesto,A (aparcado),bahra_georef,auto_muestreo,no,auto(pendiente_muestra),2026-07-22,media (nombre difiere),georef/,https://apis.datos.gob.ar/georef/api,verde,variante de nombre en el depto correcto
v4_p03,453,Córdoba,Totoral,Cañada de Luque,,809,14168020,Cañada de Luque,Totoral,-30.7352352936057,-63.7240087046677,auto_ok,auto_ok,match_exacto_3campos,auto_match,no,auto,2026-07-22,alta,georef/localidades-censales,https://apis.datos.gob.ar/georef/api,verde,
v4_p03,593,Córdoba,Río Primero,Cañada de Machado,,491,14105020,Cañada De Machado,Río Primero,-31.4287089786975,-63.5865509910501,auto_ok,auto_ok,match_exacto_3campos,auto_match,no,auto,2026-07-22,alta,georef/localidades-censales,https://apis.datos.gob.ar/georef/api,verde,
v4_p03,418,Santa Fe,General López,Cañada del Ucle,,967,82042040,Cañada del Ucle,General López,-33.4094604298237,-61.6057217708894,auto_ok,auto_ok,match_exacto_3campos,auto_match,no,auto,2026-07-22,alta,georef/localidades-censales,https://apis.datos.gob.ar/georef/api,verde,
v4_p03,370,Santa Fe,Constitución,Cañada Rica,,1157,82028050,Cañada Rica,Constitución,-33.5161686955625,-60.6115830757277,auto_ok,auto_ok,match_exacto_3campos,auto_match,no,auto,2026-07-22,alta,georef/localidades-censales,https://apis.datos.gob.ar/georef/api,verde,
v4_p03,113,Santa Fe,San Martín,Cañada Rosquín,,3865,82126010,Cañada Rosquín,San Martín,-32.0543341184298,-61.6022160854472,auto_ok,auto_ok,match_exacto_3campos,auto_match,no,auto,2026-07-22,alta,georef/localidades-censales,https://apis.datos.gob.ar/georef/api,verde,
v4_p03,124,Córdoba,General Roca,Cañada Verde,,3558,,Villa Huidobro,,-34.8403,-64.5867,propuesto,C5-rename,web_rename,humano_lote,no,pendiente:Jose,2026-07-22,verde (guard: coord en depto esperado),Wikipedia,https://es.wikipedia.org/wiki/Villa_Huidobro,verde,"[guard=verde; punto en General Roca] Poblacion llamada Cañada Verde erigida en villa como Villa Huidobro en 1904; cabecera depto General Roca, Cordoba"
v4_p03,480,Córdoba,Río Primero,Cap. de la Sgrda. Familia,,749,,Sagrada Familia,,-31.2833,-63.4167,propuesto,C5-rename,web_rename,humano_lote,no,pendiente:Jose,2026-07-22,verde (guard: coord en depto esperado),Wikipedia (Sagrada Familia Córdoba),https://es.wikipedia.org/wiki/Sagrada_Familia_(C%C3%B3rdoba),verde,"[guard=verde; punto en Río Primero] Comuna Sagrada Familia (ex Capilla de la Sagrada Familia), depto Río Primero."
v4_p03,584,Córdoba,Río Segundo,Capilla del Carmen,,501,14119030,Capilla del Carmen,Río Segundo,-31.5076872385571,-63.3430365402092,auto_ok,auto_ok,match_exacto_3campos,auto_match,no,auto,2026-07-22,alta,georef/localidades-censales,https://apis.datos.gob.ar/georef/api,verde,
v4_p03,61,Córdoba,Punilla,Capilla del Monte,,5980,14091040,Capilla del Monte,Punilla,-30.8568637397762,-64.5262687607889,auto_ok,auto_ok,match_exacto_3campos,auto_match,no,auto,2026-07-22,alta,georef/localidades-censales,https://apis.datos.gob.ar/georef/api,verde,
v4_p03,404,Córdoba,Río Primero,Capilla de los Remedios,,1000,14105030,Capilla de los Remedios,Río Primero,-31.4304994417024,-63.8324182638025,auto_ok,auto_ok,match_exacto_3campos,auto_match,no,auto,2026-07-22,alta,georef/localidades-censales,https://apis.datos.gob.ar/georef/api,verde,
v4_p03,722,Córdoba,San Javier,Capilla del Romero,,224,14133007,Capilla de Romero,San Javier,-32.1356943756645,-65.22344485193,propuesto,A (aparcado),bahra_georef,auto_muestreo,no,auto(pendiente_muestra),2026-07-22,media (nombre difiere),georef/,https://apis.datos.gob.ar/georef/api,verde,variante de nombre en el depto correcto
v4_p03,721,Córdoba,Totoral,Capilla de Sitón,,224,14168030,Capilla de Sitón,Totoral,-30.5736541139064,-63.6536478645057,auto_ok,auto_ok,match_exacto_3campos,auto_match,no,auto,2026-07-22,alta,georef/localidades-censales,https://apis.datos.gob.ar/georef/api,verde,
v4_p03,28,Santa Fe,San Lorenzo,Capitán Bermúdez,,11262,82119020,Capitán Bermúdez,San Lorenzo,-32.8264144084756,-60.7162596415283,auto_ok,auto_ok,match_exacto_3campos,auto_match,no,auto,2026-07-22,alta,georef/localidades-censales,https://apis.datos.gob.ar/georef/api,verde,
v4_p03,360,Santa Fe,San Cristóbal,Capivara,,1185,82091050,Capivara,San Cristóbal,-30.4596343401835,-61.2722999714111,auto_ok,auto_ok,match_exacto_3campos,auto_match,no,auto,2026-07-22,alta,georef/localidades-censales,https://apis.datos.gob.ar/georef/api,verde,
v4_p03,50,Santa Fe,San Lorenzo,Carcarañá,,6775,82119030,Carcarañá,San Lorenzo,-32.8572504841004,-61.1518872757693,auto_ok,auto_ok,match_exacto_3campos,auto_match,no,auto,2026-07-22,alta,georef/localidades-censales,https://apis.datos.gob.ar/georef/api,verde,
v4_p03,105,Santa Fe,San Martín,Carlos Pellegrini,,4005,82126020,Carlos Pellegrini,San Martín,-32.0504417159447,-61.7830154963302,auto_ok,auto_ok,match_exacto_3campos,auto_match,no,auto,2026-07-22,alta,georef/localidades-censales,https://apis.datos.gob.ar/georef/api,verde,
v4_p03,257,Santa Fe,General López,Carmen,,1598,82042050,Carmen,General López,-33.730292266002,-61.762335748903,auto_ok,auto_ok,match_exacto_3campos,auto_match,no,auto,2026-07-22,alta,georef/localidades-censales,https://apis.datos.gob.ar/georef/api,verde,
v4_p03,489,Santa Fe,Rosario,Carmen del Sauce,,737,82084080,Carmen del Sauce,Rosario,-33.2360183142252,-60.8118350555103,auto_ok,auto_ok,match_exacto_3campos,auto_match,no,auto,2026-07-22,alta,georef/localidades-censales,https://apis.datos.gob.ar/georef/api,verde,
v4_p03,407,Córdoba,Juárez Celman,Carnerillo,,995,14056040,Carnerillo,Juárez Celman,-32.9132006370991,-64.0227136955864,auto_ok,auto_ok,match_exacto_3campos,auto_match,no,auto,2026-07-22,alta,georef/localidades-censales,https://apis.datos.gob.ar/georef/api,verde,
v4_p03,700,Córdoba,Río Cuarto,Carolina,,263,14098A08,Carolina,Río Cuarto,-33.5239255011839,-64.2115743592319,propuesto,A (aparcado),bahra_georef,auto_muestreo,no,auto(pendiente_muestra),2026-07-22,alta,georef/asentamientos,https://apis.datos.gob.ar/georef/api,verde,BAHRA: el nombre no es localidad censal -> fuente correcta (P7)
v4_p03,190,Santa Fe,General López,Carreras,,1976,82042060,Carreras,General López,-33.5961577202896,-61.310974498274,auto_ok,auto_ok,match_exacto_3campos,auto_match,no,auto,2026-07-22,alta,georef/localidades-censales,https://apis.datos.gob.ar/georef/api,verde,
v4_p03,386,Córdoba,Río Segundo,Carrilobo,,1064,14119040,Carrilobo,Río Segundo,-31.8735866864124,-63.1174712095627,auto_ok,auto_ok,match_exacto_3campos,auto_match,no,auto,2026-07-22,alta,georef/localidades-censales,https://apis.datos.gob.ar/georef/api,verde,
v4_p03,229,Santa Fe,Iriondo,Carrizales,,1744,82056040,Carrizales,Iriondo,-32.5090651750008,-61.0279887878975,auto_ok,auto_ok,match_exacto_3campos,auto_match,no,auto,2026-07-22,alta,georef/localidades-censales,https://apis.datos.gob.ar/georef/api,verde,
v4_p03,766,Córdoba,Colón,Casa Bamba,,118,14021040,Casa Bamba,Colón,-31.3530434213463,-64.395166563635,propuesto,A (aparcado),bahra_georef,auto_muestreo,no,auto(pendiente_muestra),2026-07-22,alta,georef/asentamientos,https://apis.datos.gob.ar/georef/api,verde,BAHRA: el nombre no es localidad censal -> fuente correcta (P7)
v4_p03,570,Córdoba,Punilla,Casa Grande,,534,14091050,Casa Grande,Punilla,-31.1535372947185,-64.4748624084346,auto_ok,auto_ok,match_exacto_3campos,auto_match,no,auto,2026-07-22,alta,georef/localidades-censales,https://apis.datos.gob.ar/georef/api,verde,
v4_p03,632,Santa Fe,San Jerónimo,Casalegno,,420,82105070,Casalegno,San Jerónimo,-32.2638306241466,-61.1261488657874,auto_ok,auto_ok,match_exacto_3campos,auto_match,no,auto,2026-07-22,alta,georef/localidades-censales,https://apis.datos.gob.ar/georef/api,verde,
v4_p03,357,Santa Fe,San Martín,Casas,,1191,82126030,Casas,San Martín,-32.1258111607007,-61.539967305056,auto_ok,auto_ok,match_exacto_3campos,auto_match,no,auto,2026-07-22,alta,georef/localidades-censales,https://apis.datos.gob.ar/georef/api,verde,
v4_p03,17,Santa Fe,Caseros,Casilda,,17216,82014050,Casilda,Caseros,-33.0446132457612,-61.1642785872894,auto_ok,auto_ok,match_exacto_3campos,auto_match,no,auto,2026-07-22,alta,georef/localidades-censales,https://apis.datos.gob.ar/georef/api,verde,
v4_p03,772,Córdoba,Punilla,Casaffousth,,108,,Casaffousth,,-31.3667,-64.45,propuesto,C5-manual_coord,web_manual_coord,humano_lote,no,pendiente:Jose,2026-07-22,verde (guard: coord en depto esperado),dices.net,https://www.dices.net/mapas/argentina/mapa.php?nombre=Casaffousth&id=29646,verde,"[guard=verde; punto en Punilla] Estación/paraje Casaffousth cerca de Santa María de Punilla, depto Punilla."
v4_p03,423,Santa Fe,San Martín,Castelar,,957,82126040,Castelar,San Martín,-31.668469002896,-62.0908819579415,auto_ok,auto_ok,match_exacto_3campos,auto_match,no,auto,2026-07-22,alta,georef/localidades-censales,https://apis.datos.gob.ar/georef/api,verde,
v4_p03,638,Santa Fe,Castellanos,Castellanos,,395,82021080,Castellanos,Castellanos,-31.2086712973737,-61.7245956735794,auto_ok,auto_ok,match_exacto_3campos,auto_match,no,auto,2026-07-22,alta,georef/localidades-censales,https://apis.datos.gob.ar/georef/api,verde,
v4_p03,324,Córdoba,Marcos Juárez,Cavanagh,,1306,14063050,Cavanagh,Marcos Juárez,-33.4813631926852,-62.3393215024715,auto_ok,auto_ok,match_exacto_3campos,auto_match,no,auto,2026-07-22,alta,georef/localidades-censales,https://apis.datos.gob.ar/georef/api,verde,
v4_p04,567,Santa Fe,Las Colonias,Cavour,,496,82070010,Cavour,Las Colonias,-31.3648425856042,-61.0165959099786,auto_ok,auto_ok,match_exacto_3campos,auto_match,no,auto,2026-07-22,alta,georef/localidades-censales,https://apis.datos.gob.ar/georef/api,verde,
v4_p04,266,Santa Fe,Garay,Cayastá,,1554,82035010,Cayastá,Garay,-31.1986675737626,-60.1593796374962,auto_ok,auto_ok,match_exacto_3campos,auto_match,no,auto,2026-07-22,alta,georef/localidades-censales,https://apis.datos.gob.ar/georef/api,verde,
v4_p04,394,Santa Fe,San Justo,Cayastacito,,1040,82112020,Cayastacito,San Justo,-31.1127718111463,-60.5799562175346,auto_ok,auto_ok,match_exacto_3campos,auto_match,no,auto,2026-07-22,alta,georef/localidades-censales,https://apis.datos.gob.ar/georef/api,verde,
v4_p04,498,Santa Fe,Castellanos,Cello,,716,82021100,Colonia Cello,Castellanos,-31.4320821926396,-61.8414338320392,propuesto,A (aparcado),bahra_georef,auto_muestreo,no,auto(pendiente_muestra),2026-07-22,media (nombre difiere),georef/,https://apis.datos.gob.ar/georef/api,verde,variante de nombre en el depto correcto
v4_p04,299,Santa Fe,San Jerónimo,Centeno,,1435,82105080,Centeno,San Jerónimo,-32.2984616274659,-61.412826392463,auto_ok,auto_ok,match_exacto_3campos,auto_match,no,auto,2026-07-22,alta,georef/localidades-censales,https://apis.datos.gob.ar/georef/api,verde,
v4_p04,546,Santa Fe,Constitución,Cepeda,,603,82028060,Cepeda,Constitución,-33.3980934863927,-60.623986877066,auto_ok,auto_ok,match_exacto_3campos,auto_match,no,auto,2026-07-22,alta,georef/localidades-censales,https://apis.datos.gob.ar/georef/api,verde,
v4_p04,36,Santa Fe,San Cristóbal,Ceres,,9578,82091060,Ceres,San Cristóbal,-29.8819420234584,-61.9452045359125,auto_ok,auto_ok,match_exacto_3campos,auto_match,no,auto,2026-07-22,alta,georef/localidades-censales,https://apis.datos.gob.ar/georef/api,verde,
v4_p04,745,Córdoba,San Alberto,Ciénaga de Allende,,174,14126026,Cienaga de Allende,San Alberto,-31.7441210171629,-65.1160372030518,auto_ok,auto_ok,match_exacto_3campos,auto_match,no,auto,2026-07-22,alta,georef/localidades-censales,https://apis.datos.gob.ar/georef/api,verde,
v4_p04,517,Córdoba,Minas,Ciénaga del Coro,,674,14070010,Ciénaga Del Coro,Minas,-31.0415325518691,-65.2825080096335,auto_ok,auto_ok,match_exacto_3campos,auto_match,no,auto,2026-07-22,alta,georef/localidades-censales,https://apis.datos.gob.ar/georef/api,verde,
v4_p04,251,Córdoba,Unión,Cintra,,1621,14182100,Cintra,Unión,-32.3063462524955,-62.6516310125369,auto_ok,auto_ok,match_exacto_3campos,auto_match,no,auto,2026-07-22,alta,georef/localidades-censales,https://apis.datos.gob.ar/georef/api,verde,
v4_p04,300,Santa Fe,Iriondo,Classon,,1422,82056050,Classon,Iriondo,-32.4623340159083,-61.290395491334,auto_ok,auto_ok,match_exacto_3campos,auto_match,no,auto,2026-07-22,alta,georef/localidades-censales,https://apis.datos.gob.ar/georef/api,verde,
v4_p04,400,Santa Fe,Castellanos,Clucellas,,1011,82021160,Estación Clucellas,Castellanos,-31.5240504455495,-61.7183796417602,propuesto,D,ambiguo,auto_muestreo,no,auto(pendiente_muestra),2026-07-22,baja,georef,https://apis.datos.gob.ar/georef/api,verde,>1 candidato: Estación Clucellas/Castellanos [82021160]; Plaza Clucellas/Castellanos [82021270]
v4_p04,533,Córdoba,Río Segundo,Colazo,,630,14119050,Colazo,Río Segundo,-31.9645673905245,-63.3825994412683,auto_ok,auto_ok,match_exacto_3campos,auto_match,no,auto,2026-07-22,alta,georef/localidades-censales,https://apis.datos.gob.ar/georef/api,verde,
v4_p04,522,Córdoba,Tercero Arriba,Colonia Almada,,662,14161020,Colonia Almada,Tercero Arriba,-32.0350023856199,-63.8646390653384,auto_ok,auto_ok,match_exacto_3campos,auto_match,no,auto,2026-07-22,alta,georef/localidades-censales,https://apis.datos.gob.ar/georef/api,verde,
v4_p04,613,Córdoba,San Justo,Colonia Anita,,459,14140060,Colonia Anita,San Justo,-31.1195708808474,-62.2350343843066,auto_ok,auto_ok,match_exacto_3campos,auto_match,no,auto,2026-07-22,alta,georef/localidades-censales,https://apis.datos.gob.ar/georef/api,verde,
v4_p04,619,Córdoba,Marcos Juárez,Colonia Barge,,444,14063060,Colonia Barge,Marcos Juárez,-33.2562962208775,-62.6058908051928,auto_ok,auto_ok,match_exacto_3campos,auto_match,no,auto,2026-07-22,alta,georef/localidades-censales,https://apis.datos.gob.ar/georef/api,verde,
v4_p04,420,Santa Fe,San Martín,Colonia Belgrano,,961,82126050,Colonia Belgrano,San Martín,-31.9096972936952,-61.4009252213458,auto_ok,auto_ok,match_exacto_3campos,auto_match,no,auto,2026-07-22,alta,georef/localidades-censales,https://apis.datos.gob.ar/georef/api,verde,
v4_p04,684,Santa Fe,Castellanos,Colonia Bicha,,292,82021090,Colonia Bicha,Castellanos,-30.8541262647338,-61.8496022926014,auto_ok,auto_ok,match_exacto_3campos,auto_match,no,auto,2026-07-22,alta,georef/localidades-censales,https://apis.datos.gob.ar/georef/api,verde,
v4_p04,559,Santa Fe,San Cristóbal,Colonia Bossi,,577,82091080,Colonia Bossi,San Cristóbal,-30.6678400410686,-61.7879268937352,auto_ok,auto_ok,match_exacto_3campos,auto_match,no,auto,2026-07-22,alta,georef/localidades-censales,https://apis.datos.gob.ar/georef/api,verde,
v4_p04,428,Córdoba,Unión,Colonia Bremen,,938,14182120,Colonia Bremen,Unión,-33.4642756233849,-62.731240942948,auto_ok,auto_ok,match_exacto_3campos,auto_match,no,auto,2026-07-22,alta,georef/localidades-censales,https://apis.datos.gob.ar/georef/api,verde,
v4_p04,77,Córdoba,Colón,Colonia Caroya,,5149,14021050,Colonia Caroya,Colón,-31.0220663558316,-64.0617430097955,auto_ok,auto_ok,match_exacto_3campos,auto_match,no,auto,2026-07-22,alta,georef/localidades-censales,https://apis.datos.gob.ar/georef/api,verde,
v4_p04,723,Córdoba,San Justo,Colonia Coyunda,,223,14140A22,Colonia Coyunda,San Justo,-31.1791256303283,-62.9529050602915,propuesto,A (aparcado),bahra_georef,auto_muestreo,no,auto(pendiente_muestra),2026-07-22,alta,georef/asentamientos,https://apis.datos.gob.ar/georef/api,verde,BAHRA: el nombre no es localidad censal -> fuente correcta (P7)
v4_p04,611,Córdoba,San Justo,Colonia 10 de Julio,,463,14140070,Colonia 10 de Julio,San Justo,-30.5254289840012,-62.1120635853528,auto_ok,auto_ok,match_exacto_3campos,auto_match,no,auto,2026-07-22,alta,georef/localidades-censales,https://apis.datos.gob.ar/georef/api,verde,
v4_p04,644,Córdoba,Río Cuarto,Colonia el Carmen,,378,14098A11,Colonia El Carmen,Río Cuarto,-33.0971007961758,-64.4308677323722,propuesto,A (aparcado),bahra_georef,auto_muestreo,no,auto(pendiente_muestra),2026-07-22,alta,georef/asentamientos,https://apis.datos.gob.ar/georef/api,verde,BAHRA: el nombre no es localidad censal -> fuente correcta (P7)
v4_p04,127,Santa Fe,General Obligado,Colonia Ella,,3498,,Malabrigo,,-29.3486,-59.9694,propuesto,C5-rename,web_rename,humano_lote,no,pendiente:Jose,2026-07-22,verde (guard: coord en depto esperado),Wikipedia (Malabrigo),https://es.wikipedia.org/wiki/Malabrigo_(Argentina),verde,[guard=verde; punto en General Obligado] Colonia Ella fue renombrada Malabrigo por ley 5.700 en 1964; depto General Obligado.
v4_p04,514,Córdoba,Marcos Juárez,Colonia Italiana,,675,14063070,Colonia Italiana,Marcos Juárez,-33.3117674666569,-62.1763906726294,auto_ok,auto_ok,match_exacto_3campos,auto_match,no,auto,2026-07-22,alta,georef/localidades-censales,https://apis.datos.gob.ar/georef/api,verde,
v4_p04,425,Córdoba,San Justo,Colonia la Tordilla,,950,14140250,La Tordilla,,-31.236549587976,-63.0610632727038,propuesto,C-generador,generador_transformacion,auto_muestreo,no,auto(pendiente_muestra),2026-07-22,alta (match exacto en depto del conjunto),georef/localidades-censales,https://apis.datos.gob.ar/georef/api,verde,candidato probado: 'la Tordilla' [prefijo: se quita 'Colonia']
v4_p04,384,Córdoba,San Justo,Colonia Marina,,1071,14140090,Colonia Marina,San Justo,-31.2487921056339,-62.3638644264853,auto_ok,auto_ok,match_exacto_3campos,auto_match,no,auto,2026-07-22,alta,georef/localidades-censales,https://apis.datos.gob.ar/georef/api,verde,
v4_p04,541,Córdoba,Marcos Juárez,Colonia O'Higgins,,613,,Capitán General Bernardo O'Higgins,,-33.25,-62.2667,propuesto,C5-rename,web_rename,humano_lote,no,pendiente:Jose,2026-07-22,verde (guard: coord en depto esperado),Wikipedia,https://es.wikipedia.org/wiki/Capit%C3%A1n_General_Bernardo_O'Higgins,verde,"[guard=verde; punto en Marcos Juárez] Depto Marcos Juárez, Córdoba; fundada 1893 como Colonia Progreso"
v4_p04,553,Córdoba,San Justo,Colonia Prosperidad,,587,14140100,Colonia Prosperidad,San Justo,-31.6294778082333,-62.3678279317075,auto_ok,auto_ok,match_exacto_3campos,auto_match,no,auto,2026-07-22,alta,georef/localidades-censales,https://apis.datos.gob.ar/georef/api,verde,
v4_p04,552,Santa Fe,Castellanos,Colonia Raquel,,590,82021120,Colonia Raquel,Castellanos,-30.8366952659157,-61.4882024550453,auto_ok,auto_ok,match_exacto_3campos,auto_match,no,auto,2026-07-22,alta,georef/localidades-censales,https://apis.datos.gob.ar/georef/api,verde,
v4_p04,392,Santa Fe,San Cristóbal,Colonia Rosa,,1048,82091090,Colonia Rosa,San Cristóbal,-30.300440680707,-61.9839604928034,auto_ok,auto_ok,match_exacto_3campos,auto_match,no,auto,2026-07-22,alta,georef/localidades-censales,https://apis.datos.gob.ar/georef/api,verde,
v4_p04,692,Córdoba,San Justo,Colonia Santa María,,278,14140130,Colonia Santa Marí­a,San Justo,-31.6070894174563,-62.428130574385,auto_ok,auto_ok,match_exacto_3campos,auto_match,no,auto,2026-07-22,alta,georef/localidades-censales,https://apis.datos.gob.ar/georef/api,verde,
v4_p04,505,Córdoba,Unión,Colonia Santa María,,694,14182010,Aldea Santa María,Unión,-33.699219,-62.914658,confirmado_3.3b,3.3b:rename,rename,documentado_3.3b,no,auto:3.3b(web+doc+guard),2026-07-22,media,auto + Georef + Wikipedia,https://es.wikipedia.org/wiki/Aldea_Santa_Mar%C3%ADa_(C%C3%B3rdoba),verde,guard=verde (coord en conjunto permitido)
v4_p04,706,Córdoba,Colón,Colonia Tirolesa,,256,14021060,Colonia Tirolesa,Colón,-31.2372545740099,-64.0664007969045,auto_ok,auto_ok,match_exacto_3campos,auto_match,no,auto,2026-07-22,alta,georef/localidades-censales,https://apis.datos.gob.ar/georef/api,verde,
v4_p04,747,Córdoba,Río Segundo,Colonia Videla,,168,14119060,Colonia Videla,Río Segundo,-31.917137991736,-63.5031812949746,auto_ok,auto_ok,match_exacto_3campos,auto_match,no,auto,2026-07-22,alta,georef/localidades-censales,https://apis.datos.gob.ar/georef/api,verde,
v4_p04,391,Córdoba,San Justo,Colonia Vignaud,,1050,14140150,Colonia Vignaud,San Justo,-30.8414933807785,-61.9566658819444,auto_ok,auto_ok,match_exacto_3campos,auto_match,no,auto,2026-07-22,alta,georef/localidades-censales,https://apis.datos.gob.ar/georef/api,verde,
v4_p04,669,Córdoba,San Justo,Colonia Waltelina,,314,14140140,Colonia Valtelina,San Justo,-31.0533885765086,-62.2337426904803,propuesto,A (aparcado),bahra_georef,auto_muestreo,no,auto(pendiente_muestra),2026-07-22,media (nombre difiere),georef/,https://apis.datos.gob.ar/georef/api,verde,variante de nombre en el depto correcto
v4_p04,191,Córdoba,San Justo,Concepción del Tío,,1962,14140420,Villa Concepción del Tío,San Justo,-31.3221001738389,-62.8139980950812,propuesto,E-bahra-fuzzy,bahra_fuzzy,auto_muestreo,no,auto(pendiente_muestra),2026-07-22,BAJA (fuzzy en capa BAHRA: puede no ser el mismo lugar),georef/localidades,https://apis.datos.gob.ar/georef/api,verde,antes era sin_match. candidatos: Villa Concepción del Tío/San Justo [14140420]
v4_p04,637,Córdoba,San Javier,Conlara,,396,14133010,Conlara,San Javier,-32.0818577905417,-65.2306033039972,auto_ok,auto_ok,match_exacto_3campos,auto_match,no,auto,2026-07-22,alta,georef/localidades-censales,https://apis.datos.gob.ar/georef/api,verde,
v4_p04,538,Santa Fe,San Cristóbal,Constanza,,624,82091100,Constanza,San Cristóbal,-30.6635319130337,-61.3199775076338,auto_ok,auto_ok,match_exacto_3campos,auto_match,no,auto,2026-07-22,alta,georef/localidades-censales,https://apis.datos.gob.ar/georef/api,verde,
v4_p05,756,Córdoba,Ischilín,Copacabana,,137,14049040,Copacabana,Ischilín,-30.6431331001487,-64.49872235749,auto_ok,auto_ok,match_exacto_3campos,auto_match,no,auto,2026-07-22,alta,georef/localidades-censales,https://apis.datos.gob.ar/georef/api,verde,
v4_p05,2,Córdoba,Capital,Córdoba,,586015,14014010,Córdoba,Capital,-31.4167418935531,-64.1835547808918,auto_ok,auto_ok,match_exacto_3campos,auto_match,no,auto,2026-07-22,alta,georef/localidades-censales,https://apis.datos.gob.ar/georef/api,verde,
v4_p05,35,Santa Fe,San Jerónimo,Coronda,,9611,82105090,Coronda,San Jerónimo,-31.9745044436659,-60.9162749790753,auto_ok,auto_ok,match_exacto_3campos,auto_match,no,auto,2026-07-22,alta,georef/localidades-censales,https://apis.datos.gob.ar/georef/api,verde,
v4_p05,335,Santa Fe,San Lorenzo,Coronel Arnold,,1269,82119040,Coronel Arnold,San Lorenzo,-33.1059779963211,-60.966807827509,auto_ok,auto_ok,match_exacto_3campos,auto_match,no,auto,2026-07-22,alta,georef/localidades-censales,https://apis.datos.gob.ar/georef/api,verde,
v4_p05,264,Córdoba,Río Cuarto,Coronel Baigorria,,1567,14098090,Coronel Baigorria,Río Cuarto,-32.8475931214964,-64.3611628873138,auto_ok,auto_ok,match_exacto_3campos,auto_match,no,auto,2026-07-22,alta,georef/localidades-censales,https://apis.datos.gob.ar/georef/api,verde,
v4_p05,337,Santa Fe,Rosario,Coronel Bogado,,1262,82084090,Coronel Bogado,Rosario,-33.3157724822147,-60.6028202780646,auto_ok,auto_ok,match_exacto_3campos,auto_match,no,auto,2026-07-22,alta,georef/localidades-censales,https://apis.datos.gob.ar/georef/api,verde,
v4_p05,408,Santa Fe,Rosario,Coronel Domínguez,,995,82084100,Coronel Domínguez,Rosario,-33.1854760061025,-60.7228633313771,auto_ok,auto_ok,match_exacto_3campos,auto_match,no,auto,2026-07-22,alta,georef/localidades-censales,https://apis.datos.gob.ar/georef/api,verde,
v4_p05,625,Santa Fe,Castellanos,Coronel Fraga,,427,82021130,Coronel Fraga,Castellanos,-31.1734896845904,-61.9183780480916,auto_ok,auto_ok,match_exacto_3campos,auto_match,no,auto,2026-07-22,alta,georef/localidades-censales,https://apis.datos.gob.ar/georef/api,verde,
v4_p05,60,Córdoba,Marcos Juárez,Corral de Bustos,,5986,14063090,Corral de Bustos,Marcos Juárez,-33.2830928544683,-62.1865429174032,propuesto,A (aparcado),bahra_georef,auto_muestreo,no,auto(pendiente_muestra),2026-07-22,alta,georef/localidades,https://apis.datos.gob.ar/georef/api,verde,BAHRA: el nombre no es localidad censal -> BAHRA es la fuente correcta (P7). id de capa 'localidades' NO es id censal INDEC valido
v4_p05,240,Córdoba,Tercero Arriba,Corralito,,1667,14161030,Corralito,Tercero Arriba,-32.0237027020086,-64.1919943832994,auto_ok,auto_ok,match_exacto_3campos,auto_match,no,auto,2026-07-22,alta,georef/localidades-censales,https://apis.datos.gob.ar/georef/api,verde,
v4_p05,138,Santa Fe,Iriondo,Correa,,3220,82056070,Correa,Iriondo,-32.8485753867376,-61.2544589429933,auto_ok,auto_ok,match_exacto_3campos,auto_match,no,auto,2026-07-22,alta,georef/localidades-censales,https://apis.datos.gob.ar/georef/api,verde,
v4_p05,406,Córdoba,Santa María,Cosme,,998,14147A09,Cosme Norte,Santa María,-31.7187390715802,-64.1051070854041,propuesto,E-bahra-fuzzy,bahra_fuzzy,auto_muestreo,no,auto(pendiente_muestra),2026-07-22,BAJA (fuzzy en capa BAHRA: puede no ser el mismo lugar),georef/asentamientos,https://apis.datos.gob.ar/georef/api,verde,antes era sin_match. candidatos: Cosme Norte/Santa María [14147A09]; Cosme Sur/Santa María [14147A10]
v4_p05,37,Córdoba,Punilla,Cosquín,,9488,14091070,Cosquín,Punilla,-31.2437002208022,-64.4653228840216,auto_ok,auto_ok,match_exacto_3campos,auto_match,no,auto,2026-07-22,alta,georef/localidades-censales,https://apis.datos.gob.ar/georef/api,verde,
v4_p05,403,Córdoba,Río Segundo,Costa Sacate,,1001,14119070,Costa Sacate,Río Segundo,-31.6448026162138,-63.7589171636733,auto_ok,auto_ok,match_exacto_3campos,auto_match,no,auto,2026-07-22,alta,georef/localidades-censales,https://apis.datos.gob.ar/georef/api,verde,
v4_p05,774,Córdoba,San Justo,Cotagaita,,107,14140A58,Cotagaita,San Justo,-30.9168237747176,-62.0706497230649,propuesto,A (aparcado),bahra_georef,auto_muestreo,no,auto(pendiente_muestra),2026-07-22,alta,georef/asentamientos,https://apis.datos.gob.ar/georef/api,verde,BAHRA: el nombre no es localidad censal -> fuente correcta (P7)
v4_p05,329,Santa Fe,San Martín,Crispi,,1281,82126060,Crispi,San Martín,-31.7399207010244,-62.0376911464688,auto_ok,auto_ok,match_exacto_3campos,auto_match,no,auto,2026-07-22,alta,georef/localidades-censales,https://apis.datos.gob.ar/georef/api,verde,
v4_p05,66,Córdoba,Marcos Juárez,Cruz Alta,,5716,14063100,Cruz Alta,Marcos Juárez,-33.0084400834487,-61.8057355227077,auto_ok,auto_ok,match_exacto_3campos,auto_match,no,auto,2026-07-22,alta,georef/localidades-censales,https://apis.datos.gob.ar/georef/api,verde,
v4_p05,718,Córdoba,Punilla,Cruz Chica,,233,,Cruz Chica,,-30.9667,-64.4833,propuesto,C5-manual_coord,web_manual_coord,humano_lote,no,pendiente:Jose,2026-07-22,verde (guard: coord en depto esperado),dices.net,https://www.dices.net/mapas/argentina/mapa.php?nombre=Cruz-Chica&id=33184,verde,"[guard=verde; punto en Punilla] Localidad del Valle de Punilla entre La Cumbre y Los Cocos, depto Punilla."
v4_p05,9,Córdoba,Cruz del Eje,Cruz del Eje,,22026,14028050,Cruz del Eje,Cruz del Eje,-30.721828909198,-64.8086158029639,auto_ok,auto_ok,match_exacto_3campos,auto_match,no,auto,2026-07-22,alta,georef/localidades-censales,https://apis.datos.gob.ar/georef/api,verde,
v4_p05,462,Santa Fe,Las Colonias,Cululú,,815,82070020,Cululú,Las Colonias,-31.2061267865361,-60.9301027442197,auto_ok,auto_ok,match_exacto_3campos,auto_match,no,auto,2026-07-22,alta,georef/localidades-censales,https://apis.datos.gob.ar/georef/api,verde,
v4_p05,603,Córdoba,Pte. Roque Sáenz Peña,Curapaligüe,,477,14084A11,Curapaligüe,Presidente Roque Sáenz Peña,-34.0754718078671,-63.6138276824587,propuesto,A (aparcado),bahra_georef,auto_muestreo,no,auto(pendiente_muestra),2026-07-22,alta,georef/asentamientos,https://apis.datos.gob.ar/georef/api,verde,BAHRA: el nombre no es localidad censal -> fuente correcta (P7)
v4_p05,468,Santa Fe,San Cristóbal,Curupaity,,799,82091110,Curupaytí,San Cristóbal,-30.395081960835,-61.6505272052319,propuesto,A (aparcado),bahra_georef,auto_muestreo,no,auto(pendiente_muestra),2026-07-22,media (nombre difiere),georef/,https://apis.datos.gob.ar/georef/api,verde,variante de nombre en el depto correcto
v4_p05,84,Santa Fe,Caseros,Chabás,,4916,82014060,Chabas,Caseros,-33.2457859436247,-61.3589650984713,auto_ok,auto_ok,match_exacto_3campos,auto_match,no,auto,2026-07-22,alta,georef/localidades-censales,https://apis.datos.gob.ar/georef/api,verde,
v4_p05,459,Córdoba,Río Cuarto,Chaján,,832,14098070,Chaján,Río Cuarto,-33.5556662285823,-65.0026797636433,auto_ok,auto_ok,match_exacto_3campos,auto_match,no,auto,2026-07-22,alta,georef/localidades-censales,https://apis.datos.gob.ar/georef/api,verde,
v4_p05,679,Córdoba,Río Primero,Chalacea,,302,14105040,Chalacea,Río Primero,-30.7620830145968,-63.5591171478185,auto_ok,auto_ok,match_exacto_3campos,auto_match,no,auto,2026-07-22,alta,georef/localidades-censales,https://apis.datos.gob.ar/georef/api,verde,
v4_p05,545,Córdoba,Pocho,Chancaní,,605,14077010,Chancani,Pocho,-31.4159531066187,-65.4512551742015,auto_ok,auto_ok,match_exacto_3campos,auto_match,no,auto,2026-07-22,alta,georef/localidades-censales,https://apis.datos.gob.ar/georef/api,verde,
v4_p05,738,Córdoba,Río Cuarto,Chañaritos,,194,14098A09,Chañaritos,Río Cuarto,-33.2907323740811,-64.8158595178739,propuesto,A (aparcado),bahra_georef,auto_muestreo,no,auto(pendiente_muestra),2026-07-22,alta,georef/asentamientos,https://apis.datos.gob.ar/georef/api,verde,BAHRA: el nombre no es localidad censal -> fuente correcta (P7)
v4_p05,83,Santa Fe,Caseros,Chañar Ladeado,,4979,82014070,Chañar Ladeado,Caseros,-33.3261714242363,-62.035330985687,auto_ok,auto_ok,match_exacto_3campos,auto_match,no,auto,2026-07-22,alta,georef/localidades-censales,https://apis.datos.gob.ar/georef/api,verde,
v4_p05,466,Santa Fe,General López,Chapuy,,803,82042070,Chapuy,General López,-33.800691475459,-61.7443534282565,auto_ok,auto_ok,match_exacto_3campos,auto_match,no,auto,2026-07-22,alta,georef/localidades-censales,https://apis.datos.gob.ar/georef/api,verde,
v4_p05,630,Córdoba,Punilla,Charbonier,,421,14091060,Charbonier,Punilla,-30.7756405594424,-64.543342352217,auto_ok,auto_ok,match_exacto_3campos,auto_match,no,auto,2026-07-22,alta,georef/localidades-censales,https://apis.datos.gob.ar/georef/api,verde,
v4_p05,523,Córdoba,Juárez Celman,Charras,,658,14056050,Charras,Juárez Celman,-33.0253497174275,-64.046828743801,auto_ok,auto_ok,match_exacto_3campos,auto_match,no,auto,2026-07-22,alta,georef/localidades-censales,https://apis.datos.gob.ar/georef/api,verde,
v4_p05,285,Santa Fe,General López,Chateaubriand,,1490,,Chateaubriand (paraje/estación),,-33.6333,-61.8667,propuesto,C5-manual_coord,web_manual_coord,humano_lote,no,pendiente:Jose,2026-07-22,verde (guard: coord en depto esperado),OpenStreetMap Nominatim (reverse) / Globefeed,https://nominatim.openstreetmap.org/reverse?lat=-33.6333&lon=-61.8667&format=json,verde,"[guard=verde; punto en General López] Reverse-geocoding confirma que cae en Departamento General López, al NE de Venado Tuerto"
v4_p05,371,Córdoba,General San Martín,Chazón,,1156,14042040,Chazón,General San Martín,-33.0778111021669,-63.2754493487152,auto_ok,auto_ok,match_exacto_3campos,auto_match,no,auto,2026-07-22,alta,georef/localidades-censales,https://apis.datos.gob.ar/georef/api,verde,
v4_p05,455,Córdoba,Unión,Chilibroste,,844,14182090,Chilibroste,Unión,-32.3327029758452,-62.5108292318323,auto_ok,auto_ok,match_exacto_3campos,auto_match,no,auto,2026-07-22,alta,georef/localidades-censales,https://apis.datos.gob.ar/georef/api,verde,
v4_p05,277,Santa Fe,General López,Chovet,,1518,82042080,Chovet,General López,-33.5989738541057,-61.6041509295792,auto_ok,auto_ok,match_exacto_3campos,auto_match,no,auto,2026-07-22,alta,georef/localidades-censales,https://apis.datos.gob.ar/georef/api,verde,
v4_p05,431,Santa Fe,General López,Christophersen,,934,82042090,Christophersen,General López,-34.1830671533256,-62.0260627034644,auto_ok,auto_ok,match_exacto_3campos,auto_match,no,auto,2026-07-22,alta,georef/localidades-censales,https://apis.datos.gob.ar/georef/api,verde,
v4_p05,716,Córdoba,San Javier,Chuchiras,,234,,Chuchiras,,-31.9762,-65.0932,propuesto,C5-manual_coord,web_manual_coord,humano_lote,no,pendiente:Jose,2026-07-22,verde (guard: coord en depto esperado),derutasymapas / mapas,https://www.derutasymapas.com.ar/Cordoba/Chuchiras/,verde,"[guard=verde; punto en San Javier] Paraje próximo a Villa Las Rosas, depto San Javier. Coord 31°59'S 65°06'O."
v4_p05,499,Córdoba,Río Cuarto,Chucul,,714,14098080,Chucul,Río Cuarto,-33.0115071109751,-64.1710263667905,auto_ok,auto_ok,match_exacto_3campos,auto_match,no,auto,2026-07-22,alta,georef/localidades-censales,https://apis.datos.gob.ar/georef/api,verde,
v4_p05,557,Córdoba,Ischilín,Chuña,,582,14049030,Chuña,Ischilín,-30.4683473342383,-64.6681382986234,auto_ok,auto_ok,match_exacto_3campos,auto_match,no,auto,2026-07-22,alta,georef/localidades-censales,https://apis.datos.gob.ar/georef/api,verde,
v4_p05,614,Córdoba,Sobremonte,Chuña Huasi,,458,14154030,Chuña Huasi,Sobremonte,-29.9358377216849,-64.1135961415923,auto_ok,auto_ok,match_exacto_3campos,auto_match,no,auto,2026-07-22,alta,georef/localidades-censales,https://apis.datos.gob.ar/georef/api,verde,
v4_p05,762,Córdoba,Tulumba,Churqui Cañada,,126,14175020,Churqui Cañada,Tulumba,-30.1737620887257,-63.9268779288432,auto_ok,auto_ok,match_exacto_3campos,auto_match,no,auto,2026-07-22,alta,georef/localidades-censales,https://apis.datos.gob.ar/georef/api,verde,
v4_p06,365,Córdoba,Tercero Arriba,Dalmacio Vélez Sarsfield,,1175,,Dalmacio Vélez (Sársfield),,-32.6100,-63.5769,propuesto,C5-manual_coord,web_manual_coord,humano_lote,no,pendiente:Jose,2026-07-22,verde (guard: coord en depto esperado),Wikipedia (Dalmacio Vélez Sarsfield),https://es.wikipedia.org/wiki/Dalmacio_V%C3%A9lez_Sarsfield_(C%C3%B3rdoba),verde,[guard=verde; punto en Tercero Arriba] Mismo lugar; depto Tercero Arriba. Coord 32°36'36''S 63°34'37''O.
v4_p06,20,Córdoba,Ischilín,Deán Funes,,16280,14049050,Deán Funes,Ischilín,-30.4240754077424,-64.3494191667211,auto_ok,auto_ok,match_exacto_3campos,auto_match,no,auto,2026-07-22,alta,georef/localidades-censales,https://apis.datos.gob.ar/georef/api,verde,
v4_p06,732,Córdoba,General Roca,De la Serna,,209,14035015,De la Serna,General Roca,-34.3760895239255,-64.6921920071683,auto_ok,auto_ok,match_exacto_3campos,auto_match,no,auto,2026-07-22,alta,georef/localidades-censales,https://apis.datos.gob.ar/georef/api,verde,
v4_p06,254,Córdoba,General Roca,Del Campillo,,1614,14035010,Del Campillo,General Roca,-34.3789054708938,-64.4970662536485,auto_ok,auto_ok,match_exacto_3campos,auto_match,no,auto,2026-07-22,alta,georef/localidades-censales,https://apis.datos.gob.ar/georef/api,verde,
v4_p06,202,Córdoba,Santa María,Despeñaderos,,1904,14147080,Despeñaderos,Santa María,-31.8142805534065,-64.2947750028746,propuesto,A (aparcado),bahra_georef,auto_muestreo,no,auto(pendiente_muestra),2026-07-22,alta,georef/localidades,https://apis.datos.gob.ar/georef/api,verde,BAHRA: el nombre no es localidad censal -> BAHRA es la fuente correcta (P7). id de capa 'localidades' NO es id censal INDEC valido
v4_p06,562,Santa Fe,San Jerónimo,Desvío Arijón,,571,82105100,Desvío Arijón,San Jerónimo,-31.8709760506156,-60.8873068093654,auto_ok,auto_ok,match_exacto_3campos,auto_match,no,auto,2026-07-22,alta,georef/localidades-censales,https://apis.datos.gob.ar/georef/api,verde,
v4_p06,759,Córdoba,General San Martín,Desvío las Mojarras,,129,14042090,Las Mojarras,,-32.3041496839947,-63.2329827815187,propuesto,C-generador,generador_transformacion,auto_muestreo,no,auto(pendiente_muestra),2026-07-22,alta (match exacto en depto del conjunto),georef/localidades-censales,https://apis.datos.gob.ar/georef/api,verde,candidato probado: 'las Mojarras' [prefijo: se quita 'Desvío']
v4_p06,667,Córdoba,Río Primero,Desvío Km. 691,,317,,Paraje Km 691 (Campo Enríquez),,-31.36,-63.853,propuesto,C5-manual_coord,web_manual_coord,humano_lote,no,pendiente:Jose,2026-07-22,verde (guard: coord en depto esperado),Mapcarta,https://mapcarta.com/es/20051876,verde,"[guard=verde; punto en Río Primero] Paraje/desvío sobre RN19, ~9 km al E de Monte Cristo, depto Río Primero; coordenada aproximada"
v4_p06,147,Córdoba,San Justo,Devoto,,3074,14140160,Devoto,San Justo,-31.4016561893626,-62.3062220743331,auto_ok,auto_ok,match_exacto_3campos,auto_match,no,auto,2026-07-22,alta,georef/localidades-censales,https://apis.datos.gob.ar/georef/api,verde,
v4_p06,319,Santa Fe,San Jerónimo,Díaz,,1334,82105110,Díaz,San Jerónimo,-32.3705197660949,-61.0865332424962,auto_ok,auto_ok,match_exacto_3campos,auto_match,no,auto,2026-07-22,alta,georef/localidades-censales,https://apis.datos.gob.ar/georef/api,verde,
v4_p06,256,Santa Fe,General López,Diego de Alvear,,1602,82042100,Diego de Alvear,General López,-34.3725681292943,-62.1282140929852,auto_ok,auto_ok,match_exacto_3campos,auto_match,no,auto,2026-07-22,alta,georef/localidades-censales,https://apis.datos.gob.ar/georef/api,verde,
v4_p06,664,Córdoba,Río Primero,Diego de Rojas,,325,14105060,Diego de Rojas,Río Primero,-31.0285358504084,-63.3383445485019,auto_ok,auto_ok,match_exacto_3campos,auto_match,no,auto,2026-07-22,alta,georef/localidades-censales,https://apis.datos.gob.ar/georef/api,verde,
v4_p06,218,Córdoba,Colón,Dumesnil,,1791,1402115001,Dumesnil,Colón,-31.3365282658298,-64.3371664162772,propuesto,A (aparcado),bahra_georef,auto_muestreo,no,auto(pendiente_muestra),2026-07-22,alta,georef/localidades,https://apis.datos.gob.ar/georef/api,verde,BAHRA: el nombre no es localidad censal -> BAHRA es la fuente correcta (P7). id de capa 'localidades' NO es id censal INDEC valido
v4_p06,476,Santa Fe,Castellanos,Eguzquiza,,763,82021140,Egusquiza,Castellanos,-31.0953904706189,-61.628035917539,propuesto,A (aparcado),bahra_georef,auto_muestreo,no,auto(pendiente_muestra),2026-07-22,media (nombre difiere),georef/,https://apis.datos.gob.ar/georef/api,verde,variante de nombre en el depto correcto
v4_p06,348,Córdoba,San Justo,El Arañado,,1227,14140170,El Arañado,San Justo,-31.7430299130727,-62.8895243507656,auto_ok,auto_ok,match_exacto_3campos,auto_match,no,auto,2026-07-22,alta,georef/localidades-censales,https://apis.datos.gob.ar/georef/api,verde,
v4_p06,682,Córdoba,Calamuchita,El Cano,,298,,El Cano,,-32.6101,-64.5961,propuesto,C5-manual_coord,web_manual_coord,humano_lote,no,pendiente:Jose,2026-07-22,verde (guard: coord en depto esperado),osm,https://nominatim.openstreetmap.org/search?q=El%20Cano%2C%20Calamuchita%2C%20C%C3%B3rdoba,verde,"[guard=verde; punto en Calamuchita] Paraje rural El Cano (Pedania Rio de los Sauces), depto Calamuchita, Cordoba; capilla San Antonio de El Cano. Coincide d"
v4_p06,626,Córdoba,Río Primero,El Crispín,,426,14105080,El Crispín,Río Primero,-31.0175285473955,-63.6054050867719,auto_ok,auto_ok,match_exacto_3campos,auto_match,no,auto,2026-07-22,alta,georef/localidades-censales,https://apis.datos.gob.ar/georef/api,verde,
v4_p06,705,Córdoba,Minas,El Chacho,,257,14070020,El Chacho,Minas,-30.8029663939263,-65.6545605255467,auto_ok,auto_ok,match_exacto_3campos,auto_match,no,auto,2026-07-22,alta,georef/localidades-censales,https://apis.datos.gob.ar/georef/api,verde,
v4_p06,312,Córdoba,Río Cuarto,Elena,,1369,14098110,Elena,Río Cuarto,-32.570413693022,-64.3939123867406,auto_ok,auto_ok,match_exacto_3campos,auto_match,no,auto,2026-07-22,alta,georef/localidades-censales,https://apis.datos.gob.ar/georef/api,verde,
v4_p06,334,Córdoba,San Justo,El Fortín,,1272,14140180,El Fortín,San Justo,-31.9667496902201,-62.30025695714,auto_ok,auto_ok,match_exacto_3campos,auto_match,no,auto,2026-07-22,alta,georef/localidades-censales,https://apis.datos.gob.ar/georef/api,verde,
v4_p06,558,Córdoba,San Justo,El Fuertecito,,578,14140190,El Fuertecito,San Justo,-31.4034206215854,-62.9737773994761,auto_ok,auto_ok,match_exacto_3campos,auto_match,no,auto,2026-07-22,alta,georef/localidades-censales,https://apis.datos.gob.ar/georef/api,verde,
v4_p06,330,Santa Fe,Las Colonias,Elisa,,1278,82070030,Elisa,Las Colonias,-30.6947730916946,-61.0492887538971,auto_ok,auto_ok,match_exacto_3campos,auto_match,no,auto,2026-07-22,alta,georef/localidades-censales,https://apis.datos.gob.ar/georef/api,verde,
v4_p06,651,Córdoba,Colón,El Manzano,,370,14021110,El Manzano,Colón,-31.0845579183572,-64.3009245900856,auto_ok,auto_ok,match_exacto_3campos,auto_match,no,auto,2026-07-22,alta,georef/localidades-censales,https://apis.datos.gob.ar/georef/api,verde,
v4_p06,76,Santa Fe,General López,Elortondo,,5147,82042110,Elortondo,General López,-33.701909202933,-61.6150262419079,auto_ok,auto_ok,match_exacto_3campos,auto_match,no,auto,2026-07-22,alta,georef/localidades-censales,https://apis.datos.gob.ar/georef/api,verde,
v4_p06,720,Córdoba,Tulumba,El Perchel,,225,14175A08,El Perchel,Tulumba,-30.1494818255487,-64.036025491514,propuesto,A (aparcado),bahra_georef,auto_muestreo,no,auto(pendiente_muestra),2026-07-22,alta,georef/asentamientos,https://apis.datos.gob.ar/georef/api,verde,BAHRA: el nombre no es localidad censal -> fuente correcta (P7)
v4_p06,656,Córdoba,Calamuchita,El Quebracho,,356,14007A16,El Quebracho,Calamuchita,-32.2455780645031,-64.3737189810611,propuesto,A (aparcado),bahra_georef,auto_muestreo,no,auto(pendiente_muestra),2026-07-22,alta,georef/asentamientos,https://apis.datos.gob.ar/georef/api,verde,BAHRA: el nombre no es localidad censal -> fuente correcta (P7)
v4_p06,726,Córdoba,Río Primero,El Quebracho,,214,14105A17,El Quebracho,Río Primero,-31.4778855994715,-63.7333528192712,propuesto,A (aparcado),bahra_georef,auto_muestreo,no,auto(pendiente_muestra),2026-07-22,alta,georef/asentamientos,https://apis.datos.gob.ar/georef/api,verde,BAHRA: el nombre no es localidad censal -> fuente correcta (P7)
v4_p06,493,Córdoba,Juárez Celman,El Rastreador,,728,14056060,El Rastreador,Juárez Celman,-33.6661451688587,-63.5391264014499,auto_ok,auto_ok,match_exacto_3campos,auto_match,no,auto,2026-07-22,alta,georef/localidades-censales,https://apis.datos.gob.ar/georef/api,verde,
v4_p06,176,Santa Fe,General Obligado,El Sombrerito,,2414,82049053,El Sombrerito,General Obligado,-28.6557223377259,-59.4261643351962,auto_ok,auto_ok,match_exacto_3campos,auto_match,no,auto,2026-07-22,alta,georef/localidades-censales,https://apis.datos.gob.ar/georef/api,verde,
v4_p06,292,Córdoba,San Justo,El Tío,,1463,14140200,El Tío,San Justo,-31.3854205210761,-62.8281977015565,propuesto,A (aparcado),bahra_georef,auto_muestreo,no,auto(pendiente_muestra),2026-07-22,alta,georef/localidades,https://apis.datos.gob.ar/georef/api,verde,BAHRA: el nombre no es localidad censal -> BAHRA es la fuente correcta (P7). id de capa 'localidades' NO es id censal INDEC valido
v4_p06,62,Santa Fe,San Martín,El Trébol,,5954,82126070,El Trébol,San Martín,-32.2030242455008,-61.7028944914559,auto_ok,auto_ok,match_exacto_3campos,auto_match,no,auto,2026-07-22,alta,georef/localidades-censales,https://apis.datos.gob.ar/georef/api,verde,
v4_p06,183,Córdoba,Calamuchita,Embalse,,2112,14007060,Embalse,Calamuchita,-32.206755111325,-64.4006066473032,auto_ok,auto_ok,match_exacto_3campos,auto_match,no,auto,2026-07-22,alta,georef/localidades-censales,https://apis.datos.gob.ar/georef/api,verde,
v4_p06,439,Santa Fe,La Capital,Emilia,,903,82063070,Emilia,La Capital,-31.0590167561288,-60.7450165800602,auto_ok,auto_ok,match_exacto_3campos,auto_match,no,auto,2026-07-22,alta,georef/localidades-censales,https://apis.datos.gob.ar/georef/api,verde,
v4_p06,636,Santa Fe,Las Colonias,Empalme San Carlos,,408,82070040,Empalme San Carlos,Las Colonias,-31.5476162119096,-60.8137411271582,auto_ok,auto_ok,match_exacto_3campos,auto_match,no,auto,2026-07-22,alta,georef/localidades-censales,https://apis.datos.gob.ar/georef/api,verde,
v4_p06,146,Santa Fe,Constitución,Empalme V. Constitución,,3095,,Empalme Villa Constitución,,-33.2611,-60.3806,propuesto,C5-manual_coord,web_manual_coord,humano_lote,no,pendiente:Jose,2026-07-22,verde (guard: coord en depto esperado),Wikipedia,https://es.wikipedia.org/wiki/Empalme_Villa_Constituci%C3%B3n-Barrio_Mitre,verde,"[guard=verde; punto en Constitución] Comuna Empalme Villa Constitución, depto Constitución, a 5 km de Villa Constitución."
v4_p06,655,Córdoba,Río Seco,Encrucijada,,357,14112A10,Encrucijadas,Río Seco,-30.1819574516327,-63.3892410082383,propuesto,E-bahra-fuzzy,bahra_fuzzy,auto_muestreo,no,auto(pendiente_muestra),2026-07-22,BAJA (fuzzy en capa BAHRA: puede no ser el mismo lugar),georef/asentamientos,https://apis.datos.gob.ar/georef/api,verde,antes era sin_match. candidatos: Encrucijadas/Río Seco [14112A10]
v4_p06,435,Santa Fe,Castellanos,Esmeralda,,911,82021150,Esmeralda,Castellanos,-31.616143573352,-61.9335222796041,auto_ok,auto_ok,match_exacto_3campos,auto_match,no,auto,2026-07-22,alta,georef/localidades-censales,https://apis.datos.gob.ar/georef/api,verde,
v4_p06,19,Santa Fe,Las Colonias,Esperanza,,16606,82070050,Esperanza,Las Colonias,-31.4489469013111,-60.9303990475712,auto_ok,auto_ok,match_exacto_3campos,auto_match,no,auto,2026-07-22,alta,georef/localidades-censales,https://apis.datos.gob.ar/georef/api,verde,
v4_p06,600,Córdoba,Río Cuarto,Espinillo,,479,14098A30,Espinillo,Río Cuarto,-33.0070917891864,-64.3521579840811,propuesto,A (aparcado),bahra_georef,auto_muestreo,no,auto(pendiente_muestra),2026-07-22,alta,georef/asentamientos,https://apis.datos.gob.ar/georef/api,verde,BAHRA: el nombre no es localidad censal -> fuente correcta (P7)
v4_p06,609,Santa Fe,9 de Julio,Esteban Rams,,466,82077010,Esteban Rams,9 de Julio,-29.7723982686148,-61.4900566729233,auto_ok,auto_ok,match_exacto_3campos,auto_match,no,auto,2026-07-22,alta,georef/localidades-censales,https://apis.datos.gob.ar/georef/api,verde,
v4_p06,703,Santa Fe,San Justo,Esther,,260,82112040,Esther,San Justo,-31.0409484437983,-60.6446831110671,auto_ok,auto_ok,match_exacto_3campos,auto_match,no,auto,2026-07-22,alta,georef/localidades-censales,https://apis.datos.gob.ar/georef/api,verde,
v4_p07,164,Córdoba,General San Martín,Etruria,,2785,14042050,Etruria,General San Martín,-32.9393183307409,-63.2448186851919,auto_ok,auto_ok,match_exacto_3campos,auto_match,no,auto,2026-07-22,alta,georef/localidades-censales,https://apis.datos.gob.ar/georef/api,verde,
v4_p07,453,Santa Fe,Castellanos,Eusebia,,849,82021180,Eusebia y Carolina,Castellanos,-30.9477342099685,-61.8561910600568,propuesto,A (aparcado),bahra_georef,auto_muestreo,no,auto(pendiente_muestra),2026-07-22,media (nombre difiere),georef/,https://apis.datos.gob.ar/georef/api,verde,variante de nombre en el depto correcto
v4_p07,598,Santa Fe,Castellanos,Eustolia,,486,82021190,Eustolia,Castellanos,-31.5756632722086,-61.7831800482634,auto_ok,auto_ok,match_exacto_3campos,auto_match,no,auto,2026-07-22,alta,georef/localidades-censales,https://apis.datos.gob.ar/georef/api,verde,
v4_p07,589,Córdoba,Santa María,Falda del Carmen,,494,14147110,Falda del Carmen,Santa María,-31.5882766979294,-64.4585096946392,auto_ok,auto_ok,match_exacto_3campos,auto_match,no,auto,2026-07-22,alta,georef/localidades-censales,https://apis.datos.gob.ar/georef/api,verde,
v4_p07,482,Santa Fe,Las Colonias,Felicia,,747,82070060,Felicia,Las Colonias,-31.244537410587,-61.2123161613397,auto_ok,auto_ok,match_exacto_3campos,auto_match,no,auto,2026-07-22,alta,georef/localidades-censales,https://apis.datos.gob.ar/georef/api,verde,
v4_p07,211,Santa Fe,Rosario,Fighiera,,1827,82084130,Fighiera,Rosario,-33.19376306017,-60.4695430976923,auto_ok,auto_ok,match_exacto_3campos,auto_match,no,auto,2026-07-22,alta,georef/localidades-censales,https://apis.datos.gob.ar/georef/api,verde,
v4_p07,38,Santa Fe,General López,Firmat,,9484,82042120,Firmat,General López,-33.4581254854975,-61.4862955077284,auto_ok,auto_ok,match_exacto_3campos,auto_match,no,auto,2026-07-22,alta,georef/localidades-censales,https://apis.datos.gob.ar/georef/api,verde,
v4_p07,279,Santa Fe,General Obligado,Florencia,,1508,82049060,Florencia,General Obligado,-28.0406260901894,-59.2180652331481,auto_ok,auto_ok,match_exacto_3campos,auto_match,no,auto,2026-07-22,alta,georef/localidades-censales,https://apis.datos.gob.ar/georef/api,verde,
v4_p07,676,Córdoba,Río Cuarto,Fragueyro,,307,14098A33,Fragueyro,Río Cuarto,-33.7149015593732,-64.5285670318335,propuesto,A (aparcado),bahra_georef,auto_muestreo,no,auto(pendiente_muestra),2026-07-22,alta,georef/asentamientos,https://apis.datos.gob.ar/georef/api,verde,BAHRA: el nombre no es localidad censal -> fuente correcta (P7)
v4_p07,268,Santa Fe,Las Colonias,Frank,,1553,82070070,Franck,Las Colonias,-31.5871988499542,-60.9383145955653,propuesto,A (aparcado),bahra_georef,auto_muestreo,no,auto(pendiente_muestra),2026-07-22,media (nombre difiere),georef/,https://apis.datos.gob.ar/georef/api,verde,variante de nombre en el depto correcto
v4_p07,697,Córdoba,Pte. Roque Sáenz Peña,Fray Cayetano Rodríguez,,266,14084A13,Fray Cayetano Rodríguez,Presidente Roque Sáenz Peña,-34.0137622013592,-63.4320658521409,propuesto,A (aparcado),bahra_georef,auto_muestreo,no,auto(pendiente_muestra),2026-07-22,alta,georef/asentamientos,https://apis.datos.gob.ar/georef/api,verde,BAHRA: el nombre no es localidad censal -> fuente correcta (P7)
v4_p07,80,Santa Fe,San Lorenzo,Fray Luis Beltrán,,5093,82119050,Fray Luis Beltrán,San Lorenzo,-32.7857429989503,-60.7275643561998,auto_ok,auto_ok,match_exacto_3campos,auto_match,no,auto,2026-07-22,alta,georef/localidades-censales,https://apis.datos.gob.ar/georef/api,verde,
v4_p07,152,Córdoba,San Justo,Freyre,,3026,14140220,Freyre,San Justo,-31.1645812472332,-62.0962010339436,auto_ok,auto_ok,match_exacto_3campos,auto_match,no,auto,2026-07-22,alta,georef/localidades-censales,https://apis.datos.gob.ar/georef/api,verde,
v4_p07,192,Santa Fe,Iriondo,Froilán Palacios,,1948,,Froilán Palacios,,-32.6667,-61.1000,propuesto,C5-manual_coord,web_manual_coord,humano_lote,no,pendiente:Jose,2026-07-22,verde (guard: coord en depto esperado),SIPAR Archivo Historico / Mapcarta,https://mapcarta.com/20056348,verde,[guard=verde; punto en Iriondo] Localidad del depto Iriondo (Municipio Salto Grande); traza aprobada 1891 en km 373 del FC Cordoba-Rosario
v4_p07,238,Santa Fe,Castellanos,Frontera,,1672,82021200,Frontera,Castellanos,-31.4312285388023,-62.0636619655208,auto_ok,auto_ok,match_exacto_3campos,auto_match,no,auto,2026-07-22,alta,georef/localidades-censales,https://apis.datos.gob.ar/georef/api,verde,
v4_p07,316,Santa Fe,San Lorenzo,Fuentes,,1337,82119060,Fuentes,San Lorenzo,-33.172340122836,-61.0741658974443,auto_ok,auto_ok,match_exacto_3campos,auto_match,no,auto,2026-07-22,alta,georef/localidades-censales,https://apis.datos.gob.ar/georef/api,verde,
v4_p07,91,Santa Fe,Rosario,Funes,,4484,82084140,Funes,Rosario,-32.9208613396896,-60.8114419642923,auto_ok,auto_ok,match_exacto_3campos,auto_match,no,auto,2026-07-22,alta,georef/localidades-censales,https://apis.datos.gob.ar/georef/api,verde,
v4_p07,232,Santa Fe,San Jerónimo,Gaboto,,1737,82105120,Gaboto,San Jerónimo,-32.4325180636017,-60.8178810211596,auto_ok,auto_ok,match_exacto_3campos,auto_match,no,auto,2026-07-22,alta,georef/localidades-censales,https://apis.datos.gob.ar/georef/api,verde,
v4_p07,678,Santa Fe,Castellanos,Galisteo,,304,82021A28,Galisteo,Castellanos,-31.0502390925764,-61.3715874400955,propuesto,A (aparcado),bahra_georef,auto_muestreo,no,auto(pendiente_muestra),2026-07-22,alta,georef/asentamientos,https://apis.datos.gob.ar/georef/api,verde,BAHRA: el nombre no es localidad censal -> fuente correcta (P7)
v4_p07,25,Santa Fe,San Jerónimo,Gálvez,,11759,82105130,Gálvez,San Jerónimo,-32.0326455920318,-61.2199610274248,auto_ok,auto_ok,match_exacto_3campos,auto_match,no,auto,2026-07-22,alta,georef/localidades-censales,https://apis.datos.gob.ar/georef/api,verde,
v4_p07,572,Santa Fe,General Obligado,Garabato,,525,82133050,Garabato,Vera,-28.95449,-60.13508,confirmado_3.3b,3.3b:transferencia_limite_declarado,transferencia_limite_declarado,humano_individual,no,humano:Jose(3.3b),2026-07-22,media,humano (Jose) + Georef + Wikipedia,https://es.wikipedia.org/wiki/Anexo:Departamentos_de_la_provincia_de_Santa_Fe,rojo,"Jose ratifico bloque limite declarado (README 3.1b: reasignacion entre deptos preexistentes, sin ley citable; identidad solida)"
v4_p07,540,Santa Fe,Castellanos,Garibaldi,,616,82021210,Garibaldi,Castellanos,-31.6495414193718,-61.8058440102176,auto_ok,auto_ok,match_exacto_3campos,auto_match,no,auto,2026-07-22,alta,georef/localidades-censales,https://apis.datos.gob.ar/georef/api,verde,
v4_p07,328,Córdoba,Marcos Juárez,General Baldissera,,1282,14063110,General Baldissera,Marcos Juárez,-33.1220874704691,-62.3028360097469,auto_ok,auto_ok,match_exacto_3campos,auto_match,no,auto,2026-07-22,alta,georef/localidades-censales,https://apis.datos.gob.ar/georef/api,verde,
v4_p07,70,Córdoba,Juárez Celman,General Cabrera,,5455,14056070,General Cabrera,Juárez Celman,-32.8145291399665,-63.8750368234265,auto_ok,auto_ok,match_exacto_3campos,auto_match,no,auto,2026-07-22,alta,georef/localidades-censales,https://apis.datos.gob.ar/georef/api,verde,
v4_p07,148,Córdoba,Juárez Celman,General Deheza,,3056,14056080,General Deheza,Juárez Celman,-32.7564726428204,-63.7891342810176,auto_ok,auto_ok,match_exacto_3campos,auto_match,no,auto,2026-07-22,alta,georef/localidades-censales,https://apis.datos.gob.ar/georef/api,verde,
v4_p07,691,Córdoba,Tercero Arriba,General Fotheringham,,280,14161050,General Fotheringham,Tercero Arriba,-32.3224732226717,-63.8684128488535,auto_ok,auto_ok,match_exacto_3campos,auto_match,no,auto,2026-07-22,alta,georef/localidades-censales,https://apis.datos.gob.ar/georef/api,verde,
v4_p07,399,Santa Fe,Constitución,General Gelly,,1018,82028090,General Gelly,Constitución,-33.6001160301803,-60.5979161312624,auto_ok,auto_ok,match_exacto_3campos,auto_match,no,auto,2026-07-22,alta,georef/localidades-censales,https://apis.datos.gob.ar/georef/api,verde,
v4_p07,149,Córdoba,Pte. Roque Sáenz Peña,General Levalle,,3050,14084010,General Levalle,Presidente Roque Sáenz Peña,-34.007232048118,-63.9233870027375,auto_ok,auto_ok,match_exacto_3campos,auto_match,no,auto,2026-07-22,alta,georef/localidades-censales,https://apis.datos.gob.ar/georef/api,verde,
v4_p07,456,Córdoba,Colón,General Paz,,838,14021130,General Paz,Colón,-31.1343759548528,-64.1399581211918,auto_ok,auto_ok,match_exacto_3campos,auto_match,no,auto,2026-07-22,alta,georef/localidades-censales,https://apis.datos.gob.ar/georef/api,verde,
v4_p07,194,Córdoba,Marcos Juárez,General Roca,,1945,14063120,General Roca,Marcos Juárez,-32.7308047318571,-61.9158563720288,auto_ok,auto_ok,match_exacto_3campos,auto_match,no,auto,2026-07-22,alta,georef/localidades-censales,https://apis.datos.gob.ar/georef/api,verde,
v4_p07,710,Córdoba,Río Cuarto,General Soler,,245,14098A34,General Soler,Río Cuarto,-33.9416645755445,-64.2445819324437,propuesto,A (aparcado),bahra_georef,auto_muestreo,no,auto(pendiente_muestra),2026-07-22,alta,georef/asentamientos,https://apis.datos.gob.ar/georef/api,verde,BAHRA: el nombre no es localidad censal -> fuente correcta (P7)
v4_p07,395,Santa Fe,San Jerónimo,Gessler,,1038,82105140,Gessler,San Jerónimo,-31.8743254691474,-61.1269880982316,auto_ok,auto_ok,match_exacto_3campos,auto_match,no,auto,2026-07-22,alta,georef/localidades-censales,https://apis.datos.gob.ar/georef/api,verde,
v4_p07,475,Santa Fe,La Capital,Gobernador Candioti,,767,,Gobernador Candioti,,-31.4008,-60.7485,propuesto,C5-manual_coord,web_manual_coord,humano_lote,no,pendiente:Jose,2026-07-22,verde (guard: coord en depto esperado),Wikipedia,https://es.wikipedia.org/wiki/Gobernador_Candioti,verde,"[guard=verde; punto en La Capital] Comuna del depto La Capital, Santa Fe, km 495 RN11"
v4_p07,294,Santa Fe,San Justo,Gobernador Crespo,,1457,82112050,Gobernador Crespo,San Justo,-30.3629797406453,-60.4003496712569,auto_ok,auto_ok,match_exacto_3campos,auto_match,no,auto,2026-07-22,alta,georef/localidades-censales,https://apis.datos.gob.ar/georef/api,verde,
v4_p07,241,Santa Fe,Caseros,Gödeken,,1666,82014080,Gödeken,Caseros,-33.4003688274868,-61.8443262668481,auto_ok,auto_ok,match_exacto_3campos,auto_match,no,auto,2026-07-22,alta,georef/localidades-censales,https://apis.datos.gob.ar/georef/api,verde,
v4_p07,252,Santa Fe,Constitución,Godoy,,1620,82028100,Godoy,Constitución,-33.3671737853926,-60.5093486873923,auto_ok,auto_ok,match_exacto_3campos,auto_match,no,auto,2026-07-22,alta,georef/localidades-censales,https://apis.datos.gob.ar/georef/api,verde,
v4_p07,419,Santa Fe,General Obligado,Golondrina,,966,82133060,Golondrina,Vera,-28.55654,-60.02271,confirmado_3.3b,3.3b:transferencia_limite_declarado,transferencia_limite_declarado,humano_individual,no,humano:Jose(3.3b),2026-07-22,media,humano (Jose) + Georef + Wikipedia,https://es.wikipedia.org/wiki/Anexo:Departamentos_de_la_provincia_de_Santa_Fe,rojo,"Jose ratifico bloque limite declarado (README 3.1b: reasignacion entre deptos preexistentes, sin ley citable; identidad solida)"
v4_p07,64,Santa Fe,Rosario,Granadero Baigorria,,5818,82084160,Granadero Baigorria,Rosario,-32.85439509426,-60.7090301232663,auto_ok,auto_ok,match_exacto_3campos,auto_match,no,auto,2026-07-22,alta,georef/localidades-censales,https://apis.datos.gob.ar/georef/api,verde,
v4_p07,313,Santa Fe,Las Colonias,Grutly,,1349,82070080,Grutly,Las Colonias,-31.2687130639513,-61.0720566102588,auto_ok,auto_ok,match_exacto_3campos,auto_match,no,auto,2026-07-22,alta,georef/localidades-censales,https://apis.datos.gob.ar/georef/api,verde,
v4_p07,680,Córdoba,Cruz del Eje,Guanaco Muerto,,301,14028080,Guanaco Muerto,Cruz del Eje,-30.4825702986342,-65.0594328023923,auto_ok,auto_ok,match_exacto_3campos,auto_match,no,auto,2026-07-22,alta,georef/localidades-censales,https://apis.datos.gob.ar/georef/api,verde,
v4_p07,694,Córdoba,Pte. Roque Sáenz Peña,Guardia Vieja,,276,14084A15,Guardia Vieja,Presidente Roque Sáenz Peña,-34.0965894212164,-63.5123514238678,propuesto,A (aparcado),bahra_georef,auto_muestreo,no,auto(pendiente_muestra),2026-07-22,alta,georef/asentamientos,https://apis.datos.gob.ar/georef/api,verde,BAHRA: el nombre no es localidad censal -> fuente correcta (P7)
v4_p08,649,Córdoba,Minas,Guasapampa,,374,14070040,Guasapampa,Minas,-31.0752757387331,-65.3479800136503,auto_ok,auto_ok,match_exacto_3campos,auto_match,no,auto,2026-07-22,alta,georef/localidades-censales,https://apis.datos.gob.ar/georef/api,verde,
v4_p08,163,Córdoba,Marcos Juárez,Guatimozín,,2801,14063130,Guatimozín,Marcos Juárez,-33.4642880866057,-62.4381225856675,auto_ok,auto_ok,match_exacto_3campos,auto_match,no,auto,2026-07-22,alta,georef/localidades-censales,https://apis.datos.gob.ar/georef/api,verde,
v4_p08,511,Córdoba,Río Seco,Gutemberg,,685,14112040,Gutemberg,Río Seco,-29.7211545446922,-63.5149861016767,auto_ok,auto_ok,match_exacto_3campos,auto_match,no,auto,2026-07-22,alta,georef/localidades-censales,https://apis.datos.gob.ar/georef/api,verde,
v4_p08,167,Santa Fe,Garay,Helvecia,,2702,82035020,Helvecia,Garay,-31.101738122525,-60.0889269919306,auto_ok,auto_ok,match_exacto_3campos,auto_match,no,auto,2026-07-22,alta,georef/localidades-censales,https://apis.datos.gob.ar/georef/api,verde,
v4_p08,55,Córdoba,Tercero Arriba,Hernando,,6453,14161060,Hernando,Tercero Arriba,-32.4279423643193,-63.7335119396224,auto_ok,auto_ok,match_exacto_3campos,auto_match,no,auto,2026-07-22,alta,georef/localidades-censales,https://apis.datos.gob.ar/georef/api,verde,
v4_p08,136,Santa Fe,San Cristóbal,Hersilia,,3278,82091120,Hersilia,San Cristóbal,-30.003904049189,-61.8390964157867,auto_ok,auto_ok,match_exacto_3campos,auto_match,no,auto,2026-07-22,alta,georef/localidades-censales,https://apis.datos.gob.ar/georef/api,verde,
v4_p08,568,Santa Fe,Las Colonias,Hipatía,,536,82070090,Hipatía,Las Colonias,-31.1282518725208,-61.0327676754247,auto_ok,auto_ok,match_exacto_3campos,auto_match,no,auto,2026-07-22,alta,georef/localidades-censales,https://apis.datos.gob.ar/georef/api,verde,
v4_p08,175,Córdoba,Río Cuarto,Holmberg,,2439,14098260,Santa Catalina Holmberg,Río Cuarto,-33.2052934174971,-64.4379051098185,propuesto,A (aparcado),bahra_georef,auto_muestreo,no,auto(pendiente_muestra),2026-07-22,media (nombre difiere),georef/,https://apis.datos.gob.ar/georef/api,verde,variante de nombre en el depto correcto
v4_p08,494,Córdoba,Juárez Celman,Huanchilla,,722,14056090,Huanchilla,Juárez Celman,-33.6683972467261,-63.6363150019838,auto_ok,auto_ok,match_exacto_3campos,auto_match,no,auto,2026-07-22,alta,georef/localidades-censales,https://apis.datos.gob.ar/georef/api,verde,
v4_p08,288,Santa Fe,San Cristóbal,Huanqueros,,1469,82091130,Huanqueros,San Cristóbal,-30.0120107246413,-61.2185924825775,auto_ok,auto_ok,match_exacto_3campos,auto_match,no,auto,2026-07-22,alta,georef/localidades-censales,https://apis.datos.gob.ar/georef/api,verde,
v4_p08,151,Córdoba,Punilla,Huerta Grande,,3028,14091100,Huerta Grande,Punilla,-31.0753378970166,-64.4891440604831,auto_ok,auto_ok,match_exacto_3campos,auto_match,no,auto,2026-07-22,alta,georef/localidades-censales,https://apis.datos.gob.ar/georef/api,verde,
v4_p08,258,Santa Fe,General López,Hughes,,1594,82042130,Hughes,General López,-33.8011203358037,-61.3360917395556,auto_ok,auto_ok,match_exacto_3campos,auto_match,no,auto,2026-07-22,alta,georef/localidades-censales,https://apis.datos.gob.ar/georef/api,verde,
v4_p08,73,Córdoba,General Roca,Huinca Renancó,,5302,14035040,Huinca Renancó,General Roca,-34.8413511798627,-64.3747079628252,auto_ok,auto_ok,match_exacto_3campos,auto_match,no,auto,2026-07-22,alta,georef/localidades-censales,https://apis.datos.gob.ar/georef/api,verde,
v4_p08,92,Santa Fe,Castellanos,Humberto 1º,,4453,,Humberto Primo,,-30.8683,-61.3481,propuesto,C5-rename,web_rename,humano_lote,no,pendiente:Jose,2026-07-22,verde (guard: coord en depto esperado),wikipedia,https://en.wikipedia.org/wiki/Humberto_Primo,verde,"[guard=verde; punto en Castellanos] Humberto 1º = Humberto Primo, comuna del depto Castellanos, Santa Fe. Coincide depto."
v4_p08,346,Santa Fe,Las Colonias,Humboldt,,1229,82070100,Humboldt,Las Colonias,-31.4008404061503,-61.0822599174325,auto_ok,auto_ok,match_exacto_3campos,auto_match,no,auto,2026-07-22,alta,georef/localidades-censales,https://apis.datos.gob.ar/georef/api,verde,
v4_p08,446,Santa Fe,Rosario,Ibarlucea,,873,82084170,Ibarlucea,Rosario,-32.8518409852904,-60.7855601497255,auto_ok,auto_ok,match_exacto_3campos,auto_match,no,auto,2026-07-22,alta,georef/localidades-censales,https://apis.datos.gob.ar/georef/api,verde,
v4_p08,262,Córdoba,Unión,Idiazábal,,1576,14182130,Idiazabal,Unión,-32.8125164058411,-63.0324079910237,auto_ok,auto_ok,match_exacto_3campos,auto_match,no,auto,2026-07-22,alta,georef/localidades-censales,https://apis.datos.gob.ar/georef/api,verde,
v4_p08,525,Córdoba,Cruz del Eje,Iglesias Viejas,,654,14028A21,Iglesia Vieja,Cruz del Eje,-30.6585851862652,-65.2609235822865,propuesto,E-bahra-fuzzy,bahra_fuzzy,auto_muestreo,no,auto(pendiente_muestra),2026-07-22,BAJA (fuzzy en capa BAHRA: puede no ser el mismo lugar),georef/asentamientos,https://apis.datos.gob.ar/georef/api,verde,antes era sin_match. candidatos: Iglesia Vieja/Cruz del Eje [14028A21]
v4_p08,467,Santa Fe,General Obligado,Ingeniero Chanourdié,,803,82049080,Ingeniero Chanourdie,General Obligado,-28.759813885955,-59.5772324985847,auto_ok,auto_ok,match_exacto_3campos,auto_match,no,auto,2026-07-22,alta,georef/localidades-censales,https://apis.datos.gob.ar/georef/api,verde,
v4_p08,130,Córdoba,Marcos Juárez,Irivilli,,3408,14063140,Inriville,Marcos Juárez,-32.945560233922,-62.2308174035706,propuesto,A (aparcado),bahra_georef,auto_muestreo,no,auto(pendiente_muestra),2026-07-22,media (nombre difiere),georef/,https://apis.datos.gob.ar/georef/api,verde,variante de nombre en el depto correcto
v4_p08,601,Santa Fe,General Obligado,Intiyaco,,479,82133070,Intiyaco,Vera,-28.674866,-60.070701,confirmado_3.3b,3.3b:transferencia_limite_declarado,transferencia_limite_declarado,humano_individual,no,humano:Jose(3.3b),2026-07-22,alta,humano (Jose) + Georef + Wikipedia/senado Santa Fe,https://es.wikipedia.org/wiki/Intiyaco_(Santa_Fe),rojo,"Jose ratifico bloque limite declarado (README 3.1b: reasignacion entre deptos preexistentes, sin ley citable; identidad solida)"
v4_p08,343,Santa Fe,San Jerónimo,Irigoyen,,1236,82105150,Irigoyen,San Jerónimo,-32.1581700986607,-61.1103555261135,auto_ok,auto_ok,match_exacto_3campos,auto_match,no,auto,2026-07-22,alta,georef/localidades-censales,https://apis.datos.gob.ar/georef/api,verde,
v4_p08,123,Córdoba,Marcos Juárez,Isla Verde,,3603,14063150,Isla Verde,Marcos Juárez,-33.2398128020727,-62.4016275714471,auto_ok,auto_ok,match_exacto_3campos,auto_match,no,auto,2026-07-22,alta,georef/localidades-censales,https://apis.datos.gob.ar/georef/api,verde,
v4_p08,421,Córdoba,General Roca,Italó,,959,14035050,Italó,General Roca,-34.790738652572,-63.7804672833319,auto_ok,auto_ok,match_exacto_3campos,auto_match,no,auto,2026-07-22,alta,georef/localidades-censales,https://apis.datos.gob.ar/georef/api,verde,
v4_p08,624,Santa Fe,Las Colonias,Jacinto L. Arauz,,429,82070110,Jacinto L. Aráuz,Las Colonias,-30.7342240920329,-60.9759709207866,auto_ok,auto_ok,match_exacto_3campos,auto_match,no,auto,2026-07-22,alta,georef/localidades-censales,https://apis.datos.gob.ar/georef/api,verde,
v4_p08,617,Córdoba,Ischilín,Jaime Peter,,449,14049070,Jaime Peter,Ischilín,-30.4095597904046,-64.5388929252063,auto_ok,auto_ok,match_exacto_3campos,auto_match,no,auto,2026-07-22,alta,georef/localidades-censales,https://apis.datos.gob.ar/georef/api,verde,
v4_p08,120,Córdoba,Tercero Arriba,James Craik,,3628,14161070,James Craik,Tercero Arriba,-32.1651893363068,-63.4635513263795,auto_ok,auto_ok,match_exacto_3campos,auto_match,no,auto,2026-07-22,alta,georef/localidades-censales,https://apis.datos.gob.ar/georef/api,verde,
v4_p08,775,Córdoba,San Justo,Jean Maire,,103,,Jeanmaire,,-31.4008,-62.4683,propuesto,C5-manual_coord,web_manual_coord,humano_lote,no,pendiente:Jose,2026-07-22,verde (guard: coord en depto esperado),osm,"https://nominatim.openstreetmap.org/search?q=Jeanmaire,+San+Justo,+Cordoba,+Argentina",verde,[guard=verde; punto en San Justo] Localidad Jeanmaire en depto San Justo (Córdoba).
v4_p08,32,Córdoba,Colón,Jesús María,,9921,14021140,Jesús María,Colón,-30.979740193514,-64.0957122640273,auto_ok,auto_ok,match_exacto_3campos,auto_match,no,auto,2026-07-22,alta,georef/localidades-censales,https://apis.datos.gob.ar/georef/api,verde,
v4_p08,207,Santa Fe,San Lorenzo,Jesús María,,1855,,"Jesús María (paraje, Timbúes)",,-32.6718,-60.7835,propuesto,C5-manual_coord,web_manual_coord,humano_lote,no,pendiente:Jose,2026-07-22,verde (guard: coord en depto esperado),osm,"https://nominatim.openstreetmap.org/search?q=Jesus+Maria,+San+Lorenzo,+Santa+Fe,+Argentina",verde,[guard=verde; punto en San Lorenzo] Paraje/colonia Jesús María en depto San Lorenzo cerca de Timbúes. Confianza media (OSM solo registra vías con ese nombre
v4_p08,34,Santa Fe,Vera,Jobson,,9754,,Vera,,-29.4667,-60.2167,propuesto,C5-rename,web_rename,humano_lote,no,pendiente:Jose,2026-07-22,verde (guard: coord en depto esperado),Wikipedia,https://es.wikipedia.org/wiki/Vera_(Santa_Fe),verde,[guard=verde; punto en Vera] Jobson fue uno de los nombres previos de la actual ciudad de Vera (La Curva/Jobson/Jobson Vera/Gobernador Vera/Vera). Po
v4_p08,504,Córdoba,Santa María,José de la Quintana,,698,14147115,José de la Quintana,Santa María,-31.8027219848902,-64.4182273550195,auto_ok,auto_ok,match_exacto_3campos,auto_match,no,auto,2026-07-22,alta,georef/localidades-censales,https://apis.datos.gob.ar/georef/api,verde,
v4_p08,426,Santa Fe,Castellanos,Josefina,,943,82021230,Josefina,Castellanos,-31.4062360101112,-61.9921263566674,auto_ok,auto_ok,match_exacto_3campos,auto_match,no,auto,2026-07-22,alta,georef/localidades-censales,https://apis.datos.gob.ar/georef/api,verde,
v4_p08,259,Córdoba,General Roca,Jovita,,1589,14035110,Jovita,General Roca,-34.5188303267628,-63.9441473003806,auto_ok,auto_ok,match_exacto_3campos,auto_match,no,auto,2026-07-22,alta,georef/localidades-censales,https://apis.datos.gob.ar/georef/api,verde,
v4_p08,358,Santa Fe,Constitución,J. B. Molina,,1189,,Juan Bernabé Molina,,-33.4936,-60.5092,propuesto,C5-rename,web_rename,humano_lote,no,pendiente:Jose,2026-07-22,verde (guard: coord en depto esperado),Wikipedia,https://es.wikipedia.org/wiki/Juan_Bernab%C3%A9_Molina,verde,[guard=verde; punto en Constitución] Localidad del depto Constitución surgida en torno a la estación J. B. Molina (FC Belgrano)
v4_p08,536,Córdoba,Colón,Juárez Celman,,628,1402132001,Juárez Celman,Colón,-31.2580420120475,-64.1662430936329,propuesto,A (aparcado),bahra_georef,auto_muestreo,no,auto(pendiente_muestra),2026-07-22,alta,georef/localidades,https://apis.datos.gob.ar/georef/api,verde,BAHRA: el nombre no es localidad censal -> BAHRA es la fuente correcta (P7). id de capa 'localidades' NO es id censal INDEC valido
v4_p08,186,Santa Fe,Constitución,Juncal,,1997,82028120,Juncal,Constitución,-33.7162492017762,-61.050913383692,auto_ok,auto_ok,match_exacto_3campos,auto_match,no,auto,2026-07-22,alta,georef/localidades-censales,https://apis.datos.gob.ar/georef/api,verde,
v4_p08,110,Córdoba,Unión,Justiniano Posse,,3891,14182140,Justiniano Posse,Unión,-32.8834016336238,-62.6796886228357,auto_ok,auto_ok,match_exacto_3campos,auto_match,no,auto,2026-07-22,alta,georef/localidades-censales,https://apis.datos.gob.ar/georef/api,verde,
v4_p08,567,Córdoba,Colón,Kilómetro 711,,547,,Malvinas Argentinas (Córdoba),,-31.3792,-64.0539,propuesto,C5-rename,web_rename,humano_lote,no,pendiente:Jose,2026-07-22,verde (guard: coord en depto esperado),Wikipedia (Malvinas Argentinas,Córdoba),verde,[guard=verde; punto en Colón] https://es.wikipedia.org/wiki/Malvinas_Argentinas_(C%C3%B3rdoba)
v4_p08,112,Córdoba,Unión,Laborde,,3875,14182150,Laborde,Unión,-33.1547409496857,-62.8574393330588,auto_ok,auto_ok,match_exacto_3campos,auto_match,no,auto,2026-07-22,alta,georef/localidades-censales,https://apis.datos.gob.ar/georef/api,verde,
v4_p08,305,Santa Fe,General López,Labordeboy,,1398,82042150,Labordeboy,General López,-33.7176663609287,-61.3140613727482,auto_ok,auto_ok,match_exacto_3campos,auto_match,no,auto,2026-07-22,alta,georef/localidades-censales,https://apis.datos.gob.ar/georef/api,verde,
v4_p09,27,Córdoba,Pte. Roque Sáenz Peña,Laboulaye,,11265,14084030,Laboulaye,Presidente Roque Sáenz Peña,-34.12863375285,-63.390559302931,auto_ok,auto_ok,match_exacto_3campos,auto_match,no,auto,2026-07-22,alta,georef/localidades-censales,https://apis.datos.gob.ar/georef/api,verde,
v4_p09,492,Córdoba,Río Primero,La Buena Parada,,730,,,,,,sin_coordenada,C5-sin_coordenada,sin_coordenada,sin_coordenada,no,,2026-07-22,,,,,"[C5 web] No se halló 'La Buena Parada' en depto Río Primero (Córdoba). El homónimo 'Pueblo Buena Parada' está en depto Pichi Mahuida, Río Negro (leja"
v4_p09,162,Córdoba,Colón,La Calera,,2818,14021150,La Calera,Colón,-31.3456950386884,-64.3384747464446,auto_ok,auto_ok,match_exacto_3campos,auto_match,no,auto,2026-07-22,alta,georef/localidades-censales,https://apis.datos.gob.ar/georef/api,verde,
v4_p09,53,Córdoba,Juárez Celman,La Carlota,,6532,14056100,La Carlota,Juárez Celman,-33.4179598535271,-63.2935683222591,auto_ok,auto_ok,match_exacto_3campos,auto_match,no,auto,2026-07-22,alta,georef/localidades-censales,https://apis.datos.gob.ar/georef/api,verde,
v4_p09,377,Córdoba,Río Cuarto,La Cautiva,,1117,14098130,La Cautiva,Río Cuarto,-33.9795546172922,-64.083358125568,auto_ok,auto_ok,match_exacto_3campos,auto_match,no,auto,2026-07-22,alta,georef/localidades-censales,https://apis.datos.gob.ar/georef/api,verde,
v4_p09,309,Córdoba,Pte. Roque Sáenz Peña,La Cesira,,1379,14084020,La Cesira,Presidente Roque Sáenz Peña,-33.953534540425,-62.9774329154936,auto_ok,auto_ok,match_exacto_3campos,auto_match,no,auto,2026-07-22,alta,georef/localidades-censales,https://apis.datos.gob.ar/georef/api,verde,
v4_p09,688,Córdoba,San Justo,La Cortadera,,288,14140A67,La Cortadera,San Justo,-31.4911739236645,-62.9133525214471,propuesto,A (aparcado),bahra_georef,auto_muestreo,no,auto(pendiente_muestra),2026-07-22,alta,georef/asentamientos,https://apis.datos.gob.ar/georef/api,verde,BAHRA: el nombre no es localidad censal -> fuente correcta (P7)
v4_p09,306,Santa Fe,San Justo,La Criolla,,1396,82112060,La Criolla,San Justo,-30.2247122625906,-60.3646436447691,auto_ok,auto_ok,match_exacto_3campos,auto_match,no,auto,2026-07-22,alta,georef/localidades-censales,https://apis.datos.gob.ar/georef/api,verde,
v4_p09,561,Córdoba,Calamuchita,La Cruz,,575,14007070,La Cruz,Calamuchita,-32.3031040568541,-64.4830539677526,auto_ok,auto_ok,match_exacto_3campos,auto_match,no,auto,2026-07-22,alta,georef/localidades-censales,https://apis.datos.gob.ar/georef/api,verde,
v4_p09,85,Córdoba,Punilla,La Cumbre,,4768,14091110,La Cumbre,Punilla,-30.9814253461914,-64.494594236415,auto_ok,auto_ok,match_exacto_3campos,auto_match,no,auto,2026-07-22,alta,georef/localidades-censales,https://apis.datos.gob.ar/georef/api,verde,
v4_p09,486,Santa Fe,General López,La Chispa,,741,82042140,La Chispa,General López,-33.5442754388414,-61.9740702362983,auto_ok,auto_ok,match_exacto_3campos,auto_match,no,auto,2026-07-22,alta,georef/localidades-censales,https://apis.datos.gob.ar/georef/api,verde,
v4_p09,156,Córdoba,Punilla,La Falda,,2908,14091120,La Falda,Punilla,-31.0944444221526,-64.4829374942456,auto_ok,auto_ok,match_exacto_3campos,auto_match,no,auto,2026-07-22,alta,georef/localidades-censales,https://apis.datos.gob.ar/georef/api,verde,
v4_p09,182,Córdoba,San Justo,La Francia,,2137,14140230,La Francia,San Justo,-31.4063503360254,-62.633237941557,auto_ok,auto_ok,match_exacto_3campos,auto_match,no,auto,2026-07-22,alta,georef/localidades-censales,https://apis.datos.gob.ar/georef/api,verde,
v4_p09,99,Santa Fe,Vera,La Gallareta,,4178,82133090,La Gallareta,Vera,-29.5861639946623,-60.3783364911026,auto_ok,auto_ok,match_exacto_3campos,auto_match,no,auto,2026-07-22,alta,georef/localidades-censales,https://apis.datos.gob.ar/georef/api,verde,
v4_p09,620,Córdoba,Río Cuarto,La Gilda,,444,14098140,La Gilda,Río Cuarto,-33.2083577444905,-64.2593328886344,auto_ok,auto_ok,match_exacto_3campos,auto_match,no,auto,2026-07-22,alta,georef/localidades-censales,https://apis.datos.gob.ar/georef/api,verde,
v4_p09,338,Córdoba,Colón,La Granja,,1261,14021160,La Granja,Colón,-31.0086148717693,-64.2678916945667,auto_ok,auto_ok,match_exacto_3campos,auto_match,no,auto,2026-07-22,alta,georef/localidades-censales,https://apis.datos.gob.ar/georef/api,verde,
v4_p09,639,Córdoba,Pte. Roque Sáenz Peña,Laguna del Monte,,390,14084A20,Laguna del Monte,Presidente Roque Sáenz Peña,-34.1620932963515,-62.8322922870058,propuesto,A (aparcado),bahra_georef,auto_muestreo,no,auto(pendiente_muestra),2026-07-22,alta,georef/asentamientos,https://apis.datos.gob.ar/georef/api,verde,BAHRA: el nombre no es localidad censal -> fuente correcta (P7)
v4_p09,121,Córdoba,Río Segundo,Laguna Larga,,3609,14119090,Laguna Larga,Río Segundo,-31.7756215513701,-63.8003003649788,auto_ok,auto_ok,match_exacto_3campos,auto_match,no,auto,2026-07-22,alta,georef/localidades-censales,https://apis.datos.gob.ar/georef/api,verde,
v4_p09,496,Córdoba,Cruz del Eje,La Higuera,,719,14028110,La Higuera,Cruz del Eje,-31.0132363024222,-65.1028758382742,auto_ok,auto_ok,match_exacto_3campos,auto_match,no,auto,2026-07-22,alta,georef/localidades-censales,https://apis.datos.gob.ar/georef/api,verde,
v4_p09,660,Córdoba,Tulumba,La Isla de San Antonio,,335,14175A13,Isla de San Antonio,Tulumba,-30.0290615889724,-64.4174932633402,propuesto,E-bahra-fuzzy,bahra_fuzzy,auto_muestreo,no,auto(pendiente_muestra),2026-07-22,BAJA (fuzzy en capa BAHRA: puede no ser el mismo lugar),georef/asentamientos,https://apis.datos.gob.ar/georef/api,verde,antes era sin_match. candidatos: Isla de San Antonio/Tulumba [14175A13]
v4_p09,295,Córdoba,General San Martín,La Laguna,,1456,14042060,La Laguna,General San Martín,-32.8025934833606,-63.247129485379,auto_ok,auto_ok,match_exacto_3campos,auto_match,no,auto,2026-07-22,alta,georef/localidades-censales,https://apis.datos.gob.ar/georef/api,verde,
v4_p09,526,Santa Fe,San Cristóbal,La Lucila,,651,82091145,La Lucila,San Cristóbal,-30.4200005636181,-61.0034571052301,auto_ok,auto_ok,match_exacto_3campos,auto_match,no,auto,2026-07-22,alta,georef/localidades-censales,https://apis.datos.gob.ar/georef/api,verde,
v4_p09,753,Córdoba,General Roca,La Nacional,,154,14035A15,La Nacional,General Roca,-34.7567620397882,-64.9115853303111,propuesto,A (aparcado),bahra_georef,auto_muestreo,no,auto(pendiente_muestra),2026-07-22,alta,georef/asentamientos,https://apis.datos.gob.ar/georef/api,verde,BAHRA: el nombre no es localidad censal -> fuente correcta (P7)
v4_p09,231,Santa Fe,San Martín,Landeta,,1737,82126080,Landeta,San Martín,-32.0127218694998,-62.0622681496921,auto_ok,auto_ok,match_exacto_3campos,auto_match,no,auto,2026-07-22,alta,georef/localidades-censales,https://apis.datos.gob.ar/georef/api,verde,
v4_p09,320,Santa Fe,General Obligado,Lanteri,,1326,82049110,Lanteri,General Obligado,-28.8399520672438,-59.6354502197422,auto_ok,auto_ok,match_exacto_3campos,auto_match,no,auto,2026-07-22,alta,georef/localidades-censales,https://apis.datos.gob.ar/georef/api,verde,
v4_p09,479,Córdoba,General San Martín,La Palestina,,750,14042070,La Palestina,General San Martín,-32.616477430524,-63.4093638576959,auto_ok,auto_ok,match_exacto_3campos,auto_match,no,auto,2026-07-22,alta,georef/localidades-censales,https://apis.datos.gob.ar/georef/api,verde,
v4_p09,599,Córdoba,Totoral,La Pampa,,486,14168040,La Pampa,Totoral,-30.943722329389,-64.2724499721377,auto_ok,auto_ok,match_exacto_3campos,auto_match,no,auto,2026-07-22,alta,georef/localidades-censales,https://apis.datos.gob.ar/georef/api,verde,
v4_p09,452,Córdoba,San Justo,La Paquita,,854,14140240,La Paquita,San Justo,-30.9092844412314,-62.216186448464,auto_ok,auto_ok,match_exacto_3campos,auto_match,no,auto,2026-07-22,alta,georef/localidades-censales,https://apis.datos.gob.ar/georef/api,verde,
v4_p09,197,Córdoba,Río Primero,La Para,,1923,14105110,La Para,Río Primero,-30.894066681487,-63.0012721830096,auto_ok,auto_ok,match_exacto_3campos,auto_match,no,auto,2026-07-22,alta,georef/localidades-censales,https://apis.datos.gob.ar/georef/api,verde,
v4_p09,506,Córdoba,San Javier,La Paz,,694,14133060,La Paz,San Javier,-32.217473776866,-65.0482928314451,auto_ok,auto_ok,match_exacto_3campos,auto_match,no,auto,2026-07-22,alta,georef/localidades-censales,https://apis.datos.gob.ar/georef/api,verde,
v4_p09,242,Santa Fe,Las Colonias,La Pelada,,1666,82070120,La Pelada,Las Colonias,-30.8662367898681,-60.9682866657836,auto_ok,auto_ok,match_exacto_3campos,auto_match,no,auto,2026-07-22,alta,georef/localidades-censales,https://apis.datos.gob.ar/georef/api,verde,
v4_p09,698,Córdoba,Minas,La Playa,,265,14070050,La Playa,Minas,-31.0097030561934,-65.3617756401844,auto_ok,auto_ok,match_exacto_3campos,auto_match,no,auto,2026-07-22,alta,georef/localidades-censales,https://apis.datos.gob.ar/georef/api,verde,
v4_p09,344,Córdoba,General San Martín,La Playosa,,1233,14042080,La Playosa,General San Martín,-32.0994770769631,-63.0317978629104,auto_ok,auto_ok,match_exacto_3campos,auto_match,no,auto,2026-07-22,alta,georef/localidades-censales,https://apis.datos.gob.ar/georef/api,verde,
v4_p09,618,Córdoba,San Javier,La Población,,445,14133070,La Población,San Javier,-32.0671761047696,-65.0301879656464,auto_ok,auto_ok,match_exacto_3campos,auto_match,no,auto,2026-07-22,alta,georef/localidades-censales,https://apis.datos.gob.ar/georef/api,verde,
v4_p09,665,Córdoba,Río Primero,La Posta,,322,14105120,La Posta,Río Primero,-30.5661137195469,-63.5169505201746,auto_ok,auto_ok,match_exacto_3campos,auto_match,no,auto,2026-07-22,alta,georef/localidades-censales,https://apis.datos.gob.ar/georef/api,verde,
v4_p09,307,Córdoba,Río Primero,La Puerta,,1393,14105130,La Puerta,Río Primero,-30.8930994885147,-63.2550946655052,auto_ok,auto_ok,match_exacto_3campos,auto_match,no,auto,2026-07-22,alta,georef/localidades-censales,https://apis.datos.gob.ar/georef/api,verde,
v4_p09,569,Córdoba,Colón,La Puerta,,535,14021170,La Puerta,Colón,-31.1436099039227,-64.0409934379216,auto_ok,auto_ok,match_exacto_3campos,auto_match,no,auto,2026-07-22,alta,georef/localidades-censales,https://apis.datos.gob.ar/georef/api,verde,
v4_p09,508,Santa Fe,San Jerónimo,Larrechea,,690,82105160,Larrechea,San Jerónimo,-31.9339966679959,-61.0486588090546,auto_ok,auto_ok,match_exacto_3campos,auto_match,no,auto,2026-07-22,alta,georef/localidades-censales,https://apis.datos.gob.ar/georef/api,verde,
v4_p09,490,Santa Fe,San Cristóbal,La Rubia,,736,82091150,La Rubia,San Cristóbal,-30.1101996556083,-61.793510220263,auto_ok,auto_ok,match_exacto_3campos,auto_match,no,auto,2026-07-22,alta,georef/localidades-censales,https://apis.datos.gob.ar/georef/api,verde,
v4_p09,449,Santa Fe,Constitución,La Vanguardia,,867,82028130,La Vanguardia,Constitución,-33.3572077913553,-60.6570513406409,auto_ok,auto_ok,match_exacto_3campos,auto_match,no,auto,2026-07-22,alta,georef/localidades-censales,https://apis.datos.gob.ar/georef/api,verde,
v4_p09,193,Córdoba,Río Cuarto,Las Acequias,,1945,14098150,Las Acequias,Río Cuarto,-33.2802404498002,-63.97528684254,auto_ok,auto_ok,match_exacto_3campos,auto_match,no,auto,2026-07-22,alta,georef/localidades-censales,https://apis.datos.gob.ar/georef/api,verde,
v4_p10,507,Córdoba,Tulumba,Las Arrias,,693,14175050,Las Arrias,Tulumba,-30.3775330149534,-63.5959350162506,auto_ok,auto_ok,match_exacto_3campos,auto_match,no,auto,2026-07-22,alta,georef/localidades-censales,https://apis.datos.gob.ar/georef/api,verde,
v4_p10,758,Córdoba,Río Primero,Las Averías,,131,14105A25,Las Averías,Río Primero,-31.0823273528917,-63.0679864517979,propuesto,A (aparcado),bahra_georef,auto_muestreo,no,auto(pendiente_muestra),2026-07-22,alta,georef/asentamientos,https://apis.datos.gob.ar/georef/api,verde,BAHRA: el nombre no es localidad censal -> fuente correcta (P7)
v4_p10,673,Santa Fe,San Cristóbal,Las Avispas,,312,82091160,Las Avispas,San Cristóbal,-29.8940766822536,-61.2883579516124,auto_ok,auto_ok,match_exacto_3campos,auto_match,no,auto,2026-07-22,alta,georef/localidades-censales,https://apis.datos.gob.ar/georef/api,verde,
v4_p10,542,Córdoba,Calamuchita,Las Bajadas,,610,14007090,Las Bajadas,Calamuchita,-32.0954063583092,-64.3310535546374,auto_ok,auto_ok,match_exacto_3campos,auto_match,no,auto,2026-07-22,alta,georef/localidades-censales,https://apis.datos.gob.ar/georef/api,verde,
v4_p10,596,Santa Fe,San Martín,Las Bandurrias,,490,82126090,Las Bandurrias,San Martín,-32.1962778527762,-61.4919768017679,auto_ok,auto_ok,match_exacto_3campos,auto_match,no,auto,2026-07-22,alta,georef/localidades-censales,https://apis.datos.gob.ar/georef/api,verde,
v4_p10,677,Córdoba,San Alberto,Las Calles,,306,14126050,Las Calles,San Alberto,-31.8240084594315,-64.9714473862276,auto_ok,auto_ok,match_exacto_3campos,auto_match,no,auto,2026-07-22,alta,georef/localidades-censales,https://apis.datos.gob.ar/georef/api,verde,
v4_p10,515,Santa Fe,General Obligado,Las Garzas,,675,82049120,Las Garzas,General Obligado,-28.8470732549103,-59.4999059654909,auto_ok,auto_ok,match_exacto_3campos,auto_match,no,auto,2026-07-22,alta,georef/localidades-censales,https://apis.datos.gob.ar/georef/api,verde,
v4_p10,153,Córdoba,Río Cuarto,Las Higueras,,2990,14098170,Las Higueras,Río Cuarto,-33.0897446600101,-64.2854391853594,auto_ok,auto_ok,match_exacto_3campos,auto_match,no,auto,2026-07-22,alta,georef/localidades-censales,https://apis.datos.gob.ar/georef/api,verde,
v4_p10,575,Córdoba,Tercero Arriba,Las Isletillas,,523,14161080,Las Isletillas,Tercero Arriba,-32.5092057510079,-63.9289673841927,auto_ok,auto_ok,match_exacto_3campos,auto_match,no,auto,2026-07-22,alta,georef/localidades-censales,https://apis.datos.gob.ar/georef/api,verde,
v4_p10,363,Córdoba,Río Segundo,Las Junturas,,1183,14119100,Las Junturas,Río Segundo,-31.8316131995232,-63.4505606333314,auto_ok,auto_ok,match_exacto_3campos,auto_match,no,auto,2026-07-22,alta,georef/localidades-censales,https://apis.datos.gob.ar/georef/api,verde,
v4_p10,752,Córdoba,Pocho,Las Palmas,,155,14077020,Las Palmas,Pocho,-31.3745793713389,-65.2998327742752,auto_ok,auto_ok,match_exacto_3campos,auto_match,no,auto,2026-07-22,alta,georef/localidades-censales,https://apis.datos.gob.ar/georef/api,verde,
v4_p10,417,Santa Fe,San Cristóbal,Las Palmeras,,969,82091170,Las Palmeras,San Cristóbal,-30.630350706037,-61.6258299582513,auto_ok,auto_ok,match_exacto_3campos,auto_match,no,auto,2026-07-22,alta,georef/localidades-censales,https://apis.datos.gob.ar/georef/api,verde,
v4_p10,87,Santa Fe,Belgrano,Las Parejas,,4696,82007030,Las Parejas,Belgrano,-32.6818789158149,-61.5207167552733,auto_ok,auto_ok,match_exacto_3campos,auto_match,no,auto,2026-07-22,alta,georef/localidades-censales,https://apis.datos.gob.ar/georef/api,verde,
v4_p10,422,Córdoba,Totoral,Las Peñas,,958,14168060,Las Peñas,Totoral,-30.5639927248834,-64.0003357570127,auto_ok,auto_ok,match_exacto_3campos,auto_match,no,auto,2026-07-22,alta,georef/localidades-censales,https://apis.datos.gob.ar/georef/api,verde,
v4_p10,142,Córdoba,Tercero Arriba,Las Perdices,,3207,14161090,Las Perdices,Tercero Arriba,-32.699063202,-63.7046587696858,auto_ok,auto_ok,match_exacto_3campos,auto_match,no,auto,2026-07-22,alta,georef/localidades-censales,https://apis.datos.gob.ar/georef/api,verde,
v4_p10,429,Santa Fe,San Martín,Las Petacas,,938,82126100,Las Petacas,San Martín,-31.821156502928,-62.1110628941962,auto_ok,auto_ok,match_exacto_3campos,auto_match,no,auto,2026-07-22,alta,georef/localidades-censales,https://apis.datos.gob.ar/georef/api,verde,
v4_p10,544,Córdoba,San Alberto,Las Rabonas,,606,14126070,Las Rabonas,San Alberto,-31.8630090607559,-64.9775519719814,auto_ok,auto_ok,match_exacto_3campos,auto_match,no,auto,2026-07-22,alta,georef/localidades-censales,https://apis.datos.gob.ar/georef/api,verde,
v4_p10,40,Santa Fe,Belgrano,Las Rosas,,9235,82007040,Las Rosas,Belgrano,-32.4750297630178,-61.5766576166055,auto_ok,auto_ok,match_exacto_3campos,auto_match,no,auto,2026-07-22,alta,georef/localidades-censales,https://apis.datos.gob.ar/georef/api,verde,
v4_p10,693,Córdoba,Río Primero,Las Saladas,,277,14105160,Las Saladas,Río Primero,-30.7596647822024,-63.2041899967995,auto_ok,auto_ok,match_exacto_3campos,auto_match,no,auto,2026-07-22,alta,georef/localidades-censales,https://apis.datos.gob.ar/georef/api,verde,
v4_p10,500,Córdoba,San Javier,Las Tapias,,712,14133100,Las Tapias,San Javier,-31.9523945531724,-65.09827466239,auto_ok,auto_ok,match_exacto_3campos,auto_match,no,auto,2026-07-22,alta,georef/localidades-censales,https://apis.datos.gob.ar/georef/api,verde,
v4_p10,628,Córdoba,Río Cuarto,Las Tapias,,424,,"Las Tapias (Río Cuarto, pedanía San Bartolomé)",Río Cuarto,-32.83587,-64.74979,confirmado_3.3b,3.3b:manual_coord,manual_coord,documentado_3.3b,no,auto:3.3b(web+doc+guard),2026-07-22,media,auto + OpenStreetMap/Nominatim + mindat,"https://nominatim.openstreetmap.org/search?q=Las+Tapias,+Rio+Cuarto,+Cordoba,+Argentina&format=json",verde,guard=verde (coord en conjunto permitido)
v4_p10,81,Santa Fe,General Obligado,Las Toscas,,5055,82049130,Las Toscas,General Obligado,-28.35485798088,-59.2594497811539,auto_ok,auto_ok,match_exacto_3campos,auto_match,no,auto,2026-07-22,alta,georef/localidades-censales,https://apis.datos.gob.ar/georef/api,verde,
v4_p10,477,Santa Fe,Las Colonias,Las Tunas,,763,82070130,Las Tunas,Las Colonias,-31.5718772575017,-60.9962356474433,auto_ok,auto_ok,match_exacto_3campos,auto_match,no,auto,2026-07-22,alta,georef/localidades-censales,https://apis.datos.gob.ar/georef/api,verde,
v4_p10,255,Córdoba,San Justo,Las Varas,,1607,14140260,Las Varas,San Justo,-31.8024718519117,-62.6165729122497,auto_ok,auto_ok,match_exacto_3campos,auto_match,no,auto,2026-07-22,alta,georef/localidades-censales,https://apis.datos.gob.ar/georef/api,verde,
v4_p10,44,Córdoba,San Justo,Las Varillas,,7405,14140270,Las Varillas,San Justo,-31.8704311083381,-62.719665423659,auto_ok,auto_ok,match_exacto_3campos,auto_match,no,auto,2026-07-22,alta,georef/localidades-censales,https://apis.datos.gob.ar/georef/api,verde,
v4_p10,398,Córdoba,Río Cuarto,Las Vertientes,,1022,14098190,Las Vertientes,Río Cuarto,-33.2833844084446,-64.577775240938,auto_ok,auto_ok,match_exacto_3campos,auto_match,no,auto,2026-07-22,alta,georef/localidades-censales,https://apis.datos.gob.ar/georef/api,verde,
v4_p10,436,Santa Fe,General López,Lazzarino,,911,82042160,Lazzarino,General López,-34.1654694788541,-62.4280967192287,auto_ok,auto_ok,match_exacto_3campos,auto_match,no,auto,2026-07-22,alta,georef/localidades-censales,https://apis.datos.gob.ar/georef/api,verde,
v4_p10,740,Córdoba,General Roca,Lecueder,,192,14035020,Estación Lecueder,General Roca,-34.4964826231529,-64.811533290345,propuesto,A (aparcado),bahra_georef,auto_muestreo,no,auto(pendiente_muestra),2026-07-22,media (nombre difiere),georef/,https://apis.datos.gob.ar/georef/api,verde,variante de nombre en el depto correcto
v4_p10,564,Córdoba,Pte. Roque Sáenz Peña,Leguizamón,,568,14084040,Leguizamón,Presidente Roque Sáenz Peña,-34.2042346991496,-62.9759166285779,auto_ok,auto_ok,match_exacto_3campos,auto_match,no,auto,2026-07-22,alta,georef/localidades-censales,https://apis.datos.gob.ar/georef/api,verde,
v4_p10,204,Santa Fe,Castellanos,Lehmann,,1873,82021240,Lehmann,Castellanos,-31.1253312585534,-61.4525158354957,auto_ok,auto_ok,match_exacto_3campos,auto_match,no,auto,2026-07-22,alta,georef/localidades-censales,https://apis.datos.gob.ar/georef/api,verde,
v4_p10,46,Córdoba,Marcos Juárez,Leones,,7161,14063160,Leones,Marcos Juárez,-32.6593363525264,-62.2973134975028,auto_ok,auto_ok,match_exacto_3campos,auto_match,no,auto,2026-07-22,alta,georef/localidades-censales,https://apis.datos.gob.ar/georef/api,verde,
v4_p10,332,Santa Fe,9 de Julio,Logroño,,1277,82077040,Logroño,9 de Julio,-29.5037756831402,-61.6961631874278,auto_ok,auto_ok,match_exacto_3campos,auto_match,no,auto,2026-07-22,alta,georef/localidades-censales,https://apis.datos.gob.ar/georef/api,verde,
v4_p10,583,Santa Fe,San Jerónimo,Loma Alta,,502,82105170,Loma Alta,San Jerónimo,-31.9601734308264,-61.1766819719862,auto_ok,auto_ok,match_exacto_3campos,auto_match,no,auto,2026-07-22,alta,georef/localidades-censales,https://apis.datos.gob.ar/georef/api,verde,
v4_p10,387,Santa Fe,San Jerónimo,López,,1059,82105180,López,San Jerónimo,-31.9053568041151,-61.2810664420882,auto_ok,auto_ok,match_exacto_3campos,auto_match,no,auto,2026-07-22,alta,georef/localidades-censales,https://apis.datos.gob.ar/georef/api,verde,
v4_p10,764,Córdoba,Tulumba,Los Alamos,,121,14175A26,Los Álamos,Tulumba,-30.4267527275885,-63.8041545763341,propuesto,A (aparcado),bahra_georef,auto_muestreo,no,auto(pendiente_muestra),2026-07-22,alta,georef/asentamientos,https://apis.datos.gob.ar/georef/api,verde,BAHRA: el nombre no es localidad censal -> fuente correcta (P7)
v4_p10,711,Córdoba,General Roca,Los Alfalfares,,244,14035A21,Los Alfalfares,General Roca,-34.8113540882905,-64.7182281461969,propuesto,A (aparcado),bahra_georef,auto_muestreo,no,auto(pendiente_muestra),2026-07-22,alta,georef/asentamientos,https://apis.datos.gob.ar/georef/api,verde,BAHRA: el nombre no es localidad censal -> fuente correcta (P7)
v4_p10,491,Santa Fe,General Obligado,Los Amores,,736,82133100,Los Amores,Vera,-28.1019746,-59.9798968,confirmado_3.3b,3.3b:transferencia_limite_declarado,transferencia_limite_declarado,humano_individual,no,humano:Jose(3.3b),2026-07-22,alta,humano (Jose) + Wikipedia (Los Amores) + Georef,https://es.wikipedia.org/wiki/Los_Amores,rojo,"Jose ratifico bloque limite declarado (README 3.1b: reasignacion entre deptos preexistentes, sin ley citable; identidad solida)"
v4_p10,282,Santa Fe,San Martín,Los Cardos,,1502,82126110,Los Cardos,San Martín,-32.3222505670504,-61.6317806822655,auto_ok,auto_ok,match_exacto_3campos,auto_match,no,auto,2026-07-22,alta,georef/localidades-censales,https://apis.datos.gob.ar/georef/api,verde,
v4_p10,470,Córdoba,San Javier,Los Cerrillos,,792,14133110,Los Cerrillos,San Javier,-31.9726693271476,-65.4445236119437,auto_ok,auto_ok,match_exacto_3campos,auto_match,no,auto,2026-07-22,alta,georef/localidades-censales,https://apis.datos.gob.ar/georef/api,verde,
v4_p10,448,Córdoba,Juárez Celman,Los Cisnes,,869,14056110,Los Cisnes,Juárez Celman,-33.3997306782275,-63.4720523784914,auto_ok,auto_ok,match_exacto_3campos,auto_match,no,auto,2026-07-22,alta,georef/localidades-censales,https://apis.datos.gob.ar/georef/api,verde,
v4_p10,458,Córdoba,Punilla,Los Cocos,,835,14091140,Los Cocos,Punilla,-30.9265063316217,-64.5004510431136,auto_ok,auto_ok,match_exacto_3campos,auto_match,no,auto,2026-07-22,alta,georef/localidades-censales,https://apis.datos.gob.ar/georef/api,verde,
v4_p11,670,Córdoba,Totoral,Los Cometierra,,314,14168A19,Los Cometierra,Totoral,-30.8756818606609,-63.9217474948016,propuesto,A (aparcado),bahra_georef,auto_muestreo,no,auto(pendiente_muestra),2026-07-22,alta,georef/asentamientos,https://apis.datos.gob.ar/georef/api,verde,BAHRA: el nombre no es localidad censal -> fuente correcta (P7)
v4_p11,220,Córdoba,Calamuchita,Los Cóndores,,1777,14007110,Los Cóndores,Calamuchita,-32.3174789522114,-64.2739819418181,auto_ok,auto_ok,match_exacto_3campos,auto_match,no,auto,2026-07-22,alta,georef/localidades-censales,https://apis.datos.gob.ar/georef/api,verde,
v4_p11,659,Córdoba,Río Segundo,Los Chañaritos,,339,14119110,Los Chañaritos,Río Segundo,-31.4016383801942,-63.3330468306442,auto_ok,auto_ok,match_exacto_3campos,auto_match,no,auto,2026-07-22,alta,georef/localidades-censales,https://apis.datos.gob.ar/georef/api,verde,
v4_p11,473,Córdoba,San Javier,Los Hornillos,,780,14133120,Los Hornillos,San Javier,-31.9033598756412,-64.9896341648392,auto_ok,auto_ok,match_exacto_3campos,auto_match,no,auto,2026-07-22,alta,georef/localidades-censales,https://apis.datos.gob.ar/georef/api,verde,
v4_p11,585,Córdoba,Río Seco,Los Hoyos,,500,14112060,Los Hoyos,Río Seco,-29.8024701293805,-63.6274276369617,auto_ok,auto_ok,match_exacto_3campos,auto_match,no,auto,2026-07-22,alta,georef/localidades-censales,https://apis.datos.gob.ar/georef/api,verde,
v4_p11,582,Córdoba,Río Cuarto,Los Jagüeles,,503,14098A54,Los Jagüeles,Río Cuarto,-33.4028728263639,-64.5315396284245,propuesto,A (aparcado),bahra_georef,auto_muestreo,no,auto(pendiente_muestra),2026-07-22,alta,georef/asentamientos,https://apis.datos.gob.ar/georef/api,verde,BAHRA: el nombre no es localidad censal -> fuente correcta (P7)
v4_p11,754,Córdoba,Totoral,Los Mistoles,,152,14168070,Los Mistoles,Totoral,-30.6266808995255,-63.8861216500931,auto_ok,auto_ok,match_exacto_3campos,auto_match,no,auto,2026-07-22,alta,georef/localidades-censales,https://apis.datos.gob.ar/georef/api,verde,
v4_p11,203,Santa Fe,Caseros,Los Molinos,,1892,82014090,Los Molinos,Caseros,-33.1044924239801,-61.3256376297672,auto_ok,auto_ok,match_exacto_3campos,auto_match,no,auto,2026-07-22,alta,georef/localidades-censales,https://apis.datos.gob.ar/georef/api,verde,
v4_p11,773,Córdoba,Ischilín,Los Pozos,,108,14049080,Los Pozos,Ischilín,-30.5198760318869,-64.2533892552041,auto_ok,auto_ok,match_exacto_3campos,auto_match,no,auto,2026-07-22,alta,georef/localidades-censales,https://apis.datos.gob.ar/georef/api,verde,
v4_p11,228,Santa Fe,Caseros,Los Quirquinchos,,1754,82014110,Los Quirquinchos,Caseros,-33.3748878574802,-61.7105275302694,auto_ok,auto_ok,match_exacto_3campos,auto_match,no,auto,2026-07-22,alta,georef/localidades-censales,https://apis.datos.gob.ar/georef/api,verde,
v4_p11,683,Córdoba,Calamuchita,Los Reartes,,298,14007130,Los Reartes,Calamuchita,-31.9197334964713,-64.5771190880348,auto_ok,auto_ok,match_exacto_3campos,auto_match,no,auto,2026-07-22,alta,georef/localidades-censales,https://apis.datos.gob.ar/georef/api,verde,
v4_p11,198,Santa Fe,9 de Julio,Los Saladillos,,1920,,Gregoria Pérez de Denis (Los Saladillos),,-28.2333,-61.5333,propuesto,C5-rename,web_rename,humano_lote,no,pendiente:Jose,2026-07-22,verde (guard: coord en depto esperado),Wikipedia (Gregoria Pérez de Denis),https://es.wikipedia.org/wiki/Gregoria_P%C3%A9rez_de_Denis_(Santa_Fe),verde,[guard=verde; punto en 9 de Julio] Comuna del depto 9 de Julio también conocida como Los Saladillos.
v4_p11,674,Córdoba,Cruz del Eje,Los Sauces,,311,14028145,Los Sauces,Cruz del Eje,-30.7361874979153,-64.6825587236428,auto_ok,auto_ok,match_exacto_3campos,auto_match,no,auto,2026-07-22,alta,georef/localidades-censales,https://apis.datos.gob.ar/georef/api,verde,
v4_p11,173,Córdoba,Marcos Juárez,Los Surgentes,,2483,14063170,Los Surgentes,Marcos Juárez,-32.9852658356647,-62.0219045725818,auto_ok,auto_ok,match_exacto_3campos,auto_match,no,auto,2026-07-22,alta,georef/localidades-censales,https://apis.datos.gob.ar/georef/api,verde,
v4_p11,437,Córdoba,Tercero Arriba,Los Zorros,,910,14161100,Los Zorros,Tercero Arriba,-32.0450171725794,-63.2020892292424,auto_ok,auto_ok,match_exacto_3campos,auto_match,no,auto,2026-07-22,alta,georef/localidades-censales,https://apis.datos.gob.ar/georef/api,verde,
v4_p11,351,Córdoba,Santa María,Lozada,,1212,14147200,Lozada,Santa María,-31.6496521149462,-64.0896841910727,auto_ok,auto_ok,match_exacto_3campos,auto_match,no,auto,2026-07-22,alta,georef/localidades-censales,https://apis.datos.gob.ar/georef/api,verde,
v4_p11,547,Córdoba,General San Martín,Luca,,600,14042100,Luca,General San Martín,-32.5405051641053,-63.4768196713273,auto_ok,auto_ok,match_exacto_3campos,auto_match,no,auto,2026-07-22,alta,georef/localidades-censales,https://apis.datos.gob.ar/georef/api,verde,
v4_p11,388,Santa Fe,Iriondo,Lucio V. López,,1057,82056090,Lucio V. López,Iriondo,-32.713764561808,-61.0189435341041,auto_ok,auto_ok,match_exacto_3campos,auto_match,no,auto,2026-07-22,alta,georef/localidades-censales,https://apis.datos.gob.ar/georef/api,verde,
v4_p11,366,Córdoba,Tulumba,Lucio V. Mansilla,,1175,14175060,Lucio V Mansilla,Tulumba,-29.8044974904194,-64.7113698965767,auto_ok,auto_ok,match_exacto_3campos,auto_match,no,auto,2026-07-22,alta,georef/localidades-censales,https://apis.datos.gob.ar/georef/api,verde,
v4_p11,265,Santa Fe,San Lorenzo,Luis Palacios,,1564,82119070,Luis Palacios,San Lorenzo,-32.7818418506518,-60.9071389110379,auto_ok,auto_ok,match_exacto_3campos,auto_match,no,auto,2026-07-22,alta,georef/localidades-censales,https://apis.datos.gob.ar/georef/api,verde,
v4_p11,178,Córdoba,Río Segundo,Luque,,2313,14119120,Luque,Río Segundo,-31.6476883514987,-63.345104726274,auto_ok,auto_ok,match_exacto_3campos,auto_match,no,auto,2026-07-22,alta,georef/localidades-censales,https://apis.datos.gob.ar/georef/api,verde,
v4_p11,768,Córdoba,Calamuchita,Lutti,,114,14007140,Lutti,Calamuchita,-32.3184723047564,-64.747002357261,auto_ok,auto_ok,match_exacto_3campos,auto_match,no,auto,2026-07-22,alta,georef/localidades-censales,https://apis.datos.gob.ar/georef/api,verde,
v4_p11,537,Córdoba,San Justo,Luxardo,,628,14140210,Estación Luxardo,San Justo,-31.3056638256908,-62.1330755683701,propuesto,D,ambiguo,auto_muestreo,no,auto(pendiente_muestra),2026-07-22,baja,georef,https://apis.datos.gob.ar/georef/api,verde,>1 candidato: Estación Luxardo/San Justo [14140210]; Plaza Luxardo/San Justo [14140310]
v4_p11,464,Córdoba,San Javier,Luyaba,,809,14133150,Luyaba,San Javier,-32.1496952146155,-65.0585105739899,auto_ok,auto_ok,match_exacto_3campos,auto_match,no,auto,2026-07-22,alta,georef/localidades-censales,https://apis.datos.gob.ar/georef/api,verde,
v4_p11,215,Santa Fe,La Capital,Llambi Campbell,,1817,82063090,Llambi Campbell,La Capital,-31.1842205050922,-60.7477326946659,auto_ok,auto_ok,match_exacto_3campos,auto_match,no,auto,2026-07-22,alta,georef/localidades-censales,https://apis.datos.gob.ar/georef/api,verde,
v4_p11,140,Santa Fe,San Jerónimo,Maciel,,3213,82105190,Maciel,San Jerónimo,-32.4567428716112,-60.8924512407539,auto_ok,auto_ok,match_exacto_3campos,auto_match,no,auto,2026-07-22,alta,georef/localidades-censales,https://apis.datos.gob.ar/georef/api,verde,
v4_p11,687,Córdoba,Totoral,Macha,,291,14168A20,Macha,Totoral,-30.5656738138053,-64.1387744911007,propuesto,A (aparcado),bahra_georef,auto_muestreo,no,auto(pendiente_muestra),2026-07-22,alta,georef/asentamientos,https://apis.datos.gob.ar/georef/api,verde,BAHRA: el nombre no es localidad censal -> fuente correcta (P7)
v4_p11,225,Santa Fe,General López,Maggiolo,,1763,82042170,Maggiolo,General López,-33.7210849726478,-62.2462930367006,auto_ok,auto_ok,match_exacto_3campos,auto_match,no,auto,2026-07-22,alta,georef/localidades-censales,https://apis.datos.gob.ar/georef/api,verde,
v4_p11,119,Córdoba,Santa María,Malagueño,,3662,14147210,Malagueno,Santa María,-31.4673625620842,-64.359006727659,auto_ok,auto_ok,match_exacto_3campos,auto_match,no,auto,2026-07-22,alta,georef/localidades-censales,https://apis.datos.gob.ar/georef/api,verde,
v4_p11,580,Córdoba,Río Cuarto,Malena,,506,14098200,Malena,Río Cuarto,-33.4904245041379,-64.4309439206855,auto_ok,auto_ok,match_exacto_3campos,auto_match,no,auto,2026-07-22,alta,georef/localidades-censales,https://apis.datos.gob.ar/georef/api,verde,
v4_p11,739,Córdoba,Juárez Celman,Manantiales,,194,14056A24,Manantiales,Juárez Celman,-33.5357400323202,-63.3168592171081,propuesto,A (aparcado),bahra_georef,auto_muestreo,no,auto(pendiente_muestra),2026-07-22,alta,georef/asentamientos,https://apis.datos.gob.ar/georef/api,verde,BAHRA: el nombre no es localidad censal -> fuente correcta (P7)
v4_p11,454,Córdoba,Río Segundo,Manfredi,,846,14119130,Manfredi,Río Segundo,-31.8457845433855,-63.7475052922891,auto_ok,auto_ok,match_exacto_3campos,auto_match,no,auto,2026-07-22,alta,georef/localidades-censales,https://apis.datos.gob.ar/georef/api,verde,
v4_p11,771,Córdoba,Río Primero,Maquinista Gallini,,110,14105170,Maquinista Gallini,Río Primero,-30.9087104765115,-63.5313541902586,auto_ok,auto_ok,match_exacto_3campos,auto_match,no,auto,2026-07-22,alta,georef/localidades-censales,https://apis.datos.gob.ar/georef/api,verde,
v4_p11,298,Santa Fe,San Justo,Marcelino Escalada,,1444,82112080,Marcelino Escalada,San Justo,-30.5809747397759,-60.4683905426506,auto_ok,auto_ok,match_exacto_3campos,auto_match,no,auto,2026-07-22,alta,georef/localidades-censales,https://apis.datos.gob.ar/georef/api,verde,
v4_p11,22,Córdoba,Marcos Juárez,Marcos Juárez,,12897,14063180,Marcos Juarez,Marcos Juárez,-32.6905904055446,-62.1012630114595,auto_ok,auto_ok,match_exacto_3campos,auto_match,no,auto,2026-07-22,alta,georef/localidades-censales,https://apis.datos.gob.ar/georef/api,verde,
v4_p11,276,Santa Fe,Vera,Margarita,,1520,82133110,Margarita,Vera,-29.6924916166747,-60.2522187814538,auto_ok,auto_ok,match_exacto_3campos,auto_match,no,auto,2026-07-22,alta,georef/localidades-censales,https://apis.datos.gob.ar/georef/api,verde,
v4_p11,513,Santa Fe,Castellanos,Margarita,,680,82021110,Colonia Margarita,Castellanos,-31.68599,-61.64772,confirmado_3.3b,3.3b:rename,rename,documentado_3.3b,no,auto:3.3b(web+doc+guard),2026-07-22,alta,auto + Georef,https://apis.datos.gob.ar/georef/api/localidades?nombre=Margarita&provincia=Santa%20Fe,verde,guard=verde (coord en conjunto permitido)
v4_p11,129,Santa Fe,Castellanos,María Juana,,3432,82021250,María Juana,Castellanos,-31.675600555827,-61.7516738762984,auto_ok,auto_ok,match_exacto_3campos,auto_match,no,auto,2026-07-22,alta,georef/localidades-censales,https://apis.datos.gob.ar/georef/api,verde,
v4_p11,548,Santa Fe,Las Colonias,María Luisa,,600,82070140,María Luisa,Las Colonias,-31.012644048152,-60.9114327492504,auto_ok,auto_ok,match_exacto_3campos,auto_match,no,auto,2026-07-22,alta,georef/localidades-censales,https://apis.datos.gob.ar/georef/api,verde,
v4_p11,250,Santa Fe,San Martín,María Susana,,1623,82126120,María Susana,San Martín,-32.2667194537045,-61.9060024143387,auto_ok,auto_ok,match_exacto_3campos,auto_match,no,auto,2026-07-22,alta,georef/localidades-censales,https://apis.datos.gob.ar/georef/api,verde,
v4_p11,96,Santa Fe,General López,María Teresa,,4294,82042180,María Teresa,General López,-34.0048262260181,-61.9015883953661,auto_ok,auto_ok,match_exacto_3campos,auto_match,no,auto,2026-07-22,alta,georef/localidades-censales,https://apis.datos.gob.ar/georef/api,verde,
v4_p12,447,Santa Fe,Las Colonias,Mariano Saavedra,,871,,San Mariano (Estación Mariano Saavedra),,-31.6684,-61.3475,propuesto,C5-rename,web_rename,humano_lote,no,pendiente:Jose,2026-07-22,verde (guard: coord en depto esperado),Wikipedia (San Mariano),https://es.wikipedia.org/wiki/San_Mariano_(Santa_Fe),verde,[guard=verde; punto en Las Colonias] La estación Mariano Saavedra está en la localidad de San Mariano; depto Las Colonias.
v4_p12,652,Santa Fe,Castellanos,Marini,,367,82021300,Pueblo Marini,Castellanos,-31.0384282584915,-61.8893125848793,propuesto,A (aparcado),bahra_georef,auto_muestreo,no,auto(pendiente_muestra),2026-07-22,media (nombre difiere),georef/,https://apis.datos.gob.ar/georef/api,verde,variante de nombre en el depto correcto
v4_p12,201,Córdoba,San Justo,Marull,,1906,14140280,Marull,San Justo,-30.9939092742727,-62.8252824871685,auto_ok,auto_ok,match_exacto_3campos,auto_match,no,auto,2026-07-22,alta,georef/localidades-censales,https://apis.datos.gob.ar/georef/api,verde,
v4_p12,445,Córdoba,General Roca,Mattaldi,,876,14035060,Mattaldi,General Roca,-34.4810558616569,-64.170877700177,auto_ok,auto_ok,match_exacto_3campos,auto_match,no,auto,2026-07-22,alta,georef/localidades-censales,https://apis.datos.gob.ar/georef/api,verde,
v4_p12,356,Santa Fe,Las Colonias,Matilde,,1193,82070150,Matilde,Las Colonias,-31.7931925937022,-60.9805406188313,auto_ok,auto_ok,match_exacto_3campos,auto_match,no,auto,2026-07-22,alta,georef/localidades-censales,https://apis.datos.gob.ar/georef/api,verde,
v4_p12,385,Córdoba,Río Segundo,Matorrales,,1067,14119140,Matorrales,Río Segundo,-31.7147203705686,-63.5107128772693,auto_ok,auto_ok,match_exacto_3campos,auto_match,no,auto,2026-07-22,alta,georef/localidades-censales,https://apis.datos.gob.ar/georef/api,verde,
v4_p12,115,Santa Fe,Constitución,Máximo Paz,,3782,82028140,Máximo Paz,Constitución,-33.4831119463787,-60.9561046760019,auto_ok,auto_ok,match_exacto_3campos,auto_match,no,auto,2026-07-22,alta,georef/localidades-censales,https://apis.datos.gob.ar/georef/api,verde,
v4_p12,317,Córdoba,Unión,Médanos de las Cañas,,1337,,,,,,sin_coordenada,C5-sin_coordenada,sin_coordenada,sin_coordenada,no,,2026-07-22,,,,,[C5 web] No localizado con confianza en depto Union (Cordoba); sin registro en Georef ni OSM/Nominatim; no se arriesga coordenada
v4_p12,725,Córdoba,Cruz del Eje,Media Naranja,,216,14028150,Media Naranja,Cruz del Eje,-30.6441448850926,-64.9278208719962,auto_ok,auto_ok,match_exacto_3campos,auto_match,no,auto,2026-07-22,alta,georef/localidades-censales,https://apis.datos.gob.ar/georef/api,verde,
v4_p12,166,Santa Fe,General López,Melincué,,2748,82042190,Melincué,General López,-33.6610076659265,-61.4567810935598,auto_ok,auto_ok,match_exacto_3campos,auto_match,no,auto,2026-07-22,alta,georef/localidades-censales,https://apis.datos.gob.ar/georef/api,verde,
v4_p12,416,Córdoba,Pte. Roque Sáenz Peña,Melo,,970,14084050,Melo,Presidente Roque Sáenz Peña,-34.348782689771,-63.4451682557814,auto_ok,auto_ok,match_exacto_3campos,auto_match,no,auto,2026-07-22,alta,georef/localidades-censales,https://apis.datos.gob.ar/georef/api,verde,
v4_p12,731,Córdoba,Colón,Mendiolaza,,209,14021200,Mendiolaza,Colón,-31.2651975387548,-64.3037577968929,auto_ok,auto_ok,match_exacto_3campos,auto_match,no,auto,2026-07-22,alta,georef/localidades-censales,https://apis.datos.gob.ar/georef/api,verde,
v4_p12,469,Santa Fe,General López,Miguel Torres,,796,82042200,Miguel Torres,General López,-33.5264786721014,-61.4659876024156,auto_ok,auto_ok,match_exacto_3campos,auto_match,no,auto,2026-07-22,alta,georef/localidades-censales,https://apis.datos.gob.ar/georef/api,verde,
v4_p12,170,Córdoba,San Alberto,Mina Clavero,,2560,14126090,Mina Clavero,San Alberto,-31.729455099023,-65.0049836401854,auto_ok,auto_ok,match_exacto_3campos,auto_match,no,auto,2026-07-22,alta,georef/localidades-censales,https://apis.datos.gob.ar/georef/api,verde,
v4_p12,367,Córdoba,San Justo,Miramar,,1175,14140290,Miramar,San Justo,-30.9151531803715,-62.6750095451306,propuesto,A (aparcado),bahra_georef,auto_muestreo,no,auto(pendiente_muestra),2026-07-22,alta,georef/localidades,https://apis.datos.gob.ar/georef/api,verde,BAHRA: el nombre no es localidad censal -> BAHRA es la fuente correcta (P7). id de capa 'localidades' NO es id censal INDEC valido
v4_p12,734,Córdoba,General Roca,Modestino Pizarro,,204,14035A22,Modestino Pizarro,General Roca,-34.1072096697968,-65.0710218123996,propuesto,A (aparcado),bahra_georef,auto_muestreo,no,auto(pendiente_muestra),2026-07-22,alta,georef/asentamientos,https://apis.datos.gob.ar/georef/api,verde,BAHRA: el nombre no es localidad censal -> fuente correcta (P7)
v4_p12,139,Santa Fe,San Cristóbal,Moisés Ville,,3217,82091180,Moisés Ville,San Cristóbal,-30.7125635394235,-61.4701229348942,auto_ok,auto_ok,match_exacto_3campos,auto_match,no,auto,2026-07-22,alta,georef/localidades-censales,https://apis.datos.gob.ar/georef/api,verde,
v4_p12,75,Córdoba,Río Cuarto,Moldes,,5230,14098100,Coronel Moldes,Río Cuarto,-33.6227642787251,-64.5970464702781,propuesto,A (aparcado),bahra_georef,auto_muestreo,no,auto(pendiente_muestra),2026-07-22,media (nombre difiere),georef/,https://apis.datos.gob.ar/georef/api,verde,variante de nombre en el depto correcto
v4_p12,657,Córdoba,Punilla,Molinari,,345,,Molinari,,-31.1999,-64.4830,propuesto,C5-rename,web_rename,humano_lote,no,pendiente:Jose,2026-07-22,verde (guard: coord en depto esperado),wikipedia,https://es.wikipedia.org/wiki/Molinari_(C%C3%B3rdoba),verde,"[guard=verde; punto en Punilla] Molinari, localidad del depto Punilla (hoy dependiente de Cosquin), Cordoba. Coincide depto."
v4_p12,586,Córdoba,Calamuchita,Molinos,,498,14007120,Los Molinos,Calamuchita,-31.8548099466197,-64.3782771784701,propuesto,D,ambiguo,auto_muestreo,no,auto(pendiente_muestra),2026-07-22,baja,georef,https://apis.datos.gob.ar/georef/api,verde,>1 candidato: Los Molinos/Calamuchita [14007120]; Solar de los Molinos/Calamuchita [14007230]
v4_p12,401,Santa Fe,San Cristóbal,Monigotes,,1011,82091190,Monigotes,San Cristóbal,-30.4881871087419,-61.6342569767233,auto_ok,auto_ok,match_exacto_3campos,auto_match,no,auto,2026-07-22,alta,georef/localidades-censales,https://apis.datos.gob.ar/georef/api,verde,
v4_p12,712,Córdoba,Calamuchita,Monsalvo,,240,14007A06,Cañada de Monsalvo,Calamuchita,-32.1156754823806,-64.3707661616178,propuesto,E-bahra-fuzzy,bahra_fuzzy,auto_muestreo,no,auto(pendiente_muestra),2026-07-22,BAJA (fuzzy en capa BAHRA: puede no ser el mismo lugar),georef/asentamientos,https://apis.datos.gob.ar/georef/api,verde,antes era sin_match. candidatos: Cañada de Monsalvo/Calamuchita [14007A06]
v4_p12,180,Córdoba,Marcos Juárez,Monte Buey,,2244,14063190,Monte Buey,Marcos Juárez,-32.9197270299779,-62.4558293586945,auto_ok,auto_ok,match_exacto_3campos,auto_match,no,auto,2026-07-22,alta,georef/localidades-censales,https://apis.datos.gob.ar/georef/api,verde,
v4_p12,621,Córdoba,Río Primero,Monte Cristo,,439,,Monte Cristo,Colón,-31.343056,-63.944444,confirmado_3.3b,3.3b:manual_coord_frontera,manual_coord_frontera,humano_individual,no,humano:Jose(3.3b),2026-07-22,alta,humano (Jose) + Wikipedia,https://es.wikipedia.org/wiki/Monte_Cristo_(C%C3%B3rdoba),rojo,"Jose: aceptar (residuo chico, mismo lugar confirmado por fuente; guard rojo por borde/split)"
v4_p12,495,Córdoba,Río Cuarto,Monte de los Gauchos,,720,14098210,Monte de los Gauchos,Río Cuarto,-33.6390785450709,-63.8895707019727,auto_ok,auto_ok,match_exacto_3campos,auto_match,no,auto,2026-07-22,alta,georef/localidades-censales,https://apis.datos.gob.ar/georef/api,verde,
v4_p12,765,Córdoba,Río Primero,Monte del Rosario,,120,14105180,Monte del Rosario,Río Primero,-30.9822445088826,-63.6018741657649,auto_ok,auto_ok,match_exacto_3campos,auto_match,no,auto,2026-07-22,alta,georef/localidades-censales,https://apis.datos.gob.ar/georef/api,verde,
v4_p12,359,Santa Fe,9 de Julio,Montefiore,,1186,82077050,Montefiore,9 de Julio,-29.6689534515311,-61.8671534751467,auto_ok,auto_ok,match_exacto_3campos,auto_match,no,auto,2026-07-22,alta,georef/localidades-censales,https://apis.datos.gob.ar/georef/api,verde,
v4_p12,554,Córdoba,Unión,Monte Leña,,586,14182160,Monte Leña,Unión,-32.6112503477,-62.5897295654957,auto_ok,auto_ok,match_exacto_3campos,auto_match,no,auto,2026-07-22,alta,georef/localidades-censales,https://apis.datos.gob.ar/georef/api,verde,
v4_p12,141,Córdoba,Unión,Monte Maíz,,3211,14182170,Monte Maíz,Unión,-33.2043195358033,-62.6005726658705,auto_ok,auto_ok,match_exacto_3campos,auto_match,no,auto,2026-07-22,alta,georef/localidades-censales,https://apis.datos.gob.ar/georef/api,verde,
v4_p12,372,Córdoba,Santa María,Monte Ralo,,1153,14147220,Monte Ralo,Santa María,-31.9107252725962,-64.2398546643225,auto_ok,auto_ok,match_exacto_3campos,auto_match,no,auto,2026-07-22,alta,georef/localidades-censales,https://apis.datos.gob.ar/georef/api,verde,
v4_p12,283,Santa Fe,Belgrano,Montes de Oca,,1493,82007050,Montes de Oca,Belgrano,-32.5663823469994,-61.7685814709544,auto_ok,auto_ok,match_exacto_3campos,auto_match,no,auto,2026-07-22,alta,georef/localidades-censales,https://apis.datos.gob.ar/georef/api,verde,
v4_p12,185,Santa Fe,La Capital,Monte Vera,,1998,82063100,Monte Vera,La Capital,-31.5167911889645,-60.678009922206,auto_ok,auto_ok,match_exacto_3campos,auto_match,no,auto,2026-07-22,alta,georef/localidades-censales,https://apis.datos.gob.ar/georef/api,verde,
v4_p12,177,Córdoba,Unión,Morrison,,2319,14182180,Morrison,Unión,-32.5928377935121,-62.8333963185863,auto_ok,auto_ok,match_exacto_3campos,auto_match,no,auto,2026-07-22,alta,georef/localidades-censales,https://apis.datos.gob.ar/georef/api,verde,
v4_p12,45,Córdoba,San Justo,Morteros,,7351,14140300,Morteros,San Justo,-30.7107255304684,-62.0070190202816,auto_ok,auto_ok,match_exacto_3campos,auto_match,no,auto,2026-07-22,alta,georef/localidades-censales,https://apis.datos.gob.ar/georef/api,verde,
v4_p12,410,Santa Fe,San Justo,Naré,,978,82112090,Naré,San Justo,-30.9490883989208,-60.4678307481855,auto_ok,auto_ok,match_exacto_3campos,auto_match,no,auto,2026-07-22,alta,georef/localidades-censales,https://apis.datos.gob.ar/georef/api,verde,
v4_p12,208,Santa Fe,La Capital,Nelson,,1854,82063110,Nelson,La Capital,-31.2677035109357,-60.7620583292866,auto_ok,auto_ok,match_exacto_3campos,auto_match,no,auto,2026-07-22,alta,georef/localidades-censales,https://apis.datos.gob.ar/georef/api,verde,
v4_p12,531,Córdoba,General Roca,Nicolás Bruzone,,633,14035070,Nicolás Bruzzone,General Roca,-34.440291109368,-64.3416748802523,propuesto,A (aparcado),bahra_georef,auto_muestreo,no,auto(pendiente_muestra),2026-07-22,media (nombre difiere),georef/,https://apis.datos.gob.ar/georef/api,verde,variante de nombre en el depto correcto
v4_p12,743,Córdoba,Minas,Ninalquín,,177,14070A18,Ninalquín,Minas,-31.1792170664507,-65.1788945756881,propuesto,A (aparcado),bahra_georef,auto_muestreo,no,auto(pendiente_muestra),2026-07-22,alta,georef/asentamientos,https://apis.datos.gob.ar/georef/api,verde,BAHRA: el nombre no es localidad censal -> fuente correcta (P7)
v4_p12,133,Córdoba,Unión,Noetinger,,3389,14182190,Noetinger,Unión,-32.3659351012435,-62.3072423809944,auto_ok,auto_ok,match_exacto_3campos,auto_match,no,auto,2026-07-22,alta,georef/localidades-censales,https://apis.datos.gob.ar/georef/api,verde,
v4_p12,607,Córdoba,San Alberto,Nono,,469,14126110,Nono,San Alberto,-31.7972192673852,-65.0025264844715,auto_ok,auto_ok,match_exacto_3campos,auto_match,no,auto,2026-07-22,alta,georef/localidades-censales,https://apis.datos.gob.ar/georef/api,verde,
v4_p12,662,Córdoba,Río Primero,Nueva Andalucía,,329,14105A33,Nueva Andalucía,Río Primero,-31.2012858540818,-63.7458922197403,propuesto,A (aparcado),bahra_georef,auto_muestreo,no,auto(pendiente_muestra),2026-07-22,alta,georef/asentamientos,https://apis.datos.gob.ar/georef/api,verde,BAHRA: el nombre no es localidad censal -> fuente correcta (P7)
v4_p13,438,Santa Fe,Las Colonias,Nuevo Torino,,905,82070160,Nuevo Torino,Las Colonias,-31.3450832996654,-61.2352470270395,auto_ok,auto_ok,match_exacto_3campos,auto_match,no,auto,2026-07-22,alta,georef/localidades-censales,https://apis.datos.gob.ar/georef/api,verde,
v4_p13,647,Santa Fe,San Cristóbal,Ñanducita,,375,82091200,Ñanducita,San Cristóbal,-30.369705239643,-61.1334316753072,auto_ok,auto_ok,match_exacto_3campos,auto_match,no,auto,2026-07-22,alta,georef/localidades-censales,https://apis.datos.gob.ar/georef/api,verde,
v4_p13,326,Córdoba,Río Primero,Obispo Trejo,,1294,14105200,Obispo Trejo,Río Primero,-30.7811217710953,-63.4100690953607,auto_ok,auto_ok,match_exacto_3campos,auto_match,no,auto,2026-07-22,alta,georef/localidades-censales,https://apis.datos.gob.ar/georef/api,verde,
v4_p13,461,Córdoba,Juárez Celman,Olaeta,,822,14056120,Olaeta,Juárez Celman,-33.0447551778917,-63.9060422757041,auto_ok,auto_ok,match_exacto_3campos,auto_match,no,auto,2026-07-22,alta,georef/localidades-censales,https://apis.datos.gob.ar/georef/api,verde,
v4_p13,29,Córdoba,Tercero Arriba,Oliva,,10194,14161110,Oliva,Tercero Arriba,-32.038223321659,-63.5705574782013,auto_ok,auto_ok,match_exacto_3campos,auto_match,no,auto,2026-07-22,alta,georef/localidades-censales,https://apis.datos.gob.ar/georef/api,verde,
v4_p13,235,Santa Fe,Iriondo,Oliveros,,1694,82056100,Oliveros,Iriondo,-32.5739283673769,-60.8547490368236,auto_ok,auto_ok,match_exacto_3campos,auto_match,no,auto,2026-07-22,alta,georef/localidades-censales,https://apis.datos.gob.ar/georef/api,verde,
v4_p13,727,Córdoba,Juárez Celman,Olmos,,214,14056A25,Olmos,Juárez Celman,-33.5023124727792,-63.1662671774601,propuesto,A (aparcado),bahra_georef,auto_muestreo,no,auto(pendiente_muestra),2026-07-22,alta,georef/asentamientos,https://apis.datos.gob.ar/georef/api,verde,BAHRA: el nombre no es localidad censal -> fuente correcta (P7)
v4_p13,518,Córdoba,General Roca,Onagoity,,674,14035080,Onagoity,General Roca,-34.7728827779135,-63.6720083619587,auto_ok,auto_ok,match_exacto_3campos,auto_match,no,auto,2026-07-22,alta,georef/localidades-censales,https://apis.datos.gob.ar/georef/api,verde,
v4_p13,52,Córdoba,Río Segundo,Oncativo,,6557,14119150,Oncativo,Río Segundo,-31.9133849559802,-63.6820703664294,auto_ok,auto_ok,match_exacto_3campos,auto_match,no,auto,2026-07-22,alta,georef/localidades-censales,https://apis.datos.gob.ar/georef/api,verde,
v4_p13,246,Córdoba,Unión,Ordóñez,,1642,14182200,Ordoñez,Unión,-32.8410599941305,-62.865895985004,auto_ok,auto_ok,match_exacto_3campos,auto_match,no,auto,2026-07-22,alta,georef/localidades-censales,https://apis.datos.gob.ar/georef/api,verde,
v4_p13,685,Córdoba,Juárez Celman,Pacheco de Melo,,292,14056130,Pacheco de Melo,Juárez Celman,-33.7593474766742,-63.4905849891491,auto_ok,auto_ok,match_exacto_3campos,auto_match,no,auto,2026-07-22,alta,georef/localidades-censales,https://apis.datos.gob.ar/georef/api,verde,
v4_p13,374,Santa Fe,San Cristóbal,Palacios,,1149,82091210,Palacios,San Cristóbal,-30.7089049647384,-61.6241997634385,auto_ok,auto_ok,match_exacto_3campos,auto_match,no,auto,2026-07-22,alta,georef/localidades-censales,https://apis.datos.gob.ar/georef/api,verde,
v4_p13,236,Córdoba,Tercero Arriba,Pampayasta Norte,,1691,14161120,Pampayasta Norte,Tercero Arriba,-32.2413380826004,-63.6435949530346,auto_ok,auto_ok,match_exacto_3campos,auto_match,no,auto,2026-07-22,alta,georef/localidades-censales,https://apis.datos.gob.ar/georef/api,verde,
v4_p13,274,Córdoba,Tercero Arriba,Pampayasta Sud,,1537,14161130,Pampayasta Sud,Tercero Arriba,-32.2488780847469,-63.6517245803275,auto_ok,auto_ok,match_exacto_3campos,auto_match,no,auto,2026-07-22,alta,georef/localidades-censales,https://apis.datos.gob.ar/georef/api,verde,
v4_p13,707,Córdoba,San Alberto,Panaholma,,253,14126120,Panaholma,San Alberto,-31.6329191470035,-65.0549678150202,auto_ok,auto_ok,match_exacto_3campos,auto_match,no,auto,2026-07-22,alta,georef/localidades-censales,https://apis.datos.gob.ar/georef/api,verde,
v4_p13,227,Córdoba,Unión,Pascanas,,1760,14182210,Pascanas,Unión,-33.124630938287,-63.0401593084974,auto_ok,auto_ok,match_exacto_3campos,auto_match,no,auto,2026-07-22,alta,georef/localidades-censales,https://apis.datos.gob.ar/georef/api,verde,
v4_p13,327,Córdoba,General San Martín,Pasco,,1294,14042110,Pasco,General San Martín,-32.7462611796919,-63.3417132609909,auto_ok,auto_ok,match_exacto_3campos,auto_match,no,auto,2026-07-22,alta,georef/localidades-censales,https://apis.datos.gob.ar/georef/api,verde,
v4_p13,563,Córdoba,Cruz del Eje,Paso Viejo,,571,14028160,Paso Viejo,Cruz del Eje,-30.7674573802511,-65.1905942984326,auto_ok,auto_ok,match_exacto_3campos,auto_match,no,auto,2026-07-22,alta,georef/localidades-censales,https://apis.datos.gob.ar/georef/api,verde,
v4_p13,668,Córdoba,Río Cuarto,Paunero,,315,14098A58,Paunero,Río Cuarto,-33.8754530361064,-65.0267533411714,propuesto,A (aparcado),bahra_georef,auto_muestreo,no,auto(pendiente_muestra),2026-07-22,alta,georef/asentamientos,https://apis.datos.gob.ar/georef/api,verde,BAHRA: el nombre no es localidad censal -> fuente correcta (P7)
v4_p13,443,Santa Fe,Constitución,Pavón,,889,82028150,Pavón,Constitución,-33.2427163593754,-60.4058947613779,auto_ok,auto_ok,match_exacto_3campos,auto_match,no,auto,2026-07-22,alta,georef/localidades-censales,https://apis.datos.gob.ar/georef/api,verde,
v4_p13,205,Santa Fe,Constitución,Pavón Arriba,,1859,82028160,Pavón Arriba,Constitución,-33.3116475274158,-60.8243484704229,auto_ok,auto_ok,match_exacto_3campos,auto_match,no,auto,2026-07-22,alta,georef/localidades-censales,https://apis.datos.gob.ar/georef/api,verde,
v4_p13,751,Córdoba,Juárez Celman,Pedro E. Funes,,159,14056A29,Pedro E. Funes,Juárez Celman,-33.2597255617979,-63.2926479237297,propuesto,A (aparcado),bahra_georef,auto_muestreo,no,auto(pendiente_muestra),2026-07-22,alta,georef/asentamientos,https://apis.datos.gob.ar/georef/api,verde,BAHRA: el nombre no es localidad censal -> fuente correcta (P7)
v4_p13,389,Santa Fe,San Justo,Pedro Gómez Cello,,1053,82112100,Pedro Gómez Cello,San Justo,-30.0374649478482,-60.314481961959,auto_ok,auto_ok,match_exacto_3campos,auto_match,no,auto,2026-07-22,alta,georef/localidades-censales,https://apis.datos.gob.ar/georef/api,verde,
v4_p13,49,Santa Fe,Rosario,Pérez,,6800,82084210,Pérez,Rosario,-32.9977343349921,-60.7706026708389,auto_ok,auto_ok,match_exacto_3campos,auto_match,no,auto,2026-07-22,alta,georef/localidades-censales,https://apis.datos.gob.ar/georef/api,verde,
v4_p13,212,Santa Fe,Constitución,Peyrano,,1825,82028170,Peyrano,Constitución,-33.5411378598405,-60.804329558703,auto_ok,auto_ok,match_exacto_3campos,auto_match,no,auto,2026-07-22,alta,georef/localidades-censales,https://apis.datos.gob.ar/georef/api,verde,
v4_p13,122,Santa Fe,San Martín,Piamonte,,3605,82126130,Piamonte,San Martín,-32.1440063128172,-61.9805122675827,auto_ok,auto_ok,match_exacto_3campos,auto_match,no,auto,2026-07-22,alta,georef/localidades-censales,https://apis.datos.gob.ar/georef/api,verde,
v4_p13,671,Córdoba,Cruz del Eje,Pichanas,,314,14028A47,Pichanas,Cruz del Eje,-30.7986497720709,-65.173352277546,propuesto,A (aparcado),bahra_georef,auto_muestreo,no,auto(pendiente_muestra),2026-07-22,alta,georef/asentamientos,https://apis.datos.gob.ar/georef/api,verde,BAHRA: el nombre no es localidad censal -> fuente correcta (P7)
v4_p13,746,Córdoba,Minas,Piedrita Blanca,,174,14070A24,Piedrita Blanca,Minas,-30.8066779058212,-65.430452079465,propuesto,A (aparcado),bahra_georef,auto_muestreo,no,auto(pendiente_muestra),2026-07-22,alta,georef/asentamientos,https://apis.datos.gob.ar/georef/api,verde,BAHRA: el nombre no es localidad censal -> fuente correcta (P7)
v4_p13,109,Santa Fe,Las Colonias,Pilar,,3909,82070170,Pilar,Las Colonias,-31.4403995202353,-61.2595670772099,auto_ok,auto_ok,match_exacto_3campos,auto_match,no,auto,2026-07-22,alta,georef/localidades-censales,https://apis.datos.gob.ar/georef/api,verde,
v4_p13,131,Córdoba,Río Segundo,Pilar,,3403,14119160,Pilar,Río Segundo,-31.6813600543864,-63.882323330189,auto_ok,auto_ok,match_exacto_3campos,auto_match,no,auto,2026-07-22,alta,georef/localidades-censales,https://apis.datos.gob.ar/georef/api,verde,
v4_p13,472,Córdoba,General Roca,Pinoén,,783,14035090,Pincén,General Roca,-34.8380711501743,-63.9166234867021,propuesto,A (aparcado),bahra_georef,auto_muestreo,no,auto(pendiente_muestra),2026-07-22,media (nombre difiere),georef/,https://apis.datos.gob.ar/georef/api,verde,variante de nombre en el depto correcto
v4_p13,465,Santa Fe,Rosario,Piñero,,807,82084220,Piñero,Rosario,-33.1090904977188,-60.7961930631857,auto_ok,auto_ok,match_exacto_3campos,auto_match,no,auto,2026-07-22,alta,georef/localidades-censales,https://apis.datos.gob.ar/georef/api,verde,
v4_p13,551,Córdoba,Río Primero,Piquillín,,593,14105210,Piquillín,Río Primero,-31.302307367578,-63.757014541791,auto_ok,auto_ok,match_exacto_3campos,auto_match,no,auto,2026-07-22,alta,georef/localidades-censales,https://apis.datos.gob.ar/georef/api,verde,
v4_p13,675,Córdoba,Pocho,Pocho,,311,14077080,Villa de Pocho,Pocho,-31.4901325497095,-65.2809317414492,propuesto,A (aparcado),bahra_georef,auto_muestreo,no,auto(pendiente_muestra),2026-07-22,media (nombre difiere),georef/,https://apis.datos.gob.ar/georef/api,verde,variante de nombre en el depto correcto
v4_p13,171,Córdoba,San Justo,Porteña,,2544,14140330,Portena,San Justo,-31.014111960682,-62.0620605192051,auto_ok,auto_ok,match_exacto_3campos,auto_match,no,auto,2026-07-22,alta,georef/localidades-censales,https://apis.datos.gob.ar/georef/api,verde,
v4_p13,30,Santa Fe,Rosario,Posta de San Martín,,10152,,,,,,sin_coordenada,C5-sin_coordenada,sin_coordenada,sin_coordenada,no,,2026-07-22,,,,,"[C5 web] Sin match confiable en Rosario; pob 10152 sugiere distrito/barrio de la ciudad de Rosario, no localizable como localidad puntual. No confund"
v4_p13,433,Córdoba,Santa María,Potrero de Garay,,918,14147230,Potrero de Garay,Santa María,-31.7912992354359,-64.5467476034952,auto_ok,auto_ok,match_exacto_3campos,auto_match,no,auto,2026-07-22,alta,georef/localidades-censales,https://apis.datos.gob.ar/georef/api,verde,
v4_p13,434,Santa Fe,Nueve de Julio,Pozo Borrado,,917,82077060,Pozo Borrado,9 de Julio,-28.9381189084126,-61.7049370611389,auto_ok,auto_ok,match_exacto_3campos,auto_match,no,auto,2026-07-22,alta,georef/localidades-censales,https://apis.datos.gob.ar/georef/api,verde,
v4_p13,646,Córdoba,Río Primero,Pozo de la Loma,,377,14105A36,Pozo de la Loma,Río Primero,-31.2859954997081,-63.3017145309621,propuesto,A (aparcado),bahra_georef,auto_muestreo,no,auto(pendiente_muestra),2026-07-22,alta,georef/asentamientos,https://apis.datos.gob.ar/georef/api,verde,BAHRA: el nombre no es localidad censal -> fuente correcta (P7)
v4_p13,761,Córdoba,San Javier,Pozo del Chañar,,127,14133A18,Pozo del Chañar,San Javier,-32.0568977029227,-65.278258224427,propuesto,A (aparcado),bahra_georef,auto_muestreo,no,auto(pendiente_muestra),2026-07-22,alta,georef/asentamientos,https://apis.datos.gob.ar/georef/api,verde,BAHRA: el nombre no es localidad censal -> fuente correcta (P7)
v4_p13,172,Córdoba,Río Segundo,Pozo del Molle,,2499,14119170,Pozo del Molle,Río Segundo,-32.0212854380798,-62.9192151369169,auto_ok,auto_ok,match_exacto_3campos,auto_match,no,auto,2026-07-22,alta,georef/localidades-censales,https://apis.datos.gob.ar/georef/api,verde,
v4_p14,345,Santa Fe,Castellanos,Presidente Roca,,1232,82021290,Presidente Roca,Castellanos,-31.2122628281263,-61.6136418014331,auto_ok,auto_ok,match_exacto_3campos,auto_match,no,auto,2026-07-22,alta,georef/localidades-censales,https://apis.datos.gob.ar/georef/api,verde,
v4_p14,663,Córdoba,Río Cuarto,Pretot Freyre,,328,14098A64,Pretot Freyre,Río Cuarto,-33.8858340298092,-64.5298700539964,propuesto,A (aparcado),bahra_georef,auto_muestreo,no,auto(pendiente_muestra),2026-07-22,alta,georef/asentamientos,https://apis.datos.gob.ar/georef/api,verde,BAHRA: el nombre no es localidad censal -> fuente correcta (P7)
v4_p14,245,Santa Fe,Las Colonias,Progreso,,1643,82070190,Progreso,Las Colonias,-31.1378697707383,-60.989683572175,auto_ok,auto_ok,match_exacto_3campos,auto_match,no,auto,2026-07-22,alta,georef/localidades-censales,https://apis.datos.gob.ar/georef/api,verde,
v4_p14,361,Santa Fe,Las Colonias,Providencia,,1185,82070200,Providencia,Las Colonias,-30.9828465082708,-61.0211535162036,auto_ok,auto_ok,match_exacto_3campos,auto_match,no,auto,2026-07-22,alta,georef/localidades-censales,https://apis.datos.gob.ar/georef/api,verde,
v4_p14,382,Santa Fe,Rosario,Pueblo Britos,,1085,,,,,,sin_coordenada,C5-sin_coordenada,sin_coordenada,sin_coordenada,no,,2026-07-22,,,,,"[C5 web] No se localizó 'Pueblo Britos' en depto Rosario (Santa Fe) en Wikipedia, Nominatim ni gacetero. Sin coordenada confiable."
v4_p14,534,Santa Fe,Rosario,Pueblo Esther,,630,82084230,Pueblo Esther,Rosario,-33.0739758010958,-60.5815061608172,auto_ok,auto_ok,match_exacto_3campos,auto_match,no,auto,2026-07-22,alta,georef/localidades-censales,https://apis.datos.gob.ar/georef/api,verde,
v4_p14,397,Córdoba,Unión,Pueblo Italiano,,1027,14182220,Pueblo Italiano,Unión,-33.8823073688221,-62.8404589226647,auto_ok,auto_ok,match_exacto_3campos,auto_match,no,auto,2026-07-22,alta,georef/localidades-censales,https://apis.datos.gob.ar/georef/api,verde,
v4_p14,460,Santa Fe,Rosario,Pueblo Muñoz,,828,82084240,Pueblo Muñóz,Rosario,-33.1719988846475,-60.8981738288156,auto_ok,auto_ok,match_exacto_3campos,auto_match,no,auto,2026-07-22,alta,georef/localidades-censales,https://apis.datos.gob.ar/georef/api,verde,
v4_p14,56,Santa Fe,Rosario,Pueblo Nuevo,,6321,,Pueblo Nuevo (barrio de Villa Gobernador Gálvez),,-33.0236,-60.6353,propuesto,C5-barrio_de,web_barrio,humano_lote,no,pendiente:Jose,2026-07-22,verde (guard: coord en depto esperado),Wikipedia (Villa Gobernador Gálvez),https://es.wikipedia.org/wiki/Villa_Gobernador_G%C3%A1lvez,verde,"[guard=verde; punto en Rosario] Barrio industrial surgido junto al Frigorífico Swift; hoy parte de Villa Gobernador Gálvez, depto Rosario. Coordenada ="
v4_p14,104,Santa Fe,San Lorenzo,Puerto San Martín,,4065,82119080,Puerto General San Martín,San Lorenzo,-32.715960159067,-60.7314662340334,propuesto,A (aparcado),bahra_georef,auto_muestreo,no,auto(pendiente_muestra),2026-07-22,media (nombre difiere),georef/,https://apis.datos.gob.ar/georef/api,verde,variante de nombre en el depto correcto
v4_p14,672,Córdoba,Río Seco,Puesto de Castro,,313,14112070,Puesto de Castro,Río Seco,-30.2704784100024,-63.4263614699488,auto_ok,auto_ok,match_exacto_3campos,auto_match,no,auto,2026-07-22,alta,georef/localidades-censales,https://apis.datos.gob.ar/georef/api,verde,
v4_p14,187,Santa Fe,San Lorenzo,Pujato,,1997,82119090,Pujato,San Lorenzo,-33.0176459499888,-61.043104789266,auto_ok,auto_ok,match_exacto_3campos,auto_match,no,auto,2026-07-22,alta,georef/localidades-censales,https://apis.datos.gob.ar/georef/api,verde,
v4_p14,631,Córdoba,Río Cuarto,Punta de Agua,,421,,"Punta del Agua (paraje, Pedanía Achiras)",Río Cuarto,-33.202775,-65.142456,confirmado_3.3b,3.3b:manual_coord,manual_coord,documentado_3.3b,no,auto:3.3b(web+doc+guard),2026-07-22,media,auto + OpenStreetMap / Nominatim,https://nominatim.openstreetmap.org/lookup?osm_ids=N3559620393&format=json,verde,guard=verde (coord en conjunto permitido)
v4_p14,412,Córdoba,Tercero Arriba,Punta del Agua,,976,14161140,Punta del Agua,Tercero Arriba,-32.5758007655905,-63.8101614402788,auto_ok,auto_ok,match_exacto_3campos,auto_match,no,auto,2026-07-22,alta,georef/localidades-censales,https://apis.datos.gob.ar/georef/api,verde,
v4_p14,622,Córdoba,Río Primero,Punta del Agua,,437,14105A39,Punta de Agua (Río Primero),Río Primero,-31.05170,-63.70070,confirmado_3.3b,3.3b:manual_coord,manual_coord,documentado_3.3b,no,auto:3.3b(web+doc+guard),2026-07-22,alta,auto + Georef asentamientos + Nominatim,"https://nominatim.openstreetmap.org/search?q=Punta+del+Agua,+Rio+Primero,+Cordoba,+Argentina&format=json",verde,guard=verde (coord en conjunto permitido)
v4_p14,641,Córdoba,San Javier,Quebrada de los Pozos,,380,14133160,Quebrada de los Pozos,San Javier,-31.9121534666504,-65.0342796996513,propuesto,A (aparcado),bahra_georef,auto_muestreo,no,auto(pendiente_muestra),2026-07-22,alta,georef/asentamientos,https://apis.datos.gob.ar/georef/api,verde,BAHRA: el nombre no es localidad censal -> fuente correcta (P7)
v4_p14,527,Córdoba,San Justo,Quebracho Herrado,,651,14140340,Quebracho Herrado,San Justo,-31.5490916636709,-62.2250238565623,auto_ok,auto_ok,match_exacto_3campos,auto_match,no,auto,2026-07-22,alta,georef/localidades-censales,https://apis.datos.gob.ar/georef/api,verde,
v4_p14,157,Córdoba,Ischilín,Quilino,,2867,14049100,Quilino,Ischilín,-30.2142251793973,-64.4993823841044,auto_ok,auto_ok,match_exacto_3campos,auto_match,no,auto,2026-07-22,alta,georef/localidades-censales,https://apis.datos.gob.ar/georef/api,verde,
v4_p14,7,Santa Fe,Castellanos,Rafaela,,35653,82021310,Rafaela,Castellanos,-31.2527050805919,-61.4918073602524,auto_ok,auto_ok,match_exacto_3campos,auto_match,no,auto,2026-07-22,alta,georef/localidades-censales,https://apis.datos.gob.ar/georef/api,verde,
v4_p14,605,Córdoba,Santa María,Rafael García,,473,14147240,Rafael García,Santa María,-31.6441725490244,-64.2599638549318,auto_ok,auto_ok,match_exacto_3campos,auto_match,no,auto,2026-07-22,alta,georef/localidades-censales,https://apis.datos.gob.ar/georef/api,verde,
v4_p14,497,Santa Fe,San Justo,Ramayón,,719,82112110,Ramayón,San Justo,-30.6736337235758,-60.5009936270582,auto_ok,auto_ok,match_exacto_3campos,auto_match,no,auto,2026-07-22,alta,georef/localidades-censales,https://apis.datos.gob.ar/georef/api,verde,
v4_p14,379,Santa Fe,Castellanos,Ramona,,1106,82021320,Ramona,Castellanos,-31.0918477217273,-61.9026748213931,auto_ok,auto_ok,match_exacto_3campos,auto_match,no,auto,2026-07-22,alta,georef/localidades-censales,https://apis.datos.gob.ar/georef/api,verde,
v4_p14,591,Córdoba,Unión,Ramón J. Cárcano,,493,14182230,Ramon J Cárcano,Unión,-32.4928761160495,-63.1020527554261,auto_ok,auto_ok,match_exacto_3campos,auto_match,no,auto,2026-07-22,alta,georef/localidades-censales,https://apis.datos.gob.ar/georef/api,verde,
v4_p14,704,Córdoba,Río Primero,Rangel,,258,14105A41,Rangel,Río Primero,-31.1206814641195,-63.7794844383015,propuesto,A (aparcado),bahra_georef,auto_muestreo,no,auto(pendiente_muestra),2026-07-22,alta,georef/asentamientos,https://apis.datos.gob.ar/georef/api,verde,BAHRA: el nombre no es localidad censal -> fuente correcta (P7)
v4_p14,635,Córdoba,General Roca,Ranqueles,,410,14035100,Ranqueles,General Roca,-34.8425409790779,-64.0982791315553,auto_ok,auto_ok,match_exacto_3campos,auto_match,no,auto,2026-07-22,alta,georef/localidades-censales,https://apis.datos.gob.ar/georef/api,verde,
v4_p14,661,Córdoba,Río Seco,Rayo Cortado,,330,14112080,Rayo Cortado,Río Seco,-30.0763537951286,-63.8251030964415,auto_ok,auto_ok,match_exacto_3campos,auto_match,no,auto,2026-07-22,alta,georef/localidades-censales,https://apis.datos.gob.ar/georef/api,verde,
v4_p14,13,Santa Fe,General Obligado,Reconquista,,19000,82049180,Reconquista,General Obligado,-29.1444464692368,-59.6436833271124,auto_ok,auto_ok,match_exacto_3campos,auto_match,no,auto,2026-07-22,alta,georef/localidades-censales,https://apis.datos.gob.ar/georef/api,verde,
v4_p14,380,Santa Fe,La Capital,Recreo,,1095,82063140,Recreo,La Capital,-31.4908702191619,-60.7355353845138,auto_ok,auto_ok,match_exacto_3campos,auto_match,no,auto,2026-07-22,alta,georef/localidades-censales,https://apis.datos.gob.ar/georef/api,verde,
v4_p14,23,Santa Fe,La Capital,Reinaldo Cullen,,11881,,,,,,sin_coordenada,C5-sin_coordenada,sin_coordenada,sin_coordenada,no,,2026-07-22,,,,,"[C5 web] No figura ninguna localidad, comuna ni estacion 'Reinaldo Cullen' en el depto La Capital actual ni en OSM/Georef; pob 1960=11881 sugiere dis"
v4_p14,509,Santa Fe,San Lorenzo,Ricardone,,690,82119100,Ricardone,San Lorenzo,-32.7708980742471,-60.7838862382465,auto_ok,auto_ok,match_exacto_3campos,auto_match,no,auto,2026-07-22,alta,georef/localidades-censales,https://apis.datos.gob.ar/georef/api,verde,
v4_p14,535,Córdoba,Río Segundo,Rincón,,629,14119180,Rincón,Río Segundo,-31.5958009662432,-63.6168695436941,auto_ok,auto_ok,match_exacto_3campos,auto_match,no,auto,2026-07-22,alta,georef/localidades-censales,https://apis.datos.gob.ar/georef/api,verde,
v4_p14,640,Córdoba,Pte. Roque Sáenz Peña,Río Bamba,,385,14084060,Río Bamba,Presidente Roque Sáenz Peña,-34.052149930521,-63.7322350605252,auto_ok,auto_ok,match_exacto_3campos,auto_match,no,auto,2026-07-22,alta,georef/localidades-censales,https://apis.datos.gob.ar/georef/api,verde,
v4_p14,65,Córdoba,Colón,Río Ceballos,,5760,14021230,Río Ceballos,Colón,-31.1689118609385,-64.317413140728,auto_ok,auto_ok,match_exacto_3campos,auto_match,no,auto,2026-07-22,alta,georef/localidades-censales,https://apis.datos.gob.ar/georef/api,verde,
v4_p14,4,Córdoba,Río Cuarto,Río Cuarto,,65569,14098230,Río Cuarto,Río Cuarto,-33.1236635962718,-64.3490400754288,auto_ok,auto_ok,match_exacto_3campos,auto_match,no,auto,2026-07-22,alta,georef/localidades-censales,https://apis.datos.gob.ar/georef/api,verde,
v4_p14,409,Córdoba,Calamuchita,Río de los Sauces,,984,14007170,Río De Los Sauces,Calamuchita,-32.5275153087047,-64.5864749952847,auto_ok,auto_ok,match_exacto_3campos,auto_match,no,auto,2026-07-22,alta,georef/localidades-censales,https://apis.datos.gob.ar/georef/api,verde,
v4_p14,209,Córdoba,Río Primero,Río Primero,,1845,14105240,Río Primero,Río Primero,-31.333833595294,-63.6185526166438,auto_ok,auto_ok,match_exacto_3campos,auto_match,no,auto,2026-07-22,alta,georef/localidades-censales,https://apis.datos.gob.ar/georef/api,verde,
v4_p14,43,Córdoba,Río Segundo,Río Segundo,,7572,14119190,Río Segundo,Río Segundo,-31.6501527589151,-63.9118628433508,propuesto,A (aparcado),bahra_georef,auto_muestreo,no,auto(pendiente_muestra),2026-07-22,alta,georef/localidades,https://apis.datos.gob.ar/georef/api,verde,BAHRA: el nombre no es localidad censal -> BAHRA es la fuente correcta (P7). id de capa 'localidades' NO es id censal INDEC valido
v4_p14,15,Córdoba,Tercero Arriba,Río Tercero,,18512,14161150,Río Tercero,Tercero Arriba,-32.1767393738221,-64.1129628407675,propuesto,A (aparcado),bahra_georef,auto_muestreo,no,auto(pendiente_muestra),2026-07-22,alta,georef/localidades,https://apis.datos.gob.ar/georef/api,verde,BAHRA: el nombre no es localidad censal -> BAHRA es la fuente correcta (P7). id de capa 'localidades' NO es id censal INDEC valido
v4_p14,71,Santa Fe,San Lorenzo,Roldán,,5376,82119110,Roldán,San Lorenzo,-32.9001312283559,-60.9100001871504,auto_ok,auto_ok,match_exacto_3campos,auto_match,no,auto,2026-07-22,alta,georef/localidades-censales,https://apis.datos.gob.ar/georef/api,verde,
v4_p14,126,Santa Fe,San Javier,Romang,,3514,82098050,Romang,San Javier,-29.4995637442986,-59.7479205107166,auto_ok,auto_ok,match_exacto_3campos,auto_match,no,auto,2026-07-22,alta,georef/localidades-censales,https://apis.datos.gob.ar/georef/api,verde,
v4_p14,375,Córdoba,Pte. Roque Sáenz Peña,Rosales,,1134,14084070,Rosales,Presidente Roque Sáenz Peña,-34.1717037460471,-63.154034414453,auto_ok,auto_ok,match_exacto_3campos,auto_match,no,auto,2026-07-22,alta,georef/localidades-censales,https://apis.datos.gob.ar/georef/api,verde,
v4_p15,1,Santa Fe,Rosario,Rosario,,591428,82084270,Rosario,Rosario,-32.9470419146466,-60.6332161913325,auto_ok,auto_ok,match_exacto_3campos,auto_match,no,auto,2026-07-22,alta,georef/localidades-censales,https://apis.datos.gob.ar/georef/api,verde,
v4_p15,373,Santa Fe,Constitución,Rueda,,1150,82028180,Rueda,Constitución,-33.3358764760538,-60.4588432067098,auto_ok,auto_ok,match_exacto_3campos,auto_match,no,auto,2026-07-22,alta,georef/localidades-censales,https://apis.datos.gob.ar/georef/api,verde,
v4_p15,21,Santa Fe,General López,Rufino,,13771,82042220,Rufino,General López,-34.2618864115048,-62.7111183375243,auto_ok,auto_ok,match_exacto_3campos,auto_match,no,auto,2026-07-22,alta,georef/localidades-censales,https://apis.datos.gob.ar/georef/api,verde,
v4_p15,728,Córdoba,Pte. Roque Sáenz Peña,Ruiz Díaz de Guzmán,,214,14084A23,Ruiz Díaz de Guzmán,Presidente Roque Sáenz Peña,-33.8685416822463,-63.4639665937784,propuesto,A (aparcado),bahra_georef,auto_muestreo,no,auto(pendiente_muestra),2026-07-22,alta,georef/asentamientos,https://apis.datos.gob.ar/georef/api,verde,BAHRA: el nombre no es localidad censal -> fuente correcta (P7)
v4_p15,741,Córdoba,Minas,Rumiyaco,,187,,,,,,sin_coordenada,C5-sin_coordenada,sin_coordenada,sin_coordenada,no,,2026-07-22,,,,,[C5 web] Paraje en depto Minas (Córdoba) sin coordenada moderna verificable; el 'Rumiyaco' que aparece en buscadores son cabañas en Villa Rumipal (de
v4_p15,193,Córdoba,San Justo,Sacanta,,1935,14140350,Sacanta,San Justo,-31.663427623851,-63.0479447920061,auto_ok,auto_ok,match_exacto_3campos,auto_match,no,auto,2026-07-22,alta,georef/localidades-censales,https://apis.datos.gob.ar/georef/api,verde,
v4_p15,487,Santa Fe,Castellanos,Saguier,,741,82021170,Estación Saguier,Castellanos,-31.3174603823906,-61.6940034650798,propuesto,D,ambiguo,auto_muestreo,no,auto(pendiente_muestra),2026-07-22,baja,georef,https://apis.datos.gob.ar/georef/api,verde,>1 candidato: Estación Saguier/Castellanos [82021170]; Plaza Saguier/Castellanos [82021280]; Santa Clara de Saguier/Castellanos [82021350]
v4_p15,333,Córdoba,Marcos Juárez,Saira,,1275,14063210,Saira,Marcos Juárez,-32.406738061907,-62.1000325314321,auto_ok,auto_ok,match_exacto_3campos,auto_match,no,auto,2026-07-22,alta,georef/localidades-censales,https://apis.datos.gob.ar/georef/api,verde,
v4_p15,560,Córdoba,Marcos Juárez,Saladillo,,577,14063220,Saladillo,Marcos Juárez,-32.9354225863041,-62.3423891015949,auto_ok,auto_ok,match_exacto_3campos,auto_match,no,auto,2026-07-22,alta,georef/localidades-censales,https://apis.datos.gob.ar/georef/api,verde,
v4_p15,325,Córdoba,Colón,Saldán,,1298,14021240,Saldán,Colón,-31.3156027416659,-64.3128310822092,auto_ok,auto_ok,match_exacto_3campos,auto_match,no,auto,2026-07-22,alta,georef/localidades-censales,https://apis.datos.gob.ar/georef/api,verde,
v4_p15,608,Córdoba,Pte. Roque Sáenz Peña,Salguero,,469,14084A24,Salguero,Presidente Roque Sáenz Peña,-34.2347302168964,-63.424437267982,propuesto,A (aparcado),bahra_georef,auto_muestreo,no,auto(pendiente_muestra),2026-07-22,alta,georef/asentamientos,https://apis.datos.gob.ar/georef/api,verde,BAHRA: el nombre no es localidad censal -> fuente correcta (P7)
v4_p15,520,Córdoba,Pocho,Salsacate,,669,14077040,Salsacate,Pocho,-31.3178370950066,-65.0895321720222,auto_ok,auto_ok,match_exacto_3campos,auto_match,no,auto,2026-07-22,alta,georef/localidades-censales,https://apis.datos.gob.ar/georef/api,verde,
v4_p15,286,Córdoba,Colón,Salsipuedes,,1489,14021250,Salsipuedes,Colón,-31.1362496548702,-64.2965223377561,auto_ok,auto_ok,match_exacto_3campos,auto_match,no,auto,2026-07-22,alta,georef/localidades-censales,https://apis.datos.gob.ar/georef/api,verde,
v4_p15,89,Córdoba,Río Cuarto,Sampacho,,4682,14098240,Sampacho,Río Cuarto,-33.3840208281148,-64.7228385204069,auto_ok,auto_ok,match_exacto_3campos,auto_match,no,auto,2026-07-22,alta,georef/localidades-censales,https://apis.datos.gob.ar/georef/api,verde,
v4_p15,571,Córdoba,General San Martín,Sanabria,,529,14042120,Sanabria,General San Martín,-32.5293779581083,-63.2459332941875,auto_ok,auto_ok,match_exacto_3campos,auto_match,no,auto,2026-07-22,alta,georef/localidades-censales,https://apis.datos.gob.ar/georef/api,verde,
v4_p15,210,Córdoba,Calamuchita,San Agustín,,1828,14007180,San Agustin,Calamuchita,-31.9776519180872,-64.3755740029704,auto_ok,auto_ok,match_exacto_3campos,auto_match,no,auto,2026-07-22,alta,georef/localidades-censales,https://apis.datos.gob.ar/georef/api,verde,
v4_p15,269,Santa Fe,Las Colonias,San Agustín,,1469,82070220,San Agustín,Las Colonias,-31.6827553838236,-60.9405556027685,auto_ok,auto_ok,match_exacto_3campos,auto_match,no,auto,2026-07-22,alta,georef/localidades-censales,https://apis.datos.gob.ar/georef/api,verde,
v4_p15,648,Córdoba,Río Cuarto,San Ambrosio,,375,14098A70,San Ambrosio,Río Cuarto,-33.2329217620399,-64.16716831378,propuesto,A (aparcado),bahra_georef,auto_muestreo,no,auto(pendiente_muestra),2026-07-22,alta,georef/asentamientos,https://apis.datos.gob.ar/georef/api,verde,BAHRA: el nombre no es localidad censal -> fuente correcta (P7)
v4_p15,654,Córdoba,San Justo,San Antonio,,358,14140A16,Capilla San Antonio,San Justo,-31.5102493961485,-62.8208040453515,propuesto,E-bahra-fuzzy,bahra_fuzzy,auto_muestreo,no,auto(pendiente_muestra),2026-07-22,BAJA (fuzzy en capa BAHRA: puede no ser el mismo lugar),georef/asentamientos,https://apis.datos.gob.ar/georef/api,verde,antes era sin_match. candidatos: Capilla San Antonio/San Justo [14140A16]
v4_p15,724,Córdoba,Punilla,San Antonio de Arredondo,,222,14091180,San Antonio de Arredondo,Punilla,-31.4833710044313,-64.5272399945006,auto_ok,auto_ok,match_exacto_3campos,auto_match,no,auto,2026-07-22,alta,georef/localidades-censales,https://apis.datos.gob.ar/georef/api,verde,
v4_p15,352,Córdoba,Unión,San Antonio de Litín,,1212,14182240,San Antonio de Litin,Unión,-32.2135224222721,-62.6313040296432,auto_ok,auto_ok,match_exacto_3campos,auto_match,no,auto,2026-07-22,alta,georef/localidades-censales,https://apis.datos.gob.ar/georef/api,verde,
v4_p15,311,Santa Fe,General Obligado,San Antonio de Obligado,,1375,82049190,San Antonio de Obligado,General Obligado,-28.3842453451605,-59.2645320239799,auto_ok,auto_ok,match_exacto_3campos,auto_match,no,auto,2026-07-22,alta,georef/localidades-censales,https://apis.datos.gob.ar/georef/api,verde,
v4_p15,321,Córdoba,San Justo,San Bartolomé,,1324,14140110,Colonia San Bartolomé,San Justo,-31.52791,-62.72370,confirmado_3.3b,3.3b:rename,rename,documentado_3.3b,no,auto:3.3b(web+doc+guard),2026-07-22,alta,auto + Georef + Wikipedia,https://es.wikipedia.org/wiki/Colonia_San_Bartolom%C3%A9,verde,guard=verde (coord en conjunto permitido)
v4_p15,717,Córdoba,Río Cuarto,San Bartolomé,,234,14098245,San Bartolome,Río Cuarto,-32.7577983840562,-64.7368586459292,auto_ok,auto_ok,match_exacto_3campos,auto_match,no,auto,2026-07-22,alta,georef/localidades-censales,https://apis.datos.gob.ar/georef/api,verde,
v4_p15,214,Córdoba,Río Cuarto,San Basilio,,1819,14098250,San Basilio,Río Cuarto,-33.4984844969376,-64.3146765882515,auto_ok,auto_ok,match_exacto_3campos,auto_match,no,auto,2026-07-22,alta,georef/localidades-censales,https://apis.datos.gob.ar/georef/api,verde,
v4_p15,770,Santa Fe,San Justo,San Bernardo,,113,82112120,San Bernardo,San Justo,-30.888476970991,-60.5743441013066,auto_ok,auto_ok,match_exacto_3campos,auto_match,no,auto,2026-07-22,alta,georef/localidades-censales,https://apis.datos.gob.ar/georef/api,verde,
v4_p15,521,Córdoba,Minas,San Carlos,,668,14070060,San Carlos Minas,Minas,-31.1765567100353,-65.1018503962888,propuesto,A (aparcado),bahra_georef,auto_muestreo,no,auto(pendiente_muestra),2026-07-22,media (nombre difiere),georef/,https://apis.datos.gob.ar/georef/api,verde,variante de nombre en el depto correcto
v4_p15,76,Santa Fe,Las Colonias,San Carlos Centro,,5212,82070230,San Carlos Centro,Las Colonias,-31.7267111281431,-61.0907728589464,auto_ok,auto_ok,match_exacto_3campos,auto_match,no,auto,2026-07-22,alta,georef/localidades-censales,https://apis.datos.gob.ar/georef/api,verde,
v4_p15,440,Santa Fe,Las Colonias,San Carlos Norte,,901,82070240,San Carlos Norte,Las Colonias,-31.6735500295083,-61.0747821797774,auto_ok,auto_ok,match_exacto_3campos,auto_match,no,auto,2026-07-22,alta,georef/localidades-censales,https://apis.datos.gob.ar/georef/api,verde,
v4_p15,253,Santa Fe,Las Colonias,San Carlos Sud,,1618,82070250,San Carlos Sud,Las Colonias,-31.7608131015688,-61.1006242092723,auto_ok,auto_ok,match_exacto_3campos,auto_match,no,auto,2026-07-22,alta,georef/localidades-censales,https://apis.datos.gob.ar/georef/api,verde,
v4_p15,555,Córdoba,Santa María,San Clemente,,583,14147250,San Clemente,Santa María,-31.7137677148074,-64.6238232738783,auto_ok,auto_ok,match_exacto_3campos,auto_match,no,auto,2026-07-22,alta,georef/localidades-censales,https://apis.datos.gob.ar/georef/api,verde,
v4_p15,24,Santa Fe,San Cristóbal,San Cristóbal,,11825,82091220,San Cristóbal,San Cristóbal,-30.3118420844894,-61.2373544200353,auto_ok,auto_ok,match_exacto_3campos,auto_match,no,auto,2026-07-22,alta,georef/localidades-censales,https://apis.datos.gob.ar/georef/api,verde,
v4_p15,95,Santa Fe,General López,Sancti Spíritu,,4402,82042260,Sancti Spiritu,General López,-34.0076510624262,-62.2414537497677,auto_ok,auto_ok,match_exacto_3campos,auto_match,no,auto,2026-07-22,alta,georef/localidades-censales,https://apis.datos.gob.ar/georef/api,verde,
v4_p15,314,Santa Fe,General López,San Eduardo,,1347,82042230,San Eduardo,General López,-33.8712708405966,-62.0888877829882,auto_ok,auto_ok,match_exacto_3campos,auto_match,no,auto,2026-07-22,alta,georef/localidades-censales,https://apis.datos.gob.ar/georef/api,verde,
v4_p15,512,Córdoba,Punilla,San Esteban,,681,14091190,San Esteban,Punilla,-30.9211566654801,-64.536203080749,auto_ok,auto_ok,match_exacto_3campos,auto_match,no,auto,2026-07-22,alta,georef/localidades-censales,https://apis.datos.gob.ar/georef/api,verde,
v4_p15,690,Santa Fe,San Jerónimo,San Eugenio,,283,82105220,San Eugenio,San Jerónimo,-32.07515032056,-61.1172087036491,auto_ok,auto_ok,match_exacto_3campos,auto_match,no,auto,2026-07-22,alta,georef/localidades-censales,https://apis.datos.gob.ar/georef/api,verde,
v4_p15,427,Santa Fe,San Jerónimo,San Fabián,,942,82105230,San Fabián,San Jerónimo,-32.137936217866,-60.9831257621215,auto_ok,auto_ok,match_exacto_3campos,auto_match,no,auto,2026-07-22,alta,georef/localidades-censales,https://apis.datos.gob.ar/georef/api,verde,
v4_p15,213,Santa Fe,Caseros,Sanford,,1823,82014130,Sanford,Caseros,-33.1460257585868,-61.2772239208638,auto_ok,auto_ok,match_exacto_3campos,auto_match,no,auto,2026-07-22,alta,georef/localidades-censales,https://apis.datos.gob.ar/georef/api,verde,
v4_p15,6,Córdoba,San Justo,San Francisco,,38000,14140360,San Francisco,San Justo,-31.4302043708863,-62.0855810999626,auto_ok,auto_ok,match_exacto_3campos,auto_match,no,auto,2026-07-22,alta,georef/localidades-censales,https://apis.datos.gob.ar/georef/api,verde,
v4_p15,310,Córdoba,Sobremonte,San Francisco del Chañar,,1376,14154050,San Francisco del Chanar,Sobremonte,-29.7863900272122,-63.9416721253784,auto_ok,auto_ok,match_exacto_3campos,auto_match,no,auto,2026-07-22,alta,georef/localidades-censales,https://apis.datos.gob.ar/georef/api,verde,
v4_p15,302,Santa Fe,General López,San Francisco de Sta. Fe,,1414,82042240,San Francisco de Santa Fe,,-33.5884690989966,-62.1239801785483,propuesto,C-generador,generador_transformacion,auto_muestreo,no,auto(pendiente_muestra),2026-07-22,alta (match exacto en depto del conjunto),georef/localidades-censales,https://apis.datos.gob.ar/georef/api,verde,candidato probado: 'San Francisco de Santa Fe' [abreviatura: Sta.->Santa]
v4_p16,263,Santa Fe,San Jerónimo,San Genaro,,1571,82105240,San Genaro,San Jerónimo,-32.3716486021142,-61.3601625657452,auto_ok,auto_ok,match_exacto_3campos,auto_match,no,auto,2026-07-22,alta,georef/localidades-censales,https://apis.datos.gob.ar/georef/api,verde,
v4_p16,280,Santa Fe,San Jerónimo,San Genaro Norte,,1507,82105250,San Genaro Norte,San Jerónimo,-32.3648004445412,-61.3372330260362,auto_ok,auto_ok,match_exacto_3campos,auto_match,no,auto,2026-07-22,alta,georef/localidades-censales,https://apis.datos.gob.ar/georef/api,verde,
v4_p16,106,Santa Fe,General López,San Gregorio,,4003,82042250,San Gregorio,General López,-34.3253604026856,-62.0358980012767,auto_ok,auto_ok,match_exacto_3campos,auto_match,no,auto,2026-07-22,alta,georef/localidades-censales,https://apis.datos.gob.ar/georef/api,verde,
v4_p16,206,Santa Fe,San Cristóbal,San Guillermo,,1856,82091230,San Guillermo,San Cristóbal,-30.3584377434617,-61.917285860033,auto_ok,auto_ok,match_exacto_3campos,auto_match,no,auto,2026-07-22,alta,georef/localidades-censales,https://apis.datos.gob.ar/georef/api,verde,
v4_p16,713,Córdoba,Calamuchita,San Ignacio,,238,14007190,San Ignacio (Loteo San Javier),Calamuchita,-32.1659385521272,-64.5178598031659,propuesto,D,ambiguo,auto_muestreo,no,auto(pendiente_muestra),2026-07-22,baja,georef,https://apis.datos.gob.ar/georef/api,verde,>1 candidato: San Ignacio (Loteo San Javier)/Calamuchita [14007190]; San Ignacio (loteo Velez Crespo)/Calamuchita [14007191]
v4_p16,107,Santa Fe,San Javier,San Javier,,3970,82098060,San Javier,San Javier,-30.5816226517618,-59.9282740093945,auto_ok,auto_ok,match_exacto_3campos,auto_match,no,auto,2026-07-22,alta,georef/localidades-censales,https://apis.datos.gob.ar/georef/api,verde,
v4_p16,478,Córdoba,San Javier,San Javier,,759,14133170,San Javier y Yacanto,San Javier,-32.0264693052096,-65.0302562791264,propuesto,A (aparcado),bahra_georef,auto_muestreo,no,auto(pendiente_muestra),2026-07-22,media (nombre difiere),georef/,https://apis.datos.gob.ar/georef/api,verde,variante de nombre en el depto correcto
v4_p16,362,Santa Fe,Las Colonias,San Jerónimo del Sauce,,1185,82070260,San Jerónimo del Sauce,Las Colonias,-31.6089870186595,-61.1413545636722,auto_ok,auto_ok,match_exacto_3campos,auto_match,no,auto,2026-07-22,alta,georef/localidades-censales,https://apis.datos.gob.ar/georef/api,verde,
v4_p16,102,Santa Fe,Las Colonias,San Jerónimo Norte,,4085,82070270,San Jerónimo Norte,Las Colonias,-31.5526994180672,-61.0779592214915,auto_ok,auto_ok,match_exacto_3campos,auto_match,no,auto,2026-07-22,alta,georef/localidades-censales,https://apis.datos.gob.ar/georef/api,verde,
v4_p16,271,Santa Fe,San Lorenzo,San Jerónimo Sud,,1548,82119120,San Jerónimo Sud,San Lorenzo,-32.87936708556,-61.0277306559394,auto_ok,auto_ok,match_exacto_3campos,auto_match,no,auto,2026-07-22,alta,georef/localidades-censales,https://apis.datos.gob.ar/georef/api,verde,
v4_p16,695,Córdoba,Pte. Roque Sáenz Peña,San Joaquín,,276,14084080,San Joaquin,Presidente Roque Sáenz Peña,-34.5123350640452,-63.7098028242762,auto_ok,auto_ok,match_exacto_3campos,auto_match,no,auto,2026-07-22,alta,georef/localidades-censales,https://apis.datos.gob.ar/georef/api,verde,
v4_p16,31,Santa Fe,San Martín,San Jorge,,10043,82126140,San Jorge,San Martín,-31.8960810266595,-61.8596873647569,auto_ok,auto_ok,match_exacto_3campos,auto_match,no,auto,2026-07-22,alta,georef/localidades-censales,https://apis.datos.gob.ar/georef/api,verde,
v4_p16,341,Córdoba,San Javier,San José,,1257,14133180,San Jose,San Javier,-31.9564439884346,-65.3118349336983,auto_ok,auto_ok,match_exacto_3campos,auto_match,no,auto,2026-07-22,alta,georef/localidades-censales,https://apis.datos.gob.ar/georef/api,verde,
v4_p16,519,Córdoba,Tulumba,San José,,673,14175080,San José de la Dormida,Tulumba,-30.356269,-63.950293,confirmado_3.3b,3.3b:rename,rename,documentado_3.3b,no,auto:3.3b(web+doc+guard),2026-07-22,media,auto + Georef + citypopulation,https://es.wikipedia.org/wiki/San_Jos%C3%A9_de_la_Dormida,verde,guard=verde (coord en conjunto permitido)
v4_p16,414,Córdoba,Tulumba,San José de la Dormida,,972,14175080,San Jose de la Dormida,Tulumba,-30.3562662593352,-63.9504182956933,auto_ok,auto_ok,match_exacto_3campos,auto_match,no,auto,2026-07-22,alta,georef/localidades-censales,https://apis.datos.gob.ar/georef/api,verde,
v4_p16,88,Santa Fe,Caseros,San José de la Esquina,,4684,82014120,San José de la Esquina,Caseros,-33.1122889216178,-61.7025645110021,auto_ok,auto_ok,match_exacto_3campos,auto_match,no,auto,2026-07-22,alta,georef/localidades-censales,https://apis.datos.gob.ar/georef/api,verde,
v4_p16,322,Santa Fe,La Capital,San José del Rincón,,1307,82063160,San José del Rincón,La Capital,-31.6064474154516,-60.5675258855976,auto_ok,auto_ok,match_exacto_3campos,auto_match,no,auto,2026-07-22,alta,georef/localidades-censales,https://apis.datos.gob.ar/georef/api,verde,
v4_p16,304,Santa Fe,San Jerónimo,San Julián,,1405,,,,,,sin_coordenada,C5-sin_coordenada,sin_coordenada,sin_coordenada,no,,2026-07-22,,,,,[C5 web] No se halló localidad 'San Julián' vigente en depto San Jerónimo (Santa Fe); no figura en el listado de localidades del depto. Único homónim
v4_p16,39,Santa Fe,San Justo,San Justo,,9457,82112130,San Justo,San Justo,-30.7891552707736,-60.5933388941028,auto_ok,auto_ok,match_exacto_3campos,auto_match,no,auto,2026-07-22,alta,georef/localidades-censales,https://apis.datos.gob.ar/georef/api,verde,
v4_p16,10,Santa Fe,San Lorenzo,San Lorenzo,,21908,82119130,San Lorenzo,San Lorenzo,-32.745967004802,-60.7301086646953,auto_ok,auto_ok,match_exacto_3campos,auto_match,no,auto,2026-07-22,alta,georef/localidades-censales,https://apis.datos.gob.ar/georef/api,verde,
v4_p16,216,Córdoba,Unión,San Marcos,,1801,14182250,San Marcos,Unión,-32.6302358808943,-62.4842480037889,propuesto,A (aparcado),bahra_georef,auto_muestreo,no,auto(pendiente_muestra),2026-07-22,alta,georef/localidades,https://apis.datos.gob.ar/georef/api,verde,BAHRA: el nombre no es localidad censal -> BAHRA es la fuente correcta (P7). id de capa 'localidades' NO es id censal INDEC valido
v4_p16,411,Córdoba,Cruz del Eje,San Marcos Sierra,,978,14028170,San Marcos Sierra,Cruz del Eje,-30.7830548390193,-64.6361585633117,auto_ok,auto_ok,match_exacto_3campos,auto_match,no,auto,2026-07-22,alta,georef/localidades-censales,https://apis.datos.gob.ar/georef/api,verde,
v4_p16,275,Santa Fe,San Martín,S. Martín de las Escobas,,1521,,San Martín de las Escobas,,-31.8578,-61.5760,propuesto,C5-manual_coord,web_manual_coord,humano_lote,no,pendiente:Jose,2026-07-22,verde (guard: coord en depto esperado),wikipedia,https://es.wikipedia.org/wiki/San_Mart%C3%ADn_de_las_Escobas,verde,"[guard=verde; punto en San Martín] Comuna en depto San Martín (Santa Fe), km 152 RN34."
v4_p16,481,Santa Fe,San Justo,San Martín Norte,,749,82112140,San Martín Norte,San Justo,-30.3456959269347,-60.3038156531181,auto_ok,auto_ok,match_exacto_3campos,auto_match,no,auto,2026-07-22,alta,georef/localidades-censales,https://apis.datos.gob.ar/georef/api,verde,
v4_p16,767,Córdoba,San Alberto,San Miguel,,115,14126A38,San Miguel,San Alberto,-31.7650788175996,-65.4167648455768,propuesto,A (aparcado),bahra_georef,auto_muestreo,no,auto(pendiente_muestra),2026-07-22,alta,georef/asentamientos,https://apis.datos.gob.ar/georef/api,verde,BAHRA: el nombre no es localidad censal -> fuente correcta (P7)
v4_p16,230,Córdoba,San Alberto,San Pedro,,1737,14126160,San Pedro,San Alberto,-31.9364014377469,-65.2188928825109,auto_ok,auto_ok,match_exacto_3campos,auto_match,no,auto,2026-07-22,alta,georef/localidades-censales,https://apis.datos.gob.ar/georef/api,verde,
v4_p16,750,Córdoba,Ischilín,San Pedro de Toyos,,164,14049110,San Pedro de Toyos,Ischilín,-30.4541891838432,-64.4458454324204,auto_ok,auto_ok,match_exacto_3campos,auto_match,no,auto,2026-07-22,alta,georef/localidades-censales,https://apis.datos.gob.ar/georef/api,verde,
v4_p16,696,Córdoba,Tulumba,San Pedro Norte,,271,14175100,San Pedro Norte,Tulumba,-30.091041138595,-64.154865154406,auto_ok,auto_ok,match_exacto_3campos,auto_match,no,auto,2026-07-22,alta,georef/localidades-censales,https://apis.datos.gob.ar/georef/api,verde,
v4_p16,576,Córdoba,Punilla,San Roque,,518,14091200,San Roque,Punilla,-31.3463250137745,-64.4606823421133,auto_ok,auto_ok,match_exacto_3campos,auto_match,no,auto,2026-07-22,alta,georef/localidades-censales,https://apis.datos.gob.ar/georef/api,verde,
v4_p16,735,Córdoba,Unión,San Severo,,202,14182260,San Severo,Unión,-33.5395003630455,-63.0464097866023,auto_ok,auto_ok,match_exacto_3campos,auto_match,no,auto,2026-07-22,alta,georef/localidades-censales,https://apis.datos.gob.ar/georef/api,verde,
v4_p16,736,Córdoba,Totoral,Santa Catalina,,202,14168080,Santa Catalina,Totoral,-30.8699331374394,-64.2341650823152,auto_ok,auto_ok,match_exacto_3campos,auto_match,no,auto,2026-07-22,alta,georef/localidades-censales,https://apis.datos.gob.ar/georef/api,verde,
v4_p16,296,Santa Fe,Las Colonias,Sta. Clara de Buena Vista,,1456,82070290,Santa Clara de Buena Vista,Las Colonias,-31.7631764734753,-61.3219981269086,propuesto,A (aparcado),bahra_georef,auto_muestreo,no,auto(pendiente_muestra),2026-07-22,media (nombre difiere),georef/,https://apis.datos.gob.ar/georef/api,verde,variante de nombre en el depto correcto
v4_p16,287,Santa Fe,Castellanos,Santa Clara de Saguier,,1489,82021350,Santa Clara de Saguier,Castellanos,-31.3355930303372,-61.8177968254997,auto_ok,auto_ok,match_exacto_3campos,auto_match,no,auto,2026-07-22,alta,georef/localidades-censales,https://apis.datos.gob.ar/georef/api,verde,
v4_p16,714,Córdoba,Tulumba,Santa Cruz,,238,14175A37,Santa Cruz,Tulumba,-30.253346596227,-64.1733416581934,propuesto,A (aparcado),bahra_georef,auto_muestreo,no,auto(pendiente_muestra),2026-07-22,alta,georef/asentamientos,https://apis.datos.gob.ar/georef/api,verde,BAHRA: el nombre no es localidad censal -> fuente correcta (P7)
v4_p16,196,Córdoba,Juárez Celman,Santa Eufemia,,1928,14056150,Santa Eufemia,Juárez Celman,-33.176346200247,-63.2866626077037,auto_ok,auto_ok,match_exacto_3campos,auto_match,no,auto,2026-07-22,alta,georef/localidades-censales,https://apis.datos.gob.ar/georef/api,verde,
v4_p16,3,Santa Fe,La Capital,Santa Fe,,208900,82063170,Santa Fe,La Capital,-31.646557462771,-60.7099957332733,auto_ok,auto_ok,match_exacto_3campos,auto_match,no,auto,2026-07-22,alta,georef/localidades-censales,https://apis.datos.gob.ar/georef/api,verde,
v4_p16,101,Santa Fe,General López,Santa Isabel,,4094,82042270,Santa Isabel,General López,-33.8876637697087,-61.6959165029125,auto_ok,auto_ok,match_exacto_3campos,auto_match,no,auto,2026-07-22,alta,georef/localidades-censales,https://apis.datos.gob.ar/georef/api,verde,
v4_p16,184,Córdoba,Punilla,Santa María,,2070,14091210,Santa Mari­a de Punilla,Punilla,-31.2782050084419,-64.4643623605538,propuesto,A (aparcado),bahra_georef,auto_muestreo,no,auto(pendiente_muestra),2026-07-22,media (nombre difiere),georef/,https://apis.datos.gob.ar/georef/api,verde,variante de nombre en el depto correcto
v4_p16,588,Santa Fe,Las Colonias,Santa María Centro,,496,82070A31,Santa María Centro,Las Colonias,-31.5223823123298,-61.3083674810355,propuesto,A (aparcado),bahra_georef,auto_muestreo,no,auto(pendiente_muestra),2026-07-22,alta,georef/asentamientos,https://apis.datos.gob.ar/georef/api,verde,BAHRA: el nombre no es localidad censal -> fuente correcta (P7)
v4_p16,543,Santa Fe,Las Colonias,Santa María Norte,,607,82070A32,Santa María Norte,Las Colonias,-31.5017664482693,-61.1367866428532,propuesto,A (aparcado),bahra_georef,auto_muestreo,no,auto(pendiente_muestra),2026-07-22,alta,georef/asentamientos,https://apis.datos.gob.ar/georef/api,verde,BAHRA: el nombre no es localidad censal -> fuente correcta (P7)
v4_p16,699,Santa Fe,Garay,Santa Rosa,,265,82035050,Santa Rosa de Calchines,Garay,-31.4202845183973,-60.3327849489492,propuesto,A (aparcado),bahra_georef,auto_muestreo,no,auto(pendiente_muestra),2026-07-22,media (nombre difiere),georef/,https://apis.datos.gob.ar/georef/api,verde,variante de nombre en el depto correcto
v4_p17,181,Córdoba,Calamuchita,Sta. Rosa de Calamuchita,,2217,14007210,Santa Rosa de Calamuchita,Calamuchita,-32.0694278282128,-64.5391321108407,propuesto,A (aparcado),bahra_georef,auto_muestreo,no,auto(pendiente_muestra),2026-07-22,media (nombre difiere),georef/,https://apis.datos.gob.ar/georef/api,verde,variante de nombre en el depto correcto
v4_p17,132,Córdoba,Río Primero,Sta. Rosa del Río Primero,,3390,14105260,Santa Rosa de Río Primero,Río Primero,-31.1535276572799,-63.3994126020727,propuesto,E-bahra-fuzzy,bahra_fuzzy,auto_muestreo,no,auto(pendiente_muestra),2026-07-22,BAJA (fuzzy en capa BAHRA: puede no ser el mismo lugar),georef/localidades,https://apis.datos.gob.ar/georef/api,verde,antes era sin_match. candidatos: Santa Rosa de Río Primero/Río Primero [14105260]
v4_p17,57,Santa Fe,Iriondo,Santa Teresa,,6103,,Santa Teresa (Constitución) - depto 1960 Iriondo anomalo,Constitución,-33.43665,-60.79046,confirmado_3.3b,3.3b:correccion_fuente_depto,correccion_fuente_depto,humano_individual,no,humano:Jose(3.3b),2026-07-22,alta,humano (Jose) + Wikipedia + Georef,https://es.wikipedia.org/wiki/Santa_Teresa_(Santa_Fe),rojo,"Jose: image-check confirmo artefacto de fuente; depto 1960 impreso Iriondo es erroneo, correcto Constitucion"
v4_p17,160,Santa Fe,Constitución,Santa Teresa,,2831,82028190,Santa Teresa,Constitución,-33.4367360092999,-60.7904600880017,auto_ok,auto_ok,match_exacto_3campos,auto_match,no,auto,2026-07-22,alta,georef/localidades-censales,https://apis.datos.gob.ar/georef/api,verde,
v4_p17,748,Córdoba,Colón,Santa Teresa,,168,14021A20,Santa Teresa,Colón,-31.0557455384073,-63.9778477725353,propuesto,A (aparcado),bahra_georef,auto_muestreo,no,auto(pendiente_muestra),2026-07-22,alta,georef/asentamientos,https://apis.datos.gob.ar/georef/api,verde,BAHRA: el nombre no es localidad censal -> fuente correcta (P7)
v4_p17,653,Córdoba,General San Martín,Santa Victoria,,365,14042A11,Santa Victoria,General San Martín,-33.0548561685791,-63.2695523565879,propuesto,A (aparcado),bahra_georef,auto_muestreo,no,auto(pendiente_muestra),2026-07-22,alta,georef/asentamientos,https://apis.datos.gob.ar/georef/api,verde,BAHRA: el nombre no es localidad censal -> fuente correcta (P7)
v4_p17,405,Córdoba,Río Segundo,Santiago Temple,,999,14119200,Santiago Temple,Río Segundo,-31.3859770978901,-63.4195360879364,auto_ok,auto_ok,match_exacto_3campos,auto_match,no,auto,2026-07-22,alta,georef/localidades-censales,https://apis.datos.gob.ar/georef/api,verde,
v4_p17,331,Santa Fe,Las Colonias,Santo Domingo,,1278,82070300,Santo Domingo,Las Colonias,-31.1204360736821,-60.8882112581921,auto_ok,auto_ok,match_exacto_3campos,auto_match,no,auto,2026-07-22,alta,georef/localidades-censales,https://apis.datos.gob.ar/georef/api,verde,
v4_p17,16,Santa Fe,La Capital,Santo Tomé,,17400,82063180,Santo Tomé,La Capital,-31.6629814048165,-60.761779293221,auto_ok,auto_ok,match_exacto_3campos,auto_match,no,auto,2026-07-22,alta,georef/localidades-censales,https://apis.datos.gob.ar/georef/api,verde,
v4_p17,708,Santa Fe,San Cristóbal,Santurce,,253,82091240,Santurce,San Cristóbal,-30.1866605474681,-61.1817161597451,auto_ok,auto_ok,match_exacto_3campos,auto_match,no,auto,2026-07-22,alta,georef/localidades-censales,https://apis.datos.gob.ar/georef/api,verde,
v4_p17,118,Santa Fe,Castellanos,San Vicente,,3701,82021340,San Vicente,Castellanos,-31.6991278570593,-61.5675083776629,auto_ok,auto_ok,match_exacto_3campos,auto_match,no,auto,2026-07-22,alta,georef/localidades-censales,https://apis.datos.gob.ar/georef/api,verde,
v4_p17,627,Córdoba,San Alberto,San Vicente,,425,14126170,San Vicente,San Alberto,-31.8505874978342,-65.4294661819576,auto_ok,auto_ok,match_exacto_3campos,auto_match,no,auto,2026-07-22,alta,georef/localidades-censales,https://apis.datos.gob.ar/georef/api,verde,
v4_p17,368,Santa Fe,Las Colonias,Sa Pereyra,,1164,82070210,Sa Pereyra,Las Colonias,-31.5702812575186,-61.3774578059741,auto_ok,auto_ok,match_exacto_3campos,auto_match,no,auto,2026-07-22,alta,georef/localidades-censales,https://apis.datos.gob.ar/georef/api,verde,
v4_p17,354,Santa Fe,Constitución,Sargento Cabral,,1198,82028200,Sargento Cabral,Constitución,-33.4313124736709,-60.6293353816523,auto_ok,auto_ok,match_exacto_3campos,auto_match,no,auto,2026-07-22,alta,georef/localidades-censales,https://apis.datos.gob.ar/georef/api,verde,
v4_p17,303,Santa Fe,Las Colonias,Sarmiento,,1410,82070310,Sarmiento,Las Colonias,-31.0587298614915,-61.1672295719277,auto_ok,auto_ok,match_exacto_3campos,auto_match,no,auto,2026-07-22,alta,georef/localidades-censales,https://apis.datos.gob.ar/georef/api,verde,
v4_p17,516,Córdoba,Totoral,Sarmiento,,675,14168090,Sarmiento,Totoral,-30.7743945482505,-64.1096037744967,auto_ok,auto_ok,match_exacto_3campos,auto_match,no,auto,2026-07-22,alta,georef/localidades-censales,https://apis.datos.gob.ar/georef/api,verde,
v4_p17,86,Santa Fe,San Martín,Sastre,,4749,82126160,Sastre,San Martín,-31.7674666610835,-61.828992788999,auto_ok,auto_ok,match_exacto_3campos,auto_match,no,auto,2026-07-22,alta,georef/localidades-censales,https://apis.datos.gob.ar/georef/api,verde,
v4_p17,297,Córdoba,San Justo,Saturnino M. Laspiur,,1445,,Saturnino María Laspiur,,-31.7039,-62.4825,propuesto,C5-rename,web_rename,humano_lote,no,pendiente:Jose,2026-07-22,verde (guard: coord en depto esperado),Wikipedia (Saturnino María Laspiur),https://es.wikipedia.org/wiki/Saturnino_Mar%C3%ADa_Laspiur_(C%C3%B3rdoba),verde,[guard=verde; punto en San Justo] Localidad del depto San Justo sobre RN 158.
v4_p17,737,Santa Fe,La Capital,Sauce Viejo,,197,82063190,Sauce Viejo,La Capital,-31.7710685748838,-60.8371931832141,auto_ok,auto_ok,match_exacto_3campos,auto_match,no,auto,2026-07-22,alta,georef/localidades-censales,https://apis.datos.gob.ar/georef/api,verde,
v4_p17,402,Córdoba,Río Seco,Sebastián el Cano,,1010,,Sebastián Elcano,,-30.1611,-63.5897,propuesto,C5-rename,web_rename,humano_lote,no,pendiente:Jose,2026-07-22,verde (guard: coord en depto esperado),Wikipedia (Sebastián Elcano),https://es.wikipedia.org/wiki/Sebasti%C3%A1n_Elcano_(C%C3%B3rdoba),verde,[guard=verde; punto en Río Seco] Grafía moderna Sebastián Elcano; depto Río Seco. Coord 30°09'40''S 63°35'23''O.
v4_p17,577,Córdoba,San Justo,Seeber,,516,14140380,Seeber,San Justo,-30.9243519915276,-61.9748566819487,auto_ok,auto_ok,match_exacto_3campos,auto_match,no,auto,2026-07-22,alta,georef/localidades-censales,https://apis.datos.gob.ar/georef/api,verde,
v4_p17,134,Santa Fe,Iriondo,Serodino,,3306,82056130,Serodino,Iriondo,-32.6037340676393,-60.9474259892491,auto_ok,auto_ok,match_exacto_3campos,auto_match,no,auto,2026-07-22,alta,georef/localidades-censales,https://apis.datos.gob.ar/georef/api,verde,
v4_p17,261,Córdoba,Pte. Roque Sáenz Peña,Serrano,,1576,14084090,Serrano,Presidente Roque Sáenz Peña,-34.4707729951173,-63.5401657666285,auto_ok,auto_ok,match_exacto_3campos,auto_match,no,auto,2026-07-22,alta,georef/localidades-censales,https://apis.datos.gob.ar/georef/api,verde,
v4_p17,179,Córdoba,Cruz del Eje,Serrezuela,,2294,14028180,Serrezuela,Cruz del Eje,-30.638778984858,-65.3886300589003,auto_ok,auto_ok,match_exacto_3campos,auto_match,no,auto,2026-07-22,alta,georef/localidades-censales,https://apis.datos.gob.ar/georef/api,verde,
v4_p17,532,Córdoba,General San Martín,Silvio Pellico,,632,14042130,Silvio Pellico,General San Martín,-32.2496489988557,-62.9308069361408,auto_ok,auto_ok,match_exacto_3campos,auto_match,no,auto,2026-07-22,alta,georef/localidades-censales,https://apis.datos.gob.ar/georef/api,verde,
v4_p17,623,Córdoba,Totoral,Simbolar,,436,14168100,Simbolar,Totoral,-30.4803106533372,-63.9852542911545,auto_ok,auto_ok,match_exacto_3campos,auto_match,no,auto,2026-07-22,alta,georef/localidades-censales,https://apis.datos.gob.ar/georef/api,verde,
v4_p17,602,Córdoba,Totoral,Sinsacate,,479,14168110,Sinsacate,Totoral,-30.9428533465916,-64.0939702518538,auto_ok,auto_ok,match_exacto_3campos,auto_match,no,auto,2026-07-22,alta,georef/localidades-censales,https://apis.datos.gob.ar/georef/api,verde,
v4_p17,226,Santa Fe,Rosario,Soldini,,1763,82084280,Soldini,Rosario,-33.0219103358288,-60.7546230008855,auto_ok,auto_ok,match_exacto_3campos,auto_match,no,auto,2026-07-22,alta,georef/localidades-censales,https://apis.datos.gob.ar/georef/api,verde,
v4_p17,281,Santa Fe,San Cristóbal,Soledad,,1505,82091250,Soledad,San Cristóbal,-30.6195349624855,-60.9145750919987,auto_ok,auto_ok,match_exacto_3campos,auto_match,no,auto,2026-07-22,alta,georef/localidades-censales,https://apis.datos.gob.ar/georef/api,verde,
v4_p17,529,Santa Fe,Las Colonias,Soutomayor,,639,82070A33,Soutomayor,Las Colonias,-30.9360148509619,-61.1648411046617,propuesto,A (aparcado),bahra_georef,auto_muestreo,no,auto(pendiente_muestra),2026-07-22,alta,georef/asentamientos,https://apis.datos.gob.ar/georef/api,verde,BAHRA: el nombre no es localidad censal -> fuente correcta (P7)
v4_p17,165,Santa Fe,San Cristóbal,Suardi,,2767,82091260,Suardi,San Cristóbal,-30.5343527184528,-61.9610606616353,auto_ok,auto_ok,match_exacto_3campos,auto_match,no,auto,2026-07-22,alta,georef/localidades-censales,https://apis.datos.gob.ar/georef/api,verde,
v4_p17,457,Córdoba,Río Cuarto,Suco,,838,14098270,Suco,Río Cuarto,-33.4400640146157,-64.830863230014,auto_ok,auto_ok,match_exacto_3campos,auto_match,no,auto,2026-07-22,alta,georef/localidades-censales,https://apis.datos.gob.ar/georef/api,verde,
v4_p17,41,Santa Fe,Castellanos,Sunchales,,7880,82021360,Sunchales,Castellanos,-30.9450524236232,-61.5607667473566,auto_ok,auto_ok,match_exacto_3campos,auto_match,no,auto,2026-07-22,alta,georef/localidades-censales,https://apis.datos.gob.ar/georef/api,verde,
v4_p17,378,Santa Fe,Castellanos,Susana,,1112,82021370,Susana,Castellanos,-31.3558505026757,-61.5158459813754,auto_ok,auto_ok,match_exacto_3campos,auto_match,no,auto,2026-07-22,alta,georef/localidades-censales,https://apis.datos.gob.ar/georef/api,verde,
v4_p17,159,Santa Fe,General Obligado,Tacuarendí,,2838,82049200,Tacuarendi,General Obligado,-28.4126368266426,-59.2601615293611,auto_ok,auto_ok,match_exacto_3campos,auto_match,no,auto,2026-07-22,alta,georef/localidades-censales,https://apis.datos.gob.ar/georef/api,verde,
v4_p17,749,Córdoba,Pocho,Tala Cañada,,168,14077060,Tala Cañada,Pocho,-31.3581107835985,-64.9806043675758,auto_ok,auto_ok,match_exacto_3campos,auto_match,no,auto,2026-07-22,alta,georef/localidades-censales,https://apis.datos.gob.ar/georef/api,verde,
v4_p17,709,Córdoba,Calamuchita,Tala Cruz,,252,14007A43,Tala Cruz,Calamuchita,-32.3556428573015,-64.7007938647175,propuesto,A (aparcado),bahra_georef,auto_muestreo,no,auto(pendiente_muestra),2026-07-22,alta,georef/asentamientos,https://apis.datos.gob.ar/georef/api,verde,BAHRA: el nombre no es localidad censal -> fuente correcta (P7)
v4_p17,715,Córdoba,Minas,Talaini,,236,14070070,Talaini,Minas,-31.2499062728938,-65.1692742925808,auto_ok,auto_ok,match_exacto_3campos,auto_match,no,auto,2026-07-22,alta,georef/localidades-censales,https://apis.datos.gob.ar/georef/api,verde,
v4_p17,556,Córdoba,Río Primero,Tala Norte,,583,,Estación Tala Norte,,-31.1148,-63.6014,propuesto,C5-manual_coord,web_manual_coord,humano_lote,no,pendiente:Jose,2026-07-22,verde (guard: coord en depto esperado),OpenStreetMap/Nominatim,https://nominatim.openstreetmap.org/,verde,"[guard=verde; punto en Río Primero] Estacion Tala Norte, paraje El Alcalde, Pedania Tala, depto Rio Primero, Cordoba"
v4_p17,114,Córdoba,Tercero Arriba,Tancacha,,3816,14161160,Tancacha,Tercero Arriba,-32.2375508154969,-63.9797691898211,auto_ok,auto_ok,match_exacto_3campos,auto_match,no,auto,2026-07-22,alta,georef/localidades-censales,https://apis.datos.gob.ar/georef/api,verde,
v4_p17,323,Córdoba,Punilla,Tanti,,1307,14091230,Tanti,Punilla,-31.3548148960603,-64.5923866313912,auto_ok,auto_ok,match_exacto_3campos,auto_match,no,auto,2026-07-22,alta,georef/localidades-censales,https://apis.datos.gob.ar/georef/api,verde,
v4_p18,578,Santa Fe,General Obligado,Tartagal,,514,82133150,Tartagal,Vera,-28.67105,-59.84809,confirmado_3.3b,3.3b:transferencia_limite_declarado,transferencia_limite_declarado,humano_individual,no,humano:Jose(3.3b),2026-07-22,media,humano (Jose) + Wikipedia + Georef,https://es.wikipedia.org/wiki/Tartagal_(Santa_Fe),rojo,"Jose ratifico bloque limite declarado (README 3.1b: reasignacion entre deptos preexistentes, sin ley citable; identidad solida)"
v4_p18,760,Córdoba,Colón,Tejeda,,129,14021A21,Tejeda,Colón,-31.388362404143,-63.9828884666376,propuesto,A (aparcado),bahra_georef,auto_muestreo,no,auto(pendiente_muestra),2026-07-22,alta,georef/asentamientos,https://apis.datos.gob.ar/georef/api,verde,BAHRA: el nombre no es localidad censal -> fuente correcta (P7)
v4_p18,72,Santa Fe,General López,Teodolina,,5317,82042280,Teodelina,General López,-34.1895791965373,-61.526520024881,propuesto,A (aparcado),bahra_georef,auto_muestreo,no,auto(pendiente_muestra),2026-07-22,media (nombre difiere),georef/,https://apis.datos.gob.ar/georef/api,verde,variante de nombre en el depto correcto
v4_p18,501,Santa Fe,Constitución,Theobald,,712,82028220,Theobald,Constitución,-33.3105302662869,-60.3104771643844,auto_ok,auto_ok,match_exacto_3campos,auto_match,no,auto,2026-07-22,alta,georef/localidades-censales,https://apis.datos.gob.ar/georef/api,verde,
v4_p18,301,Córdoba,General San Martín,Ticino,,1415,14042140,Ticino,General San Martín,-32.6931158268571,-63.4371726070193,auto_ok,auto_ok,match_exacto_3campos,auto_match,no,auto,2026-07-22,alta,georef/localidades-censales,https://apis.datos.gob.ar/georef/api,verde,
v4_p18,658,Córdoba,Río Primero,Tinoco,,344,14021270,Tinoco,Colón,-31.124469,-63.891831,confirmado_3.3b,3.3b:transferencia_limite_declarado,transferencia_limite_declarado,humano_individual,no,humano:Jose(3.3b),2026-07-22,media,humano (Jose) + Georef + Wikipedia,https://es.wikipedia.org/wiki/Departamento_Col%C3%B3n_(C%C3%B3rdoba),rojo,"Jose ratifico bloque limite declarado (README 3.1b: reasignacion entre deptos preexistentes, sin ley citable; identidad solida)"
v4_p18,369,Córdoba,General San Martín,Tío Pujio,,1159,14042150,Tío Pujio,General San Martín,-32.2870733284187,-63.3536812962105,propuesto,A (aparcado),bahra_georef,auto_muestreo,no,auto(pendiente_muestra),2026-07-22,alta,georef/localidades,https://apis.datos.gob.ar/georef/api,verde,BAHRA: el nombre no es localidad censal -> BAHRA es la fuente correcta (P7). id de capa 'localidades' NO es id censal INDEC valido
v4_p18,550,Córdoba,Santa María,Toledo,,595,14147280,Toledo,Santa María,-31.553801035017,-64.0073542050646,auto_ok,auto_ok,match_exacto_3campos,auto_match,no,auto,2026-07-22,alta,georef/localidades-censales,https://apis.datos.gob.ar/georef/api,verde,
v4_p18,247,Santa Fe,Belgrano,Tortugas,,1639,82007060,Tortugas,Belgrano,-32.7473707928427,-61.8210279834457,auto_ok,auto_ok,match_exacto_3campos,auto_match,no,auto,2026-07-22,alta,georef/localidades-censales,https://apis.datos.gob.ar/georef/api,verde,
v4_p18,681,Córdoba,Minas,Toano,,301,14070080,Tosno,Minas,-30.9601236811483,-65.310621340048,propuesto,A (aparcado),bahra_georef,auto_muestreo,no,auto(pendiente_muestra),2026-07-22,media (nombre difiere),georef/,https://apis.datos.gob.ar/georef/api,verde,variante de nombre en el depto correcto
v4_p18,502,Córdoba,Río Cuarto,Tosquita,,711,14098280,Tosquita,Río Cuarto,-33.8197306241081,-64.4577329175017,auto_ok,auto_ok,match_exacto_3campos,auto_match,no,auto,2026-07-22,alta,georef/localidades-censales,https://apis.datos.gob.ar/georef/api,verde,
v4_p18,47,Santa Fe,9 de Julio,Tostado,,6854,82077080,Tostado,9 de Julio,-29.2326357382572,-61.7713159237968,auto_ok,auto_ok,match_exacto_3campos,auto_match,no,auto,2026-07-22,alta,georef/localidades-censales,https://apis.datos.gob.ar/georef/api,verde,
v4_p18,755,Córdoba,Tulumba,Totoralejos,,146,14175A39,Totoralejos,Tulumba,-29.6386925350004,-64.8532850551519,propuesto,A (aparcado),bahra_georef,auto_muestreo,no,auto(pendiente_muestra),2026-07-22,alta,georef/asentamientos,https://apis.datos.gob.ar/georef/api,verde,BAHRA: el nombre no es localidad censal -> fuente correcta (P7)
v4_p18,606,Santa Fe,San Martín,Traill,,470,82126170,Traill,San Martín,-31.9204366914233,-61.7010188228709,auto_ok,auto_ok,match_exacto_3campos,auto_match,no,auto,2026-07-22,alta,georef/localidades-censales,https://apis.datos.gob.ar/georef/api,verde,
v4_p18,200,Córdoba,San Justo,Tránsito,,1914,14140400,Tránsito,San Justo,-31.4263099315665,-63.1951483821135,auto_ok,auto_ok,match_exacto_3campos,auto_match,no,auto,2026-07-22,alta,georef/localidades-censales,https://apis.datos.gob.ar/georef/api,verde,
v4_p18,689,Córdoba,San Javier,Travesía,,287,14133090,La Travesí­a,San Javier,-32.1145484977892,-65.0437289354437,propuesto,A (aparcado),bahra_georef,auto_muestreo,no,auto(pendiente_muestra),2026-07-22,media (nombre difiere),georef/,https://apis.datos.gob.ar/georef/api,verde,variante de nombre en el depto correcto
v4_p18,714,Córdoba,Cruz del Eje,Tres Arboles,,233,14028A60,Tres Árboles,Cruz del Eje,-30.9312088441114,-65.0364437356822,propuesto,A (aparcado),bahra_georef,auto_muestreo,no,auto(pendiente_muestra),2026-07-22,alta,georef/asentamientos,https://apis.datos.gob.ar/georef/api,verde,BAHRA: el nombre no es localidad censal -> fuente correcta (P7)
v4_p18,528,Córdoba,Cruz del Eje,Tuclame,,650,14028190,Tuclame,Cruz del Eje,-30.7468586279423,-65.2348201578531,auto_ok,auto_ok,match_exacto_3campos,auto_match,no,auto,2026-07-22,alta,georef/localidades-censales,https://apis.datos.gob.ar/georef/api,verde,
v4_p18,100,Córdoba,Juárez Celman,Ucacha,,4101,14056160,Ucacha,Juárez Celman,-33.0359483030538,-63.5072717459361,auto_ok,auto_ok,match_exacto_3campos,auto_match,no,auto,2026-07-22,alta,georef/localidades-censales,https://apis.datos.gob.ar/georef/api,verde,
v4_p18,94,Córdoba,Colón,Unquillo,,4405,14021280,Unquillo,Colón,-31.2336425925946,-64.3167896597113,auto_ok,auto_ok,match_exacto_3campos,auto_match,no,auto,2026-07-22,alta,georef/localidades-censales,https://apis.datos.gob.ar/georef/api,verde,
v4_p18,169,Córdoba,Punilla,Valle Hermoso,,2593,14091240,Valle Hermoso,Punilla,-31.1169163868532,-64.4830783583894,auto_ok,auto_ok,match_exacto_3campos,auto_match,no,auto,2026-07-22,alta,georef/localidades-censales,https://apis.datos.gob.ar/georef/api,verde,
v4_p18,8,Santa Fe,General López,Venado Tuerto,,26284,82042290,Venado Tuerto,General López,-33.7454444859603,-61.9687317267883,auto_ok,auto_ok,match_exacto_3campos,auto_match,no,auto,2026-07-22,alta,georef/localidades-censales,https://apis.datos.gob.ar/georef/api,verde,
v4_p18,293,Santa Fe,San Justo,Vera y Pintado,,1462,82112160,Vera y Pintado,San Justo,-30.142552611096,-60.3423066587405,auto_ok,auto_ok,match_exacto_3campos,auto_match,no,auto,2026-07-22,alta,georef/localidades-censales,https://apis.datos.gob.ar/georef/api,verde,
v4_p18,336,Córdoba,Unión,Viamonte,,1264,14182270,Viamonte,Unión,-33.7460877019812,-63.0973412620215,auto_ok,auto_ok,match_exacto_3campos,auto_match,no,auto,2026-07-22,alta,georef/localidades-censales,https://apis.datos.gob.ar/georef/api,verde,
v4_p18,128,Córdoba,Río Cuarto,Vicuña Mackenna,,3443,14098290,Vicuña Mackenna,Río Cuarto,-33.9156405894608,-64.3898573432288,auto_ok,auto_ok,match_exacto_3campos,auto_match,no,auto,2026-07-22,alta,georef/localidades-censales,https://apis.datos.gob.ar/georef/api,verde,
v4_p18,224,Santa Fe,San Justo,Videla,,1765,82112170,Videla,San Justo,-30.9450291156493,-60.6524020523778,auto_ok,auto_ok,match_exacto_3campos,auto_match,no,auto,2026-07-22,alta,georef/localidades-censales,https://apis.datos.gob.ar/georef/api,verde,
v4_p18,269,Santa Fe,Castellanos,Vila,,1551,82021390,Vila,Castellanos,-31.1904978624065,-61.8328838716989,auto_ok,auto_ok,match_exacto_3campos,auto_match,no,auto,2026-07-22,alta,georef/localidades-censales,https://apis.datos.gob.ar/georef/api,verde,
v4_p18,69,Córdoba,Colón,Villa Allende,,5548,14021290,Villa Allende,Colón,-31.293585112303,-64.2976491405004,auto_ok,auto_ok,match_exacto_3campos,auto_match,no,auto,2026-07-22,alta,georef/localidades-censales,https://apis.datos.gob.ar/georef/api,verde,
v4_p18,284,Santa Fe,Rosario,Villa Amelia,,1491,82084290,Villa Amelia,Rosario,-33.1758976602078,-60.6641154628354,auto_ok,auto_ok,match_exacto_3campos,auto_match,no,auto,2026-07-22,alta,georef/localidades-censales,https://apis.datos.gob.ar/georef/api,verde,
v4_p18,117,Santa Fe,General Obligado,Villa Ana,,3718,82049210,Villa Ana,General Obligado,-28.492720156931,-59.6133762028392,auto_ok,auto_ok,match_exacto_3campos,auto_match,no,auto,2026-07-22,alta,georef/localidades-censales,https://apis.datos.gob.ar/georef/api,verde,
v4_p18,219,Córdoba,Tercero Arriba,Villa Ascasubi,,1782,14161170,Villa Ascasubi,Tercero Arriba,-32.1627938173201,-63.8924113666978,auto_ok,auto_ok,match_exacto_3campos,auto_match,no,auto,2026-07-22,alta,georef/localidades-censales,https://apis.datos.gob.ar/georef/api,verde,
v4_p18,573,Córdoba,Río Seco,Villa Candelaria,,525,14112120,Villa Candelaria,Río Seco,-29.8150418984112,-63.3544320072117,auto_ok,auto_ok,match_exacto_3campos,auto_match,no,auto,2026-07-22,alta,georef/localidades-censales,https://apis.datos.gob.ar/georef/api,verde,
v4_p18,42,Santa Fe,General López,Villa Cañás,,7669,82042300,Villa Cañás,General López,-34.0042098905013,-61.6057349552693,auto_ok,auto_ok,match_exacto_3campos,auto_match,no,auto,2026-07-22,alta,georef/localidades-censales,https://apis.datos.gob.ar/georef/api,verde,
v4_p18,59,Córdoba,Punilla,Villa Carlos Paz,,6102,14091250,Villa Carlos Paz,Punilla,-31.4178459516985,-64.4941479224116,auto_ok,auto_ok,match_exacto_3campos,auto_match,no,auto,2026-07-22,alta,georef/localidades-censales,https://apis.datos.gob.ar/georef/api,verde,
v4_p18,14,Santa Fe,Constitución,Villa Constitución,,18720,82028230,Villa Constitución,Constitución,-33.2271943845708,-60.3298580495203,auto_ok,auto_ok,match_exacto_3campos,auto_match,no,auto,2026-07-22,alta,georef/localidades-censales,https://apis.datos.gob.ar/georef/api,verde,
v4_p18,260,Córdoba,San Alberto,Villa Cura Brochero,,1585,14126200,Villa Cura Brochero,San Alberto,-31.7063854711828,-65.0186435893886,auto_ok,auto_ok,match_exacto_3campos,auto_match,no,auto,2026-07-22,alta,georef/localidades-censales,https://apis.datos.gob.ar/georef/api,verde,
v4_p18,239,Santa Fe,Caseros,Villada,,1672,82014140,Villada,Caseros,-33.3487177514244,-61.4466979077385,auto_ok,auto_ok,match_exacto_3campos,auto_match,no,auto,2026-07-22,alta,georef/localidades-censales,https://apis.datos.gob.ar/georef/api,verde,
v4_p18,442,Córdoba,Calamuchita,Villa del Dique,,890,14007290,Villa del Dique,Calamuchita,-32.1764635192649,-64.4568559765907,auto_ok,auto_ok,match_exacto_3campos,auto_match,no,auto,2026-07-22,alta,georef/localidades-censales,https://apis.datos.gob.ar/georef/api,verde,
v4_p18,530,Córdoba,Punilla,Villa del Lago,,635,14091280,Villa Lago Azul,Punilla,-31.3764769979715,-64.4854114023134,propuesto,D,ambiguo,auto_muestreo,no,auto(pendiente_muestra),2026-07-22,baja,georef,https://apis.datos.gob.ar/georef/api,verde,>1 candidato: Villa Lago Azul/Punilla [14091280]; Villa Santa Cruz del Lago/Punilla [14091320]
v4_p18,54,Córdoba,Río Segundo,Villa del Rosario,,6493,14119210,Villa del Rosario,Río Segundo,-31.5541835128643,-63.5355732244249,auto_ok,auto_ok,match_exacto_3campos,auto_match,no,auto,2026-07-22,alta,georef/localidades-censales,https://apis.datos.gob.ar/georef/api,verde,
v4_p18,356,Córdoba,Río Seco,Villa de María,,1218,14112130,Villa de María,Río Seco,-29.9064906484924,-63.7226141908167,auto_ok,auto_ok,match_exacto_3campos,auto_match,no,auto,2026-07-22,alta,georef/localidades-censales,https://apis.datos.gob.ar/georef/api,verde,
v4_p19,103,Córdoba,Cruz del Eje,Villa de Soto,,4066,14028200,Villa de Soto,Cruz del Eje,-30.8552223553762,-64.9849379037468,auto_ok,auto_ok,match_exacto_3campos,auto_match,no,auto,2026-07-22,alta,georef/localidades-censales,https://apis.datos.gob.ar/georef/api,verde,
v4_p19,48,Santa Fe,Rosario,Villa Diego,,6852,,Villa Diego (barrio/localidad de Villa Gobernador Gálvez),,-33.0231,-60.6252,propuesto,C5-barrio_de,web_barrio,humano_lote,no,pendiente:Jose,2026-07-22,verde (guard: coord en depto esperado),Wikipedia (Estación Villa Diego),https://es.wikipedia.org/wiki/Estaci%C3%B3n_Villa_Diego,verde,"[guard=verde; punto en Rosario] Villa Diego es hoy parte de Villa Gobernador Gálvez, depto Rosario; coordenada de la estación homónima."
v4_p19,18,Córdoba,San Javier,Villa Dolores,,16730,14133200,Villa Dolores,San Javier,-31.9450101183542,-65.1902430169456,auto_ok,auto_ok,match_exacto_3campos,auto_match,no,auto,2026-07-22,alta,georef/localidades-censales,https://apis.datos.gob.ar/georef/api,verde,
v4_p19,223,Santa Fe,Iriondo,Villa Eloísa,,1768,82056150,Villa Eloísa,Iriondo,-32.9639333534148,-61.5510795820875,auto_ok,auto_ok,match_exacto_3campos,auto_match,no,auto,2026-07-22,alta,georef/localidades-censales,https://apis.datos.gob.ar/georef/api,verde,
v4_p19,579,Córdoba,Río Primero,Villa Fontana,,512,14105270,Villa Fontana,Río Primero,-30.8936903777371,-63.1170523133836,auto_ok,auto_ok,match_exacto_3campos,auto_match,no,auto,2026-07-22,alta,georef/localidades-censales,https://apis.datos.gob.ar/georef/api,verde,
v4_p19,267,Córdoba,Calamuchita,Villa General Belgrano,,1553,14007310,Villa General Belgrano,Calamuchita,-31.9765366502664,-64.5590374643278,auto_ok,auto_ok,match_exacto_3campos,auto_match,no,auto,2026-07-22,alta,georef/localidades-censales,https://apis.datos.gob.ar/georef/api,verde,
v4_p19,217,Córdoba,Totoral,Villa General Mitre,,1797,,Villa del Totoral,,-30.7000,-64.0667,propuesto,C5-rename,web_rename,humano_lote,no,pendiente:Jose,2026-07-22,verde (guard: coord en depto esperado),Wikipedia; Mapcarta,https://mapcarta.com/20011142,verde,"[guard=verde; punto en Totoral] Villa General Mitre fue el nombre original (1862) de la actual Villa del Totoral, depto Totoral."
v4_p19,273,Córdoba,Punilla,Villa Giardino,,1546,14091270,Villa Giardino,Punilla,-31.0502597711602,-64.4968227203612,auto_ok,auto_ok,match_exacto_3campos,auto_match,no,auto,2026-07-22,alta,georef/localidades-censales,https://apis.datos.gob.ar/georef/api,verde,
v4_p19,79,Santa Fe,Rosario,Villa Gobernador Gálvez,,5142,82084310,Villa Gobernador Gálvez,Rosario,-33.025112265309,-60.633816373492,auto_ok,auto_ok,match_exacto_3campos,auto_match,no,auto,2026-07-22,alta,georef/localidades-censales,https://apis.datos.gob.ar/georef/api,verde,
v4_p19,116,Santa Fe,General Obligado,Villa Guillermina,,3740,82049220,Villa Guillermina,General Obligado,-28.2444536427748,-59.4515062958328,auto_ok,auto_ok,match_exacto_3campos,auto_match,no,auto,2026-07-22,alta,georef/localidades-censales,https://apis.datos.gob.ar/georef/api,verde,
v4_p19,566,Córdoba,Punilla,Villa Independencia,,556,,Villa Independencia (área Villa Carlos Paz / San Antonio de Arredondo),,-31.4583,-64.5078,propuesto,C5-manual_coord,web_manual_coord,humano_lote,no,pendiente:Jose,2026-07-22,verde (guard: coord en depto esperado),OpenStreetMap Nominatim,https://nominatim.openstreetmap.org/search?q=Villa+Independencia+Punilla+Cordoba&format=json,verde,"[guard=verde; punto en Punilla] Barrio/localidad del depto Punilla, en el conurbano de Villa Carlos Paz"
v4_p19,441,Córdoba,San Javier,Villa Las Rosas,,896,14133190,Villa de las Rosas,San Javier,-31.9470971256544,-65.0520499513782,propuesto,A (aparcado),bahra_georef,auto_muestreo,no,auto(pendiente_muestra),2026-07-22,media (nombre difiere),georef/,https://apis.datos.gob.ar/georef/api,verde,variante de nombre en el depto correcto
v4_p19,5,Córdoba,General San Martín,Villa María,,41472,14042170,Villa María,General San Martín,-32.4149515976008,-63.2435434267308,auto_ok,auto_ok,match_exacto_3campos,auto_match,no,auto,2026-07-22,alta,georef/localidades-censales,https://apis.datos.gob.ar/georef/api,verde,
v4_p19,270,Santa Fe,San Lorenzo,Villa Mugueta,,1551,82119160,Villa Mugueta,San Lorenzo,-33.3118526330959,-61.0564134509267,auto_ok,auto_ok,match_exacto_3campos,auto_match,no,auto,2026-07-22,alta,georef/localidades-censales,https://apis.datos.gob.ar/georef/api,verde,
v4_p19,51,Córdoba,General San Martín,Villa Nueva,,6611,14042180,Villa Nueva,General San Martín,-32.4354650889488,-63.247755002406,auto_ok,auto_ok,match_exacto_3campos,auto_match,no,auto,2026-07-22,alta,georef/localidades-censales,https://apis.datos.gob.ar/georef/api,verde,
v4_p19,33,Santa Fe,General Obligado,Villa Ocampo,,9909,82049230,Villa Ocampo,General Obligado,-28.4865942375911,-59.3548518638271,auto_ok,auto_ok,match_exacto_3campos,auto_match,no,auto,2026-07-22,alta,georef/localidades-censales,https://apis.datos.gob.ar/georef/api,verde,
v4_p19,451,Córdoba,Ischilín,Villa Quilino,,857,14049130,Villa Quilino,Ischilín,-30.2091669689618,-64.4684354103473,propuesto,A (aparcado),bahra_georef,auto_muestreo,no,auto(pendiente_muestra),2026-07-22,alta,georef/asentamientos,https://apis.datos.gob.ar/georef/api,verde,BAHRA: el nombre no es localidad censal -> fuente correcta (P7)
v4_p19,233,Córdoba,Juárez Celman,Villa Reducción,,1731,14056170,Villa Reducción,Juárez Celman,-33.2031138079518,-63.8626455259537,propuesto,A (aparcado),bahra_georef,auto_muestreo,no,auto(pendiente_muestra),2026-07-22,alta,georef/localidades,https://apis.datos.gob.ar/georef/api,verde,BAHRA: el nombre no es localidad censal -> BAHRA es la fuente correcta (P7). id de capa 'localidades' NO es id censal INDEC valido
v4_p19,763,Córdoba,Calamuchita,Villa Río Grande,,123,14007A45,Villa Río Grande,Calamuchita,-32.2137115837995,-64.5666415269375,propuesto,A (aparcado),bahra_georef,auto_muestreo,no,auto(pendiente_muestra),2026-07-22,alta,georef/asentamientos,https://apis.datos.gob.ar/georef/api,verde,BAHRA: el nombre no es localidad censal -> fuente correcta (P7)
v4_p19,633,Córdoba,Tulumba,V. Rosario del Saladillo,,416,,Villa Rosario del Saladillo,,-30.4311,-63.4731,propuesto,C5-manual_coord,web_manual_coord,humano_lote,no,pendiente:Jose,2026-07-22,verde (guard: coord en depto esperado),Wikipedia,https://es.wikipedia.org/wiki/Rosario_del_Saladillo,verde,"[guard=verde; punto en Tulumba] Rosario del Saladillo (Villa), depto Tulumba, Cordoba"
v4_p19,383,Córdoba,Pte. Roque Sáenz Peña,Villa Rossi,,1082,14084100,Villa Rossi,Presidente Roque Sáenz Peña,-34.2980030195395,-63.2690529376847,auto_ok,auto_ok,match_exacto_3campos,auto_match,no,auto,2026-07-22,alta,georef/localidades-censales,https://apis.datos.gob.ar/georef/api,verde,
v4_p19,604,Córdoba,Calamuchita,Villa Rumipal,,476,14007340,Villa Rumipal,Calamuchita,-32.1894317443661,-64.4792480757284,auto_ok,auto_ok,match_exacto_3campos,auto_match,no,auto,2026-07-22,alta,georef/localidades-censales,https://apis.datos.gob.ar/georef/api,verde,
v4_p19,549,Santa Fe,Castellanos,Villa San José,,596,82021410,Villa San José,Castellanos,-31.3366747467426,-61.6217260308257,auto_ok,auto_ok,match_exacto_3campos,auto_match,no,auto,2026-07-22,alta,georef/localidades-censales,https://apis.datos.gob.ar/georef/api,verde,
v4_p19,539,Santa Fe,San Cristóbal,Villa Saralegui,,622,82091270,Villa Saralegui,San Cristóbal,-30.5392780553151,-60.7469730063834,auto_ok,auto_ok,match_exacto_3campos,auto_match,no,auto,2026-07-22,alta,georef/localidades-censales,https://apis.datos.gob.ar/georef/api,verde,
v4_p19,769,Córdoba,General Roca,Villa Sarmiento,,114,14035130,Villa Sarmiento,General Roca,-34.1228298726113,-64.7251882232828,auto_ok,auto_ok,match_exacto_3campos,auto_match,no,auto,2026-07-22,alta,georef/localidades-censales,https://apis.datos.gob.ar/georef/api,verde,
v4_p19,308,Santa Fe,San Cristóbal,Villa Trinidad,,1387,82091280,Villa Trinidad,San Cristóbal,-30.2176460355738,-61.877568026694,auto_ok,auto_ok,match_exacto_3campos,auto_match,no,auto,2026-07-22,alta,georef/localidades-censales,https://apis.datos.gob.ar/georef/api,verde,
v4_p19,376,Córdoba,Tulumba,Villa Tulumba,,1122,14175110,Villa Tulumba,Tulumba,-30.3956986588443,-64.1222368317599,auto_ok,auto_ok,match_exacto_3campos,auto_match,no,auto,2026-07-22,alta,georef/localidades-censales,https://apis.datos.gob.ar/georef/api,verde,
v4_p19,347,Córdoba,General Roca,Villa Valeria,,1228,14035140,Villa Valeria,General Roca,-34.3414075155528,-64.9207678822872,auto_ok,auto_ok,match_exacto_3campos,auto_match,no,auto,2026-07-22,alta,georef/localidades-censales,https://apis.datos.gob.ar/georef/api,verde,
v4_p19,645,Córdoba,Calamuchita,Villa Yacanto,,378,14007360,Villa Yacanto,Calamuchita,-32.1060439681258,-64.7543887737053,auto_ok,auto_ok,match_exacto_3campos,auto_match,no,auto,2026-07-22,alta,georef/localidades-censales,https://apis.datos.gob.ar/georef/api,verde,
v4_p19,615,Santa Fe,Castellanos,Virginia,,457,82021420,Virginia,Castellanos,-30.739532733184,-61.3402764874647,auto_ok,auto_ok,match_exacto_3campos,auto_match,no,auto,2026-07-22,alta,georef/localidades-censales,https://apis.datos.gob.ar/georef/api,verde,
v4_p19,742,Córdoba,Pte. Roque Sáenz Peña,Vivero,,184,14084A25,Vivero,Presidente Roque Sáenz Peña,-34.2353786098472,-62.835525889776,propuesto,A (aparcado),bahra_georef,auto_muestreo,no,auto(pendiente_muestra),2026-07-22,alta,georef/asentamientos,https://apis.datos.gob.ar/georef/api,verde,BAHRA: el nombre no es localidad censal -> fuente correcta (P7)
v4_p19,424,Córdoba,Río Cuarto,Washington,,955,14098320,Washington,Río Cuarto,-33.8735780824578,-64.6896663643402,auto_ok,auto_ok,match_exacto_3campos,auto_match,no,auto,2026-07-22,alta,georef/localidades-censales,https://apis.datos.gob.ar/georef/api,verde,
v4_p19,135,Santa Fe,General López,Wheelwright,,3281,82042310,Wheelwright,General López,-33.792276462432,-61.2107531979754,auto_ok,auto_ok,match_exacto_3campos,auto_match,no,auto,2026-07-22,alta,georef/localidades-censales,https://apis.datos.gob.ar/georef/api,verde,
v4_p19,592,Córdoba,San Javier,Yacanto,,492,14133170,San Javier y Yacanto,San Javier,-32.0264693052096,-65.0302562791264,propuesto,A (aparcado),bahra_georef,auto_muestreo,no,auto(pendiente_muestra),2026-07-22,media (nombre difiere),georef/,https://apis.datos.gob.ar/georef/api,verde,variante de nombre en el depto correcto
v4_p19,454,Córdoba,Santa María,Yoscina,,745,14147380,Yocsina,Santa María,-31.4468377568782,-64.3646200261083,propuesto,E-bahra-fuzzy,bahra_fuzzy,auto_muestreo,no,auto(pendiente_muestra),2026-07-22,BAJA (fuzzy en capa BAHRA: puede no ser el mismo lugar),georef/asentamientos,https://apis.datos.gob.ar/georef/api,verde,antes era sin_match. candidatos: Yocsina/Santa María [14147380]
v4_p19,150,Santa Fe,Rosario,Zavalla,,3040,82084320,Zavalla,Rosario,-33.0193574675995,-60.8787398914855,auto_ok,auto_ok,match_exacto_3campos,auto_match,no,auto,2026-07-22,alta,georef/localidades-censales,https://apis.datos.gob.ar/georef/api,verde,
v4_p19,243,Santa Fe,Castellanos,Zenón Pereyra,,1661,82021430,Zenón Pereyra,Castellanos,-31.5601122726826,-61.8963022222939,auto_ok,auto_ok,match_exacto_3campos,auto_match,no,auto,2026-07-22,alta,georef/localidades-censales,https://apis.datos.gob.ar/georef/api,verde,
v5_p01,156,Corrientes,Monte Caseros,Acuña,,805,18112060,Parada Acuña,Monte Caseros,-29.9084817138799,-57.9581770148793,propuesto,A (aparcado),bahra_georef,auto_muestreo,no,auto(pendiente_muestra),2026-07-22,media (nombre difiere),georef/,https://apis.datos.gob.ar/georef/api,verde,variante de nombre en el depto correcto
v5_p01,220,Misiones,25 de Mayo,Alba Posse,,481,54119010,Alba Posse,25 de Mayo,-27.5690158978856,-54.6835595579116,auto_ok,auto_ok,match_exacto_3campos,auto_match,no,auto,2026-07-22,alta,georef/localidades-censales,https://apis.datos.gob.ar/georef/api,verde,
v5_p01,246,Entre Ríos,La Paz,Alcaraz,,376,30070005,Alcaraz,La Paz,-31.4573470773087,-59.5986503535533,auto_ok,auto_ok,match_exacto_3campos,auto_match,no,auto,2026-07-22,alta,georef/localidades-censales,https://apis.datos.gob.ar/georef/api,verde,
v5_p01,189,Entre Ríos,Gualeguay,Aldea Asunción,,616,30049010,Aldea Asunción,Gualeguay,-32.8245921185481,-59.2323421606744,auto_ok,auto_ok,match_exacto_3campos,auto_match,no,auto,2026-07-22,alta,georef/localidades-censales,https://apis.datos.gob.ar/georef/api,verde,
v5_p01,239,Entre Ríos,Diamante,Aldea Brasilera,,391,30021010,Aldea Brasilera,Diamante,-31.8896008872306,-60.5908849355066,auto_ok,auto_ok,match_exacto_3campos,auto_match,no,auto,2026-07-22,alta,georef/localidades-censales,https://apis.datos.gob.ar/georef/api,verde,
v5_p01,226,Entre Ríos,Paraná,Aldea María Luisa,,451,30084010,Aldea María Luisa,Paraná,-31.8857224493674,-60.4094847619531,auto_ok,auto_ok,match_exacto_3campos,auto_match,no,auto,2026-07-22,alta,georef/localidades-censales,https://apis.datos.gob.ar/georef/api,verde,
v5_p01,219,Entre Ríos,Diamante,Aldea Protestante,,482,30021020,Aldea Protestante,Diamante,-32.0287492958823,-60.5661699746699,auto_ok,auto_ok,match_exacto_3campos,auto_match,no,auto,2026-07-22,alta,georef/localidades-censales,https://apis.datos.gob.ar/georef/api,verde,
v5_p01,214,Entre Ríos,Gualeguaychú,Aldea San Antonio,,502,30056010,Aldea San Antonio,Gualeguaychú,-32.625106421115,-58.7045559796803,auto_ok,auto_ok,match_exacto_3campos,auto_match,no,auto,2026-07-22,alta,georef/localidades-censales,https://apis.datos.gob.ar/georef/api,verde,
v5_p01,255,Entre Ríos,Paraná,Aldea Santa María,,340,30084030,Aldea Santa María,Paraná,-31.6112550257015,-60.006968642047,auto_ok,auto_ok,match_exacto_3campos,auto_match,no,auto,2026-07-22,alta,georef/localidades-censales,https://apis.datos.gob.ar/georef/api,verde,
v5_p01,101,Misiones,Leandro N. Alem,Almafuerte,,1351,54070010,Almafuerte,Leandro N. Alem,-27.5085726892521,-55.4031623253692,auto_ok,auto_ok,match_exacto_3campos,auto_match,no,auto,2026-07-22,alta,georef/localidades-censales,https://apis.datos.gob.ar/georef/api,verde,
v5_p01,192,Entre Ríos,Tala,Altamirano Sud,,607,,Altamirano Sur,,-32.0883,-59.1751,propuesto,C5-rename,web_rename,humano_lote,no,pendiente:Jose,2026-07-22,verde (guard: coord en depto esperado),Wikipedia,https://es.wikipedia.org/wiki/Altamirano_Sur,verde,"[guard=verde; punto en Tala] Centro rural del distrito Raíces al Sud, depto Tala (Altamirano Sud = Altamirano Sur)"
v5_p01,30,Corrientes,General Alvear,Alvear,,4252,18056010,Alvear,General Alvear,-29.098874584988,-56.5533936487248,auto_ok,auto_ok,match_exacto_3campos,auto_match,no,auto,2026-07-22,alta,georef/localidades-censales,https://apis.datos.gob.ar/georef/api,verde,
v5_p01,240,Entre Ríos,Victoria,Antelo,,389,30105010,Antelo,Victoria,-32.5335345774513,-60.0354686475297,auto_ok,auto_ok,match_exacto_3campos,auto_match,no,auto,2026-07-22,alta,georef/localidades-censales,https://apis.datos.gob.ar/georef/api,verde,
v5_p01,290,Corrientes,Ituzaingó,Apipé,,209,18084A05,Isla Apipé Chico,Ituzaingó,-27.5721984099782,-56.7110238482442,propuesto,E-bahra-fuzzy,bahra_fuzzy,auto_muestreo,no,auto(pendiente_muestra),2026-07-22,BAJA (fuzzy en capa BAHRA: puede no ser el mismo lugar),georef/asentamientos,https://apis.datos.gob.ar/georef/api,verde,antes era sin_match. candidatos: Isla Apipé Chico/Ituzaingó [18084A05]
v5_p01,27,Misiones,Apóstoles,Apóstoles,,6507,54007010,Apóstoles,Apóstoles,-27.909806877888,-55.7532126178864,auto_ok,auto_ok,match_exacto_3campos,auto_match,no,auto,2026-07-22,alta,georef/localidades-censales,https://apis.datos.gob.ar/georef/api,verde,
v5_p01,136,Entre Ríos,Victoria,Aranguren,,932,30077010,Aranguren,Nogoyá,-32.24578,-60.15835,confirmado_3.3b,3.3b:transferencia_limite_declarado,transferencia_limite_declarado,humano_individual,no,humano:Jose(3.3b),2026-07-22,alta,humano (Jose) + Georef + Wikipedia,https://es.wikipedia.org/wiki/Villa_Aranguren,rojo,"Jose ratifico bloque limite declarado (README 3.1b: reasignacion entre deptos preexistentes, sin ley citable; identidad solida)"
v5_p01,138,Misiones,Cainguás,Aristóbulo del Valle,,925,54014010,Aristóbulo del Valle,Cainguás,-27.0952902000827,-54.8949054572105,auto_ok,auto_ok,match_exacto_3campos,auto_match,no,auto,2026-07-22,alta,georef/localidades-censales,https://apis.datos.gob.ar/georef/api,verde,
v5_p01,277,Entre Ríos,Colón,Arroyo Barú,,259,30008010,Arroyo Barú,Colón,-31.8672649150271,-58.4483397399172,auto_ok,auto_ok,match_exacto_3campos,auto_match,no,auto,2026-07-22,alta,georef/localidades-censales,https://apis.datos.gob.ar/georef/api,verde,
v5_p01,242,Entre Ríos,Tala,Arroyo Clé,,385,30091030,Arroyo Clé,Tala,-32.6379873873364,-59.3975659219232,auto_ok,auto_ok,match_exacto_3campos,auto_match,no,auto,2026-07-22,alta,georef/localidades-censales,https://apis.datos.gob.ar/georef/api,verde,
v5_p01,260,Entre Ríos,Colón,Arroyo Grande,,328,30088A00,Arroyo Grande,San Salvador,-31.5979461818252,-58.3676725819707,propuesto,A (aparcado),bahra_georef,auto_muestreo,no,auto(pendiente_muestra),2026-07-22,alta,georef/asentamientos,https://apis.datos.gob.ar/georef/api,verde,BAHRA: el nombre no es localidad censal -> fuente correcta (P7)
v5_p01,153,Misiones,Apóstoles,Azara,,838,54007020,Azara,Apóstoles,-28.057251205305,-55.6767993766976,auto_ok,auto_ok,match_exacto_3campos,auto_match,no,auto,2026-07-22,alta,georef/localidades-censales,https://apis.datos.gob.ar/georef/api,verde,
v5_p01,245,Corrientes,Curuzú Cuatiá,Baibiene,,380,18035A05,Baibiene,Curuzú Cuatiá,-29.6042641340363,-58.1650315535306,propuesto,A (aparcado),bahra_georef,auto_muestreo,no,auto(pendiente_muestra),2026-07-22,alta,georef/asentamientos,https://apis.datos.gob.ar/georef/api,verde,BAHRA: el nombre no es localidad censal -> fuente correcta (P7)
v5_p01,26,Entre Ríos,Uruguay,Basavilbaso,,6614,30098010,Basavilbaso,Uruguay,-32.3725729351065,-58.8785609437917,auto_ok,auto_ok,match_exacto_3campos,auto_match,no,auto,2026-07-22,alta,georef/localidades-censales,https://apis.datos.gob.ar/georef/api,verde,
v5_p01,21,Corrientes,Bella Vista,Bella Vista,,8334,18007010,Bella Vista,Bella Vista,-28.507677249655,-59.04433283502,auto_ok,auto_ok,match_exacto_3campos,auto_match,no,auto,2026-07-22,alta,georef/localidades-censales,https://apis.datos.gob.ar/georef/api,verde,
v5_p01,222,Entre Ríos,Colón,Berduc,,473,30008A01,Berduc,Colón,-31.9208597073482,-58.3180634697833,propuesto,A (aparcado),bahra_georef,auto_muestreo,no,auto(pendiente_muestra),2026-07-22,alta,georef/asentamientos,https://apis.datos.gob.ar/georef/api,verde,BAHRA: el nombre no es localidad censal -> fuente correcta (P7)
v5_p01,92,Misiones,General Belgrano,Bernardo de Irigoyen,,1400,54049020,Bernardo de Irigoyen,General Manuel Belgrano,-26.2546761021204,-53.6472133435976,auto_ok,auto_ok,match_exacto_3campos,auto_match,no,auto,2026-07-22,alta,georef/localidades-censales,https://apis.datos.gob.ar/georef/api,verde,
v5_p01,161,Corrientes,Berón de Astrada,Berón de Astrada,,765,18014010,Berón de Astrada,Berón de Astrada,-27.5502192063956,-57.5284147514388,propuesto,A (aparcado),bahra_georef,auto_muestreo,no,auto(pendiente_muestra),2026-07-22,alta,georef/localidades,https://apis.datos.gob.ar/georef/api,verde,BAHRA: el nombre no es localidad censal -> BAHRA es la fuente correcta (P7). id de capa 'localidades' NO es id censal INDEC valido
v5_p01,286,Entre Ríos,Nogoyá,Betbeder,,227,30077020,Betbeder,Nogoyá,-32.3721037866146,-59.928598635714,auto_ok,auto_ok,match_exacto_3campos,auto_match,no,auto,2026-07-22,alta,georef/localidades-censales,https://apis.datos.gob.ar/georef/api,verde,
v5_p01,204,Corrientes,Paso de los Libres,Bonpland,,532,18119010,Bonpland,Paso de los Libres,-29.8174997958514,-57.4278647823959,auto_ok,auto_ok,match_exacto_3campos,auto_match,no,auto,2026-07-22,alta,georef/localidades-censales,https://apis.datos.gob.ar/georef/api,verde,
v5_p01,120,Misiones,Candelaria,Bonpland,,1132,54021010,Bonpland,Candelaria,-27.4820696887808,-55.4774200837194,auto_ok,auto_ok,match_exacto_3campos,auto_match,no,auto,2026-07-22,alta,georef/localidades-censales,https://apis.datos.gob.ar/georef/api,verde,
v5_p01,70,Entre Ríos,La Paz,Bovril,,1955,30070010,Bovril,La Paz,-31.3435194116544,-59.4464523946929,auto_ok,auto_ok,match_exacto_3campos,auto_match,no,auto,2026-07-22,alta,georef/localidades-censales,https://apis.datos.gob.ar/georef/api,verde,
v5_p01,193,Misiones,Leandro N. Alem,Caa-Yarí,,588,54070030,Caá - Yarí,Leandro N. Alem,-27.4848269636129,-55.2989561007226,auto_ok,auto_ok,match_exacto_3campos,auto_match,no,auto,2026-07-22,alta,georef/localidades-censales,https://apis.datos.gob.ar/georef/api,verde,
v5_p01,164,Entre Ríos,Concordia,Calabacillas,,737,30015010,Calabacilla,Concordia,-31.507626297952,-58.1334346597166,propuesto,A (aparcado),bahra_georef,auto_muestreo,no,auto(pendiente_muestra),2026-07-22,media (nombre difiere),georef/,https://apis.datos.gob.ar/georef/api,verde,variante de nombre en el depto correcto
v5_p01,97,Misiones,Cainguás,Campo Grande,,1362,54014020,Campo Grande,Cainguás,-27.2062681295066,-54.9790955036689,auto_ok,auto_ok,match_exacto_3campos,auto_match,no,auto,2026-07-22,alta,georef/localidades-censales,https://apis.datos.gob.ar/georef/api,verde,
v5_p01,95,Misiones,Oberá,Campo Ramón,,1372,54091020,Campo Ramón,Oberá,-27.4556803559775,-55.0214841433972,auto_ok,auto_ok,match_exacto_3campos,auto_match,no,auto,2026-07-22,alta,georef/localidades-censales,https://apis.datos.gob.ar/georef/api,verde,
v5_p01,105,Misiones,Oberá,Campo Viera,,1293,54091030,Campo Viera,Oberá,-27.3310558767329,-55.0528548158544,auto_ok,auto_ok,match_exacto_3campos,auto_match,no,auto,2026-07-22,alta,georef/localidades-censales,https://apis.datos.gob.ar/georef/api,verde,
v5_p01,56,Misiones,Candelaria,Candelaria,,2429,54021020,Candelaria,Candelaria,-27.4591653471738,-55.7430844145913,auto_ok,auto_ok,match_exacto_3campos,auto_match,no,auto,2026-07-22,alta,georef/localidades-censales,https://apis.datos.gob.ar/georef/api,verde,
v5_p01,248,Corrientes,Sauce,Cañaditas,,368,18175A01,Cañaditas,Sauce,-30.1900430999118,-59.0605777410565,propuesto,A (aparcado),bahra_georef,auto_muestreo,no,auto(pendiente_muestra),2026-07-22,alta,georef/asentamientos,https://apis.datos.gob.ar/georef/api,verde,BAHRA: el nombre no es localidad censal -> fuente correcta (P7)
v5_p01,169,Misiones,Lib. Gral. San Martín,Capiovy,,701,54077010,Capioví,Libertador General San Martín,-26.9292033223206,-55.0569367980451,propuesto,A (aparcado),bahra_georef,auto_muestreo,no,auto(pendiente_muestra),2026-07-22,media (nombre difiere),georef/,https://apis.datos.gob.ar/georef/api,verde,variante de nombre en el depto correcto
v5_p01,177,Misiones,Montecarlo,Caraguatay,,664,54084010,Caraguatay,Montecarlo,-26.6575077390733,-54.7391541438988,auto_ok,auto_ok,match_exacto_3campos,auto_match,no,auto,2026-07-22,alta,georef/localidades-censales,https://apis.datos.gob.ar/georef/api,verde,
v5_p01,249,Misiones,Iguazú,Cataratas del Iguazú,,357,54063A02,Cataratas del Iguazú,Iguazú,-25.6810542441735,-54.4533509254116,propuesto,A (aparcado),bahra_georef,auto_muestreo,no,auto(pendiente_muestra),2026-07-22,alta,georef/asentamientos,https://apis.datos.gob.ar/georef/api,verde,BAHRA: el nombre no es localidad censal -> fuente correcta (P7)
v5_p02,303,Corrientes,Santo Tomé,Caza Pava,,119,18168A03,Caza Pava,Santo Tomé,-28.2916988583689,-56.1144281633889,propuesto,A (aparcado),bahra_georef,auto_muestreo,no,auto(pendiente_muestra),2026-07-22,alta,georef/asentamientos,https://apis.datos.gob.ar/georef/api,verde,BAHRA: el nombre no es localidad censal -> fuente correcta (P7)
v5_p02,175,Corrientes,Curuzú Cuatiá,Cazadores Correntinos,,672,18035010,Cazadores Correntinos,Curuzú Cuatiá,-29.9804356623123,-58.3017377658215,auto_ok,auto_ok,match_exacto_3campos,auto_match,no,auto,2026-07-22,alta,georef/localidades-censales,https://apis.datos.gob.ar/georef/api,verde,
v5_p02,203,Corrientes,General Paz,Cerrito,,541,18063A04,Cerrito,General Paz,-27.8421477925351,-57.9135960701282,propuesto,A (aparcado),bahra_georef,auto_muestreo,no,auto(pendiente_muestra),2026-07-22,alta,georef/asentamientos,https://apis.datos.gob.ar/georef/api,verde,BAHRA: el nombre no es localidad censal -> fuente correcta (P7)
v5_p02,77,Misiones,Leandro N. Alem,Cerro Azul,,1712,54070040,Cerro Azul,Leandro N. Alem,-27.6336314303925,-55.4973143405171,auto_ok,auto_ok,match_exacto_3campos,auto_match,no,auto,2026-07-22,alta,georef/localidades-censales,https://apis.datos.gob.ar/georef/api,verde,
v5_p02,262,Misiones,Candelaria,Cerro Corá,,324,54021030,Cerro Corá,Candelaria,-27.5093836116767,-55.6012275302835,auto_ok,auto_ok,match_exacto_3campos,auto_match,no,auto,2026-07-22,alta,georef/localidades-censales,https://apis.datos.gob.ar/georef/api,verde,
v5_p02,261,Entre Ríos,Concordia,Clodomiro Ledesma,,328,30015020,Clodomiro Ledesma,Concordia,-31.5767248172959,-58.1811481373157,auto_ok,auto_ok,match_exacto_3campos,auto_match,no,auto,2026-07-22,alta,georef/localidades-censales,https://apis.datos.gob.ar/georef/api,verde,
v5_p02,25,Entre Ríos,Colón,Colón,,6813,30008020,Colón,Colón,-32.225205419614,-58.141927041884,auto_ok,auto_ok,match_exacto_3campos,auto_match,no,auto,2026-07-22,alta,georef/localidades-censales,https://apis.datos.gob.ar/georef/api,verde,
v5_p02,210,Corrientes,San Martín,Colonia Carlos Pellegrini,,515,18147010,Colonia Carlos Pellegrini,San Martín,-28.5372780101827,-57.1713964348586,auto_ok,auto_ok,match_exacto_3campos,auto_match,no,auto,2026-07-22,alta,georef/localidades-censales,https://apis.datos.gob.ar/georef/api,verde,
v5_p02,233,Corrientes,Goya,Colonia Carolina,,416,18070010,Carolina,,-29.1433295431663,-59.181029701103,propuesto,C-generador,generador_transformacion,auto_muestreo,no,auto(pendiente_muestra),2026-07-22,alta (match exacto en depto del conjunto),georef/localidades-censales,https://apis.datos.gob.ar/georef/api,verde,candidato probado: 'Carolina' [prefijo: se quita 'Colonia']
v5_p02,145,Entre Ríos,Uruguay,Colonia Caseros,,885,30098020,Caseros,,-32.4621264573722,-58.479409722348,propuesto,C-generador,generador_transformacion,auto_muestreo,no,auto(pendiente_muestra),2026-07-22,alta (match exacto en depto del conjunto),georef/localidades-censales,https://apis.datos.gob.ar/georef/api,verde,candidato probado: 'Caseros' [prefijo: se quita 'Colonia']
v5_p02,94,Misiones,Eldorado,Colonia Delicia,,1389,54042A03,Colonia Delicia,Eldorado,-26.1927549339233,-54.4435629464386,propuesto,A (aparcado),bahra_georef,auto_muestreo,no,auto(pendiente_muestra),2026-07-22,alta,georef/asentamientos,https://apis.datos.gob.ar/georef/api,verde,BAHRA: el nombre no es localidad censal -> fuente correcta (P7)
v5_p02,141,Entre Ríos,Uruguay,Colonia Elía,,917,30098030,Colonia Elía,Uruguay,-32.6704472006584,-58.3254542666088,auto_ok,auto_ok,match_exacto_3campos,auto_match,no,auto,2026-07-22,alta,georef/localidades-censales,https://apis.datos.gob.ar/georef/api,verde,
v5_p02,234,Entre Ríos,Colón,Colonia Hocker,,410,30008050,Hocker,,-32.0855250470155,-58.3417797262943,propuesto,C-generador,generador_transformacion,auto_muestreo,no,auto(pendiente_muestra),2026-07-22,alta (match exacto en depto del conjunto),georef/localidades-censales,https://apis.datos.gob.ar/georef/api,verde,candidato probado: 'Hocker' [prefijo: se quita 'Colonia']
v5_p02,282,Entre Ríos,Colón,Colonia Hughes,,244,30008030,Colonia Hugues,Colón,-32.2963657704418,-58.2329681221353,propuesto,A (aparcado),bahra_georef,auto_muestreo,no,auto(pendiente_muestra),2026-07-22,media (nombre difiere),georef/,https://apis.datos.gob.ar/georef/api,verde,variante de nombre en el depto correcto
v5_p02,165,Corrientes,Monte Caseros,Colonia Libertad,,732,18112010,Colonia Libertad,Monte Caseros,-30.0433351326338,-57.8217620852867,auto_ok,auto_ok,match_exacto_3campos,auto_match,no,auto,2026-07-22,alta,georef/localidades-censales,https://apis.datos.gob.ar/georef/api,verde,
v5_p02,71,Corrientes,San Roque,Colonia Pando,,1876,18161020,Colonia Pando,San Roque,-28.5230234109359,-58.4876788230417,auto_ok,auto_ok,match_exacto_3campos,auto_match,no,auto,2026-07-22,alta,georef/localidades-censales,https://apis.datos.gob.ar/georef/api,verde,
v5_p02,185,Corrientes,Goya,Colonia Porvenir,,638,18070A12,Colonia Porvenir,Goya,-29.1891738594061,-59.1937209925203,propuesto,A (aparcado),bahra_georef,auto_muestreo,no,auto(pendiente_muestra),2026-07-22,alta,georef/asentamientos,https://apis.datos.gob.ar/georef/api,verde,BAHRA: el nombre no es localidad censal -> fuente correcta (P7)
v5_p02,300,Entre Ríos,Colón,Colonia San Ernesto,,142,30088A08,Colonia San Ernesto,San Salvador,-31.8381289707344,-58.6340521954263,propuesto,A (aparcado),bahra_georef,auto_muestreo,no,auto(pendiente_muestra),2026-07-22,alta,georef/asentamientos,https://apis.datos.gob.ar/georef/api,verde,BAHRA: el nombre no es localidad censal -> fuente correcta (P7)
v5_p02,73,Misiones,Eldorado,Colonia Victoria,,1810,54042010,Colonia Victoria,Eldorado,-26.3298887730818,-54.6215572258235,auto_ok,auto_ok,match_exacto_3campos,auto_match,no,auto,2026-07-22,alta,georef/localidades-censales,https://apis.datos.gob.ar/georef/api,verde,
v5_p02,52,Corrientes,Concepción,Concepción,,2593,18028010,Concepción,Concepción,-28.3932008623293,-57.8869168616331,propuesto,A (aparcado),bahra_georef,auto_muestreo,no,auto(pendiente_muestra),2026-07-22,alta,georef/localidades,https://apis.datos.gob.ar/georef/api,verde,BAHRA: el nombre no es localidad censal -> BAHRA es la fuente correcta (P7). id de capa 'localidades' NO es id censal INDEC valido
v5_p02,57,Misiones,Concepción,Concepción de la Sierra,,2313,54035020,Concepción de la Sierra,Concepción,-27.9813155596218,-55.5209343056683,auto_ok,auto_ok,match_exacto_3campos,auto_match,no,auto,2026-07-22,alta,georef/localidades-censales,https://apis.datos.gob.ar/georef/api,verde,
v5_p02,5,Entre Ríos,Uruguay,Concepción del Uruguay,,36486,30098040,Concepción del Uruguay,Uruguay,-32.4846797790233,-58.2321774852172,auto_ok,auto_ok,match_exacto_3campos,auto_match,no,auto,2026-07-22,alta,georef/localidades-censales,https://apis.datos.gob.ar/georef/api,verde,
v5_p02,4,Entre Ríos,Concordia,Concordia,,56654,30015060,Concordia,Concordia,-31.3919745940866,-58.0170137988429,auto_ok,auto_ok,match_exacto_3campos,auto_match,no,auto,2026-07-22,alta,georef/localidades-censales,https://apis.datos.gob.ar/georef/api,verde,
v5_p02,284,Entre Ríos,La Paz,Conscripto Bernardi,,234,30035010,Conscripto Bernardi,Federal,-31.0492614579919,-59.0833394127461,auto_ok,auto_ok,match_exacto_3campos,auto_match,no,auto,2026-07-22,alta,georef/localidades-censales,https://apis.datos.gob.ar/georef/api,verde,
v5_p02,91,Misiones,San Ignacio,Corpus,,1414,54098020,Corpus,San Ignacio,-27.1278038790718,-55.5094179289212,auto_ok,auto_ok,match_exacto_3campos,auto_match,no,auto,2026-07-22,alta,georef/localidades-censales,https://apis.datos.gob.ar/georef/api,verde,
v5_p02,2,Corrientes,Capital,Corrientes,,97507,18021020,Corrientes,Capital,-27.4632821641043,-58.8392333481757,auto_ok,auto_ok,match_exacto_3campos,auto_match,no,auto,2026-07-22,alta,georef/localidades-censales,https://apis.datos.gob.ar/georef/api,verde,
v5_p02,28,Entre Ríos,Paraná,Crespo,,5706,30084070,Crespo,Paraná,-32.0307016505858,-60.3063087316545,auto_ok,auto_ok,match_exacto_3campos,auto_match,no,auto,2026-07-22,alta,georef/localidades-censales,https://apis.datos.gob.ar/georef/api,verde,
v5_p02,285,Corrientes,Santo Tomé,Cuay Grande,,232,18168A07,Cuay Grande,Santo Tomé,-28.6656467893022,-56.2872493942567,propuesto,A (aparcado),bahra_georef,auto_muestreo,no,auto(pendiente_muestra),2026-07-22,alta,georef/asentamientos,https://apis.datos.gob.ar/georef/api,verde,BAHRA: el nombre no es localidad censal -> fuente correcta (P7)
v5_p02,266,Entre Ríos,Gualeguaychú,Cuchilla Redonda,,312,30056027,Cuchilla Redonda,Gualeguaychú,-33.0886358392368,-59.096486261053,auto_ok,auto_ok,match_exacto_3campos,auto_match,no,auto,2026-07-22,alta,georef/localidades-censales,https://apis.datos.gob.ar/georef/api,verde,
v5_p02,6,Corrientes,Curuzú Cuatiá,Curuzú-Cuatiá,,16567,18035020,Curuzú Cuatiá,Curuzú Cuatiá,-29.7915233554051,-58.049945341682,auto_ok,auto_ok,match_exacto_3campos,auto_match,no,auto,2026-07-22,alta,georef/localidades-censales,https://apis.datos.gob.ar/georef/api,verde,
v5_p02,20,Entre Ríos,Federación,Chajarí,,9075,30028010,Chajarí,Federación,-30.7547722843897,-57.9818413257839,auto_ok,auto_ok,match_exacto_3campos,auto_match,no,auto,2026-07-22,alta,georef/localidades-censales,https://apis.datos.gob.ar/georef/api,verde,
v5_p02,126,Corrientes,San Roque,Chavarría,,993,18161010,Chavarrí­a,San Roque,-28.9552112574363,-58.5718143773259,auto_ok,auto_ok,match_exacto_3campos,auto_match,no,auto,2026-07-22,alta,georef/localidades-censales,https://apis.datos.gob.ar/georef/api,verde,
v5_p02,143,Corrientes,Paso de los Libres,Desvío Parada Pucheta,,912,18119020,Parada Pucheta,,-29.9060483262042,-57.5742039571964,propuesto,C-generador,generador_transformacion,auto_muestreo,no,auto(pendiente_muestra),2026-07-22,alta (match exacto en depto del conjunto),georef/localidades-censales,https://apis.datos.gob.ar/georef/api,verde,candidato probado: 'Parada Pucheta' [prefijo: se quita 'Desvío']
v5_p02,17,Entre Ríos,Diamante,Diamante,,10948,30021080,Diamante,Diamante,-32.0707598622652,-60.6382219779392,auto_ok,auto_ok,match_exacto_3campos,auto_match,no,auto,2026-07-22,alta,georef/localidades-censales,https://apis.datos.gob.ar/georef/api,verde,
v5_p02,148,Entre Ríos,Nogoyá,Don Cristóbal,,852,30077030,Don Cristóbal,Nogoyá,-32.0713541870669,-59.9947309809541,propuesto,A (aparcado),bahra_georef,auto_muestreo,no,auto(pendiente_muestra),2026-07-22,alta,georef/localidades,https://apis.datos.gob.ar/georef/api,verde,BAHRA: el nombre no es localidad censal -> BAHRA es la fuente correcta (P7). id de capa 'localidades' NO es id censal INDEC valido
v5_p02,76,Misiones,Leandro N. Alem,Dos Arroyos,,1739,54070050,Dos Arroyos,Leandro N. Alem,-27.6993772496138,-55.2501821492746,auto_ok,auto_ok,match_exacto_3campos,auto_match,no,auto,2026-07-22,alta,georef/localidades-censales,https://apis.datos.gob.ar/georef/api,verde,
v5_p02,114,Misiones,Lib. Gral. San Martín,Dos de Mayo,,1165,54014030,Dos de Mayo,Cainguás,-27.019937,-54.684531,confirmado_3.3b,3.3b:transferencia_limite_declarado,transferencia_limite_declarado,humano_individual,no,humano:Jose(3.3b),2026-07-22,alta,humano (Jose) + Wikipedia + Georef,https://es.wikipedia.org/wiki/Dos_de_Mayo_(Misiones),rojo,"Jose ratifico bloque limite declarado (README 3.1b: reasignacion entre deptos preexistentes, sin ley citable; identidad solida)"
v5_p02,32,Entre Ríos,Tala,Durazno,,419,30091020,Durazno,Tala,-31.9857736943539,-59.2795269719346,auto_ok,auto_ok,match_exacto_3campos,auto_match,no,auto,2026-07-22,alta,georef/localidades-censales,https://apis.datos.gob.ar/georef/api,verde,
v5_p02,207,Entre Ríos,Tala,Echagüe,,523,30091040,Gobernador Echagüe,Tala,-32.3922346824374,-59.2755216535431,propuesto,A (aparcado),bahra_georef,auto_muestreo,no,auto(pendiente_muestra),2026-07-22,media (nombre difiere),georef/,https://apis.datos.gob.ar/georef/api,verde,variante de nombre en el depto correcto
v5_p02,47,Misiones,Eldorado,Eldorado,,2778,54042020,Eldorado,Eldorado,-26.4086211746541,-54.6238428075538,auto_ok,auto_ok,match_exacto_3campos,auto_match,no,auto,2026-07-22,alta,georef/localidades-censales,https://apis.datos.gob.ar/georef/api,verde,
v5_p03,267,Entre Ríos,Paraná,El Pingo,,311,30084090,El Pingo,Paraná,-31.582962261791,-59.8909476232959,auto_ok,auto_ok,match_exacto_3campos,auto_match,no,auto,2026-07-22,alta,georef/localidades-censales,https://apis.datos.gob.ar/georef/api,verde,
v5_p03,273,Entre Ríos,Concordia,El Redomón,,272,30015A04,El Redomón,Concordia,-31.0967252645931,-58.2696259578567,propuesto,A (aparcado),bahra_georef,auto_muestreo,no,auto(pendiente_muestra),2026-07-22,alta,georef/asentamientos,https://apis.datos.gob.ar/georef/api,verde,BAHRA: el nombre no es localidad censal -> fuente correcta (P7)
v5_p03,109,Misiones,Guaraní,El Soberbio,,1201,54056010,El Soberbio,Guaraní,-27.2908601020425,-54.2007777459323,auto_ok,auto_ok,match_exacto_3campos,auto_match,no,auto,2026-07-22,alta,georef/localidades-censales,https://apis.datos.gob.ar/georef/api,verde,
v5_p03,295,Corrientes,Curuzú Cuatiá,Emilio R. Coni,,184,18035A11,Emilio R. Coni,Curuzú Cuatiá,-30.0692131187543,-58.2706472883556,propuesto,A (aparcado),bahra_georef,auto_muestreo,no,auto(pendiente_muestra),2026-07-22,alta,georef/asentamientos,https://apis.datos.gob.ar/georef/api,verde,BAHRA: el nombre no es localidad censal -> fuente correcta (P7)
v5_p03,35,Corrientes,Empedrado,Empedrado,,3735,18042020,Empedrado,Empedrado,-27.9524556932224,-58.8074763893306,auto_ok,auto_ok,match_exacto_3campos,auto_match,no,auto,2026-07-22,alta,georef/localidades-censales,https://apis.datos.gob.ar/georef/api,verde,
v5_p03,131,Entre Ríos,Gualeguaychú,Enrique Carbó,,956,30056030,Enrique Carbó,Gualeguaychú,-33.1482053946366,-59.2107119807057,auto_ok,auto_ok,match_exacto_3campos,auto_match,no,auto,2026-07-22,alta,georef/localidades-censales,https://apis.datos.gob.ar/georef/api,verde,
v5_p03,258,Corrientes,San Cosme,Ensenada Grande,,333,18133A02,Ensenada Grande,San Cosme,-27.36820063849,-58.4156130423712,propuesto,A (aparcado),bahra_georef,auto_muestreo,no,auto(pendiente_muestra),2026-07-22,alta,georef/asentamientos,https://apis.datos.gob.ar/georef/api,verde,BAHRA: el nombre no es localidad censal -> fuente correcta (P7)
v5_p03,297,Entre Ríos,Gualeguaychú,Escriña,,183,30056035,Estación Escriña,Gualeguaychú,-32.5926794038425,-58.9048253751815,propuesto,A (aparcado),bahra_georef,auto_muestreo,no,auto(pendiente_muestra),2026-07-22,media (nombre difiere),georef/,https://apis.datos.gob.ar/georef/api,verde,variante de nombre en el depto correcto
v5_p03,23,Corrientes,Esquina,Esquina,,7619,18049010,Esquina,Esquina,-30.0171405680258,-59.5341126085601,auto_ok,auto_ok,match_exacto_3campos,auto_match,no,auto,2026-07-22,alta,georef/localidades-censales,https://apis.datos.gob.ar/georef/api,verde,
v5_p03,124,Entre Ríos,Colón,Fábrica Colón,,1067,,Pueblo Liebig (ex Fábrica Colón),,-32.1531,-58.1911,propuesto,C5-rename,web_rename,humano_lote,no,pendiente:Jose,2026-07-22,verde (guard: coord en depto esperado),Wikipedia,https://es.wikipedia.org/wiki/Pueblo_Liebig,verde,"[guard=verde; punto en Colón] Pueblo nacido alrededor del frigorífico Fábrica Colón (Liebig's), depto Colón"
v5_p03,201,Misiones,Capital,Fachinal,,546,54028007,Fachinal,Capital,-27.6285571297168,-55.7044722417031,auto_ok,auto_ok,match_exacto_3campos,auto_match,no,auto,2026-07-22,alta,georef/localidades-censales,https://apis.datos.gob.ar/georef/api,verde,
v5_p03,191,Entre Ríos,Gualeguaychú,Faustino M. Parera,,612,30056040,Faustino M. Parera,Gualeguaychú,-32.804430236216,-58.8826336786977,propuesto,A (aparcado),bahra_georef,auto_muestreo,no,auto(pendiente_muestra),2026-07-22,alta,georef/localidades,https://apis.datos.gob.ar/georef/api,verde,BAHRA: el nombre no es localidad censal -> BAHRA es la fuente correcta (P7). id de capa 'localidades' NO es id censal INDEC valido
v5_p03,230,Entre Ríos,Nogoyá,Febre,,429,30077040,Febré,Nogoyá,-32.4762892117158,-59.9152388417948,auto_ok,auto_ok,match_exacto_3campos,auto_match,no,auto,2026-07-22,alta,georef/localidades-censales,https://apis.datos.gob.ar/georef/api,verde,
v5_p03,31,Entre Ríos,Federación,Federación,,4247,30028070,Federación,Federación,-30.9852535564375,-57.9187322189934,auto_ok,auto_ok,match_exacto_3campos,auto_match,no,auto,2026-07-22,alta,georef/localidades-censales,https://apis.datos.gob.ar/georef/api,verde,
v5_p03,110,Misiones,San Javier,Florentino Ameghino,,1200,54105010,Florentino Ameghino,San Javier,-27.6338539983781,-55.084224130083,auto_ok,auto_ok,match_exacto_3campos,auto_match,no,auto,2026-07-22,alta,georef/localidades-censales,https://apis.datos.gob.ar/georef/api,verde,
v5_p03,88,Misiones,Capital,Garupá,,1493,54028010,Garupá,Capital,-27.4805134533026,-55.8502955655226,auto_ok,auto_ok,match_exacto_3campos,auto_match,no,auto,2026-07-22,alta,georef/localidades-censales,https://apis.datos.gob.ar/georef/api,verde,
v5_p03,270,Corrientes,Santo Tomé,Garruchos,,289,18168020,Garruchos,Santo Tomé,-28.1737292078981,-55.6505674552049,auto_ok,auto_ok,match_exacto_3campos,auto_match,no,auto,2026-07-22,alta,georef/localidades-censales,https://apis.datos.gob.ar/georef/api,verde,
v5_p03,257,Entre Ríos,Gualeguaychú,General Almada,,338,30056050,General Almada,Gualeguaychú,-32.838413157046,-58.8048110246956,auto_ok,auto_ok,match_exacto_3campos,auto_match,no,auto,2026-07-22,alta,georef/localidades-censales,https://apis.datos.gob.ar/georef/api,verde,
v5_p03,119,Misiones,Oberá,General Alvear,,1144,54091050,General Alvear,Oberá,-27.4263197450581,-55.1696961517115,auto_ok,auto_ok,match_exacto_3campos,auto_match,no,auto,2026-07-22,alta,georef/localidades-censales,https://apis.datos.gob.ar/georef/api,verde,
v5_p03,93,Entre Ríos,Concordia,General Campos,,1400,30088010,General Campos,San Salvador,-31.5233902011903,-58.4058036198555,auto_ok,auto_ok,match_exacto_3campos,auto_match,no,auto,2026-07-22,alta,georef/localidades-censales,https://apis.datos.gob.ar/georef/api,verde,
v5_p03,55,Entre Ríos,Gualeguay,General Galarza,,2435,30049030,General Galarza,Gualeguay,-32.7203960047954,-59.39587534235,auto_ok,auto_ok,match_exacto_3campos,auto_match,no,auto,2026-07-22,alta,georef/localidades-censales,https://apis.datos.gob.ar/georef/api,verde,
v5_p03,79,Corrientes,General Paz,General Paz,,1689,18063030,Nuestra Señora del Rosario de Caá Catí,,-27.751995828158,-57.6225136238666,propuesto,C1-cabecera,cabecera_documentada,humano_lote,no,pendiente:Jose,2026-07-22,alta,web+georef,https://es.wikipedia.org/wiki/General_Paz_(departamento),verde,el censo 1960 listo la cabecera con el nombre del depto. cabecera = Caa Cati. Ley 1910 renombro depto Y pueblo de Caa Cati a General Paz; el depto quedo 'General Paz' y el pueblo volvio a 'Caa Cati' -> el censo 1960 nombro la cabecera con el nombre del depto. Georef la lista con el nombre completo 'Nuestra Senora del Rosario de Caa Cati'
v5_p03,217,Entre Ríos,Diamante,General Racedo,,490,30021110,General Racedo (El Carmen),Diamante,-31.9791490506092,-60.4056663272969,propuesto,E-bahra-fuzzy,bahra_fuzzy,auto_muestreo,no,auto(pendiente_muestra),2026-07-22,BAJA (fuzzy en capa BAHRA: puede no ser el mismo lugar),georef/localidades,https://apis.datos.gob.ar/georef/api,verde,antes era sin_match. candidatos: General Racedo (El Carmen)/Diamante [30021110]
v5_p03,116,Misiones,San Ignacio,General Urquiza,,1154,54098040,General Urquiza,San Ignacio,-27.1078314537803,-55.3767110064267,auto_ok,auto_ok,match_exacto_3campos,auto_match,no,auto,2026-07-22,alta,georef/localidades-censales,https://apis.datos.gob.ar/georef/api,verde,
v5_p03,176,Entre Ríos,Gualeguaychú,Gilbert,,668,30056060,Gilbert,Gualeguaychú,-32.5303763984718,-58.9331766536362,auto_ok,auto_ok,match_exacto_3campos,auto_match,no,auto,2026-07-22,alta,georef/localidades-censales,https://apis.datos.gob.ar/georef/api,verde,
v5_p03,122,Misiones,Leandro N. Alem,Gobernador Gral. López,,1080,,Gobernador López,,-27.6663,-55.2135,propuesto,C5-rename,web_rename,humano_lote,no,pendiente:Jose,2026-07-22,verde (guard: coord en depto esperado),Wikipedia,https://es.wikipedia.org/wiki/Gobernador_L%C3%B3pez_(Misiones),verde,"[guard=verde; punto en Leandro N. Alem] Municipio del depto Leandro N. Alem, Misiones"
v5_p03,67,Corrientes,Santo Tomé,Gobernador Ingeniero Valentín Virasoro,,1993,18168030,Gobernador Igr. Valentín Virasoro,Santo Tomé,-28.0468079831449,-56.0096324855253,propuesto,E-bahra-fuzzy,bahra_fuzzy,auto_muestreo,no,auto(pendiente_muestra),2026-07-22,BAJA (fuzzy en capa BAHRA: puede no ser el mismo lugar),georef/localidades,https://apis.datos.gob.ar/georef/api,verde,antes era sin_match. candidatos: Gobernador Igr. Valentín Virasoro/Santo Tomé [18168030]
v5_p03,89,Corrientes,Lavalle,Gobernador J.E. Martínez,,1434,,Gobernador Juan E. Martínez,,-28.9125,-58.9361,propuesto,C5-rename,web_rename,humano_lote,no,pendiente:Jose,2026-07-22,verde (guard: coord en depto esperado),wikipedia,https://es.wikipedia.org/wiki/Gobernador_Juan_E._Mart%C3%ADnez,verde,[guard=verde; punto en Lavalle] Localidad de depto Lavalle (Corrientes); ex Yatay/Pueblo Arroyo Juárez.
v5_p03,133,Entre Ríos,Tala,Gobernador Mansilla,,947,30091050,Gobernador Mansilla,Tala,-32.5454129208057,-59.3566583488438,auto_ok,auto_ok,match_exacto_3campos,auto_match,no,auto,2026-07-22,alta,georef/localidades-censales,https://apis.datos.gob.ar/georef/api,verde,
v5_p03,117,Entre Ríos,Paraná,Gobernador Racedo,,1147,30021110,Gobernador Racedo (General Racedo),Diamante,-31.9791491,-60.4056663,confirmado_3.3b,3.3b:transferencia_confirmada,transferencia_confirmada,documentado_3.3b,no,auto:3.3b(web+doc+guard),2026-07-22,alta,auto + Georef + Wikipedia/eltiempo/mapcarta,https://es.wikipedia.org/wiki/Historia_de_la_organizaci%C3%B3n_territorial_de_Entre_R%C3%ADos,rojo,transferencia DOCUMENTADA: Ley provincial 6378 (1979) | ley: Ley provincial 6378 (1979)
v5_p03,274,Entre Ríos,Gualeguay,González Calderón,,268,30049A11,González Calderón,Gualeguay,-32.9788612705333,-59.4138507821768,propuesto,A (aparcado),bahra_georef,auto_muestreo,no,auto(pendiente_muestra),2026-07-22,alta,georef/asentamientos,https://apis.datos.gob.ar/georef/api,verde,BAHRA: el nombre no es localidad censal -> fuente correcta (P7)
v5_p03,6,Corrientes,Goya,Goya,,30011,18070020,Goya,Goya,-29.1400540143783,-59.2599347498526,auto_ok,auto_ok,match_exacto_3campos,auto_match,no,auto,2026-07-22,alta,georef/localidades-censales,https://apis.datos.gob.ar/georef/api,verde,
v5_p03,9,Entre Ríos,Gualeguay,Gualeguay,,16542,30049040,Gualeguay,Gualeguay,-33.1503874522478,-59.310603120472,auto_ok,auto_ok,match_exacto_3campos,auto_match,no,auto,2026-07-22,alta,georef/localidades-censales,https://apis.datos.gob.ar/georef/api,verde,
v5_p03,7,Entre Ríos,Gualeguaychú,Gualeguaychú,,29863,30056070,Gualeguaychú,Gualeguaychú,-33.0077994760692,-58.5110163879779,auto_ok,auto_ok,match_exacto_3campos,auto_match,no,auto,2026-07-22,alta,georef/localidades-censales,https://apis.datos.gob.ar/georef/api,verde,
v5_p03,87,Misiones,Oberá,Guaraní,,1533,54091060,Guaraní,Oberá,-27.5234010133262,-55.1576254346616,auto_ok,auto_ok,match_exacto_3campos,auto_match,no,auto,2026-07-22,alta,georef/localidades-censales,https://apis.datos.gob.ar/georef/api,verde,
v5_p03,263,Entre Ríos,Tala,Guardamonte,,323,30091070,Guardamonte,Tala,-32.08183976454,-59.3058754481716,auto_ok,auto_ok,match_exacto_3campos,auto_match,no,auto,2026-07-22,alta,georef/localidades-censales,https://apis.datos.gob.ar/georef/api,verde,
v5_p03,74,Entre Ríos,Paraná,Hasenkamp,,1789,30084100,Hasenkamp,Paraná,-31.5121010083248,-59.8353618474677,auto_ok,auto_ok,match_exacto_3campos,auto_match,no,auto,2026-07-22,alta,georef/localidades-censales,https://apis.datos.gob.ar/georef/api,verde,
v5_p03,206,Corrientes,San Luis del Palmar,Herlitzka,,527,18140A18,Herlitzka,San Luis del Palmar,-27.565836697276,-58.2588843924709,propuesto,A (aparcado),bahra_georef,auto_muestreo,no,auto(pendiente_muestra),2026-07-22,alta,georef/asentamientos,https://apis.datos.gob.ar/georef/api,verde,BAHRA: el nombre no es localidad censal -> fuente correcta (P7)
v5_p03,272,Entre Ríos,Nogoyá,Hernándes,,283,30077050,Villa Sabá Z. Hernández,Nogoyá,-32.3383012637072,-60.0310402978181,propuesto,A (aparcado),bahra_georef,auto_muestreo,no,auto(pendiente_muestra),2026-07-22,media (nombre difiere),georef/,https://apis.datos.gob.ar/georef/api,verde,variante de nombre en el depto correcto
v5_p03,162,Entre Ríos,Uruguay,Herrera,,762,30098060,Herrera,Uruguay,-32.4337893423549,-58.6346823568492,auto_ok,auto_ok,match_exacto_3campos,auto_match,no,auto,2026-07-22,alta,georef/localidades-censales,https://apis.datos.gob.ar/georef/api,verde,
v5_p04,41,Entre Ríos,Gualeguaychú,Ibicuy,,3356,30063030,Ibicuy,Islas del Ibicuy,-33.7423728436113,-59.1576936256755,auto_ok,auto_ok,match_exacto_3campos,auto_match,no,auto,2026-07-22,alta,georef/localidades-censales,https://apis.datos.gob.ar/georef/api,verde,
v5_p04,188,Corrientes,Goya,Ifrán,,622,,Ifrán,,-29.0959,-58.9693,propuesto,C5-manual_coord,web_manual_coord,humano_lote,no,pendiente:Jose,2026-07-22,verde (guard: coord en depto esperado),osm,"https://nominatim.openstreetmap.org/search?q=Ifran,+Goya,+Corrientes,+Argentina",verde,"[guard=verde; punto en Goya] Paraje Ifrán en depto Goya (Corrientes), sobre RP84."
v5_p04,53,Misiones,Iguazú,Iguazú,,2547,54063030,Puerto Iguazú,Iguazú,-25.6103493947695,-54.5780652485711,propuesto,A (aparcado),bahra_georef,auto_muestreo,no,auto(pendiente_muestra),2026-07-22,media (nombre difiere),georef/,https://apis.datos.gob.ar/georef/api,verde,variante de nombre en el depto correcto
v5_p04,199,Corrientes,San Cosme,Ingenio 1er. Correntino,,567,,Ingenio Primer Correntino,,-27.4319,-58.6244,propuesto,C5-manual_coord,web_manual_coord,humano_lote,no,pendiente:Jose,2026-07-22,verde (guard: coord en depto esperado),Wikipedia,https://es.wikipedia.org/wiki/Ingenio_Primer_Correntino,verde,"[guard=verde; punto en San Cosme] Localidad del depto San Cosme (dependiente de Santa Ana de los Guácaras), Corrientes."
v5_p04,179,Misiones,San Javier,Invernada de Itacuararé,,661,54105A02,Invernada de Itacaruaré,San Javier,-27.7994617981667,-55.2758370908874,propuesto,E-bahra-fuzzy,bahra_fuzzy,auto_muestreo,no,auto(pendiente_muestra),2026-07-22,BAJA (fuzzy en capa BAHRA: puede no ser el mismo lugar),georef/asentamientos,https://apis.datos.gob.ar/georef/api,verde,antes era sin_match. candidatos: Invernada de Itacaruaré/San Javier [54105A02]
v5_p04,160,Entre Ríos,Gualeguaychú,Irasusta,,773,30056080,Irazusta,Gualeguaychú,-32.9277183608997,-58.9547789341903,propuesto,A (aparcado),bahra_georef,auto_muestreo,no,auto(pendiente_muestra),2026-07-22,media (nombre difiere),georef/,https://apis.datos.gob.ar/georef/api,verde,variante de nombre en el depto correcto
v5_p04,181,Corrientes,Goya,Isabel Victoria,,654,18070A24,Isabel Victoria,Goya,-29.0918840961324,-59.1107511716342,propuesto,A (aparcado),bahra_georef,auto_muestreo,no,auto(pendiente_muestra),2026-07-22,alta,georef/asentamientos,https://apis.datos.gob.ar/georef/api,verde,BAHRA: el nombre no es localidad censal -> fuente correcta (P7)
v5_p04,231,Misiones,San Javier,Itacuararé,,422,54105020,Itacaruaré,San Javier,-27.8713651597209,-55.2622323620163,propuesto,A (aparcado),bahra_georef,auto_muestreo,no,auto(pendiente_muestra),2026-07-22,media (nombre difiere),georef/,https://apis.datos.gob.ar/georef/api,verde,variante de nombre en el depto correcto
v5_p04,100,Corrientes,General Paz,Itá-Ibaté,,1356,18063010,Itá Ibaté,General Paz,-27.4259538136931,-57.3381154629489,auto_ok,auto_ok,match_exacto_3campos,auto_match,no,auto,2026-07-22,alta,georef/localidades-censales,https://apis.datos.gob.ar/georef/api,verde,
v5_p04,82,Corrientes,Itatí,Itatí,,1612,18077010,Itatí,Itatí,-27.2691512822798,-58.2426599366837,auto_ok,auto_ok,match_exacto_3campos,auto_match,no,auto,2026-07-22,alta,georef/localidades-censales,https://apis.datos.gob.ar/georef/api,verde,
v5_p04,54,Corrientes,Ituzaingó,Ituzaingó,,2459,18084020,Ituzaingó,Ituzaingó,-27.5897853862352,-56.6893409962178,auto_ok,auto_ok,match_exacto_3campos,auto_match,no,auto,2026-07-22,alta,georef/localidades-censales,https://apis.datos.gob.ar/georef/api,verde,
v5_p04,84,Misiones,San Ignacio,Jardín América,,1589,54098080,Jardín América,San Ignacio,-27.0429127434598,-55.2271853901146,auto_ok,auto_ok,match_exacto_3campos,auto_match,no,auto,2026-07-22,alta,georef/localidades-censales,https://apis.datos.gob.ar/georef/api,verde,
v5_p04,65,Entre Ríos,Federación,Juan B. Arruabarrena,,1997,,Juan B. Arruabarrena,,-30.3394,-58.3019,propuesto,C5-manual_coord,web_manual_coord,humano_lote,no,pendiente:Jose,2026-07-22,verde (guard: coord en depto esperado),OSM Nominatim,https://nominatim.openstreetmap.org/,verde,"[guard=verde; punto en Federación] Paraje en depto Federación (San Jaime de la Frontera / Distrito Tatutí), Entre Ríos."
v5_p04,283,Entre Ríos,Colón,Juan Jorge,,236,30008A21,Juan Jorge,Colón,-32.0021813086159,-58.3036948447174,propuesto,A (aparcado),bahra_georef,auto_muestreo,no,auto(pendiente_muestra),2026-07-22,alta,georef/asentamientos,https://apis.datos.gob.ar/georef/api,verde,BAHRA: el nombre no es localidad censal -> fuente correcta (P7)
v5_p04,187,Corrientes,Monte Caseros,Juan Pujol,,625,18112030,Juan Pujol,Monte Caseros,-30.4193023021885,-57.855873033049,auto_ok,auto_ok,match_exacto_3campos,auto_match,no,auto,2026-07-22,alta,georef/localidades-censales,https://apis.datos.gob.ar/georef/api,verde,
v5_p04,211,Entre Ríos,Villaguay,Jubileo,,509,30113030,Jubileo,Villaguay,-31.7345556799366,-58.6334911550497,auto_ok,auto_ok,match_exacto_3campos,auto_match,no,auto,2026-07-22,alta,georef/localidades-censales,https://apis.datos.gob.ar/georef/api,verde,
v5_p04,213,Corrientes,Monte Caseros,Labougle,,503,18112070,Parada Labougle,Monte Caseros,-30.3161249482281,-57.7296277225159,propuesto,A (aparcado),bahra_georef,auto_muestreo,no,auto(pendiente_muestra),2026-07-22,media (nombre difiere),georef/,https://apis.datos.gob.ar/georef/api,verde,variante de nombre en el depto correcto
v5_p04,209,Entre Ríos,Villaguay,La Capilla,,521,,,,,,sin_coordenada,C5-sin_coordenada,sin_coordenada,sin_coordenada,no,,2026-07-22,,,,,[C5 web] Registro de localidad en depto Villaguay (obraspublicas) pero sin coordenada accesible; homonimos La Capilla en depto Gualeguaychu (lejos) d
v5_p04,241,Entre Ríos,Colón,La Clarita,,389,30008060,La Clarita,Colón,-31.9769336964723,-58.3923973508284,auto_ok,auto_ok,match_exacto_3campos,auto_match,no,auto,2026-07-22,alta,georef/localidades-censales,https://apis.datos.gob.ar/georef/api,verde,
v5_p04,183,Entre Ríos,Concordia,La Criolla,,645,30015090,La Criolla,Concordia,-31.2691368009645,-58.1089310774257,auto_ok,auto_ok,match_exacto_3campos,auto_match,no,auto,2026-07-22,alta,georef/localidades-censales,https://apis.datos.gob.ar/georef/api,verde,
v5_p04,37,Corrientes,San Martín,La Cruz,,3522,18147030,La Cruz,San Martín,-29.1762220198837,-56.6425972833198,auto_ok,auto_ok,match_exacto_3campos,auto_match,no,auto,2026-07-22,alta,georef/localidades-censales,https://apis.datos.gob.ar/georef/api,verde,
v5_p04,252,Entre Ríos,Feliciano,La Esmeralda,,348,30042A07,La Esmeralda,Feliciano,-30.2997411172543,-58.6657921772519,propuesto,A (aparcado),bahra_georef,auto_muestreo,no,auto(pendiente_muestra),2026-07-22,alta,georef/asentamientos,https://apis.datos.gob.ar/georef/api,verde,BAHRA: el nombre no es localidad censal -> fuente correcta (P7)
v5_p04,190,Corrientes,Capital,Lagunas Bravas,,615,18021030,Laguna Brava,Capital,-27.4933451805509,-58.7182158486991,propuesto,E-bahra-fuzzy,bahra_fuzzy,auto_muestreo,no,auto(pendiente_muestra),2026-07-22,BAJA (fuzzy en capa BAHRA: puede no ser el mismo lugar),georef/asentamientos,https://apis.datos.gob.ar/georef/api,verde,antes era sin_match. candidatos: Laguna Brava/Capital [18021030]
v5_p04,16,Entre Ríos,La Paz,La Paz,,11028,30070040,La Paz,La Paz,-30.740521947112,-59.644393885775,auto_ok,auto_ok,match_exacto_3campos,auto_match,no,auto,2026-07-22,alta,georef/localidades-censales,https://apis.datos.gob.ar/georef/api,verde,
v5_p04,298,Entre Ríos,Paraná,La Picada,,182,30084120,La Picada,Paraná,-31.7249389622552,-60.2976568435573,auto_ok,auto_ok,match_exacto_3campos,auto_match,no,auto,2026-07-22,alta,georef/localidades-censales,https://apis.datos.gob.ar/georef/api,verde,
v5_p04,243,Entre Ríos,Gualeguaychú,Las Mercedes,,385,30056A25,Las Mercedes,Gualeguaychú,-33.1631321225529,-58.9009576173835,propuesto,A (aparcado),bahra_georef,auto_muestreo,no,auto(pendiente_muestra),2026-07-22,alta,georef/asentamientos,https://apis.datos.gob.ar/georef/api,verde,BAHRA: el nombre no es localidad censal -> fuente correcta (P7)
v5_p04,85,Corrientes,Lavalle,Lavalle,,1571,18091030,Lavalle,Lavalle,-29.0275241000289,-59.187046736639,auto_ok,auto_ok,match_exacto_3campos,auto_match,no,auto,2026-07-22,alta,georef/localidades-censales,https://apis.datos.gob.ar/georef/api,verde,
v5_p04,224,Entre Ríos,Gualeguay,Laso,,455,30049020,Estación Lazo,Gualeguay,-32.8708141329287,-59.422394427016,propuesto,A (aparcado),bahra_georef,auto_muestreo,no,auto(pendiente_muestra),2026-07-22,media (nombre difiere),georef/,https://apis.datos.gob.ar/georef/api,verde,variante de nombre en el depto correcto
v5_p04,32,Misiones,Leandro N. Alem,Leandro N. Alem,,4207,54070070,Leandro N. Alem,Leandro N. Alem,-27.601867604082,-55.3264659218849,auto_ok,auto_ok,match_exacto_3campos,auto_match,no,auto,2026-07-22,alta,georef/localidades-censales,https://apis.datos.gob.ar/georef/api,verde,
v5_p04,205,Entre Ríos,La Paz,Leguizamón,,531,,,,,,sin_coordenada,C5-sin_coordenada,sin_coordenada,sin_coordenada,no,,2026-07-22,,,,,[C5 web] No se identificó localidad/estación 'Leguizamón' en depto La Paz o Federal (Entre Ríos). Solo aparece la calle Martiniano Leguizamón en la c
v5_p04,278,Entre Ríos,Uruguay,Líbaros,,255,30098080,Líbaros,Uruguay,-32.2619494083956,-58.9071659601967,auto_ok,auto_ok,match_exacto_3campos,auto_match,no,auto,2026-07-22,alta,georef/localidades-censales,https://apis.datos.gob.ar/georef/api,verde,
v5_p04,66,Misiones,Iguazú,Libertad,,1996,54063020,Puerto Libertad,Iguazú,-25.9216713372731,-54.5821209872029,propuesto,A (aparcado),bahra_georef,auto_muestreo,no,auto(pendiente_muestra),2026-07-22,media (nombre difiere),georef/,https://apis.datos.gob.ar/georef/api,verde,variante de nombre en el depto correcto
v5_p04,98,Corrientes,Esquina,Libertador,,1360,18049020,Pueblo Libertador,Esquina,-30.2201139279479,-59.3897947548351,propuesto,A (aparcado),bahra_georef,auto_muestreo,no,auto(pendiente_muestra),2026-07-22,media (nombre difiere),georef/,https://apis.datos.gob.ar/georef/api,verde,variante de nombre en el depto correcto
v5_p04,155,Entre Ríos,Diamante,Lib. Gral. San Martín,,809,,Libertador San Martín (Puiggari),,-32.0730,-60.4644,propuesto,C5-rename,web_rename,humano_lote,no,pendiente:Jose,2026-07-22,verde (guard: coord en depto esperado),Wikipedia,https://es.wikipedia.org/wiki/Libertador_San_Mart%C3%ADn,verde,"[guard=verde; punto en Diamante] Ex Aldea Camarero / Puiggari; municipio Libertador San Martín, depto Diamante, Entre Ríos."
v5_p04,58,Misiones,Lib. Gral. San Martín,Lib. Gral. San Martín,,2267,54077060,Puerto Rico,,-26.8148524027618,-55.0240728847562,propuesto,C1-cabecera,cabecera_documentada,humano_lote,no,pendiente:Jose,2026-07-22,alta,web+georef,https://es.wikipedia.org/wiki/Departamento_Libertador_General_San_Mart%C3%ADn_(Misiones),verde,el censo 1960 listo la cabecera con el nombre del depto. cabecera
v5_p04,296,Corrientes,San Luis del Palmar,Lomas de Galarza,,184,18140A23,Lomas de Galarza,San Luis del Palmar,-27.5069953328203,-58.0638108116043,propuesto,A (aparcado),bahra_georef,auto_muestreo,no,auto(pendiente_muestra),2026-07-22,alta,georef/asentamientos,https://apis.datos.gob.ar/georef/api,verde,BAHRA: el nombre no es localidad censal -> fuente correcta (P7)
v5_p04,159,Corrientes,General Paz,Lomas de Vallejos,,790,18063020,Lomas de Vallejos,General Paz,-27.7378502586152,-57.9199188533946,auto_ok,auto_ok,match_exacto_3campos,auto_match,no,auto,2026-07-22,alta,georef/localidades-censales,https://apis.datos.gob.ar/georef/api,verde,
v5_p04,140,Corrientes,San Miguel,Loreto,,918,18154010,Loreto,San Miguel,-27.7683790467699,-57.2752732435481,auto_ok,auto_ok,match_exacto_3campos,auto_match,no,auto,2026-07-22,alta,georef/localidades-censales,https://apis.datos.gob.ar/georef/api,verde,
v5_p04,113,Misiones,Candelaria,Loreto,,1186,54021040,Loreto,Candelaria,-27.3317215482661,-55.5244423480171,auto_ok,auto_ok,match_exacto_3campos,auto_match,no,auto,2026-07-22,alta,georef/localidades-censales,https://apis.datos.gob.ar/georef/api,verde,
v5_p04,125,Entre Ríos,Federación,Los Conquistadores,,1044,30028080,Los Conquistadores,Federación,-30.5914119108068,-58.4662590249372,auto_ok,auto_ok,match_exacto_3campos,auto_match,no,auto,2026-07-22,alta,georef/localidades-censales,https://apis.datos.gob.ar/georef/api,verde,
v5_p04,135,Entre Ríos,Concordia,Los Charrúas,,933,30015100,Los Charrúas,Concordia,-31.1694586968404,-58.185561608976,auto_ok,auto_ok,match_exacto_3campos,auto_match,no,auto,2026-07-22,alta,georef/localidades-censales,https://apis.datos.gob.ar/georef/api,verde,
v5_p05,106,Misiones,Oberá,Los Helechos,,1284,54091070,Los Helechos,Oberá,-27.5531853202103,-55.0778227687919,auto_ok,auto_ok,match_exacto_3campos,auto_match,no,auto,2026-07-22,alta,georef/localidades-censales,https://apis.datos.gob.ar/georef/api,verde,
v5_p05,118,Entre Ríos,Nogoyá,Lucas González,,1145,30077060,Lucas González,Nogoyá,-32.3843555637761,-59.5308861073393,auto_ok,auto_ok,match_exacto_3campos,auto_match,no,auto,2026-07-22,alta,georef/localidades-censales,https://apis.datos.gob.ar/georef/api,verde,
v5_p05,50,Entre Ríos,Tala,Maciá,,2674,30091090,Maciá,Tala,-32.1724479790603,-59.3964115012769,auto_ok,auto_ok,match_exacto_3campos,auto_match,no,auto,2026-07-22,alta,georef/localidades-censales,https://apis.datos.gob.ar/georef/api,verde,
v5_p05,304,Misiones,Concepción,Machadiño,,112,,,,,,sin_coordenada,C5-sin_coordenada,sin_coordenada,sin_coordenada,no,,2026-07-22,,,,,"[C5 web] El único registro OSM es 'Arroyo Machadiño' en depto San Ignacio (-27.20,-55.28), lejos del depto Concepción; no hay coordenada confiable pa"
v5_p05,146,Corrientes,Esquina,Malvinas,,872,18049A23,Malvinas Centro,Esquina,-29.7160037295994,-59.0168438494942,propuesto,E-bahra-fuzzy,bahra_fuzzy,auto_muestreo,no,auto(pendiente_muestra),2026-07-22,BAJA (fuzzy en capa BAHRA: puede no ser el mismo lugar),georef/asentamientos,https://apis.datos.gob.ar/georef/api,verde,antes era sin_match. candidatos: Malvinas Centro/Esquina [18049A23]; Malvinas Norte/Esquina [18049A24]; Malvinas
v5_p05,195,Corrientes,Mburucuyá,Manantiales,,586,18098A03,Manantiales,Mburucuyá,-27.9503621647796,-58.1245816798762,propuesto,A (aparcado),bahra_georef,auto_muestreo,no,auto(pendiente_muestra),2026-07-22,alta,georef/asentamientos,https://apis.datos.gob.ar/georef/api,verde,BAHRA: el nombre no es localidad censal -> fuente correcta (P7)
v5_p05,198,Misiones,General Belgrano,Manuel Belgrano (San Antonio),,570,54049050,San Antonio,,-26.0600010394036,-53.7329662829351,propuesto,C-generador,generador_transformacion,auto_muestreo,no,auto(pendiente_muestra),2026-07-22,alta (match exacto en depto del conjunto),georef/localidades-censales,https://apis.datos.gob.ar/georef/api,verde,candidato probado: 'San Antonio' [parentesis: se usa el contenido del parentesis]
v5_p05,152,Corrientes,Empedrado,Manuel Derqui,,842,18042030,Manuel Derqui,Empedrado,-27.8389171986593,-58.7669253994116,auto_ok,auto_ok,match_exacto_3campos,auto_match,no,auto,2026-07-22,alta,georef/localidades-censales,https://apis.datos.gob.ar/georef/api,verde,
v5_p05,78,Corrientes,San Roque,Manuel F. Mantilla,,1697,,Mantilla (ex nombre oficial Pedro R. Fernández),,-28.7508,-58.6558,propuesto,C5-rename,web_rename,humano_lote,no,pendiente:Jose,2026-07-22,verde (guard: coord en depto esperado),Wikipedia,https://es.wikipedia.org/wiki/Mantilla_(Argentina),verde,[guard=verde; punto en San Roque] Localidad de San Roque nombrada por la estación Manuel F. Mantilla; nombre oficial Mantilla desde 2023
v5_p05,45,Entre Ríos,Paraná,María Grande,,2819,30084140,María Grande,Paraná,-31.664018007465,-59.9005109392874,auto_ok,auto_ok,match_exacto_3campos,auto_match,no,auto,2026-07-22,alta,georef/localidades-censales,https://apis.datos.gob.ar/georef/api,verde,
v5_p05,166,Misiones,Candelaria,Mártires,,727,54021050,Mártires,Candelaria,-27.4222441322272,-55.3759522776596,auto_ok,auto_ok,match_exacto_3campos,auto_match,no,auto,2026-07-22,alta,georef/localidades-censales,https://apis.datos.gob.ar/georef/api,verde,
v5_p05,51,Corrientes,Mburucuyá,Mburucuyá,,2654,18098010,Mburucuyá,Mburucuyá,-28.0468429077351,-58.2303593164162,auto_ok,auto_ok,match_exacto_3campos,auto_match,no,auto,2026-07-22,alta,georef/localidades-censales,https://apis.datos.gob.ar/georef/api,verde,
v5_p05,182,Entre Ríos,Gualeguaychú,Médanos,,647,30063040,Médanos,Islas del Ibicuy,-33.4360995740998,-59.0675952112197,auto_ok,auto_ok,match_exacto_3campos,auto_match,no,auto,2026-07-22,alta,georef/localidades-censales,https://apis.datos.gob.ar/georef/api,verde,
v5_p05,12,Corrientes,Mercedes,Mercedes,,13368,18105030,Mercedes,Mercedes,-29.1846910368628,-58.0735541916475,auto_ok,auto_ok,match_exacto_3campos,auto_match,no,auto,2026-07-22,alta,georef/localidades-censales,https://apis.datos.gob.ar/georef/api,verde,
v5_p05,80,Misiones,Capital,Miguel Lanús,,1681,,Barrio Miguel Lanús (Posadas),,-27.4292,-55.8797,propuesto,C5-barrio_de,web_barrio,humano_lote,no,pendiente:Jose,2026-07-22,verde (guard: coord en depto esperado),Wikimapia,http://wikimapia.org/9166957/es/Barrio-Miguel-Lan%C3%BAs,verde,"[guard=verde; punto en Capital] Antigua Villa Lanus, hoy barrio del sur de Posadas, depto Capital, Misiones"
v5_p05,291,Entre Ríos,Federación,Miñones,,204,,Estación Miñones,Federal,-30.6983,-58.5825,confirmado_3.3b,3.3b:manual_coord_frontera,manual_coord_frontera,humano_individual,no,humano:Jose(3.3b),2026-07-22,alta,humano (Jose) + Wikipedia,https://es.wikipedia.org/wiki/Estaci%C3%B3n_Mi%C3%B1ones,rojo,"Jose: aceptar (residuo chico, mismo lugar confirmado por fuente; guard rojo por borde/split)"
v5_p05,130,Corrientes,Monte Caseros,Mocoretá,,960,18112040,Mocoretá,Monte Caseros,-30.6207608708096,-57.9665261524719,auto_ok,auto_ok,match_exacto_3campos,auto_match,no,auto,2026-07-22,alta,georef/localidades-censales,https://apis.datos.gob.ar/georef/api,verde,
v5_p05,107,Misiones,San Javier,Mojón Grande,,1223,54105030,Mojón Grande,San Javier,-27.7121375449344,-55.1574130779413,auto_ok,auto_ok,match_exacto_3campos,auto_match,no,auto,2026-07-22,alta,georef/localidades-censales,https://apis.datos.gob.ar/georef/api,verde,
v5_p05,163,Misiones,Guaraní,Monteagudo,,761,54056A25,Monteagudo,Guaraní,-27.2772374655999,-54.106088750988,propuesto,A (aparcado),bahra_georef,auto_muestreo,no,auto(pendiente_muestra),2026-07-22,alta,georef/asentamientos,https://apis.datos.gob.ar/georef/api,verde,BAHRA: el nombre no es localidad censal -> fuente correcta (P7)
v5_p05,75,Misiones,Montecarlo,Montecarlo,,1764,54084030,Montecarlo,Montecarlo,-26.5670789374549,-54.7659741700243,auto_ok,auto_ok,match_exacto_3campos,auto_match,no,auto,2026-07-22,alta,georef/localidades-censales,https://apis.datos.gob.ar/georef/api,verde,
v5_p05,13,Corrientes,Monte Caseros,Monte Caseros,,12930,18112050,Monte Caseros,Monte Caseros,-30.2494439483332,-57.6295519288751,auto_ok,auto_ok,match_exacto_3campos,auto_match,no,auto,2026-07-22,alta,georef/localidades-censales,https://apis.datos.gob.ar/georef/api,verde,
v5_p05,18,Entre Ríos,Nogoyá,Nogoyá,,10911,30077070,Nogoyá,Nogoyá,-32.3989675162063,-59.7877060128571,auto_ok,auto_ok,match_exacto_3campos,auto_match,no,auto,2026-07-22,alta,georef/localidades-censales,https://apis.datos.gob.ar/georef/api,verde,
v5_p05,221,Entre Ríos,Concordia,Nueva Vizcaya,,475,30035040,Nueva Vizcaya,Federal,-30.9675185118427,-58.6127167068791,auto_ok,auto_ok,match_exacto_3campos,auto_match,no,auto,2026-07-22,alta,georef/localidades-censales,https://apis.datos.gob.ar/georef/api,verde,
v5_p05,158,Corrientes,San Roque,Nueve de Julio,,794,18161030,9 de Julio,,-28.8407771600765,-58.8300857171651,propuesto,C-generador,generador_transformacion,auto_muestreo,no,auto(pendiente_muestra),2026-07-22,media (match exacto pero en capa BAHRA),georef/localidades,https://apis.datos.gob.ar/georef/api,verde,candidato probado: '9 de Julio' [numero-palabra -> digito: Nueve->9 [capa localidades]]
v5_p05,139,Misiones,Eldorado,Nueve de Julio,,920,,9 de Julio,,-26.4301,-54.466,propuesto,C5-rename,web_rename,humano_lote,no,pendiente:Jose,2026-07-22,verde (guard: coord en depto esperado),Wikipedia,https://es.wikipedia.org/wiki/9_de_Julio_(Misiones),verde,"[guard=verde; punto en Eldorado] Localidad del depto Eldorado, Misiones"
v5_p05,15,Misiones,Oberá,Oberá,,12322,54091080,Oberá,Oberá,-27.4816559378759,-55.1251546931471,auto_ok,auto_ok,match_exacto_3campos,auto_match,no,auto,2026-07-22,alta,georef/localidades-censales,https://apis.datos.gob.ar/georef/api,verde,
v5_p05,276,Entre Ríos,Tala,Olegario V. Andrade,,262,30091A07,Olegario V. Andrade,Tala,-32.3301507905423,-59.4478493638318,propuesto,A (aparcado),bahra_georef,auto_muestreo,no,auto(pendiente_muestra),2026-07-22,alta,georef/asentamientos,https://apis.datos.gob.ar/georef/api,verde,BAHRA: el nombre no es localidad censal -> fuente correcta (P7)
v5_p05,228,Misiones,Leandro N. Alem,Olegario V. Andrade,,448,54070080,Olegario V. Andrade,Leandro N. Alem,-27.5685966691192,-55.5014096213362,auto_ok,auto_ok,match_exacto_3campos,auto_match,no,auto,2026-07-22,alta,georef/localidades-censales,https://apis.datos.gob.ar/georef/api,verde,
v5_p05,171,Corrientes,Paso de los Libres,Ombucito,,692,18119A08,Ombucito,Paso de los Libres,-29.6783410676409,-57.1094483804698,propuesto,A (aparcado),bahra_georef,auto_muestreo,no,auto(pendiente_muestra),2026-07-22,alta,georef/asentamientos,https://apis.datos.gob.ar/georef/api,verde,BAHRA: el nombre no es localidad censal -> fuente correcta (P7)
v5_p05,250,Corrientes,Saladas,Pago de los Deseos,,355,18126005,Pago de los Deseos,Saladas,-28.206920848956,-58.4485212049645,auto_ok,auto_ok,match_exacto_3campos,auto_match,no,auto,2026-07-22,alta,georef/localidades-censales,https://apis.datos.gob.ar/georef/api,verde,
v5_p05,184,Corrientes,General Paz,Palmar Grande,,640,18063040,Palmar Grande,General Paz,-27.941254864837,-57.9010959742433,auto_ok,auto_ok,match_exacto_3campos,auto_match,no,auto,2026-07-22,alta,georef/localidades-censales,https://apis.datos.gob.ar/georef/api,verde,
v5_p05,244,Corrientes,Goya,Paraje San Isidro,,384,18070030,San Isidro,,-29.498483161934,-59.3159091129083,propuesto,C-generador,generador_transformacion,auto_muestreo,no,auto(pendiente_muestra),2026-07-22,alta (match exacto en depto del conjunto),georef/localidades-censales,https://apis.datos.gob.ar/georef/api,verde,candidato probado: 'San Isidro' [prefijo: se quita 'Paraje']
v5_p05,1,Entre Ríos,Paraná,Paraná,,107551,30084160,Paraná,Paraná,-31.7401482152859,-60.5274658870377,auto_ok,auto_ok,match_exacto_3campos,auto_match,no,auto,2026-07-22,alta,georef/localidades-censales,https://apis.datos.gob.ar/georef/api,verde,
v5_p05,147,Corrientes,San Cosme,Paso de la Patria,,858,18133020,Paso de la Patria,San Cosme,-27.3173344521563,-58.5725957618413,auto_ok,auto_ok,match_exacto_3campos,auto_match,no,auto,2026-07-22,alta,georef/localidades-censales,https://apis.datos.gob.ar/georef/api,verde,
v5_p05,11,Corrientes,Paso de los Libres,Paso de los Libres,,15054,18119030,Paso de los Libres,Paso de los Libres,-29.7137052636623,-57.0854492590885,auto_ok,auto_ok,match_exacto_3campos,auto_match,no,auto,2026-07-22,alta,georef/localidades-censales,https://apis.datos.gob.ar/georef/api,verde,
v5_p05,293,Corrientes,General Paz,Paso Florentín,,202,18063A19,Paso Florentín,General Paz,-27.7439838582137,-57.7762791857114,propuesto,A (aparcado),bahra_georef,auto_muestreo,no,auto(pendiente_muestra),2026-07-22,alta,georef/asentamientos,https://apis.datos.gob.ar/georef/api,verde,BAHRA: el nombre no es localidad censal -> fuente correcta (P7)
v5_p05,301,Entre Ríos,Gualeguaychú,Pastor Britos,,135,30056095,Pastor Britos,Gualeguaychú,-32.770192716382,-58.9063633690677,auto_ok,auto_ok,match_exacto_3campos,auto_match,no,auto,2026-07-22,alta,georef/localidades-censales,https://apis.datos.gob.ar/georef/api,verde,
v5_p05,279,Entre Ríos,Concordia,Pedernal,,250,30015130,Pedernal,Concordia,-31.6718187058958,-58.2305637401007,auto_ok,auto_ok,match_exacto_3campos,auto_match,no,auto,2026-07-22,alta,georef/localidades-censales,https://apis.datos.gob.ar/georef/api,verde,
v5_p05,221,Corrientes,Curuzú Cuatiá,Perugorría,,1110,18035030,Perugorría,Curuzú Cuatiá,-29.3404796154785,-58.6080890462901,auto_ok,auto_ok,match_exacto_3campos,auto_match,no,auto,2026-07-22,alta,georef/localidades-censales,https://apis.datos.gob.ar/georef/api,verde,
v5_p05,275,Entre Ríos,La Paz,Piloto Avila,,266,,Piloto Ávila,,-30.7333,-59.5667,propuesto,C5-manual_coord,web_manual_coord,humano_lote,no,pendiente:Jose,2026-07-22,verde (guard: coord en depto esperado),OpenStreetMap Nominatim,https://nominatim.openstreetmap.org/search?q=Piloto+Avila+La+Paz+Entre+Rios&format=json,verde,"[guard=verde; punto en La Paz] Paraje próximo a la ciudad de La Paz (acceso Ruta 1), depto La Paz"
v5_p06,197,Corrientes,Ituzaingó,Playadito,,571,18084A14,Playadito,Ituzaingó,-27.8850216371962,-55.9205136132049,propuesto,A (aparcado),bahra_georef,auto_muestreo,no,auto(pendiente_muestra),2026-07-22,alta,georef/asentamientos,https://apis.datos.gob.ar/georef/api,verde,BAHRA: el nombre no es localidad censal -> fuente correcta (P7)
v5_p06,3,Misiones,Capital,Posadas,,70691,54028030,Posadas,Capital,-27.3896545260435,-55.9193081767805,auto_ok,auto_ok,match_exacto_3campos,auto_match,no,auto,2026-07-22,alta,georef/localidades-censales,https://apis.datos.gob.ar/georef/api,verde,
v5_p06,281,Entre Ríos,Uruguay,Primero de Mayo,,246,,Primero de Mayo,,-32.2552,-58.4228,propuesto,C5-rename,web_rename,humano_lote,no,pendiente:Jose,2026-07-22,verde (guard: coord en depto esperado),wikipedia,https://es.wikipedia.org/wiki/Primero_de_Mayo_(Entre_R%C3%ADos),verde,"[guard=verde; punto en Uruguay] Primero de Mayo, municipio del depto Uruguay, Entre Rios. Coincide depto."
v5_p06,288,Misiones,Candelaria,Profundidad,,218,54021060,Profundidad,Candelaria,-27.5617679512775,-55.7047304122086,auto_ok,auto_ok,match_exacto_3campos,auto_match,no,auto,2026-07-22,alta,georef/localidades-censales,https://apis.datos.gob.ar/georef/api,verde,
v5_p06,174,Entre Ríos,Uruguay,Pronunciamiento,,676,30098100,Pronunciamiento,Uruguay,-32.3460261033735,-58.4441600473682,auto_ok,auto_ok,match_exacto_3campos,auto_match,no,auto,2026-07-22,alta,georef/localidades-censales,https://apis.datos.gob.ar/georef/api,verde,
v5_p06,218,Entre Ríos,Paraná,Pueblo Bellock,,484,30084170,Pueblo Bellocq (Las Garzas),Paraná,-31.4274268735175,-59.7444932615042,propuesto,E-bahra-fuzzy,bahra_fuzzy,auto_muestreo,no,auto(pendiente_muestra),2026-07-22,BAJA (fuzzy en capa BAHRA: puede no ser el mismo lugar),georef/localidades,https://apis.datos.gob.ar/georef/api,verde,antes era sin_match. candidatos: Pueblo Bellocq (Las Garzas)/Paraná [30084170]
v5_p06,149,Entre Ríos,Paraná,Pueblo Brugo,,845,30084180,Pueblo Brugo,Paraná,-31.3863988777525,-60.093625174701,auto_ok,auto_ok,match_exacto_3campos,auto_match,no,auto,2026-07-22,alta,georef/localidades-censales,https://apis.datos.gob.ar/georef/api,verde,
v5_p06,260,Entre Ríos,Colón,Pueblo Cazés,,249,30008070,Pueblo Cazes,Colón,-32.0038042104608,-58.4946183715295,auto_ok,auto_ok,match_exacto_3campos,auto_match,no,auto,2026-07-22,alta,georef/localidades-censales,https://apis.datos.gob.ar/georef/api,verde,
v5_p06,302,Entre Ríos,Paraná,Pueblo Moreno,,129,3008405002,Pueblo Moreno,Paraná,-31.5870037147946,-60.0601610854207,propuesto,A (aparcado),bahra_georef,auto_muestreo,no,auto(pendiente_muestra),2026-07-22,alta,georef/localidades,https://apis.datos.gob.ar/georef/api,verde,BAHRA: el nombre no es localidad censal -> BAHRA es la fuente correcta (P7). id de capa 'localidades' NO es id censal INDEC valido
v5_p06,202,Entre Ríos,Paraná,Pueblo San Martín (Pto. Curtiembre),,544,,Puerto Curtiembre (Pueblo General San Martín),,-31.4611,-60.1661,propuesto,C5-rename,web_rename,humano_lote,no,pendiente:Jose,2026-07-22,verde (guard: coord en depto esperado),Wikipedia (Puerto Curtiembre),https://es.wikipedia.org/wiki/Puerto_Curtiembre,verde,[guard=verde; punto en Paraná] Comuna del depto Paraná sobre el río Paraná; 'Pueblo San Martín' fue el nombre oficial que nunca reemplazó al popular Pu
v5_p06,96,Misiones,Iguazú,Puerto Esperanza,,1363,54063010,Puerto Esperanza,Iguazú,-26.0232970897792,-54.6125092333468,auto_ok,auto_ok,match_exacto_3campos,auto_match,no,auto,2026-07-22,alta,georef/localidades-censales,https://apis.datos.gob.ar/georef/api,verde,
v5_p06,115,Misiones,San Ignacio,Puerto Gisela,,1161,,Colonia Gisela (Municipio General Urquiza),,-27.1079,-55.3767,propuesto,C5-manual_coord,web_manual_coord,humano_lote,no,pendiente:Jose,2026-07-22,verde (guard: coord en depto esperado),Wikipedia (General Urquiza),https://es.wikipedia.org/wiki/General_Urquiza_(Misiones),verde,[guard=verde; punto en San Ignacio] Antiguo puerto/colonia sobre el río Paraná dentro del municipio de General Urquiza (depto San Ignacio). Coordenada = cen
v5_p06,229,Misiones,Lib. Gral. San Martín,Puerto Leoni,,962,54077050,Puerto Leoni,Libertador General San Martín,-26.9866562921186,-55.1656581816894,auto_ok,auto_ok,match_exacto_3campos,auto_match,no,auto,2026-07-22,alta,georef/localidades-censales,https://apis.datos.gob.ar/georef/api,verde,
v5_p06,254,Misiones,25 de Mayo,Puerto Londero,,343,54119A25,Puerto Londero,25 de Mayo,-27.4013046135912,-54.4062347647295,propuesto,A (aparcado),bahra_georef,auto_muestreo,no,auto(pendiente_muestra),2026-07-22,alta,georef/asentamientos,https://apis.datos.gob.ar/georef/api,verde,BAHRA: el nombre no es localidad censal -> fuente correcta (P7)
v5_p06,167,Misiones,San Ignacio,Puerto Naranjito,,726,,,,,,sin_coordenada,C5-manual_coord,web_manual_coord,sin_coordenada,no,,2026-07-22,REVISAR (sin_depto),dices.net,https://www.dices.net/mapas/argentina/mapa.php?nombre=Puerto-Naranjito&id=10749,,"COORD RECHAZADA por guard (cae fuera de todo departamento: mar/borde). [guard=sin_depto; punto en ] Lugar poblado del depto San Ignacio, Misiones"
v5_p06,112,Misiones,Oberá,Puerto Panambí,,1190,54091090,Panambí,,-27.7220950975831,-54.9146417031445,propuesto,C-generador,generador_transformacion,auto_muestreo,no,auto(pendiente_muestra),2026-07-22,alta (match exacto en depto del conjunto),georef/localidades-censales,https://apis.datos.gob.ar/georef/api,verde,candidato probado: 'Panambí' [prefijo: se quita 'Puerto']
v5_p06,69,Misiones,Montecarlo,Puerto Piray,,1957,54084050,Puerto Piray,Montecarlo,-26.467494823767,-54.7136760762691,auto_ok,auto_ok,match_exacto_3campos,auto_match,no,auto,2026-07-22,alta,georef/localidades-censales,https://apis.datos.gob.ar/georef/api,verde,
v5_p06,237,Misiones,San Javier,Puerto Rosario,,402,54105A08,Puerto Rosario,San Javier,-27.7803335510705,-55.0132772248262,propuesto,A (aparcado),bahra_georef,auto_muestreo,no,auto(pendiente_muestra),2026-07-22,alta,georef/asentamientos,https://apis.datos.gob.ar/georef/api,verde,BAHRA: el nombre no es localidad censal -> fuente correcta (P7)
v5_p06,200,Misiones,Eldorado,Puerto Victoria,,549,54042A10,Puerto Victoria,Eldorado,-26.3348930167741,-54.6623989859535,propuesto,A (aparcado),bahra_georef,auto_muestreo,no,auto(pendiente_muestra),2026-07-22,alta,georef/asentamientos,https://apis.datos.gob.ar/georef/api,verde,BAHRA: el nombre no es localidad censal -> fuente correcta (P7)
v5_p06,238,Entre Ríos,Concordia,Puerto Yeruá,,399,30015140,Puerto Yeruá,Concordia,-31.531277300336,-58.0152614191179,auto_ok,auto_ok,match_exacto_3campos,auto_match,no,auto,2026-07-22,alta,georef/localidades-censales,https://apis.datos.gob.ar/georef/api,verde,
v5_p06,269,Entre Ríos,Diamante,Puiggari,,290,3002115001,Estación Puiggari,Diamante,-32.0558292988722,-60.4468862677802,propuesto,E-bahra-fuzzy,bahra_fuzzy,auto_muestreo,no,auto(pendiente_muestra),2026-07-22,BAJA (fuzzy en capa BAHRA: puede no ser el mismo lugar),georef/localidades,https://apis.datos.gob.ar/georef/api,verde,antes era sin_match. candidatos: Estación Puiggari/Diamante [3002115001]
v5_p06,227,Corrientes,Mburucuyá,Punta Grande,,450,18098A06,Punta Grande,Mburucuyá,-27.9851019042157,-57.9692774968381,propuesto,A (aparcado),bahra_georef,auto_muestreo,no,auto(pendiente_muestra),2026-07-22,alta,georef/asentamientos,https://apis.datos.gob.ar/georef/api,verde,BAHRA: el nombre no es localidad censal -> fuente correcta (P7)
v5_p06,225,Entre Ríos,Villaguay,Raíces,,452,30113A35,Raíces,Villaguay,-31.936272008379,-59.1468814696929,propuesto,A (aparcado),bahra_georef,auto_muestreo,no,auto(pendiente_muestra),2026-07-22,alta,georef/asentamientos,https://apis.datos.gob.ar/georef/api,verde,BAHRA: el nombre no es localidad censal -> fuente correcta (P7)
v5_p06,178,Corrientes,Itatí,Ramada Paso,,664,18077020,Ramada Paso,Itatí,-27.3657902305638,-58.3009329056366,auto_ok,auto_ok,match_exacto_3campos,auto_match,no,auto,2026-07-22,alta,georef/localidades-censales,https://apis.datos.gob.ar/georef/api,verde,
v5_p06,268,Entre Ríos,Uruguay,Rocamora,,309,30098110,Rocamora,Uruguay,-32.3459729612346,-58.9697454142681,auto_ok,auto_ok,match_exacto_3campos,auto_match,no,auto,2026-07-22,alta,georef/localidades-censales,https://apis.datos.gob.ar/georef/api,verde,
v5_p06,24,Entre Ríos,Tala,Rosario del Tala,,7350,30091100,Rosario del Tala,Tala,-32.3007080375293,-59.1391268333633,auto_ok,auto_ok,match_exacto_3campos,auto_match,no,auto,2026-07-22,alta,georef/localidades-censales,https://apis.datos.gob.ar/georef/api,verde,
v5_p06,83,Misiones,Lib. Gral. San Martín,Ruiz de Montoya,,1599,54077070,Ruiz de Montoya,Libertador General San Martín,-26.9686775169937,-55.0531836438413,auto_ok,auto_ok,match_exacto_3campos,auto_match,no,auto,2026-07-22,alta,georef/localidades-censales,https://apis.datos.gob.ar/georef/api,verde,
v5_p06,259,Corrientes,Monte Caseros,Saenz Valiente,,333,18112A15,Sáenz Valiente,Monte Caseros,-30.4935890017032,-57.9121882206851,propuesto,A (aparcado),bahra_georef,auto_muestreo,no,auto(pendiente_muestra),2026-07-22,alta,georef/asentamientos,https://apis.datos.gob.ar/georef/api,verde,BAHRA: el nombre no es localidad censal -> fuente correcta (P7)
v5_p06,33,Corrientes,Saladas,Saladas,,3883,18126010,Saladas,Saladas,-28.2550066373231,-58.6238010038908,auto_ok,auto_ok,match_exacto_3campos,auto_match,no,auto,2026-07-22,alta,georef/localidades-censales,https://apis.datos.gob.ar/georef/api,verde,
v5_p06,251,Corrientes,Paso de los Libres,San Antonio,,350,,"San Antonio (paraje, depto Paso de los Libres)",Paso de los Libres,-29.76755,-57.54712,confirmado_3.3b,3.3b:manual_coord,manual_coord,documentado_3.3b,no,auto:3.3b(web+doc+guard),2026-07-22,media,auto + OpenStreetMap/Nominatim + Gobierno de Corrientes,https://nominatim.openstreetmap.org/search?q=San+Antonio+Paso+de+los+Libres+Corrientes+Argentina&format=json,verde,guard=verde (coord en conjunto permitido)
v5_p06,212,Entre Ríos,Paraná,San Benito,,509,30084200,San Benito,Paraná,-31.7841021416871,-60.4400997545846,auto_ok,auto_ok,match_exacto_3campos,auto_match,no,auto,2026-07-22,alta,georef/localidades-censales,https://apis.datos.gob.ar/georef/api,verde,
v5_p06,72,Corrientes,Ituzaingó,San Carlos,,1858,18084040,San Carlos,Ituzaingó,-27.7436028583098,-55.8984482565897,auto_ok,auto_ok,match_exacto_3campos,auto_match,no,auto,2026-07-22,alta,georef/localidades-censales,https://apis.datos.gob.ar/georef/api,verde,
v5_p06,216,Corrientes,San Cosme,San Cosme,,496,18133030,San Cosme,San Cosme,-27.3704565631032,-58.5125628246898,auto_ok,auto_ok,match_exacto_3campos,auto_match,no,auto,2026-07-22,alta,georef/localidades-censales,https://apis.datos.gob.ar/georef/api,verde,
v5_p06,249,Entre Ríos,La Paz,San Gustavo,,145,30070070,San Gustavo,La Paz,-30.6898309147696,-59.3943904810517,auto_ok,auto_ok,match_exacto_3campos,auto_match,no,auto,2026-07-22,alta,georef/localidades-censales,https://apis.datos.gob.ar/georef/api,verde,
v5_p06,63,Misiones,San Ignacio,San Ignacio,,2106,54098110,San Ignacio,San Ignacio,-27.2589094530703,-55.5389619816315,auto_ok,auto_ok,match_exacto_3campos,auto_match,no,auto,2026-07-22,alta,georef/localidades-censales,https://apis.datos.gob.ar/georef/api,verde,
v5_p06,64,Misiones,San Javier,San Javier,,2102,54105040,San Javier,San Javier,-27.8739593776522,-55.1348261115772,auto_ok,auto_ok,match_exacto_3campos,auto_match,no,auto,2026-07-22,alta,georef/localidades-censales,https://apis.datos.gob.ar/georef/api,verde,
v5_p06,59,Entre Ríos,Colón,San José,,2188,30008090,San José,Colón,-32.2123864907891,-58.2192455459153,auto_ok,auto_ok,match_exacto_3campos,auto_match,no,auto,2026-07-22,alta,georef/localidades-censales,https://apis.datos.gob.ar/georef/api,verde,
v5_p06,49,Misiones,Apóstoles,San José,,2691,54007060,San José,Apóstoles,-27.7699110394343,-55.7801900450216,auto_ok,auto_ok,match_exacto_3campos,auto_match,no,auto,2026-07-22,alta,georef/localidades-censales,https://apis.datos.gob.ar/georef/api,verde,
v5_p06,36,Entre Ríos,Feliciano,San José de Feliciano,,3721,30042010,San José de Feliciano,Feliciano,-30.3852713114912,-58.7515719602207,auto_ok,auto_ok,match_exacto_3campos,auto_match,no,auto,2026-07-22,alta,georef/localidades-censales,https://apis.datos.gob.ar/georef/api,verde,
v5_p06,265,Entre Ríos,Uruguay,San Justo,,314,30098140,San Justo,Uruguay,-32.4457923102043,-58.4354378735766,auto_ok,auto_ok,match_exacto_3campos,auto_match,no,auto,2026-07-22,alta,georef/localidades-censales,https://apis.datos.gob.ar/georef/api,verde,
v5_p07,157,Corrientes,Saladas,San Lorenzo,,800,18126020,San Lorenzo,Saladas,-28.1381174437351,-58.7682379524762,auto_ok,auto_ok,match_exacto_3campos,auto_match,no,auto,2026-07-22,alta,georef/localidades-censales,https://apis.datos.gob.ar/georef/api,verde,
v5_p07,40,Corrientes,San Luis del Palmar,San Luis del Palmar,,3407,18140010,San Luis del Palmar,San Luis del Palmar,-27.5076840184884,-58.5561670039427,auto_ok,auto_ok,match_exacto_3campos,auto_match,no,auto,2026-07-22,alta,georef/localidades-censales,https://apis.datos.gob.ar/georef/api,verde,
v5_p07,104,Corrientes,San Miguel,San Miguel,,1300,18154020,San Miguel,San Miguel,-27.9983708281182,-57.5873642908768,auto_ok,auto_ok,match_exacto_3campos,auto_match,no,auto,2026-07-22,alta,georef/localidades-censales,https://apis.datos.gob.ar/georef/api,verde,
v5_p07,123,Misiones,San Pedro,San Pedro,,1069,54112040,San Pedro,San Pedro,-26.6182122255176,-54.1069833782709,auto_ok,auto_ok,match_exacto_3campos,auto_match,no,auto,2026-07-22,alta,georef/localidades-censales,https://apis.datos.gob.ar/georef/api,verde,
v5_p07,44,Corrientes,San Roque,San Roque,,2918,18161050,San Roque,San Roque,-28.5709360361921,-58.7120001317255,auto_ok,auto_ok,match_exacto_3campos,auto_match,no,auto,2026-07-22,alta,georef/localidades-censales,https://apis.datos.gob.ar/georef/api,verde,
v5_p07,253,Corrientes,Paso de los Libres,San Salvador,,345,18119A16,San Salvador,Paso de los Libres,-29.2971404564595,-57.5028749683898,propuesto,A (aparcado),bahra_georef,auto_muestreo,no,auto(pendiente_muestra),2026-07-22,alta,georef/asentamientos,https://apis.datos.gob.ar/georef/api,verde,BAHRA: el nombre no es localidad censal -> fuente correcta (P7)
v5_p07,62,Entre Ríos,Colón,San Salvador,,2108,30088020,San Salvador,San Salvador,-31.6249640771687,-58.5050922148022,auto_ok,auto_ok,match_exacto_3campos,auto_match,no,auto,2026-07-22,alta,georef/localidades-censales,https://apis.datos.gob.ar/georef/api,verde,
v5_p07,166,Entre Ríos,Federación,Santa Ana,,638,30028110,Santa Ana,Federación,-30.8993888156018,-57.9310371982537,auto_ok,auto_ok,match_exacto_3campos,auto_match,no,auto,2026-07-22,alta,georef/localidades-censales,https://apis.datos.gob.ar/georef/api,verde,
v5_p07,170,Corrientes,San Cosme,Santa Ana,,698,18133040,Santa Ana,San Cosme,-27.4553549984351,-58.6547603461789,propuesto,A (aparcado),bahra_georef,auto_muestreo,no,auto(pendiente_muestra),2026-07-22,alta,georef/localidades,https://apis.datos.gob.ar/georef/api,verde,BAHRA: el nombre no es localidad censal -> BAHRA es la fuente correcta (P7). id de capa 'localidades' NO es id censal INDEC valido
v5_p07,61,Misiones,Candelaria,Santa Ana,,2136,54021080,Santa Ana,Candelaria,-27.3671212837411,-55.5805568560225,auto_ok,auto_ok,match_exacto_3campos,auto_match,no,auto,2026-07-22,alta,georef/localidades-censales,https://apis.datos.gob.ar/georef/api,verde,
v5_p07,137,Entre Ríos,Uruguay,Santa Anita,,927,30098120,Santa Anita,Uruguay,-32.1739484747773,-58.7853802575715,auto_ok,auto_ok,match_exacto_3campos,auto_match,no,auto,2026-07-22,alta,georef/localidades-censales,https://apis.datos.gob.ar/georef/api,verde,
v5_p07,22,Entre Ríos,La Paz,Santa Elena,,8174,30070080,Santa Elena,La Paz,-30.9443547387691,-59.789139983902,auto_ok,auto_ok,match_exacto_3campos,auto_match,no,auto,2026-07-22,alta,georef/localidades-censales,https://apis.datos.gob.ar/georef/api,verde,
v5_p07,43,Corrientes,Lavalle,Santa Lucía,,2930,18091040,Santa Lucí­a,Lavalle,-28.9898407899337,-59.1007451261779,auto_ok,auto_ok,match_exacto_3campos,auto_match,no,auto,2026-07-22,alta,georef/localidades-censales,https://apis.datos.gob.ar/georef/api,verde,
v5_p07,287,Misiones,Concepción,Santa María,,227,54035040,Santa María,Concepción,-27.9343139234329,-55.4073159157129,auto_ok,auto_ok,match_exacto_3campos,auto_match,no,auto,2026-07-22,alta,georef/localidades-censales,https://apis.datos.gob.ar/georef/api,verde,
v5_p07,180,Misiones,25 de Mayo,Santa Rita,,661,54119050,Santa Rita,25 de Mayo,-27.5221485142567,-54.7279316051995,auto_ok,auto_ok,match_exacto_3campos,auto_match,no,auto,2026-07-22,alta,georef/localidades-censales,https://apis.datos.gob.ar/georef/api,verde,
v5_p07,247,Corrientes,Concepción,Santa Rosa,,369,18028020,Santa Rosa,Concepción,-28.2680868713846,-58.1234019644531,auto_ok,auto_ok,match_exacto_3campos,auto_match,no,auto,2026-07-22,alta,georef/localidades-censales,https://apis.datos.gob.ar/georef/api,verde,
v5_p07,103,Misiones,Eldorado,Santiago de Liniers,,1327,54042080,Santiago de Liniers,Eldorado,-26.4001631953587,-54.414989345203,auto_ok,auto_ok,match_exacto_3campos,auto_match,no,auto,2026-07-22,alta,georef/localidades-censales,https://apis.datos.gob.ar/georef/api,verde,
v5_p07,151,Misiones,San Ignacio,Santo Pipó,,844,54098120,Santo Pipó,San Ignacio,-27.1397087164631,-55.4088515633144,auto_ok,auto_ok,match_exacto_3campos,auto_match,no,auto,2026-07-22,alta,georef/localidades-censales,https://apis.datos.gob.ar/georef/api,verde,
v5_p07,19,Corrientes,Santo Tomé,Santo Tomé,,10121,18168040,Santo Tomé,Santo Tomé,-28.5498356647059,-56.0348089391963,auto_ok,auto_ok,match_exacto_3campos,auto_match,no,auto,2026-07-22,alta,georef/localidades-censales,https://apis.datos.gob.ar/georef/api,verde,
v5_p07,39,Corrientes,Sauce,Sauce,,3448,18175010,Sauce,Sauce,-30.0855330833892,-58.7872794742331,auto_ok,auto_ok,match_exacto_3campos,auto_match,no,auto,2026-07-22,alta,georef/localidades-censales,https://apis.datos.gob.ar/georef/api,verde,
v5_p07,215,Entre Ríos,Villaguay,Sauce de Luna,,501,30035050,Sauce de Luna,Federal,-31.2395714738407,-59.2175279801479,auto_ok,auto_ok,match_exacto_3campos,auto_match,no,auto,2026-07-22,alta,georef/localidades-censales,https://apis.datos.gob.ar/georef/api,verde,
v5_p07,264,Entre Ríos,Paraná,Sauce Pintos,,322,30084220,Sauce Pinto,Paraná,-31.8419552431235,-60.3742809456584,propuesto,A (aparcado),bahra_georef,auto_muestreo,no,auto(pendiente_muestra),2026-07-22,media (nombre difiere),georef/,https://apis.datos.gob.ar/georef/api,verde,variante de nombre en el depto correcto
v5_p07,60,Entre Ríos,Paraná,Seguí,,2161,30084230,Seguí,Paraná,-31.9543484327364,-60.1256573206267,auto_ok,auto_ok,match_exacto_3campos,auto_match,no,auto,2026-07-22,alta,georef/localidades-censales,https://apis.datos.gob.ar/georef/api,verde,
v5_p07,235,Entre Ríos,Tala,Solá,,404,30091060,Gobernador Sola,Tala,-32.3376610192522,-59.3707828918805,propuesto,A (aparcado),bahra_georef,auto_muestreo,no,auto(pendiente_muestra),2026-07-22,media (nombre difiere),georef/,https://apis.datos.gob.ar/georef/api,verde,variante de nombre en el depto correcto
v5_p07,81,Corrientes,Mercedes,Solari,,1636,18105020,Mariano I. Loza (Est. Justino Solari),Mercedes,-29.3768834155803,-58.1922345409078,propuesto,A (aparcado),bahra_georef,auto_muestreo,no,auto(pendiente_muestra),2026-07-22,media (nombre difiere),georef/,https://apis.datos.gob.ar/georef/api,verde,variante de nombre en el depto correcto
v5_p07,223,Entre Ríos,Paraná,Sosa,,458,30084240,Sosa,Paraná,-31.7362332979389,-59.9111358895149,propuesto,A (aparcado),bahra_georef,auto_muestreo,no,auto(pendiente_muestra),2026-07-22,alta,georef/localidades,https://apis.datos.gob.ar/georef/api,verde,BAHRA: el nombre no es localidad censal -> BAHRA es la fuente correcta (P7). id de capa 'localidades' NO es id censal INDEC valido
v5_p07,99,Entre Ríos,Diamante,Strobel,,1358,3002108002,Strobel,Diamante,-32.0537739076169,-60.6124866224263,propuesto,A (aparcado),bahra_georef,auto_muestreo,no,auto(pendiente_muestra),2026-07-22,alta,georef/localidades,https://apis.datos.gob.ar/georef/api,verde,BAHRA: el nombre no es localidad censal -> BAHRA es la fuente correcta (P7). id de capa 'localidades' NO es id censal INDEC valido
v5_p07,194,Corrientes,Concepción,Tabay,,588,18028030,Tabay,Concepción,-28.308136,-58.286866,confirmado_3.3b,3.3b:transferencia_confirmada,transferencia_confirmada,documentado_3.3b,no,auto:3.3b(web+doc+guard),2026-07-22,alta,auto + Georef + Wikipedia,https://es.wikipedia.org/wiki/Tabay_(Corrientes),verde,guard=verde (coord en conjunto permitido)
v5_p07,168,Entre Ríos,Paraná,Tabossi,,707,30084250,Tabossi,Paraná,-31.8016595915134,-59.9359664208682,auto_ok,auto_ok,match_exacto_3campos,auto_match,no,auto,2026-07-22,alta,georef/localidades-censales,https://apis.datos.gob.ar/georef/api,verde,
v5_p07,269,Corrientes,General Paz,Tacuaral,,218,18063A09,El Tacuaral,General Paz,-27.8819255766123,-57.8151649934816,propuesto,E-bahra-fuzzy,bahra_fuzzy,auto_muestreo,no,auto(pendiente_muestra),2026-07-22,BAJA (fuzzy en capa BAHRA: puede no ser el mismo lugar),georef/asentamientos,https://apis.datos.gob.ar/georef/api,verde,antes era sin_match. candidatos: El Tacuaral/General Paz [18063A09]
v5_p07,236,Corrientes,Paso de los Libres,Tapebicuá,,404,18119040,Tapebicuá,Paso de los Libres,-29.5068130266836,-56.9748936099626,auto_ok,auto_ok,match_exacto_3campos,auto_match,no,auto,2026-07-22,alta,georef/localidades-censales,https://apis.datos.gob.ar/georef/api,verde,
v5_p07,208,Corrientes,General Alvear,Torrent,,523,18056020,Estación Torrent,General Alvear,-28.8266239157245,-56.469525963544,propuesto,A (aparcado),bahra_georef,auto_muestreo,no,auto(pendiente_muestra),2026-07-22,media (nombre difiere),georef/,https://apis.datos.gob.ar/georef/api,verde,variante de nombre en el depto correcto
v5_p07,256,Entre Ríos,Gualeguay,Tres Bocas,,339,30049A20,Tres Bocas,Gualeguay,-32.7147651726175,-59.687101967318,propuesto,A (aparcado),bahra_georef,auto_muestreo,no,auto(pendiente_muestra),2026-07-22,alta,georef/asentamientos,https://apis.datos.gob.ar/georef/api,verde,BAHRA: el nombre no es localidad censal -> fuente correcta (P7)
v5_p07,144,Misiones,Apóstoles,Tres Capones,,903,54007070,Tres Capones,Apóstoles,-28.0051240662244,-55.6084089497349,auto_ok,auto_ok,match_exacto_3campos,auto_match,no,auto,2026-07-22,alta,georef/localidades-censales,https://apis.datos.gob.ar/georef/api,verde,
v5_p07,229,Entre Ríos,Colón,Ubajay,,442,30008100,Ubajay,Colón,-31.7951213474696,-58.3150995327938,auto_ok,auto_ok,match_exacto_3campos,auto_match,no,auto,2026-07-22,alta,georef/localidades-censales,https://apis.datos.gob.ar/georef/api,verde,
v5_p07,38,Entre Ríos,Gualeguaychú,Urdinarrain,,3484,30056110,Urdinarrain,Gualeguaychú,-32.6910117820167,-58.8885731658132,auto_ok,auto_ok,match_exacto_3campos,auto_match,no,auto,2026-07-22,alta,georef/localidades-censales,https://apis.datos.gob.ar/georef/api,verde,
v5_p07,172,Entre Ríos,Diamante,Valle María,,690,30021060,Aldea Valle María,Diamante,-31.9900014558382,-60.5877966456679,propuesto,A (aparcado),bahra_georef,auto_muestreo,no,auto(pendiente_muestra),2026-07-22,media (nombre difiere),georef/,https://apis.datos.gob.ar/georef/api,verde,variante de nombre en el depto correcto
v5_p07,271,Entre Ríos,Nogoyá,Veinte de Setiembre,,289,,Veinte de Setiembre,,-32.3860,-59.6645,propuesto,C5-manual_coord,web_manual_coord,humano_lote,no,pendiente:Jose,2026-07-22,verde (guard: coord en depto esperado),osm,"https://nominatim.openstreetmap.org/search?q=Veinte+de+Setiembre,+Nogoya,+Entre+Rios,+Argentina",verde,"[guard=verde; punto en Nogoyá] Paraje/junta de gobierno en distrito Sauce, depto Nogoyá (Entre Ríos), sobre RN12."
v5_p07,134,Misiones,25 de Mayo,Veinticinco de Mayo,,935,54119060,25 de Mayo,,-27.3814747084572,-54.7453078816329,propuesto,C-generador,generador_transformacion,auto_muestreo,no,auto(pendiente_muestra),2026-07-22,alta (match exacto en depto del conjunto),georef/localidades-censales,https://apis.datos.gob.ar/georef/api,verde,candidato probado: '25 de Mayo' [numero-palabra -> digito: Veinticinco->25]
v5_p07,34,Entre Ríos,Paraná,Viale,,3873,30084270,Viale,Paraná,-31.8720593251427,-60.0130011564653,auto_ok,auto_ok,match_exacto_3campos,auto_match,no,auto,2026-07-22,alta,georef/localidades-censales,https://apis.datos.gob.ar/georef/api,verde,
v5_p07,10,Entre Ríos,Victoria,Victoria,,15108,30105060,Victoria,Victoria,-32.6216044197654,-60.1579573674909,auto_ok,auto_ok,match_exacto_3campos,auto_match,no,auto,2026-07-22,alta,georef/localidades-censales,https://apis.datos.gob.ar/georef/api,verde,
v5_p08,86,Entre Ríos,Villaguay,Villa Clara,,1557,30113060,Villa Clara,Villaguay,-31.8297915862536,-58.8217143620408,auto_ok,auto_ok,match_exacto_3campos,auto_match,no,auto,2026-07-22,alta,georef/localidades-censales,https://apis.datos.gob.ar/georef/api,verde,
v5_p08,108,Entre Ríos,Federación,Villa del Rosario,,1206,30028120,Villa del Rosario,Federación,-30.7956527187632,-57.9146710561802,auto_ok,auto_ok,match_exacto_3campos,auto_match,no,auto,2026-07-22,alta,georef/localidades-censales,https://apis.datos.gob.ar/georef/api,verde,
v5_p08,128,Entre Ríos,Villaguay,Villa Domínguez,,984,30113070,Villa Domínguez,Villaguay,-31.9864105128266,-58.9612830111695,auto_ok,auto_ok,match_exacto_3campos,auto_match,no,auto,2026-07-22,alta,georef/localidades-censales,https://apis.datos.gob.ar/georef/api,verde,
v5_p08,48,Entre Ríos,Colón,Villa Elisa,,2715,30008110,Villa Elisa,Colón,-32.1632035651651,-58.4005615055877,auto_ok,auto_ok,match_exacto_3campos,auto_match,no,auto,2026-07-22,alta,georef/localidades-censales,https://apis.datos.gob.ar/georef/api,verde,
v5_p08,29,Entre Ríos,Concordia,Villa Federal,,5256,30035030,Federal,,-30.9562272249038,-58.7796219319481,propuesto,C-generador,generador_transformacion,auto_muestreo,no,auto(pendiente_muestra),2026-07-22,alta (match exacto en depto del conjunto),georef/localidades-censales,https://apis.datos.gob.ar/georef/api,verde,candidato probado: 'Federal' [prefijo: se quita 'Villa']
v5_p08,42,Entre Ríos,Diamante,Villa General Ramírez,,3203,30021120,General Ramírez,,-32.1772053319515,-60.2017343560406,propuesto,C-generador,generador_transformacion,auto_muestreo,no,auto(pendiente_muestra),2026-07-22,alta (match exacto en depto del conjunto),georef/localidades-censales,https://apis.datos.gob.ar/georef/api,verde,candidato probado: 'General Ramírez' [prefijo: se quita 'Villa']
v5_p08,14,Entre Ríos,Villaguay,Villaguay,,12463,30113080,Villaguay,Villaguay,-31.8676581221417,-59.0269579259716,auto_ok,auto_ok,match_exacto_3campos,auto_match,no,auto,2026-07-22,alta,georef/localidades-censales,https://apis.datos.gob.ar/georef/api,verde,
v5_p08,46,Entre Ríos,Paraná,Villa Hernandarias,,2788,30084110,Hernandarias,,-31.2300150387102,-59.9882854435468,propuesto,C-generador,generador_transformacion,auto_muestreo,no,auto(pendiente_muestra),2026-07-22,alta (match exacto en depto del conjunto),georef/localidades-censales,https://apis.datos.gob.ar/georef/api,verde,candidato probado: 'Hernandarias' [prefijo: se quita 'Villa']
v5_p08,68,Entre Ríos,Gualeguaychú,Villa Larroque,,1993,30056090,Larroque,,-33.0354242763647,-59.001853656082,propuesto,C-generador,generador_transformacion,auto_muestreo,no,auto(pendiente_muestra),2026-07-22,alta (match exacto en depto del conjunto),georef/localidades-censales,https://apis.datos.gob.ar/georef/api,verde,candidato probado: 'Larroque' [prefijo: se quita 'Villa']
v5_p08,127,Entre Ríos,Uruguay,Villa Mantero,,989,30098130,Villa Mantero,Uruguay,-32.3983549428075,-58.7460259370488,auto_ok,auto_ok,match_exacto_3campos,auto_match,no,auto,2026-07-22,alta,georef/localidades-censales,https://apis.datos.gob.ar/georef/api,verde,
v5_p08,111,Entre Ríos,La Paz,Villa Piedras Blancas,,1196,30070050,Piedras Blancas,,-31.1850501541661,-59.9499597211808,propuesto,C-generador,generador_transformacion,auto_muestreo,no,auto(pendiente_muestra),2026-07-22,alta (match exacto en depto del conjunto),georef/localidades-censales,https://apis.datos.gob.ar/georef/api,verde,candidato probado: 'Piedras Blancas' [prefijo: se quita 'Villa']
v5_p08,196,Entre Ríos,Uruguay,Villa San Marcial (Gob. Urquiza),,578,,Villa San Marcial (Estación Gobernador Urquiza),,-32.1667,-58.9333,propuesto,C5-manual_coord,web_manual_coord,humano_lote,no,pendiente:Jose,2026-07-22,verde (guard: coord en depto esperado),Wikipedia (Villa San Marcial),https://es.wikipedia.org/wiki/Villa_San_Marcial,verde,"[guard=verde; punto en Uruguay] Mismo lugar; distrito Moscas, depto Uruguay. La estación se llama Gobernador Urquiza."
v5_p08,292,Entre Ríos,Paraná,Villa Urquiza,,204,30084300,Villa Urquiza,Paraná,-31.6495132416052,-60.3770287404082,auto_ok,auto_ok,match_exacto_3campos,auto_match,no,auto,2026-07-22,alta,georef/localidades-censales,https://apis.datos.gob.ar/georef/api,verde,
v5_p08,132,Entre Ríos,Concordia,Villa Zorraquín,,952,3001506007,Villa Zorraquín,Concordia,-31.3218570608507,-58.0144861434651,propuesto,A (aparcado),bahra_georef,auto_muestreo,no,auto(pendiente_muestra),2026-07-22,alta,georef/localidades,https://apis.datos.gob.ar/georef/api,verde,BAHRA: el nombre no es localidad censal -> BAHRA es la fuente correcta (P7). id de capa 'localidades' NO es id censal INDEC valido
v5_p08,102,Misiones,Iguazú,Wanda,,1331,54063040,Colonia Wanda,Iguazú,-25.9709539153813,-54.5733991077849,propuesto,A (aparcado),bahra_georef,auto_muestreo,no,auto(pendiente_muestra),2026-07-22,media (nombre difiere),georef/,https://apis.datos.gob.ar/georef/api,verde,variante de nombre en el depto correcto
v5_p08,173,Misiones,Oberá,Yabebiry,,689,,Colonia Yabebiry,,-27.45,-55.3,propuesto,C5-manual_coord,web_manual_coord,humano_lote,no,pendiente:Jose,2026-07-22,verde (guard: coord en depto esperado),dices.net,https://www.dices.net/mapas/argentina/mapa.php?nombre=Cerro-Negro&id=32008,verde,"[guard=verde; punto en Oberá] Colonia Yabebiry, depto Oberá. Coordenada aproximada."
v5_p08,90,Corrientes,San Martín,Yapeyú,,1431,18147040,Yapeyú,San Martín,-29.4708597211682,-56.8151122925108,auto_ok,auto_ok,match_exacto_3campos,auto_match,no,auto,2026-07-22,alta,georef/localidades-censales,https://apis.datos.gob.ar/georef/api,verde,
v5_p08,150,Corrientes,Lavalle,Yataití Calle,,845,18091060,Yatayti Calle,Lavalle,-29.0283125663823,-58.912232686265,propuesto,E-bahra-fuzzy,bahra_fuzzy,auto_muestreo,no,auto(pendiente_muestra),2026-07-22,BAJA (fuzzy en capa BAHRA: puede no ser el mismo lugar),georef/localidades,https://apis.datos.gob.ar/georef/api,verde,antes era sin_match. candidatos: Yatayti Calle/Lavalle [18091060]
v5_p08,294,Entre Ríos,Concordia,Yeruá,,194,30015080,Estación Yeruá,Concordia,-31.4699348966268,-58.263392648927,propuesto,D,ambiguo,auto_muestreo,no,auto(pendiente_muestra),2026-07-22,baja,georef,https://apis.datos.gob.ar/georef/api,verde,>1 candidato: Estación Yeruá/Concordia [30015080]; Puerto Yeruá/Concordia [30015140]
v5_p08,254,Corrientes,Mercedes,Yofré,,826,18105010,Felipe Yofré,Mercedes,-29.1067777466503,-58.3397146599802,propuesto,A (aparcado),bahra_georef,auto_muestreo,no,auto(pendiente_muestra),2026-07-22,media (nombre difiere),georef/,https://apis.datos.gob.ar/georef/api,verde,variante de nombre en el depto correcto
v5_p08,142,Entre Ríos,Concordia,Yuquerí,,914,30015007,Barrio Yuquerí Chico,Concordia,-31.4383537894022,-58.121644356277,propuesto,D,ambiguo,auto_muestreo,no,auto(pendiente_muestra),2026-07-22,baja,georef,https://apis.datos.gob.ar/georef/api,verde,>1 candidato: Barrio Yuquerí Chico/Concordia [30015007]; Estacion Yuquerí/Concordia [30015083]
v6_p01,260,Santiago del Estero,Banda,Abra Grande,,192,86035010,Abra Grande,Banda,-27.2917296295208,-64.3796541683835,auto_ok,auto_ok,match_exacto_3campos,auto_match,no,auto,2026-07-22,alta,georef/localidades-censales,https://apis.datos.gob.ar/georef/api,verde,
v6_p01,183,Santiago del Estero,Moreno,Aerolito,,440,86119010,Aerolito,Moreno,-27.2352328989137,-62.3780611313854,auto_ok,auto_ok,match_exacto_3campos,auto_match,no,auto,2026-07-22,alta,georef/localidades-censales,https://apis.datos.gob.ar/georef/api,verde,
v6_p01,278,Santiago del Estero,Alberdi,Agustina Libarona,,154,86014005,Agustina Libarona,Alberdi,-26.7808191658903,-62.7141614144104,auto_ok,auto_ok,match_exacto_3campos,auto_match,no,auto,2026-07-22,alta,georef/localidades-censales,https://apis.datos.gob.ar/georef/api,verde,
v6_p01,240,Santiago del Estero,Moreno,Alhuampa,,250,86119020,Alhuampa,Moreno,-27.129459153798,-62.5439916263768,auto_ok,auto_ok,match_exacto_3campos,auto_match,no,auto,2026-07-22,alta,georef/localidades-censales,https://apis.datos.gob.ar/georef/api,verde,
v6_p01,264,Formosa,Patiño,Alto Alegre,,188,34035A00,Alto Alegre,Patiño,-25.5636351618033,-59.8461261798846,propuesto,A (aparcado),bahra_georef,auto_muestreo,no,auto(pendiente_muestra),2026-07-22,alta,georef/asentamientos,https://apis.datos.gob.ar/georef/api,verde,BAHRA: el nombre no es localidad censal -> fuente correcta (P7)
v6_p01,284,Santiago del Estero,Moreno,Amamá,,106,86119021,Amamá,Moreno,-27.210910673092,-63.0403263369089,auto_ok,auto_ok,match_exacto_3campos,auto_match,no,auto,2026-07-22,alta,georef/localidades-censales,https://apis.datos.gob.ar/georef/api,verde,
v6_p01,9,Santiago del Estero,General Taboada,Añatuya,,11753,86077010,Añatuya,General Taboada,-28.4681606745454,-62.828577812151,auto_ok,auto_ok,match_exacto_3campos,auto_match,no,auto,2026-07-22,alta,georef/localidades-censales,https://apis.datos.gob.ar/georef/api,verde,
v6_p01,228,Santiago del Estero,Banda,Ardiles,,281,86035030,Ardiles,Banda,-27.4120472228663,-64.4994743693448,auto_ok,auto_ok,match_exacto_3campos,auto_match,no,auto,2026-07-22,alta,georef/localidades-censales,https://apis.datos.gob.ar/georef/api,verde,
v6_p01,263,Santiago del Estero,Aguirre,Argentina,,188,86007010,Argentina,Aguirre,-29.5353301449301,-62.2659045068242,auto_ok,auto_ok,match_exacto_3campos,auto_match,no,auto,2026-07-22,alta,georef/localidades-censales,https://apis.datos.gob.ar/georef/api,verde,
v6_p01,157,Santiago del Estero,Silípica,Arraga,,546,86189010,Árraga,Silípica,-28.0508660614576,-64.2207973334225,auto_ok,auto_ok,match_exacto_3campos,auto_match,no,auto,2026-07-22,alta,georef/localidades-censales,https://apis.datos.gob.ar/georef/api,verde,
v6_p01,217,Santiago del Estero,General Taboada,Averías,,332,86077020,Averías,General Taboada,-28.7453477427306,-62.4491378549721,auto_ok,auto_ok,match_exacto_3campos,auto_match,no,auto,2026-07-22,alta,georef/localidades-censales,https://apis.datos.gob.ar/georef/api,verde,
v6_p01,118,Chaco,Independencia,Avia Terai,,818,22070010,Avia Terai,Independencia,-26.6866302360758,-60.7280237170649,auto_ok,auto_ok,match_exacto_3campos,auto_match,no,auto,2026-07-22,alta,georef/localidades-censales,https://apis.datos.gob.ar/georef/api,verde,
v6_p01,272,Santiago del Estero,Ojo de Agua,Baez,,169,86126A03,Báez,Ojo de Agua,-29.5289722274892,-63.5448211944892,propuesto,A (aparcado),bahra_georef,auto_muestreo,no,auto(pendiente_muestra),2026-07-22,alta,georef/asentamientos,https://apis.datos.gob.ar/georef/api,verde,BAHRA: el nombre no es localidad censal -> fuente correcta (P7)
v6_p01,41,Santiago del Estero,Belgrano,Bandera,,2035,86042010,Bandera,Belgrano,-28.8879782322763,-62.2689484038015,auto_ok,auto_ok,match_exacto_3campos,auto_match,no,auto,2026-07-22,alta,georef/localidades-censales,https://apis.datos.gob.ar/georef/api,verde,
v6_p01,110,Santiago del Estero,Figueroa,Bandera Bajada,,893,86070010,Bandera Bajada,Figueroa,-27.2732853460545,-63.5132053094316,auto_ok,auto_ok,match_exacto_3campos,auto_match,no,auto,2026-07-22,alta,georef/localidades-censales,https://apis.datos.gob.ar/georef/api,verde,
v6_p01,243,Santiago del Estero,Salavina,Barrancas,,242,86168A02,Barrancas,Salavina,-28.6756112264808,-63.5529937968019,propuesto,A (aparcado),bahra_georef,auto_muestreo,no,auto(pendiente_muestra),2026-07-22,alta,georef/asentamientos,https://apis.datos.gob.ar/georef/api,verde,BAHRA: el nombre no es localidad censal -> fuente correcta (P7)
v6_p01,5,Chaco,San Fernando,Barranqueras,,19779,22140010,Barranqueras,San Fernando,-27.4851410438736,-58.9307386803528,auto_ok,auto_ok,match_exacto_3campos,auto_match,no,auto,2026-07-22,alta,georef/localidades-censales,https://apis.datos.gob.ar/georef/api,verde,
v6_p01,244,Santiago del Estero,Río Hondo,Barrialito,,241,86147A08,Barrialito,Río Hondo,-27.625582131393,-64.7876615425825,propuesto,A (aparcado),bahra_georef,auto_muestreo,no,auto(pendiente_muestra),2026-07-22,alta,georef/asentamientos,https://apis.datos.gob.ar/georef/api,verde,BAHRA: el nombre no es localidad censal -> fuente correcta (P7)
v6_p01,92,Formosa,Patiño,Bartolomé de las Casas,,1269,34035010,Bartolomé De Las Casas,Patiño,-25.4077186121969,-59.5699380524043,auto_ok,auto_ok,match_exacto_3campos,auto_match,no,auto,2026-07-22,alta,georef/localidades-censales,https://apis.datos.gob.ar/georef/api,verde,
v6_p01,137,Chaco,San Fernando,Basail,,659,22140020,Basail,San Fernando,-27.8876340464106,-59.281481296324,auto_ok,auto_ok,match_exacto_3campos,auto_match,no,auto,2026-07-22,alta,georef/localidades-censales,https://apis.datos.gob.ar/georef/api,verde,
v6_p01,204,Santiago del Estero,Quebrachos,Belgrano,,381,86140A01,Belgrano,Quebrachos,-29.3272622926934,-63.606582544775,propuesto,A (aparcado),bahra_georef,auto_muestreo,no,auto(pendiente_muestra),2026-07-22,alta,georef/asentamientos,https://apis.datos.gob.ar/georef/api,verde,BAHRA: el nombre no es localidad censal -> fuente correcta (P7)
v6_p01,77,Santiago del Estero,Robles,Beltrán,,1472,86161010,Beltrán,Robles,-27.8315913828113,-64.061379252439,auto_ok,auto_ok,match_exacto_3campos,auto_match,no,auto,2026-07-22,alta,georef/localidades-censales,https://apis.datos.gob.ar/georef/api,verde,
v6_p01,82,Chaco,Primero de Mayo,Benítez,,1426,22126020,Colonia Benítez,1° de Mayo,-27.3294924523259,-58.950150069528,propuesto,A (aparcado),bahra_georef,auto_muestreo,no,auto(pendiente_muestra),2026-07-22,media (nombre difiere),georef/,https://apis.datos.gob.ar/georef/api,verde,variante de nombre en el depto correcto
v6_p01,280,Santiago del Estero,Jiménez,Bobadal,,117,86091010,El Bobadal,Jiménez,-26.7227436263042,-64.3972251639006,propuesto,A (aparcado),bahra_georef,auto_muestreo,no,auto(pendiente_muestra),2026-07-22,media (nombre difiere),georef/,https://apis.datos.gob.ar/georef/api,verde,variante de nombre en el depto correcto
v6_p01,119,Santiago del Estero,San Martín,Brea Pozo,,815,86175010,Brea Pozo,San Martín,-28.2392276251855,-63.9478066526017,auto_ok,auto_ok,match_exacto_3campos,auto_match,no,auto,2026-07-22,alta,georef/localidades-censales,https://apis.datos.gob.ar/georef/api,verde,
v6_p01,68,Formosa,Pilagás,Buena Vista,,1511,34042010,Buena Vista,Pilagás,-25.0708712641758,-58.3852867624135,auto_ok,auto_ok,match_exacto_3campos,auto_match,no,auto,2026-07-22,alta,georef/localidades-censales,https://apis.datos.gob.ar/georef/api,verde,
v6_p01,38,Santiago del Estero,Alberdi,Campo Gallo,,2336,86014010,Campo Gallo,Alberdi,-26.5838922640244,-62.847059741302,auto_ok,auto_ok,match_exacto_3campos,auto_match,no,auto,2026-07-22,alta,georef/localidades-censales,https://apis.datos.gob.ar/georef/api,verde,
v6_p01,39,Chaco,Independencia,Campo Largo,,2059,22070020,Campo Largo,Independencia,-26.8003147091469,-60.8390586054565,auto_ok,auto_ok,match_exacto_3campos,auto_match,no,auto,2026-07-22,alta,georef/localidades-censales,https://apis.datos.gob.ar/georef/api,verde,
v6_p01,117,Chaco,Sargento Cabral,Capitán Solari,,831,22154010,Capitán Solari,Sargento Cabral,-26.8024243089719,-59.5570906721112,auto_ok,auto_ok,match_exacto_3campos,auto_match,no,auto,2026-07-22,alta,georef/localidades-censales,https://apis.datos.gob.ar/georef/api,verde,
v6_p01,215,Santiago del Estero,Capital,Cardozo,,337,86049040,Los Cardozos,Capital,-27.9144309676421,-64.1763697210584,propuesto,A (aparcado),bahra_georef,auto_muestreo,no,auto(pendiente_muestra),2026-07-22,media (nombre difiere),georef/,https://apis.datos.gob.ar/georef/api,verde,variante de nombre en el depto correcto
v6_p01,227,Santiago del Estero,Aguirre,Casares,,285,86007020,Casares,Aguirre,-28.9474579789217,-62.8011736281991,auto_ok,auto_ok,match_exacto_3campos,auto_match,no,auto,2026-07-22,alta,georef/localidades-censales,https://apis.datos.gob.ar/georef/api,verde,
v6_p01,23,Chaco,General Güemes,Castelli,,4131,22063060,Juan José Castelli,General Güemes,-25.9465772969756,-60.6200644824646,propuesto,A (aparcado),bahra_georef,auto_muestreo,no,auto(pendiente_muestra),2026-07-22,media (nombre difiere),georef/,https://apis.datos.gob.ar/georef/api,verde,variante de nombre en el depto correcto
v6_p01,238,Santiago del Estero,Moreno,Cejolao,,258,86119023,Cejolao,Moreno,-27.4900476504036,-62.3069114306432,auto_ok,auto_ok,match_exacto_3campos,auto_match,no,auto,2026-07-22,alta,georef/localidades-censales,https://apis.datos.gob.ar/georef/api,verde,
v6_p01,18,Santiago del Estero,Banda,Clodomira,,4685,86035060,Clodomira,Banda,-27.5773937043563,-64.1323743149226,auto_ok,auto_ok,match_exacto_3campos,auto_match,no,auto,2026-07-22,alta,georef/localidades-censales,https://apis.datos.gob.ar/georef/api,verde,
v6_p01,160,Chaco,Mayor Luis J. Fontana,Clodomiro Díaz,,540,,Pueblo Clodomiro Díaz,,-27.6380,-60.7937,propuesto,C5-manual_coord,web_manual_coord,humano_lote,no,pendiente:Jose,2026-07-22,verde (guard: coord en depto esperado),osm,"https://nominatim.openstreetmap.org/search?q=Pueblo+Clodomiro+Diaz,+Chaco,+Argentina",verde,"[guard=verde; punto en Mayor Luis J. Fontana] Aldea/estación en depto Mayor Luis J. Fontana (Chaco), cerca de Villa Ángela."
v6_p01,10,Formosa,Pilcomayo,Clorinda,,10043,34049010,Clorinda,Pilcomayo,-25.2899901602299,-57.7125306364674,auto_ok,auto_ok,match_exacto_3campos,auto_match,no,auto,2026-07-22,alta,georef/localidades-censales,https://apis.datos.gob.ar/georef/api,verde,
v6_p01,141,Chaco,San Fernando,Colonia Baranda,,622,22140030,Colonia Baranda,San Fernando,-27.5602434955858,-59.3086077892986,auto_ok,auto_ok,match_exacto_3campos,auto_match,no,auto,2026-07-22,alta,georef/localidades-censales,https://apis.datos.gob.ar/georef/api,verde,
v6_p01,35,Santiago del Estero,Avellaneda,Colonia Dora,,2548,86028010,Colonia Dora,Avellaneda,-28.6070091420334,-62.9512578594993,auto_ok,auto_ok,match_exacto_3campos,auto_match,no,auto,2026-07-22,alta,georef/localidades-censales,https://apis.datos.gob.ar/georef/api,verde,
v6_p01,86,Chaco,Sargento Cabral,Colonia Elisa,,1338,22154020,Colonia Elisa,Sargento Cabral,-26.9316375315028,-59.5187845996427,auto_ok,auto_ok,match_exacto_3campos,auto_match,no,auto,2026-07-22,alta,georef/localidades-censales,https://apis.datos.gob.ar/georef/api,verde,
v6_p01,100,Chaco,Independencia,Colonia José Mármol,,1076,22070025,Colonia José Mármol,Independencia,-26.9948571935278,-60.6787014068595,auto_ok,auto_ok,match_exacto_3campos,auto_match,no,auto,2026-07-22,alta,georef/localidades-censales,https://apis.datos.gob.ar/georef/api,verde,
v6_p01,91,Chaco,Sargento Cabral,Colonias Unidas,,1273,22154030,Colonias Unidas,Sargento Cabral,-26.7000971775462,-59.6277421824927,auto_ok,auto_ok,match_exacto_3campos,auto_match,no,auto,2026-07-22,alta,georef/localidades-censales,https://apis.datos.gob.ar/georef/api,verde,
v6_p02,42,Formosa,Pirané,Colonia Villafañe,,1966,34056010,Colonia Campo Villafañe,Pirané,-26.2046868834935,-59.0800251843289,propuesto,E-bahra-fuzzy,bahra_fuzzy,auto_muestreo,no,auto(pendiente_muestra),2026-07-22,BAJA (fuzzy en capa BAHRA: puede no ser el mismo lugar),georef/localidades,https://apis.datos.gob.ar/georef/api,verde,antes era sin_match. candidatos: Colonia Campo Villafañe/Pirané [34056010]
v6_p02,271,Chaco,Lib. Gral. San Martín,Ciervo Petizo,,169,22084010,Ciervo Petiso,Libertador General San Martín,-26.5801110462735,-59.6301081584153,propuesto,A (aparcado),bahra_georef,auto_muestreo,no,auto(pendiente_muestra),2026-07-22,media (nombre difiere),georef/,https://apis.datos.gob.ar/georef/api,verde,variante de nombre en el depto correcto
v6_p02,54,Formosa,Patiño,Comandante Fontana,,1686,34035030,Comandante Fontana,Patiño,-25.3349317351938,-59.682680694039,auto_ok,auto_ok,match_exacto_3campos,auto_match,no,auto,2026-07-22,alta,georef/localidades-censales,https://apis.datos.gob.ar/georef/api,verde,
v6_p02,103,Chaco,Almirante Brown,Concepción del Bermejo,,1037,22007010,Concepción del Bermejo,Almirante Brown,-26.6003438620293,-60.9462313149704,auto_ok,auto_ok,match_exacto_3campos,auto_match,no,auto,2026-07-22,alta,georef/localidades-censales,https://apis.datos.gob.ar/georef/api,verde,
v6_p02,81,Chaco,Mayor Luis J. Fontana,Coronel Du Graty,,1438,22098010,Coronel Du Graty,Mayor Luis J. Fontana,-27.682202677676,-60.9043865219532,auto_ok,auto_ok,match_exacto_3campos,auto_match,no,auto,2026-07-22,alta,georef/localidades-censales,https://apis.datos.gob.ar/georef/api,verde,
v6_p02,239,Santiago del Estero,Alberdi,Coronel Manuel L. Rico,,250,86014020,Coronel Manuel L. Rico,Alberdi,-26.3846674874595,-61.8107052367049,auto_ok,auto_ok,match_exacto_3campos,auto_match,no,auto,2026-07-22,alta,georef/localidades-censales,https://apis.datos.gob.ar/georef/api,verde,
v6_p02,29,Chaco,General Belgrano,Corzuela,,3295,22049010,Corzuela,General Belgrano,-26.9513288524294,-60.9704032587996,auto_ok,auto_ok,match_exacto_3campos,auto_match,no,auto,2026-07-22,alta,georef/localidades-censales,https://apis.datos.gob.ar/georef/api,verde,
v6_p02,105,Chaco,Tapenagá,Cote Lai,,982,22161020,Cote Lai,Tapenagá,-27.5273902294027,-59.5742552227616,auto_ok,auto_ok,match_exacto_3campos,auto_match,no,auto,2026-07-22,alta,georef/localidades-censales,https://apis.datos.gob.ar/georef/api,verde,
v6_p02,46,Chaco,Tapenagá,Charadai,,1872,22161010,Charadai,Tapenagá,-27.6546764193099,-59.8622280073209,auto_ok,auto_ok,match_exacto_3campos,auto_match,no,auto,2026-07-22,alta,georef/localidades-censales,https://apis.datos.gob.ar/georef/api,verde,
v6_p02,11,Chaco,Chacabuco,Charata,,8953,22028010,Charata,Chacabuco,-27.2179386747259,-61.1873622447366,auto_ok,auto_ok,match_exacto_3campos,auto_match,no,auto,2026-07-22,alta,georef/localidades-censales,https://apis.datos.gob.ar/georef/api,verde,
v6_p02,248,Santiago del Estero,Banda,Chaupi Pozo,,231,86035050,Chaupi Pozo,Banda,-27.5078974442944,-64.4205545283454,auto_ok,auto_ok,match_exacto_3campos,auto_match,no,auto,2026-07-22,alta,georef/localidades-censales,https://apis.datos.gob.ar/georef/api,verde,
v6_p02,200,Santiago del Estero,Salavina,Chilca Juliana,,394,86168010,Chilca Juliana,Salavina,-28.7968980969989,-63.5752300049233,auto_ok,auto_ok,match_exacto_3campos,auto_match,no,auto,2026-07-22,alta,georef/localidades-censales,https://apis.datos.gob.ar/georef/api,verde,
v6_p02,147,Chaco,Fray J. Sta. María de Oro,Chorotis,,607,22043010,Chorotis,Fray Justo Santa María de Oro,-27.914650291346,-61.4014331674583,auto_ok,auto_ok,match_exacto_3campos,auto_match,no,auto,2026-07-22,alta,georef/localidades-censales,https://apis.datos.gob.ar/georef/api,verde,
v6_p02,127,Santiago del Estero,Choya,Choya,,754,86063020,Choya,Choya,-28.4960132575887,-64.8563207304741,auto_ok,auto_ok,match_exacto_3campos,auto_match,no,auto,2026-07-22,alta,georef/localidades-censales,https://apis.datos.gob.ar/georef/api,verde,
v6_p02,184,Formosa,Patiño,Desvío Bruchard,,432,,Apeadero Bruchard (Ramal C25),,-25.14,-59.96,propuesto,C5-manual_coord,web_manual_coord,humano_lote,no,pendiente:Jose,2026-07-22,verde (guard: coord en depto esperado),Wikipedia,https://es.wikipedia.org/wiki/Ramal_C25_del_Ferrocarril_Belgrano,verde,"[guard=verde; punto en Patiño] Apeadero km 1797 (cruza RP24) entre Estanislao del Campo e Ibarreta, depto Patiño; coordenada aproximada por interpolaci"
v6_p02,128,Santiago del Estero,Alberdi,Donadeu,,754,86014030,Donadeu,Alberdi,-26.7223439985146,-62.7221472850988,auto_ok,auto_ok,match_exacto_3campos,auto_match,no,auto,2026-07-22,alta,georef/localidades-censales,https://apis.datos.gob.ar/georef/api,verde,
v6_p02,230,Santiago del Estero,Guasayán,Doña Luisa,,276,86084004,Doña Luisa,Guasayán,-27.7455993944813,-64.725134567359,auto_ok,auto_ok,match_exacto_3campos,auto_match,no,auto,2026-07-22,alta,georef/localidades-censales,https://apis.datos.gob.ar/georef/api,verde,
v6_p02,133,Santiago del Estero,Copo,El Caburé,,703,86056010,El Caburé,Copo,-26.017195977304,-62.3350801900081,auto_ok,auto_ok,match_exacto_3campos,auto_match,no,auto,2026-07-22,alta,georef/localidades-censales,https://apis.datos.gob.ar/georef/api,verde,
v6_p02,242,Santiago del Estero,Ojo de Agua,El Cajón,,246,,El Cajón,,-29.3211,-63.8839,propuesto,C5-manual_coord,web_manual_coord,humano_lote,no,pendiente:Jose,2026-07-22,verde (guard: coord en depto esperado),osm,"https://nominatim.openstreetmap.org/search?q=El+Cajon,+Ojo+de+Agua,+Santiago+del+Estero,+Argentina",verde,[guard=verde; punto en Ojo de Agua] Paraje El Cajón en depto Ojo de Agua (Santiago del Estero).
v6_p02,199,Santiago del Estero,Jiménez,El Charco,,398,86091020,El Charco,Jiménez,-27.230110492442,-64.701323418806,auto_ok,auto_ok,match_exacto_3campos,auto_match,no,auto,2026-07-22,alta,georef/localidades-censales,https://apis.datos.gob.ar/georef/api,verde,
v6_p02,206,Formosa,Ramón Lista,El Chorro,,377,,El Chorro,,-23.2167,-62.3000,propuesto,C5-manual_coord,web_manual_coord,humano_lote,no,pendiente:Jose,2026-07-22,verde (guard: coord en depto esperado),Wikipedia,https://es.wikipedia.org/wiki/El_Chorro_(Formosa),verde,[guard=verde; punto en Ramón Lista] Localidad del depto Ramón Lista; se llamó General Mosconi 1977-2015 y recuperó el nombre El Chorro
v6_p02,26,Formosa,Pirané,El Colorado,,3755,34056020,El Colorado,Pirané,-26.3089554872666,-59.3722926663958,auto_ok,auto_ok,match_exacto_3campos,auto_match,no,auto,2026-07-22,alta,georef/localidades-censales,https://apis.datos.gob.ar/georef/api,verde,
v6_p02,162,Santiago del Estero,General Taboada,El Malacara,,527,,El Malacara,,-28.4333,-62.5167,propuesto,C5-manual_coord,web_manual_coord,humano_lote,no,pendiente:Jose,2026-07-22,verde (guard: coord en depto esperado),dices.net,https://www.dices.net/mapas/argentina/mapa.php?nombre=El-Malacara&id=36291,verde,"[guard=verde; punto en General Taboada] Localidad del depto General Taboada, Santiago del Estero"
v6_p02,249,Santiago del Estero,Pellegrini,El Mojón,,226,86133010,El Mojón,Pellegrini,-26.0927408741742,-64.3093807235426,auto_ok,auto_ok,match_exacto_3campos,auto_match,no,auto,2026-07-22,alta,georef/localidades-censales,https://apis.datos.gob.ar/georef/api,verde,
v6_p02,213,Santiago del Estero,Figueroa,El Negrito,,343,86070A10,El Negrito,Figueroa,-27.3445755595329,-63.2520086226798,propuesto,A (aparcado),bahra_georef,auto_muestreo,no,auto(pendiente_muestra),2026-07-22,alta,georef/asentamientos,https://apis.datos.gob.ar/georef/api,verde,BAHRA: el nombre no es localidad censal -> fuente correcta (P7)
v6_p02,237,Santiago del Estero,Moreno,El Pértigo,,263,86119A15,El Pértigo,Moreno,-27.304324497761,-62.7367089496367,propuesto,A (aparcado),bahra_georef,auto_muestreo,no,auto(pendiente_muestra),2026-07-22,alta,georef/asentamientos,https://apis.datos.gob.ar/georef/api,verde,BAHRA: el nombre no es localidad censal -> fuente correcta (P7)
v6_p02,201,Chaco,General Güemes,El Pintado,,388,22063A47,El Pintado,General Güemes,-24.6254814359824,-61.4220530489615,propuesto,A (aparcado),bahra_georef,auto_muestreo,no,auto(pendiente_muestra),2026-07-22,alta,georef/asentamientos,https://apis.datos.gob.ar/georef/api,verde,BAHRA: el nombre no es localidad censal -> fuente correcta (P7)
v6_p02,94,Chaco,Mayor Luis J. Fontana,Enrique Urien,,1254,22098020,Enrique Urien,Mayor Luis J. Fontana,-27.5563253186692,-60.526104132201,auto_ok,auto_ok,match_exacto_3campos,auto_match,no,auto,2026-07-22,alta,georef/localidades-censales,https://apis.datos.gob.ar/georef/api,verde,
v6_p02,84,Formosa,Pilagás,Espinillo,,1398,34042020,El Espinillo,Pilagás,-24.9813609061919,-58.552681979334,propuesto,A (aparcado),bahra_georef,auto_muestreo,no,auto(pendiente_muestra),2026-07-22,media (nombre difiere),georef/,https://apis.datos.gob.ar/georef/api,verde,variante de nombre en el depto correcto
v6_p02,149,Santiago del Estero,Atamisqui,Estación Atamisqui,,590,86021010,Estación Atamisqui,Atamisqui,-28.4926115700981,-63.9366813224129,auto_ok,auto_ok,match_exacto_3campos,auto_match,no,auto,2026-07-22,alta,georef/localidades-censales,https://apis.datos.gob.ar/georef/api,verde,
v6_p02,171,Santiago del Estero,Copo,Estación Los Tigres,,490,86056040,Los Tigres,,-25.9079852740842,-62.5934246920695,propuesto,C-generador,generador_transformacion,auto_muestreo,no,auto(pendiente_muestra),2026-07-22,alta (match exacto en depto del conjunto),georef/localidades-censales,https://apis.datos.gob.ar/georef/api,verde,candidato probado: 'Los Tigres' [prefijo: se quita 'Estacion']
v6_p02,143,Santiago del Estero,Atamisqui,Estación Medellín,,620,86021020,Medellí­n,,-28.6521076101805,-63.7856117440691,propuesto,C-generador,generador_transformacion,auto_muestreo,no,auto(pendiente_muestra),2026-07-22,alta (match exacto en depto del conjunto),georef/localidades-censales,https://apis.datos.gob.ar/georef/api,verde,candidato probado: 'Medellín' [prefijo: se quita 'Estacion']
v6_p02,66,Formosa,Patiño,Estanislao del Campo,,1532,34035050,Estanislao Del Campo,Patiño,-25.0536394072231,-60.09069128362,auto_ok,auto_ok,match_exacto_3campos,auto_match,no,auto,2026-07-22,alta,georef/localidades-censales,https://apis.datos.gob.ar/georef/api,verde,
v6_p02,167,Santiago del Estero,Figueroa,Esteros,,508,,,,,,sin_coordenada,C5-sin_coordenada,sin_coordenada,sin_coordenada,no,,2026-07-22,,,,,[C5 web] No se ubica un 'Esteros' en depto Figueroa. Homónimos: pista apunta a depto Capital [86049110] y OSM sólo halla 'Esteros' en depto Alberdi (
v6_p02,30,Santiago del Estero,Robles,Fernández,,3115,86161030,Fernández,Robles,-27.9252710523337,-63.8946713939065,auto_ok,auto_ok,match_exacto_3campos,auto_match,no,auto,2026-07-22,alta,georef/localidades-censales,https://apis.datos.gob.ar/georef/api,verde,
v6_p02,49,Chaco,San Fernando,Fontana,,1737,22140040,Fontana,San Fernando,-27.416282851657,-59.0341054119791,auto_ok,auto_ok,match_exacto_3campos,auto_match,no,auto,2026-07-22,alta,georef/localidades-censales,https://apis.datos.gob.ar/georef/api,verde,
v6_p02,3,Formosa,Formosa,Formosa,,36499,34014020,Formosa,Formosa,-26.1852113386808,-58.1743535107885,auto_ok,auto_ok,match_exacto_3campos,auto_match,no,auto,2026-07-22,alta,georef/localidades-censales,https://apis.datos.gob.ar/georef/api,verde,
v6_p02,62,Santiago del Estero,Robles,Forres,,1634,86161040,Forres (Est. Chaguar Punco),Robles,-27.8789592614758,-63.9804252326013,propuesto,A (aparcado),bahra_georef,auto_muestreo,no,auto(pendiente_muestra),2026-07-22,media (nombre difiere),georef/,https://apis.datos.gob.ar/georef/api,verde,variante de nombre en el depto correcto
v6_p02,214,Chaco,Presidencia de la Plaza,Fortín Aguilar,,338,22119A09,Fortín Aguilar,Presidencia de la Plaza,-27.0727591381788,-59.6484603510921,propuesto,A (aparcado),bahra_georef,auto_muestreo,no,auto(pendiente_muestra),2026-07-22,alta,georef/asentamientos,https://apis.datos.gob.ar/georef/api,verde,BAHRA: el nombre no es localidad censal -> fuente correcta (P7)
v6_p02,275,Chaco,Libertad,Fortín Cardoso,,161,22077A03,Fortín Cardoso,Libertad,-27.4090145566153,-59.2338517252411,propuesto,A (aparcado),bahra_georef,auto_muestreo,no,auto(pendiente_muestra),2026-07-22,alta,georef/asentamientos,https://apis.datos.gob.ar/georef/api,verde,BAHRA: el nombre no es localidad censal -> fuente correcta (P7)
v6_p03,8,Santiago del Estero,Choya,Frías,,11862,86063040,Frí­as,Choya,-28.6369810928448,-65.1333947023733,auto_ok,auto_ok,match_exacto_3campos,auto_match,no,auto,2026-07-22,alta,georef/localidades-censales,https://apis.datos.gob.ar/georef/api,verde,
v6_p03,67,Formosa,Pilcomayo,Frontera,,1514,34049A11,Frontera,Pilcomayo,-25.386638555108,-58.1762051694928,propuesto,A (aparcado),bahra_georef,auto_muestreo,no,auto(pendiente_muestra),2026-07-22,alta,georef/asentamientos,https://apis.datos.gob.ar/georef/api,verde,BAHRA: el nombre no es localidad censal -> fuente correcta (P7)
v6_p03,125,Chaco,Doce de Octubre,Gancedo,,757,22036010,Gancedo,12 de Octubre,-27.4908351834337,-61.6764890060821,auto_ok,auto_ok,match_exacto_3campos,auto_match,no,auto,2026-07-22,alta,georef/localidades-censales,https://apis.datos.gob.ar/georef/api,verde,
v6_p03,139,Santiago del Estero,Sarmiento,Garza,,632,86182010,Garza,Sarmiento,-28.1531551603023,-63.5391540301825,auto_ok,auto_ok,match_exacto_3campos,auto_match,no,auto,2026-07-22,alta,georef/localidades-censales,https://apis.datos.gob.ar/georef/api,verde,
v6_p03,166,Chaco,Doce de Octubre,General Capdevila,,510,22036020,General Capdevila,12 de Octubre,-27.4225615391701,-61.4761153101308,auto_ok,auto_ok,match_exacto_3campos,auto_match,no,auto,2026-07-22,alta,georef/localidades-censales,https://apis.datos.gob.ar/georef/api,verde,
v6_p03,14,Chaco,Lib. Gral. San Martín,Gral. José de San Martín,,5390,22084020,General José de San Martín,Libertador General San Martín,-26.5363784114274,-59.3413345136953,propuesto,A (aparcado),bahra_georef,auto_muestreo,no,auto(pendiente_muestra),2026-07-22,media (nombre difiere),georef/,https://apis.datos.gob.ar/georef/api,verde,variante de nombre en el depto correcto
v6_p03,22,Chaco,Doce de Octubre,General Pinedo,,4308,22036030,General Pinedo,12 de Octubre,-27.3253864789587,-61.2809974659165,auto_ok,auto_ok,match_exacto_3campos,auto_match,no,auto,2026-07-22,alta,georef/localidades-censales,https://apis.datos.gob.ar/georef/api,verde,
v6_p03,115,Chaco,Bermejo,General Vedia,,851,22014010,General Vedia,Bermejo,-26.937434596583,-58.6611608813647,auto_ok,auto_ok,match_exacto_3campos,auto_match,no,auto,2026-07-22,alta,georef/localidades-censales,https://apis.datos.gob.ar/georef/api,verde,
v6_p03,159,Santiago del Estero,Moreno,Girardet,,542,86119A20,Girardet,Moreno,-27.6197497621466,-62.167053899937,propuesto,A (aparcado),bahra_georef,auto_muestreo,no,auto(pendiente_muestra),2026-07-22,alta,georef/asentamientos,https://apis.datos.gob.ar/georef/api,verde,BAHRA: el nombre no es localidad censal -> fuente correcta (P7)
v6_p03,112,Santiago del Estero,Jiménez,Gramilla,,888,86091040,Gramilla,Jiménez,-27.2971935237082,-64.61075364749,auto_ok,auto_ok,match_exacto_3campos,auto_match,no,auto,2026-07-22,alta,georef/localidades-censales,https://apis.datos.gob.ar/georef/api,verde,
v6_p03,170,Santiago del Estero,Moreno,Granadero Gatica,,491,86119025,Granadero Gatica,Moreno,-26.8705673991835,-62.7154791979333,auto_ok,auto_ok,match_exacto_3campos,auto_match,no,auto,2026-07-22,alta,georef/localidades-censales,https://apis.datos.gob.ar/georef/api,verde,
v6_p03,79,Formosa,Formosa,Gran Guardia,,1450,34014030,Gran Guardia,Formosa,-25.8626397866932,-58.8849099802217,auto_ok,auto_ok,match_exacto_3campos,auto_match,no,auto,2026-07-22,alta,georef/localidades-censales,https://apis.datos.gob.ar/georef/api,verde,
v6_p03,134,Santiago del Estero,Belgrano,Guardia Escolta,,698,86042040,Guardia Escolta,Belgrano,-28.9882475755387,-62.1267396460211,auto_ok,auto_ok,match_exacto_3campos,auto_match,no,auto,2026-07-22,alta,georef/localidades-censales,https://apis.datos.gob.ar/georef/api,verde,
v6_p03,247,Santiago del Estero,Moreno,Haase,,234,86119030,Hasse,Moreno,-27.0688214579147,-62.6439267601326,propuesto,A (aparcado),bahra_georef,auto_muestreo,no,auto(pendiente_muestra),2026-07-22,media (nombre difiere),georef/,https://apis.datos.gob.ar/georef/api,verde,variante de nombre en el depto correcto
v6_p03,188,Chaco,Tapenagá,Haumonia,,426,22161030,Haumonia,Tapenagá,-27.5064767996317,-60.1786363468964,auto_ok,auto_ok,match_exacto_3campos,auto_match,no,auto,2026-07-22,alta,georef/localidades-censales,https://apis.datos.gob.ar/georef/api,verde,
v6_p03,56,Formosa,Laishí,Herradura,,1679,34021030,Herradura,Laishi,-26.4898536727735,-58.3117339831591,auto_ok,auto_ok,match_exacto_3campos,auto_match,no,auto,2026-07-22,alta,georef/localidades-censales,https://apis.datos.gob.ar/georef/api,verde,
v6_p03,55,Santiago del Estero,Avellaneda,Herrera,,1685,86028020,Herrera,Avellaneda,-28.4861650390016,-63.0706318628775,auto_ok,auto_ok,match_exacto_3campos,auto_match,no,auto,2026-07-22,alta,georef/localidades-censales,https://apis.datos.gob.ar/georef/api,verde,
v6_p03,113,Chaco,Doce de Octubre,Hermoso Campo,,879,22039010,Hermoso Campo,2 de Abril,-27.6100434060016,-61.3441005350185,auto_ok,auto_ok,match_exacto_3campos,auto_match,no,auto,2026-07-22,alta,georef/localidades-censales,https://apis.datos.gob.ar/georef/api,verde,
v6_p03,169,Chaco,Tapenagá,Horquilla,,506,22161040,Horquilla,Tapenagá,-27.5406659683784,-59.9557284360732,auto_ok,auto_ok,match_exacto_3campos,auto_match,no,auto,2026-07-22,alta,georef/localidades-censales,https://apis.datos.gob.ar/georef/api,verde,
v6_p03,150,Santiago del Estero,Atamisqui,Hoyón,,586,86021A07,El Hoyón,Atamisqui,-28.6294638117715,-63.9594266222946,propuesto,E-bahra-fuzzy,bahra_fuzzy,auto_muestreo,no,auto(pendiente_muestra),2026-07-22,BAJA (fuzzy en capa BAHRA: puede no ser el mismo lugar),georef/asentamientos,https://apis.datos.gob.ar/georef/api,verde,antes era sin_match. candidatos: El Hoyón/Atamisqui [86021A07]
v6_p03,273,Santiago del Estero,Banda,Huayamampa,,165,86035070,Huyamampa,Banda,-27.3877114846304,-64.2980122203452,propuesto,A (aparcado),bahra_georef,auto_muestreo,no,auto(pendiente_muestra),2026-07-22,media (nombre difiere),georef/,https://apis.datos.gob.ar/georef/api,verde,variante de nombre en el depto correcto
v6_p03,20,Formosa,Patiño,Ibarreta,,4366,34035080,Ibarreta,Patiño,-25.2102954022707,-59.8546982294831,auto_ok,auto_ok,match_exacto_3campos,auto_match,no,auto,2026-07-22,alta,georef/localidades-censales,https://apis.datos.gob.ar/georef/api,verde,
v6_p03,44,Santiago del Estero,Avellaneda,Icaño,,1926,86028030,Icaño,Avellaneda,-28.6840366606972,-62.8824152815601,auto_ok,auto_ok,match_exacto_3campos,auto_match,no,auto,2026-07-22,alta,georef/localidades-censales,https://apis.datos.gob.ar/georef/api,verde,
v6_p03,221,Chaco,Sargento Cabral,Ingeniero Barbet,,311,22154040,Ingeniero Barbet,Sargento Cabral,-27.002470847776,-59.4837563501856,auto_ok,auto_ok,match_exacto_3campos,auto_match,no,auto,2026-07-22,alta,georef/localidades-censales,https://apis.datos.gob.ar/georef/api,verde,
v6_p03,258,Santiago del Estero,Capital,Ingeniero Ezcurra,,199,86049A06,Ingeniero Ezcurra,Capital,-27.9757547983503,-64.2392355051877,propuesto,A (aparcado),bahra_georef,auto_muestreo,no,auto(pendiente_muestra),2026-07-22,alta,georef/asentamientos,https://apis.datos.gob.ar/georef/api,verde,BAHRA: el nombre no es localidad censal -> fuente correcta (P7)
v6_p03,76,Formosa,Matacos,Ingeniero Juárez,,1478,34028010,Ingeniero Guillermo N Juárez,Matacos,-23.8904225993021,-61.8503390437511,propuesto,A (aparcado),bahra_georef,auto_muestreo,no,auto(pendiente_muestra),2026-07-22,media (nombre difiere),georef/,https://apis.datos.gob.ar/georef/api,verde,variante de nombre en el depto correcto
v6_p03,255,Santiago del Estero,Jiménez,Isca Yacu,,206,86091050,Isca Yacu,Jiménez,-27.0290543254471,-64.6115611334455,auto_ok,auto_ok,match_exacto_3campos,auto_match,no,auto,2026-07-22,alta,georef/localidades-censales,https://apis.datos.gob.ar/georef/api,verde,
v6_p03,158,Chaco,Doce de Octubre,Itín,,543,22039020,Itín,2 de Abril,-27.4860191000958,-61.3234568653772,auto_ok,auto_ok,match_exacto_3campos,auto_match,no,auto,2026-07-22,alta,georef/localidades-censales,https://apis.datos.gob.ar/georef/api,verde,
v6_p03,189,Formosa,Patiño,Juan G. Bazán,,426,34035090,Juan G Bazán,Patiño,-24.5435081473279,-60.832871805885,auto_ok,auto_ok,match_exacto_3campos,auto_match,no,auto,2026-07-22,alta,georef/localidades-censales,https://apis.datos.gob.ar/georef/api,verde,
v6_p03,185,Santiago del Estero,Figueroa,Jumial Grande,,431,86070A17,Jumial Grande,Figueroa,-27.4341615501946,-63.3568006272882,propuesto,A (aparcado),bahra_georef,auto_muestreo,no,auto(pendiente_muestra),2026-07-22,alta,georef/asentamientos,https://apis.datos.gob.ar/georef/api,verde,BAHRA: el nombre no es localidad censal -> fuente correcta (P7)
v6_p03,132,Formosa,Laishí,Km. 100 Nav. Río Bermejo,,717,,,,,,sin_coordenada,C5-sin_coordenada,sin_coordenada,sin_coordenada,no,,2026-07-22,,,,,[C5 web] Marcador de km 100 de la navegacion del Rio Bermejo en depto Laishi (Formosa); punto fluvial de campamento no identificable con confianza; s
v6_p03,223,Formosa,Pirané,Kilómetro 213,,300,34056050,Villa Kilómetro 213,Pirané,-26.1871527832502,-59.3670536705115,propuesto,A (aparcado),bahra_georef,auto_muestreo,no,auto(pendiente_muestra),2026-07-22,media (nombre difiere),georef/,https://apis.datos.gob.ar/georef/api,verde,variante de nombre en el depto correcto
v6_p03,154,Santiago del Estero,Banda,La Aurora,,568,86035080,La Aurora,Banda,-27.4949684600493,-64.2311486192115,auto_ok,auto_ok,match_exacto_3campos,auto_match,no,auto,2026-07-22,alta,georef/localidades-censales,https://apis.datos.gob.ar/georef/api,verde,
v6_p03,4,Santiago del Estero,Banda,La Banda,,23772,86035090,La Banda,Banda,-27.7356718460822,-64.2434924087851,auto_ok,auto_ok,match_exacto_3campos,auto_match,no,auto,2026-07-22,alta,georef/localidades-censales,https://apis.datos.gob.ar/georef/api,verde,
v6_p03,245,Santiago del Estero,Figueroa,La Brea,,237,,La Brea,,-27.5719,-63.6296,propuesto,C5-manual_coord,web_manual_coord,humano_lote,no,pendiente:Jose,2026-07-22,verde (guard: coord en depto esperado),OSM Nominatim,https://nominatim.openstreetmap.org/,verde,[guard=verde; punto en Figueroa] Paraje en depto Figueroa (Santiago del Estero). La pista Brea Pozo está en depto San Martín (homónimo distinto); se usó
v6_p03,172,Santiago del Estero,Figueroa,La Cañada,,487,86070060,La Cañada,Figueroa,-27.7092910715234,-63.7730275154476,auto_ok,auto_ok,match_exacto_3campos,auto_match,no,auto,2026-07-22,alta,georef/localidades-censales,https://apis.datos.gob.ar/georef/api,verde,
v6_p03,73,Chaco,Cap. Gral. O'Higgins,La Clotilde,,1485,22112010,La Clotilde,O'Higgins,-27.177405693677,-60.6325567926889,auto_ok,auto_ok,match_exacto_3campos,auto_match,no,auto,2026-07-22,alta,georef/localidades-censales,https://apis.datos.gob.ar/georef/api,verde,
v6_p03,123,Chaco,Lib. Gral. San Martín,La Eduvigis,,768,22084030,La Eduvigis,Libertador General San Martín,-26.8364294379226,-59.0623224306712,auto_ok,auto_ok,match_exacto_3campos,auto_match,no,auto,2026-07-22,alta,georef/localidades-censales,https://apis.datos.gob.ar/georef/api,verde,
v6_p03,40,Chaco,General Donovan,La Escondida,,2044,22056010,La Escondida,General Donovan,-27.1053416229531,-59.4464169465153,auto_ok,auto_ok,match_exacto_3campos,auto_match,no,auto,2026-07-22,alta,georef/localidades-censales,https://apis.datos.gob.ar/georef/api,verde,
v6_p03,135,Santiago del Estero,Pellegrini,La Fragua,,694,86133017,La Fragua,Pellegrini,-26.0748480442459,-64.3402001448058,auto_ok,auto_ok,match_exacto_3campos,auto_match,no,auto,2026-07-22,alta,georef/localidades-censales,https://apis.datos.gob.ar/georef/api,verde,
v6_p03,236,Chaco,Libertad,Laguna Blanca,,266,22077030,Laguna Blanca,Libertad,-27.2563975612533,-59.2334344828909,auto_ok,auto_ok,match_exacto_3campos,auto_match,no,auto,2026-07-22,alta,georef/localidades-censales,https://apis.datos.gob.ar/georef/api,verde,
v6_p04,59,Formosa,Pilcomayo,Laguna Blanca,,1657,34049020,Laguna Blanca,Pilcomayo,-25.1317332450578,-58.2468519080472,auto_ok,auto_ok,match_exacto_3campos,auto_match,no,auto,2026-07-22,alta,georef/localidades-censales,https://apis.datos.gob.ar/georef/api,verde,
v6_p04,83,Chaco,Lib. Gral. San Martín,Laguna Limpia,,1423,22084040,Laguna Limpia,Libertador General San Martín,-26.4958321614368,-59.680343558583,auto_ok,auto_ok,match_exacto_3campos,auto_match,no,auto,2026-07-22,alta,georef/localidades-censales,https://apis.datos.gob.ar/georef/api,verde,
v6_p04,80,Formosa,Pilcomayo,Laguna Naineck,,1445,,Laguna Naick Neck,,-25.2190,-58.1219,propuesto,C5-rename,web_rename,humano_lote,no,pendiente:Jose,2026-07-22,verde (guard: coord en depto esperado),wikipedia,https://es.wikipedia.org/wiki/Laguna_Naick_Neck,verde,"[guard=verde; punto en Pilcomayo] Laguna Naineck = Laguna Naick Neck, depto Pilcomayo, Formosa. Coincide depto."
v6_p04,121,Formosa,Bermejo,Laguna Yema,,801,34007010,Laguna Yema,Bermejo,-24.2517934446266,-61.2431037225675,auto_ok,auto_ok,match_exacto_3campos,auto_match,no,auto,2026-07-22,alta,georef/localidades-censales,https://apis.datos.gob.ar/georef/api,verde,
v6_p04,65,Santiago del Estero,Banda,La Isla,,1562,,,,,,sin_coordenada,C5-sin_coordenada,sin_coordenada,sin_coordenada,no,,2026-07-22,,,,,[C5 web] La única 'La Isla' documentada está en depto Jiménez (homónimo; coincide con la pista Isca Yacu pero lejos del depto objetivo Banda). Posibl
v6_p04,36,Chaco,Bermejo,La Leonesa,,2464,22014030,La Leonesa,Bermejo,-27.0396595347066,-58.7075928906015,auto_ok,auto_ok,match_exacto_3campos,auto_match,no,auto,2026-07-22,alta,georef/localidades-censales,https://apis.datos.gob.ar/georef/api,verde,
v6_p04,144,Chaco,General Donovan,Lapachito,,618,22056030,Lapachito,General Donovan,-27.1593746893781,-59.3854571479353,auto_ok,auto_ok,match_exacto_3campos,auto_match,no,auto,2026-07-22,alta,georef/localidades-censales,https://apis.datos.gob.ar/georef/api,verde,
v6_p04,129,Santiago del Estero,Choya,Laprida,,746,86063050,Laprida,Choya,-28.3780494513568,-64.5297100832606,auto_ok,auto_ok,match_exacto_3campos,auto_match,no,auto,2026-07-22,alta,georef/localidades-censales,https://apis.datos.gob.ar/georef/api,verde,
v6_p04,195,Chaco,Tapenagá,La Sabana,,406,22161050,La Sabana,Tapenagá,-27.8723510962038,-59.937596533296,auto_ok,auto_ok,match_exacto_3campos,auto_match,no,auto,2026-07-22,alta,georef/localidades-censales,https://apis.datos.gob.ar/georef/api,verde,
v6_p04,282,Santiago del Estero,Mitre,Las Abras,,113,86112A09,Las Abras,Mitre,-29.2278496826154,-62.9093905557024,propuesto,A (aparcado),bahra_georef,auto_muestreo,no,auto(pendiente_muestra),2026-07-22,alta,georef/asentamientos,https://apis.datos.gob.ar/georef/api,verde,BAHRA: el nombre no es localidad censal -> fuente correcta (P7)
v6_p04,13,Chaco,Nueve de Julio,Las Breñas,,6768,22105010,Las Breñas,9 de Julio,-27.0864334060278,-61.0858298672252,auto_ok,auto_ok,match_exacto_3campos,auto_match,no,auto,2026-07-22,alta,georef/localidades-censales,https://apis.datos.gob.ar/georef/api,verde,
v6_p04,64,Chaco,Sargento Cabral,Las Garcitas,,1592,22154050,Las Garcitas,Sargento Cabral,-26.6181251382533,-59.7991420764381,auto_ok,auto_ok,match_exacto_3campos,auto_match,no,auto,2026-07-22,alta,georef/localidades-censales,https://apis.datos.gob.ar/georef/api,verde,
v6_p04,60,Formosa,Patiño,Las Lomitas,,1650,34035100,Las Lomitas,Patiño,-24.7075299846061,-60.5942717018946,auto_ok,auto_ok,match_exacto_3campos,auto_match,no,auto,2026-07-22,alta,georef/localidades-censales,https://apis.datos.gob.ar/georef/api,verde,
v6_p04,27,Chaco,Bermejo,Las Palmas,,3590,22014040,Las Palmas,Bermejo,-27.048880279123,-58.6826372996183,auto_ok,auto_ok,match_exacto_3campos,auto_match,no,auto,2026-07-22,alta,georef/localidades-censales,https://apis.datos.gob.ar/georef/api,verde,
v6_p04,12,Santiago del Estero,Río Hondo,Las Termas,,7412,86147130,Termas de Rí­o Hondo,Río Hondo,-27.508943070716,-64.8504461305867,propuesto,A (aparcado),bahra_georef,auto_muestreo,no,auto(pendiente_muestra),2026-07-22,media (nombre difiere),georef/,https://apis.datos.gob.ar/georef/api,verde,variante de nombre en el depto correcto
v6_p04,136,Santiago del Estero,Moreno,Las Tinajas,,688,86119050,Las Tinajas,Moreno,-27.4727061297599,-62.9181904406319,auto_ok,auto_ok,match_exacto_3campos,auto_match,no,auto,2026-07-22,alta,georef/localidades-censales,https://apis.datos.gob.ar/georef/api,verde,
v6_p04,190,Santiago del Estero,Figueroa,La Tapa,,424,86070A27,La Tapa,Figueroa,-27.5266799960603,-63.5615274385172,propuesto,A (aparcado),bahra_georef,auto_muestreo,no,auto(pendiente_muestra),2026-07-22,alta,georef/asentamientos,https://apis.datos.gob.ar/georef/api,verde,BAHRA: el nombre no es localidad censal -> fuente correcta (P7)
v6_p04,108,Chaco,Cap. Gral. O'Higgins,La Tigra,,910,22112020,La Tigra,O'Higgins,-27.1095352987589,-60.5873431730066,auto_ok,auto_ok,match_exacto_3campos,auto_match,no,auto,2026-07-22,alta,georef/localidades-censales,https://apis.datos.gob.ar/georef/api,verde,
v6_p04,96,Santiago del Estero,Guasayán,Lavalle,,1162,86084010,Lavalle,Guasayán,-28.1944168153345,-65.1064722826183,auto_ok,auto_ok,match_exacto_3campos,auto_match,no,auto,2026-07-22,alta,georef/localidades-censales,https://apis.datos.gob.ar/georef/api,verde,
v6_p04,51,Chaco,General Donovan,La Verde,,1728,22056020,La Verde,General Donovan,-27.1304663133689,-59.3763021575274,auto_ok,auto_ok,match_exacto_3campos,auto_match,no,auto,2026-07-22,alta,georef/localidades-censales,https://apis.datos.gob.ar/georef/api,verde,
v6_p04,283,Chaco,Tapenagá,La Vicuña,,109,22161A05,La Vicuña,Tapenagá,-27.9770656650565,-59.9768179526467,propuesto,A (aparcado),bahra_georef,auto_muestreo,no,auto(pendiente_muestra),2026-07-22,alta,georef/asentamientos,https://apis.datos.gob.ar/georef/api,verde,BAHRA: el nombre no es localidad censal -> fuente correcta (P7)
v6_p04,192,Santiago del Estero,Moreno,Lilo Viejo,,412,86119070,Lilo Viejo,Moreno,-26.9363074378515,-62.9558347520541,auto_ok,auto_ok,match_exacto_3campos,auto_match,no,auto,2026-07-22,alta,georef/localidades-censales,https://apis.datos.gob.ar/georef/api,verde,
v6_p04,176,Formosa,Bermejo,Los Chiriguanos,,468,34007020,Los Chiriguanos,Bermejo,-24.0990836042588,-61.464562674337,auto_ok,auto_ok,match_exacto_3campos,auto_match,no,auto,2026-07-22,alta,georef/localidades-censales,https://apis.datos.gob.ar/georef/api,verde,
v6_p04,87,Chaco,Almirante Brown,Los Frentones,,1315,22007020,Los Frentones,Almirante Brown,-26.4070227010107,-61.4128959164321,auto_ok,auto_ok,match_exacto_3campos,auto_match,no,auto,2026-07-22,alta,georef/localidades-censales,https://apis.datos.gob.ar/georef/api,verde,
v6_p04,45,Santiago del Estero,General Taboada,Los Juríes,,1920,86077050,Los Juríes,General Taboada,-28.4630103442399,-62.1105167581767,auto_ok,auto_ok,match_exacto_3campos,auto_match,no,auto,2026-07-22,alta,georef/localidades-censales,https://apis.datos.gob.ar/georef/api,verde,
v6_p04,212,Santiago del Estero,General Taboada,Los Linares,,346,86077A10,Los Linares,General Taboada,-28.3661954658021,-62.5478853619288,propuesto,A (aparcado),bahra_georef,auto_muestreo,no,auto(pendiente_muestra),2026-07-22,alta,georef/asentamientos,https://apis.datos.gob.ar/georef/api,verde,BAHRA: el nombre no es localidad censal -> fuente correcta (P7)
v6_p04,151,Formosa,Pirané,Los Matacos,,585,34056025,Los Matacos,Pirané,-25.4966681637339,-59.4406885440636,auto_ok,auto_ok,match_exacto_3campos,auto_match,no,auto,2026-07-22,alta,georef/localidades-censales,https://apis.datos.gob.ar/georef/api,verde,
v6_p04,198,Santiago del Estero,Río Hondo,Los Núñez,,400,86147080,Los Nuñez,Río Hondo,-27.534238080479,-64.5288434669149,auto_ok,auto_ok,match_exacto_3campos,auto_match,no,auto,2026-07-22,alta,georef/localidades-censales,https://apis.datos.gob.ar/georef/api,verde,
v6_p04,104,Santiago del Estero,Salavina,Los Telares,,1033,86168020,Los Telares,Salavina,-28.9849837071246,-63.4505586458905,auto_ok,auto_ok,match_exacto_3campos,auto_match,no,auto,2026-07-22,alta,georef/localidades-censales,https://apis.datos.gob.ar/georef/api,verde,
v6_p04,138,Santiago del Estero,Avellaneda,Lugones,,634,86028040,Lugones,Avellaneda,-28.3360737696377,-63.3392559343359,auto_ok,auto_ok,match_exacto_3campos,auto_match,no,auto,2026-07-22,alta,georef/localidades-censales,https://apis.datos.gob.ar/georef/api,verde,
v6_p04,270,Santiago del Estero,Matará,Llajta Mauca,,170,86098A23,Llajta Mauca,Juan Felipe Ibarra,-28.1940052906057,-63.0819881458265,propuesto,A (aparcado),bahra_georef,auto_muestreo,no,auto(pendiente_muestra),2026-07-22,alta,georef/asentamientos,https://apis.datos.gob.ar/georef/api,verde,BAHRA: el nombre no es localidad censal -> fuente correcta (P7)
v6_p04,17,Chaco,Veinticinco de Mayo,Machagai,,4716,22168020,Machagai,25 de Mayo,-26.9261609472508,-60.048417268159,auto_ok,auto_ok,match_exacto_3campos,auto_match,no,auto,2026-07-22,alta,georef/localidades-censales,https://apis.datos.gob.ar/georef/api,verde,
v6_p04,222,Santiago del Estero,Avellaneda,Mailín,,307,86028060,Villa Mailín,Avellaneda,-28.4825578181861,-63.2760385392362,propuesto,A (aparcado),bahra_georef,auto_muestreo,no,auto(pendiente_muestra),2026-07-22,media (nombre difiere),georef/,https://apis.datos.gob.ar/georef/api,verde,variante de nombre en el depto correcto
v6_p04,78,Chaco,General Donovan,Makalle,,1462,22056040,Makallé,General Donovan,-27.2057219943655,-59.2870912835227,auto_ok,auto_ok,match_exacto_3campos,auto_match,no,auto,2026-07-22,alta,georef/localidades-censales,https://apis.datos.gob.ar/georef/api,verde,
v6_p04,181,Santiago del Estero,Aguirre,Malbrán,,442,86007030,Malbrán,Aguirre,-29.3491384090139,-62.441867758277,auto_ok,auto_ok,match_exacto_3campos,auto_match,no,auto,2026-07-22,alta,georef/localidades-censales,https://apis.datos.gob.ar/georef/api,verde,
v6_p04,262,Santiago del Estero,Salavina,Malota,,189,86168A19,Malota,Salavina,-28.9800776290107,-63.2643950492107,propuesto,A (aparcado),bahra_georef,auto_muestreo,no,auto(pendiente_muestra),2026-07-22,alta,georef/asentamientos,https://apis.datos.gob.ar/georef/api,verde,BAHRA: el nombre no es localidad censal -> fuente correcta (P7)
v6_p04,197,Santiago del Estero,Capital,Mal Paso,,401,,Mal Paso,,-27.7667,-64.3097,propuesto,C5-manual_coord,web_manual_coord,humano_lote,no,pendiente:Jose,2026-07-22,verde (guard: coord en depto esperado),Wikipedia (Aeropuerto Mal Paso / Vicecomodoro Aragonés),https://en.wikipedia.org/wiki/Vicecomodoro_%C3%81ngel_de_la_Paz_Aragon%C3%A9s_Airport,verde,[guard=verde; punto en Capital] Paraje al NO de la ciudad de Santiago del Estero (depto Capital); coordenada del aeródromo homónimo 'Mal Paso'.
v6_p04,52,Chaco,Primero de Mayo,Margarita Belén,,1711,22126030,Margarita Belén,1° de Mayo,-27.2590963222991,-58.9704908766766,auto_ok,auto_ok,match_exacto_3campos,auto_match,no,auto,2026-07-22,alta,georef/localidades-censales,https://apis.datos.gob.ar/georef/api,verde,
v6_p04,168,Formosa,Formosa,Mariano Boedo,,506,34014040,Mariano Boedo,Formosa,-26.1108617304907,-58.4872123576277,auto_ok,auto_ok,match_exacto_3campos,auto_match,no,auto,2026-07-22,alta,georef/localidades-censales,https://apis.datos.gob.ar/georef/api,verde,
v6_p04,175,Santiago del Estero,Matará,Matará,,475,86098030,Matará,Juan Felipe Ibarra,-28.110413912625,-63.1950712509572,propuesto,A (aparcado),bahra_georef,auto_muestreo,no,auto(pendiente_muestra),2026-07-22,alta,georef/localidades,https://apis.datos.gob.ar/georef/api,verde,BAHRA: el nombre no es localidad censal -> BAHRA es la fuente correcta (P7). id de capa 'localidades' NO es id censal INDEC valido
v6_p04,276,Santiago del Estero,Matará,Melero,,159,86098A31,Melero,Juan Felipe Ibarra,-28.2776490078213,-62.9991407715562,propuesto,A (aparcado),bahra_georef,auto_muestreo,no,auto(pendiente_muestra),2026-07-22,alta,georef/asentamientos,https://apis.datos.gob.ar/georef/api,verde,BAHRA: el nombre no es localidad censal -> fuente correcta (P7)
v6_p05,120,Chaco,Doce de Octubre,Mesón de Fierro,,808,22036040,Mesón de Fierro,12 de Octubre,-27.4305025751148,-61.0166517059775,auto_ok,auto_ok,match_exacto_3campos,auto_match,no,auto,2026-07-22,alta,georef/localidades-censales,https://apis.datos.gob.ar/georef/api,verde,
v6_p05,277,Santiago del Estero,General Taboada,Miel de Palo,,155,86077A16,Miel de Palo,General Taboada,-28.4355953692925,-62.6253992478314,propuesto,A (aparcado),bahra_georef,auto_muestreo,no,auto(pendiente_muestra),2026-07-22,alta,georef/asentamientos,https://apis.datos.gob.ar/georef/api,verde,BAHRA: el nombre no es localidad censal -> fuente correcta (P7)
v6_p05,152,Formosa,Pilagás,Misión Fco. Tacaaglé,,570,,Misión Tacaaglé,,-24.9780,-58.8221,propuesto,C5-manual_coord,web_manual_coord,humano_lote,no,pendiente:Jose,2026-07-22,verde (guard: coord en depto esperado),wikipedia,https://en.wikipedia.org/wiki/Misi%C3%B3n_Tacaagl%C3%A9,verde,[guard=verde; punto en Pilagás] Localidad de depto Pilagás (Formosa); ex San Francisco Solano de Tacaaglé.
v6_p05,43,Formosa,Laishí,Misión San Fco. de Laishí,,1944,,San Francisco de Laishí,,-26.2465,-58.6312,propuesto,C5-manual_coord,web_manual_coord,humano_lote,no,pendiente:Jose,2026-07-22,verde (guard: coord en depto esperado),Wikipedia (San Francisco de Laishí),https://es.wikipedia.org/wiki/San_Francisco_de_Laish%C3%AD,verde,"[guard=verde; punto en Laishi] Mismo lugar; municipio Misión San Francisco de Laishí, cabecera del depto Laishí."
v6_p05,24,Santiago del Estero,Copo,Monte Quemado,,4083,86056050,Monte Quemado,Copo,-25.7990235892447,-62.8342522938011,auto_ok,auto_ok,match_exacto_3campos,auto_match,no,auto,2026-07-22,alta,georef/localidades-censales,https://apis.datos.gob.ar/georef/api,verde,
v6_p05,253,Chaco,Veinticinco de Mayo,Napalpí,,207,22168030,Napalpí,25 de Mayo,-26.9025422471895,-60.1298000062234,auto_ok,auto_ok,match_exacto_3campos,auto_match,no,auto,2026-07-22,alta,georef/localidades-censales,https://apis.datos.gob.ar/georef/api,verde,
v6_p05,88,Chaco,Independencia,Napenay,,1300,22070040,Napenay,Independencia,-26.7295703738229,-60.6167815032505,auto_ok,auto_ok,match_exacto_3campos,auto_match,no,auto,2026-07-22,alta,georef/localidades-censales,https://apis.datos.gob.ar/georef/api,verde,
v6_p05,285,Santiago del Estero,Salavina,Navarro,,100,86168A21,Navarro,Salavina,-29.1809563989512,-63.2159389016191,propuesto,A (aparcado),bahra_georef,auto_muestreo,no,auto(pendiente_muestra),2026-07-22,alta,georef/asentamientos,https://apis.datos.gob.ar/georef/api,verde,BAHRA: el nombre no es localidad censal -> fuente correcta (P7)
v6_p05,229,Santiago del Estero,Pellegrini,Nueva Esperanza,,281,86133030,Nueva Esperanza,Pellegrini,-26.2001289952087,-64.2400561749509,auto_ok,auto_ok,match_exacto_3campos,auto_match,no,auto,2026-07-22,alta,georef/localidades-censales,https://apis.datos.gob.ar/georef/api,verde,
v6_p05,90,Santiago del Estero,Silípica,Nueva Francia,,1275,86189020,Nueva Francia,Silípica,-28.1737086728009,-64.2000523385403,auto_ok,auto_ok,match_exacto_3campos,auto_match,no,auto,2026-07-22,alta,georef/localidades-censales,https://apis.datos.gob.ar/georef/api,verde,
v6_p05,268,Chaco,Tapenagá,Oetling,,173,22161A07,Oetling,Tapenagá,-27.4164661563746,-59.9965435786415,propuesto,A (aparcado),bahra_georef,auto_muestreo,no,auto(pendiente_muestra),2026-07-22,alta,georef/asentamientos,https://apis.datos.gob.ar/georef/api,verde,BAHRA: el nombre no es localidad censal -> fuente correcta (P7)
v6_p05,124,Santiago del Estero,Moreno,Otumpa,,760,86119090,Otumpa,Moreno,-27.3286292105423,-62.2270258658222,auto_ok,auto_ok,match_exacto_3campos,auto_match,no,auto,2026-07-22,alta,georef/localidades-censales,https://apis.datos.gob.ar/georef/api,verde,
v6_p05,210,Santiago del Estero,Rivadavia,Palo Negro,,366,86154020,Palo Negro,Rivadavia,-29.6749618672656,-62.1360325375563,auto_ok,auto_ok,match_exacto_3campos,auto_match,no,auto,2026-07-22,alta,georef/localidades-censales,https://apis.datos.gob.ar/georef/api,verde,
v6_p05,97,Formosa,Pirané,Palo Santo,,1123,34056030,Palo Santo,Pirané,-25.5645479128885,-59.3377556193149,auto_ok,auto_ok,match_exacto_3campos,auto_match,no,auto,2026-07-22,alta,georef/localidades-censales,https://apis.datos.gob.ar/georef/api,verde,
v6_p05,102,Formosa,Pilcomayo,Palma Sola,,1067,34049040,Palma Sola,Pilcomayo,-25.2475754477689,-57.9774638680222,auto_ok,auto_ok,match_exacto_3campos,auto_match,no,auto,2026-07-22,alta,georef/localidades-censales,https://apis.datos.gob.ar/georef/api,verde,
v6_p05,85,Chaco,Lib. Gral. San Martín,Pampa Almirón,,1380,22084050,Pampa Almirón,Libertador General San Martín,-26.7011329752218,-59.1240495825845,auto_ok,auto_ok,match_exacto_3campos,auto_match,no,auto,2026-07-22,alta,georef/localidades-censales,https://apis.datos.gob.ar/georef/api,verde,
v6_p05,74,Chaco,Lib. Gral. San Martín,Pampa del Indio,,1484,22084060,Pampa del Indio,Libertador General San Martín,-26.0485038905591,-59.944625442568,auto_ok,auto_ok,match_exacto_3campos,auto_match,no,auto,2026-07-22,alta,georef/localidades-censales,https://apis.datos.gob.ar/georef/api,verde,
v6_p05,93,Chaco,Almirante Brown,Pampa del Infierno,,1261,22007030,Pampa del Infierno,Almirante Brown,-26.5035996781196,-61.1765964413343,auto_ok,auto_ok,match_exacto_3campos,auto_match,no,auto,2026-07-22,alta,georef/localidades-censales,https://apis.datos.gob.ar/georef/api,verde,
v6_p05,47,Santiago del Estero,Copo,Pampa de los Guanacos,,1791,86056070,Pampa de los Guanacos,Copo,-26.2287120720206,-61.8348386050167,auto_ok,auto_ok,match_exacto_3campos,auto_match,no,auto,2026-07-22,alta,georef/localidades-censales,https://apis.datos.gob.ar/georef/api,verde,
v6_p05,209,Chaco,Maipú,Pampa Florida,,371,,Pampa Florida,,-26.5630,-60.3912,propuesto,C5-manual_coord,web_manual_coord,humano_lote,no,pendiente:Jose,2026-07-22,verde (guard: coord en depto esperado),OSM Nominatim,"https://nominatim.openstreetmap.org/search?q=Pampa+Florida,+Chaco,+Argentina",verde,"[guard=verde; punto en Maipú] Paraje en Municipio de Tres Isletas, depto Maipú, Chaco."
v6_p05,220,Santiago del Estero,Ojo de Agua,Pampa Grande,,317,86126A35,Pampa Grande,Ojo de Agua,-29.4553152974865,-63.588189787045,propuesto,A (aparcado),bahra_georef,auto_muestreo,no,auto(pendiente_muestra),2026-07-22,alta,georef/asentamientos,https://apis.datos.gob.ar/georef/api,verde,BAHRA: el nombre no es localidad censal -> fuente correcta (P7)
v6_p05,187,Santiago del Estero,Moreno,Patay,,427,86119080,Patay,Moreno,-26.8419870574462,-62.9305372932632,auto_ok,auto_ok,match_exacto_3campos,auto_match,no,auto,2026-07-22,alta,georef/localidades-censales,https://apis.datos.gob.ar/georef/api,verde,
v6_p05,34,Santiago del Estero,Aguirre,Pinto,,2598,86007040,Pinto,Aguirre,-29.1416756253918,-62.6546326135552,auto_ok,auto_ok,match_exacto_3campos,auto_match,no,auto,2026-07-22,alta,georef/localidades-censales,https://apis.datos.gob.ar/georef/api,verde,
v6_p05,15,Formosa,Pirané,Pirané,,5285,34056040,Pirané,Pirané,-25.7283186628239,-59.1063152858795,auto_ok,auto_ok,match_exacto_3campos,auto_match,no,auto,2026-07-22,alta,georef/localidades-censales,https://apis.datos.gob.ar/georef/api,verde,
v6_p05,235,Santiago del Estero,Pellegrini,Pozo Betbeder,,267,86133040,Pozo Betbeder,Pellegrini,-26.4091652016167,-64.3381663068661,auto_ok,auto_ok,match_exacto_3campos,auto_match,no,auto,2026-07-22,alta,georef/localidades-censales,https://apis.datos.gob.ar/georef/api,verde,
v6_p05,205,Chaco,Nueve de Julio,Pozo del Indio,,378,22105A34,Pozo del Indio,9 de Julio,-27.0134052435277,-61.0180108931365,propuesto,A (aparcado),bahra_georef,auto_muestreo,no,auto(pendiente_muestra),2026-07-22,alta,georef/asentamientos,https://apis.datos.gob.ar/georef/api,verde,BAHRA: el nombre no es localidad censal -> fuente correcta (P7)
v6_p05,208,Formosa,Bermejo,Pozo del Mortero,,376,34007040,Pozo Del Mortero,Bermejo,-24.4035221751094,-61.0330670173473,auto_ok,auto_ok,match_exacto_3campos,auto_match,no,auto,2026-07-22,alta,georef/localidades-censales,https://apis.datos.gob.ar/georef/api,verde,
v6_p05,53,Formosa,Patiño,Pozo del Tigre,,1700,34035120,Pozo Del Tigre,Patiño,-24.9016325843654,-60.3271554340023,auto_ok,auto_ok,match_exacto_3campos,auto_match,no,auto,2026-07-22,alta,georef/localidades-censales,https://apis.datos.gob.ar/georef/api,verde,
v6_p05,252,Santiago del Estero,Belgrano,Pozo Dulce,,211,86042A05,Pozo Dulce,Belgrano,-29.0668397753025,-62.0296912312225,propuesto,A (aparcado),bahra_georef,auto_muestreo,no,auto(pendiente_muestra),2026-07-22,alta,georef/asentamientos,https://apis.datos.gob.ar/georef/api,verde,BAHRA: el nombre no es localidad censal -> fuente correcta (P7)
v6_p05,130,Santiago del Estero,Avellaneda,Pozo Grande,,745,,,,,,sin_coordenada,C5-sin_coordenada,sin_coordenada,sin_coordenada,no,,2026-07-22,,,,,"[C5 web] 5 homonimos 'Pozo Grande' en Sgo del Estero (deptos Ojo de Agua, Rio Hondo, Figueroa, Alberdi) pero NINGUNO en depto Avellaneda. No se confi"
v6_p05,257,Santiago del Estero,General Taboada,Pozo Herrera,,199,86077A19,Pozo Herrera,General Taboada,-28.3946006628487,-62.3896431251368,propuesto,A (aparcado),bahra_georef,auto_muestreo,no,auto(pendiente_muestra),2026-07-22,alta,georef/asentamientos,https://apis.datos.gob.ar/georef/api,verde,BAHRA: el nombre no es localidad censal -> fuente correcta (P7)
v6_p05,114,Santiago del Estero,Jiménez,Pozo Hondo,,872,86091070,Pozo Hondo,Jiménez,-27.1671823470725,-64.4908715943449,auto_ok,auto_ok,match_exacto_3campos,auto_match,no,auto,2026-07-22,alta,georef/localidades-censales,https://apis.datos.gob.ar/georef/api,verde,
v6_p05,256,Santiago del Estero,Río Hondo,Pozuelos,,428,86147100,Pozuelos,Río Hondo,-27.3073253883574,-64.7554434584739,auto_ok,auto_ok,match_exacto_3campos,auto_match,no,auto,2026-07-22,alta,georef/localidades-censales,https://apis.datos.gob.ar/georef/api,verde,
v6_p05,19,Chaco,Presidencia de la Plaza,Presidencia de la Plaza,,4568,22119010,Presidencia de la Plaza,Presidencia de la Plaza,-27.0035477732238,-59.8455123440048,auto_ok,auto_ok,match_exacto_3campos,auto_match,no,auto,2026-07-22,alta,georef/localidades-censales,https://apis.datos.gob.ar/georef/api,verde,
v6_p05,48,Chaco,Lib. Gral. San Martín,Presidencia Roca,,1768,22084070,Presidencia Roca,Libertador General San Martín,-26.1438288531758,-59.5950690378842,auto_ok,auto_ok,match_exacto_3campos,auto_match,no,auto,2026-07-22,alta,georef/localidades-censales,https://apis.datos.gob.ar/georef/api,verde,
v6_p05,7,Chaco,Comandante Fernández,Pcia. Roque Saenz Peña,,14381,22021010,Presidencia Roque Sáenz Peña,,-26.7909684280648,-60.4413051819243,propuesto,C-generador,generador_transformacion,auto_muestreo,no,auto(pendiente_muestra),2026-07-22,alta (match exacto en depto del conjunto),georef/localidades-censales,https://apis.datos.gob.ar/georef/api,verde,candidato probado: 'Presidencia Roque Saenz Peña' [abreviatura: Pcia.->Presidencia]
v6_p05,131,Formosa,Formosa,Presidente Irigoyen,,732,34014A04,Colonia Presidente Yrigoyen,Formosa,-26.1751345947764,-58.8525489367214,propuesto,E-bahra-fuzzy,bahra_fuzzy,auto_muestreo,no,auto(pendiente_muestra),2026-07-22,BAJA (fuzzy en capa BAHRA: puede no ser el mismo lugar),georef/asentamientos,https://apis.datos.gob.ar/georef/api,verde,antes era sin_match. candidatos: Colonia Presidente Yrigoyen/Formosa [34014A04]
v6_p05,61,Chaco,Bermejo,Puerto Bermejo,,1646,22014050,Puerto Bermejo Nuevo,Bermejo,-26.9078092027303,-58.5417957829609,propuesto,D,ambiguo,auto_muestreo,no,auto(pendiente_muestra),2026-07-22,baja,georef,https://apis.datos.gob.ar/georef/api,verde,>1 candidato: Puerto Bermejo Nuevo/Bermejo [22014050]; Puerto Bermejo Viejo/Bermejo [22014060]
v6_p05,211,Chaco,Bermejo,Puerto Las Palmas,,353,22014A20,Puerto Las Palmas,Bermejo,-27.1184993993826,-58.6454035509598,propuesto,A (aparcado),bahra_georef,auto_muestreo,no,auto(pendiente_muestra),2026-07-22,alta,georef/asentamientos,https://apis.datos.gob.ar/georef/api,verde,BAHRA: el nombre no es localidad censal -> fuente correcta (P7)
v6_p05,109,Formosa,Pilcomayo,Puerto Pilcomayo,,899,34049050,Puerto Pilcomayo,Pilcomayo,-25.3671021058467,-57.6553837395444,auto_ok,auto_ok,match_exacto_3campos,auto_match,no,auto,2026-07-22,alta,georef/localidades-censales,https://apis.datos.gob.ar/georef/api,verde,
v6_p05,75,Chaco,Libertad,Puerto Tirol,,1480,22077040,Puerto Tirol,Libertad,-27.3738700870981,-59.0872661660423,auto_ok,auto_ok,match_exacto_3campos,auto_match,no,auto,2026-07-22,alta,georef/localidades-censales,https://apis.datos.gob.ar/georef/api,verde,
v6_p06,246,Santiago del Estero,Moreno,Puna,,235,,Puna,,-27.7981,-62.5224,propuesto,C5-manual_coord,web_manual_coord,humano_lote,no,pendiente:Jose,2026-07-22,verde (guard: coord en depto esperado),OpenStreetMap/Nominatim,https://nominatim.openstreetmap.org/,verde,"[guard=verde; punto en Moreno] Puna (antigua estacion FC Belgrano ramal C4), depto Moreno, Santiago del Estero; NO confundir con La Punta del depto Cho"
v6_p06,259,Santiago del Estero,Avellaneda,Punta Corral,,192,86028A20,Punta Corral,Avellaneda,-28.5199916106874,-63.5246151791118,propuesto,A (aparcado),bahra_georef,auto_muestreo,no,auto(pendiente_muestra),2026-07-22,alta,georef/asentamientos,https://apis.datos.gob.ar/georef/api,verde,BAHRA: el nombre no es localidad censal -> fuente correcta (P7)
v6_p06,50,Formosa,Pilagás,Punta Pora,,1729,34042A12,Punta Porá,Pilagás,-25.1899223949744,-58.5242829019142,propuesto,A (aparcado),bahra_georef,auto_muestreo,no,auto(pendiente_muestra),2026-07-22,alta,georef/asentamientos,https://apis.datos.gob.ar/georef/api,verde,BAHRA: el nombre no es localidad censal -> fuente correcta (P7)
v6_p06,233,Santiago del Estero,Pellegrini,Quebracho Coto,,271,86133045,Quebracho Coto,Pellegrini,-26.2871088687735,-64.4628290554866,auto_ok,auto_ok,match_exacto_3campos,auto_match,no,auto,2026-07-22,alta,georef/localidades-censales,https://apis.datos.gob.ar/georef/api,verde,
v6_p06,31,Santiago del Estero,Moreno,Quimilí,,2902,86119100,Quimili,Moreno,-27.6482076132514,-62.4113527165175,auto_ok,auto_ok,match_exacto_3campos,auto_match,no,auto,2026-07-22,alta,georef/localidades-censales,https://apis.datos.gob.ar/georef/api,verde,
v6_p06,16,Chaco,Quitilipi,Quitilipi,,5217,22133010,Quitilipi,Quitilipi,-26.8708136413865,-60.2152613607188,auto_ok,auto_ok,match_exacto_3campos,auto_match,no,auto,2026-07-22,alta,georef/localidades-censales,https://apis.datos.gob.ar/georef/api,verde,
v6_p06,161,Santiago del Estero,Quebrachos,Ramírez de Velasco,,540,86140010,Ramí­rez de Velazco,Quebrachos,-29.231847712881,-63.4745186001748,propuesto,A (aparcado),bahra_georef,auto_muestreo,no,auto(pendiente_muestra),2026-07-22,media (nombre difiere),georef/,https://apis.datos.gob.ar/georef/api,verde,variante de nombre en el depto correcto
v6_p06,218,Santiago del Estero,Pellegrini,Rapelli,,332,86133050,Rapelli,Pellegrini,-26.393347300942,-64.5037105229089,auto_ok,auto_ok,match_exacto_3campos,auto_match,no,auto,2026-07-22,alta,georef/localidades-censales,https://apis.datos.gob.ar/georef/api,verde,
v6_p06,207,Santiago del Estero,Avellaneda,Real Sayana,,377,86028050,Real Sayana,Avellaneda,-28.8146401026213,-62.8432051808825,auto_ok,auto_ok,match_exacto_3campos,auto_match,no,auto,2026-07-22,alta,georef/localidades-censales,https://apis.datos.gob.ar/georef/api,verde,
v6_p06,1,Chaco,San Fernando,Resistencia,,84036,22140060,Resistencia,San Fernando,-27.4511053567767,-58.9864521686869,auto_ok,auto_ok,match_exacto_3campos,auto_match,no,auto,2026-07-22,alta,georef/localidades-censales,https://apis.datos.gob.ar/georef/api,verde,
v6_p06,57,Formosa,Pilcomayo,Riacho He He,,1677,34049060,Riacho He-he,Pilcomayo,-25.361929620544,-58.2756207176973,auto_ok,auto_ok,match_exacto_3campos,auto_match,no,auto,2026-07-22,alta,georef/localidades-censales,https://apis.datos.gob.ar/georef/api,verde,
v6_p06,163,Chaco,Almirante Brown,Río Muerto,,520,22007040,Río Muerto,Almirante Brown,-26.3074302737688,-61.654805481363,auto_ok,auto_ok,match_exacto_3campos,auto_match,no,auto,2026-07-22,alta,georef/localidades-censales,https://apis.datos.gob.ar/georef/api,verde,
v6_p06,251,Chaco,Tapenagá,Río Tapenagá,,219,22161A08,Río Tapenagá,Tapenagá,-27.5644196607931,-59.6592799156581,propuesto,A (aparcado),bahra_georef,auto_muestreo,no,auto(pendiente_muestra),2026-07-22,alta,georef/asentamientos,https://apis.datos.gob.ar/georef/api,verde,BAHRA: el nombre no es localidad censal -> fuente correcta (P7)
v6_p06,241,Santiago del Estero,San Martín,Robles,,249,86175020,Estación Robles,San Martín,-28.0477479145993,-63.9913280006558,propuesto,A (aparcado),bahra_georef,auto_muestreo,no,auto(pendiente_muestra),2026-07-22,media (nombre difiere),georef/,https://apis.datos.gob.ar/georef/api,verde,variante de nombre en el depto correcto
v6_p06,142,Santiago del Estero,Moreno,Roversi,,621,86119110,Roversi,Moreno,-27.5925184782063,-61.9460851236678,auto_ok,auto_ok,match_exacto_3campos,auto_match,no,auto,2026-07-22,alta,georef/localidades-censales,https://apis.datos.gob.ar/georef/api,verde,
v6_p06,219,Santiago del Estero,Salavina,Sabagasta,,331,86168A24,Sabagasta,Salavina,-28.6276918633263,-63.4940669155149,propuesto,A (aparcado),bahra_georef,auto_muestreo,no,auto(pendiente_muestra),2026-07-22,alta,georef/asentamientos,https://apis.datos.gob.ar/georef/api,verde,BAHRA: el nombre no es localidad censal -> fuente correcta (P7)
v6_p06,153,Santiago del Estero,Alberdi,Sachayoj,,570,86014040,Sachayoj,Alberdi,-26.6754188738086,-61.8151105239062,auto_ok,auto_ok,match_exacto_3campos,auto_match,no,auto,2026-07-22,alta,georef/localidades-censales,https://apis.datos.gob.ar/georef/api,verde,
v6_p06,71,Chaco,San Lorenzo,Samuhú,,1497,22147010,Samuhú,San Lorenzo,-27.5209026821504,-60.3919196467393,auto_ok,auto_ok,match_exacto_3campos,auto_match,no,auto,2026-07-22,alta,georef/localidades-censales,https://apis.datos.gob.ar/georef/api,verde,
v6_p06,164,Santiago del Estero,Avellaneda,San Antonio de Copo,,517,86028A25,San Antonio de Copo,Avellaneda,-28.3520986663491,-63.158679554311,propuesto,A (aparcado),bahra_georef,auto_muestreo,no,auto(pendiente_muestra),2026-07-22,alta,georef/asentamientos,https://apis.datos.gob.ar/georef/api,verde,BAHRA: el nombre no es localidad censal -> fuente correcta (P7)
v6_p06,58,Chaco,Cap. Gral. O'Higgins,San Bernardo,,1673,22112030,San Bernardo,O'Higgins,-27.28673001349,-60.7128950397943,auto_ok,auto_ok,match_exacto_3campos,auto_match,no,auto,2026-07-22,alta,georef/localidades-censales,https://apis.datos.gob.ar/georef/api,verde,
v6_p06,286,Santiago del Estero,Quebrachos,San Francisco,,95,86140A37,San Francisco,Quebrachos,-29.418772582077,-63.1705692929631,propuesto,A (aparcado),bahra_georef,auto_muestreo,no,auto(pendiente_muestra),2026-07-22,alta,georef/asentamientos,https://apis.datos.gob.ar/georef/api,verde,BAHRA: el nombre no es localidad censal -> fuente correcta (P7)
v6_p06,111,Formosa,Formosa,San Hilario,,890,34014060,San Hilario,Formosa,-26.0290081318531,-58.6506375969222,auto_ok,auto_ok,match_exacto_3campos,auto_match,no,auto,2026-07-22,alta,georef/localidades-censales,https://apis.datos.gob.ar/georef/api,verde,
v6_p06,216,Santiago del Estero,Avellaneda,San José,,337,86028A26,San José,Avellaneda,-28.6297601708017,-63.2153948805264,propuesto,A (aparcado),bahra_georef,auto_muestreo,no,auto(pendiente_muestra),2026-07-22,alta,georef/asentamientos,https://apis.datos.gob.ar/georef/api,verde,BAHRA: el nombre no es localidad censal -> fuente correcta (P7)
v6_p06,126,Santiago del Estero,Guasayán,San Pedro,,757,86084020,San Pedro,Guasayán,-27.953867684998,-65.1664215443119,auto_ok,auto_ok,match_exacto_3campos,auto_match,no,auto,2026-07-22,alta,georef/localidades-censales,https://apis.datos.gob.ar/georef/api,verde,
v6_p06,267,Santiago del Estero,Matará,San Pedro,,175,,"San Pedro (paraje, depto Juan Felipe Ibarra ex-Matará)",Juan Felipe Ibarra,-28.31159,-62.25472,confirmado_3.3b,3.3b:manual_coord,manual_coord,documentado_3.3b,no,auto:3.3b(web+doc+guard),2026-07-22,media,auto + OpenStreetMap/Nominatim,https://nominatim.openstreetmap.org/search?q=San+Pedro+Juan+Felipe+Ibarra+Santiago+del+Estero+Argentina&format=json,verde,guard=verde (coord en conjunto permitido)
v6_p06,99,Santiago del Estero,Banda,San Ramón,,1082,86035100,San Ramón - La Dársena,Banda,-27.6993434904197,-64.2871500081568,propuesto,A (aparcado),bahra_georef,auto_muestreo,no,auto(pendiente_muestra),2026-07-22,media (nombre difiere),georef/,https://apis.datos.gob.ar/georef/api,verde,variante de nombre en el depto correcto
v6_p06,225,Santiago del Estero,Guasayán,Santa Catalina,,293,86084A25,Santa Catalina,Guasayán,-28.127672560287,-64.7829852997368,propuesto,A (aparcado),bahra_georef,auto_muestreo,no,auto(pendiente_muestra),2026-07-22,alta,georef/asentamientos,https://apis.datos.gob.ar/georef/api,verde,BAHRA: el nombre no es localidad censal -> fuente correcta (P7)
v6_p06,32,Chaco,Fray J. Sta. María de Oro,Santa Sylvina,,2858,22043020,Santa Sylvina,Fray Justo Santa María de Oro,-27.8315989947315,-61.1359971456112,auto_ok,auto_ok,match_exacto_3campos,auto_match,no,auto,2026-07-22,alta,georef/localidades-censales,https://apis.datos.gob.ar/georef/api,verde,
v6_p06,2,Santiago del Estero,Capital,Santiago del Estero,,80395,86049110,Santiago del Estero,Capital,-27.7876388167204,-64.2596955067656,auto_ok,auto_ok,match_exacto_3campos,auto_match,no,auto,2026-07-22,alta,georef/localidades-censales,https://apis.datos.gob.ar/georef/api,verde,
v6_p06,194,Santiago del Estero,Ojo de Agua,Santo Domingo,,410,,Santo Domingo (Ojo de Agua),Ojo de Agua,-29.2531302,-63.9284245,confirmado_3.3b,3.3b:manual_coord,manual_coord,documentado_3.3b,no,auto:3.3b(web+doc+guard),2026-07-22,media,auto + Nominatim/OpenStreetMap,"https://nominatim.openstreetmap.org/search?q=Santo+Domingo,+Ojo+de+Agua,+Santiago+del+Estero&format=json",verde,guard=verde (coord en conjunto permitido)
v6_p06,281,Santiago del Estero,Pellegrini,Santo Domingo,,114,86133060,Santo Domingo,Pellegrini,-26.2154783161616,-63.7795634199819,auto_ok,auto_ok,match_exacto_3campos,auto_match,no,auto,2026-07-22,alta,georef/localidades-censales,https://apis.datos.gob.ar/georef/api,verde,
v6_p06,269,Santiago del Estero,Loreto,San Vicente,,172,86105A22,San Vicente,Loreto,-28.4870768478513,-64.1351252712122,propuesto,A (aparcado),bahra_georef,auto_muestreo,no,auto(pendiente_muestra),2026-07-22,alta,georef/asentamientos,https://apis.datos.gob.ar/georef/api,verde,BAHRA: el nombre no es localidad censal -> fuente correcta (P7)
v6_p06,261,Santiago del Estero,Silípica,San Vicente,,190,86189A09,San Vicente,Silípica,-28.2279153853448,-64.1882806056283,propuesto,A (aparcado),bahra_georef,auto_muestreo,no,auto(pendiente_muestra),2026-07-22,alta,georef/asentamientos,https://apis.datos.gob.ar/georef/api,verde,BAHRA: el nombre no es localidad censal -> fuente correcta (P7)
v6_p06,101,Santiago del Estero,Rivadavia,Selva,,1070,86154030,Selva,Rivadavia,-29.7683331093687,-62.0475282023917,auto_ok,auto_ok,match_exacto_3campos,auto_match,no,auto,2026-07-22,alta,georef/localidades-censales,https://apis.datos.gob.ar/georef/api,verde,
v6_p06,63,Formosa,Pilcomayo,Siete Palmas,,1621,34049080,Siete Palmas,Pilcomayo,-25.2037594870283,-58.3320403861817,auto_ok,auto_ok,match_exacto_3campos,auto_match,no,auto,2026-07-22,alta,georef/localidades-censales,https://apis.datos.gob.ar/georef/api,verde,
v6_p06,191,Santiago del Estero,Silípica,Simbol,,423,86189030,Simbol,Silípica,-28.1000725468272,-64.209843128715,auto_ok,auto_ok,match_exacto_3campos,auto_match,no,auto,2026-07-22,alta,georef/localidades-censales,https://apis.datos.gob.ar/georef/api,verde,
v6_p06,140,Santiago del Estero,Banda,Simbolar,,625,86035130,Simbolar,Banda,-27.6538300286375,-64.193200530443,auto_ok,auto_ok,match_exacto_3campos,auto_match,no,auto,2026-07-22,alta,georef/localidades-censales,https://apis.datos.gob.ar/georef/api,verde,
v6_p06,95,Santiago del Estero,Ojo de Agua,Sol de Julio,,1219,86126020,Sol de Julio,Ojo de Agua,-29.565330817345,-63.4572334595518,auto_ok,auto_ok,match_exacto_3campos,auto_match,no,auto,2026-07-22,alta,georef/localidades-censales,https://apis.datos.gob.ar/georef/api,verde,
v6_p06,202,Santiago del Estero,Silípica,Sumamao,,385,86189040,Sumamao,Silípica,-28.1692153949693,-64.0988742124369,auto_ok,auto_ok,match_exacto_3campos,auto_match,no,auto,2026-07-22,alta,georef/localidades-censales,https://apis.datos.gob.ar/georef/api,verde,
v6_p06,37,Santiago del Estero,Quebrachos,Sumampa,,2401,86140020,Sumampa,Quebrachos,-29.3811284345401,-63.4745184157704,auto_ok,auto_ok,match_exacto_3campos,auto_match,no,auto,2026-07-22,alta,georef/localidades-censales,https://apis.datos.gob.ar/georef/api,verde,
v6_p06,33,Santiago del Estero,Matará,Suncho Corral,,2693,86098040,Suncho Corral,Juan Felipe Ibarra,-27.9361085560749,-63.4326672925797,auto_ok,auto_ok,match_exacto_3campos,auto_match,no,auto,2026-07-22,alta,georef/localidades-censales,https://apis.datos.gob.ar/georef/api,verde,
v6_p07,178,Santiago del Estero,San Martín,Taboada,,459,86175030,Taboada,San Martín,-28.0086188865537,-63.7436150505556,auto_ok,auto_ok,match_exacto_3campos,auto_match,no,auto,2026-07-22,alta,georef/localidades-censales,https://apis.datos.gob.ar/georef/api,verde,
v6_p07,107,Santiago del Estero,General Taboada,Tacañitas,,914,86077030,Tacañitas,General Taboada,-28.6251496744053,-62.6063748163381,auto_ok,auto_ok,match_exacto_3campos,auto_match,no,auto,2026-07-22,alta,georef/localidades-censales,https://apis.datos.gob.ar/georef/api,verde,
v6_p07,155,Chaco,Almirante Brown,Taco Pozo,,561,22007050,Taco Pozo,Almirante Brown,-25.6150014024885,-63.2648516839357,auto_ok,auto_ok,match_exacto_3campos,auto_match,no,auto,2026-07-22,alta,georef/localidades-censales,https://apis.datos.gob.ar/georef/api,verde,
v6_p07,234,Santiago del Estero,Quebrachos,Taco Pozo,,270,86140A42,Taco Pozo,Quebrachos,-29.7302626429254,-63.0657736853365,propuesto,A (aparcado),bahra_georef,auto_muestreo,no,auto(pendiente_muestra),2026-07-22,alta,georef/asentamientos,https://apis.datos.gob.ar/georef/api,verde,BAHRA: el nombre no es localidad censal -> fuente correcta (P7)
v6_p07,203,Santiago del Estero,Choya,Tapso,,381,86063080,Tapso,Choya,-28.4026155601291,-65.0913106874636,auto_ok,auto_ok,match_exacto_3campos,auto_match,no,auto,2026-07-22,alta,georef/localidades-censales,https://apis.datos.gob.ar/georef/api,verde,
v6_p07,250,Formosa,Patiño,Teniente Brown,,219,34035A86,Teniente Brown,Patiño,-24.8021494966647,-60.4566159576342,propuesto,A (aparcado),bahra_georef,auto_muestreo,no,auto(pendiente_muestra),2026-07-22,alta,georef/asentamientos,https://apis.datos.gob.ar/georef/api,verde,BAHRA: el nombre no es localidad censal -> fuente correcta (P7)
v6_p07,70,Santiago del Estero,Moreno,Tintina,,1500,86119120,Tintina,Moreno,-27.0328700881388,-62.70473490317,auto_ok,auto_ok,match_exacto_3campos,auto_match,no,auto,2026-07-22,alta,georef/localidades-censales,https://apis.datos.gob.ar/georef/api,verde,
v6_p07,256,Santiago del Estero,Capital,Tipiro,,203,86049A27,Tipiro,Capital,-27.6412458083343,-64.4092936988125,propuesto,A (aparcado),bahra_georef,auto_muestreo,no,auto(pendiente_muestra),2026-07-22,alta,georef/asentamientos,https://apis.datos.gob.ar/georef/api,verde,BAHRA: el nombre no es localidad censal -> fuente correcta (P7)
v6_p07,279,Santiago del Estero,Matará,Tobas,,139,86098A48,Tobas,Juan Felipe Ibarra,-28.1233636552443,-62.6992121888025,propuesto,A (aparcado),bahra_georef,auto_muestreo,no,auto(pendiente_muestra),2026-07-22,alta,georef/asentamientos,https://apis.datos.gob.ar/georef/api,verde,BAHRA: el nombre no es localidad censal -> fuente correcta (P7)
v6_p07,224,Santiago del Estero,General Taboada,Tomás Young,,294,86077060,Tomás Young,General Taboada,-28.6006176831261,-62.18286994285,auto_ok,auto_ok,match_exacto_3campos,auto_match,no,auto,2026-07-22,alta,georef/localidades-censales,https://apis.datos.gob.ar/georef/api,verde,
v6_p07,21,Chaco,Maipú,Tres Isletas,,4318,22091010,Tres Isletas,Maipú,-26.3402725518195,-60.4313332814128,auto_ok,auto_ok,match_exacto_3campos,auto_match,no,auto,2026-07-22,alta,georef/localidades-censales,https://apis.datos.gob.ar/georef/api,verde,
v6_p07,274,Santiago del Estero,General Taboada,Tres Pozos,,163,86077A31,Tres Pozos,General Taboada,-28.3947578152437,-62.2646930080433,propuesto,A (aparcado),bahra_georef,auto_muestreo,no,auto(pendiente_muestra),2026-07-22,alta,georef/asentamientos,https://apis.datos.gob.ar/georef/api,verde,BAHRA: el nombre no es localidad censal -> fuente correcta (P7)
v6_p07,193,Santiago del Estero,Copo,Urutaú,,411,86056090,Urutaú,Copo,-25.7139174807733,-63.0431207290214,auto_ok,auto_ok,match_exacto_3campos,auto_match,no,auto,2026-07-22,alta,georef/localidades-censales,https://apis.datos.gob.ar/georef/api,verde,
v6_p07,182,Chaco,Bermejo,Velaz,,440,22014A04,Colonia Vélaz,Bermejo,-26.6917439315158,-58.65981622428,propuesto,E-bahra-fuzzy,bahra_fuzzy,auto_muestreo,no,auto(pendiente_muestra),2026-07-22,BAJA (fuzzy en capa BAHRA: puede no ser el mismo lugar),georef/asentamientos,https://apis.datos.gob.ar/georef/api,verde,antes era sin_match. candidatos: Colonia Vélaz/Bermejo [22014A04]
v6_p07,265,Chaco,Fray J. Sta. María de Oro,Venados Grandes,,184,22043030,Venados Grandes,Fray Justo Santa María de Oro,-27.8153384459143,-61.3858781616122,auto_ok,auto_ok,match_exacto_3campos,auto_match,no,auto,2026-07-22,alta,georef/localidades-censales,https://apis.datos.gob.ar/georef/api,verde,
v6_p07,180,Chaco,San Fernando,Vicentini,,447,,Puerto Vicentini (barrio de Fontana),,-27.4014,-59.0392,propuesto,C5-barrio_de,web_barrio,humano_lote,no,pendiente:Jose,2026-07-22,verde (guard: coord en depto esperado),Wikimapia/dices.net,http://wikimapia.org/33649922/es/BARRIO-PUERTO-VICENTINI,verde,"[guard=verde; punto en San Fernando] Antigua localidad Puerto Vicentini, hoy barrio de Fontana, depto San Fernando."
v6_p07,72,Santiago del Estero,Matará,Vilelas,,1495,86098050,Vilelas,Juan Felipe Ibarra,-27.9620576201777,-62.6081296424465,auto_ok,auto_ok,match_exacto_3campos,auto_match,no,auto,2026-07-22,alta,georef/localidades-censales,https://apis.datos.gob.ar/georef/api,verde,
v6_p07,6,Chaco,Mayor Luis J. Fontana,Villa Angela,,18518,22098030,Villa Angela,Mayor Luis J. Fontana,-27.5768609590872,-60.7111358386623,auto_ok,auto_ok,match_exacto_3campos,auto_match,no,auto,2026-07-22,alta,georef/localidades-censales,https://apis.datos.gob.ar/georef/api,verde,
v6_p07,98,Santiago del Estero,Atamisqui,Villa Atamisqui,,1122,86021030,Villa Atamisqui,Atamisqui,-28.4962459589053,-63.817413799372,auto_ok,auto_ok,match_exacto_3campos,auto_match,no,auto,2026-07-22,alta,georef/localidades-censales,https://apis.datos.gob.ar/georef/api,verde,
v6_p07,25,Chaco,San Lorenzo,Villa Berthet,,4070,22147020,Villa Berthet,San Lorenzo,-27.2939772749616,-60.4111650246404,auto_ok,auto_ok,match_exacto_3campos,auto_match,no,auto,2026-07-22,alta,georef/localidades-censales,https://apis.datos.gob.ar/georef/api,verde,
v6_p07,196,Santiago del Estero,Moreno,Villa Brana,,403,86119125,Villa Brana,Moreno,-27.3470131039966,-62.9180439304435,auto_ok,auto_ok,match_exacto_3campos,auto_match,no,auto,2026-07-22,alta,georef/localidades-censales,https://apis.datos.gob.ar/georef/api,verde,
v6_p07,122,Formosa,Laishí,Villa Escobar Navegación Río Bermejo,,775,,Villa Escolar,,-26.6219,-58.6697,propuesto,C5-rename,web_rename,humano_lote,no,pendiente:Jose,2026-07-22,verde (guard: coord en depto esperado),Wikipedia,https://es.wikipedia.org/wiki/Villa_Escolar,verde,[guard=verde; punto en Laishi] Localidad del depto Laishí sobre el río Bermejo; el nombre del censo (Villa Escobar) corresponde a Villa Escolar
v6_p07,232,Santiago del Estero,Figueroa,Villa Figueroa,,273,86070100,Villa Figueroa,Figueroa,-27.7210732873827,-63.5066101281458,auto_ok,auto_ok,match_exacto_3campos,auto_match,no,auto,2026-07-22,alta,georef/localidades-censales,https://apis.datos.gob.ar/georef/api,verde,
v6_p07,266,Santiago del Estero,Guasayán,Villa Guasayán,,178,86084030,Villa Guasayán,Guasayán,-27.8848346386321,-64.8516246609894,auto_ok,auto_ok,match_exacto_3campos,auto_match,no,auto,2026-07-22,alta,georef/localidades-censales,https://apis.datos.gob.ar/georef/api,verde,
v6_p07,173,Santiago del Estero,Río Hondo,Villa Jiménez,,478,86147140,Villa Giménez,Río Hondo,-27.5717355548092,-64.4771394271041,propuesto,A (aparcado),bahra_georef,auto_muestreo,no,auto(pendiente_muestra),2026-07-22,media (nombre difiere),georef/,https://apis.datos.gob.ar/georef/api,verde,variante de nombre en el depto correcto
v6_p07,165,Santiago del Estero,Choya,Villa La Punta,,515,86063090,Villa La Punta,Choya,-28.3696820139552,-64.7948769452482,auto_ok,auto_ok,match_exacto_3campos,auto_match,no,auto,2026-07-22,alta,georef/localidades-censales,https://apis.datos.gob.ar/georef/api,verde,
v6_p07,254,Santiago del Estero,Copo,Villa Matoque,,206,86056A71,Villa Matoque,Copo,-25.8320827104097,-63.7944890160395,propuesto,A (aparcado),bahra_georef,auto_muestreo,no,auto(pendiente_muestra),2026-07-22,alta,georef/asentamientos,https://apis.datos.gob.ar/georef/api,verde,BAHRA: el nombre no es localidad censal -> fuente correcta (P7)
v6_p07,231,Santiago del Estero,San Martín,Villa Nueva,,275,86175040,Villa Nueva,San Martín,-28.3016406315517,-64.0299154464099,auto_ok,auto_ok,match_exacto_3campos,auto_match,no,auto,2026-07-22,alta,georef/localidades-censales,https://apis.datos.gob.ar/georef/api,verde,
v6_p07,69,Santiago del Estero,Ojo de Agua,Villa Ojo de Agua,,1505,86126030,Villa Ojo de Agua,Ojo de Agua,-29.5026655219891,-63.6948154735414,auto_ok,auto_ok,match_exacto_3campos,auto_match,no,auto,2026-07-22,alta,georef/localidades-censales,https://apis.datos.gob.ar/georef/api,verde,
v6_p07,145,Santiago del Estero,Robles,Villa Robles,,616,86161048,Villa Robles,Robles,-27.9183106228177,-64.1106499668725,auto_ok,auto_ok,match_exacto_3campos,auto_match,no,auto,2026-07-22,alta,georef/localidades-censales,https://apis.datos.gob.ar/georef/api,verde,
v6_p07,106,Santiago del Estero,Salavina,Villa Salavina,,924,86168030,Villa Salavina,Salavina,-28.8042977863653,-63.4296712720784,auto_ok,auto_ok,match_exacto_3campos,auto_match,no,auto,2026-07-22,alta,georef/localidades-censales,https://apis.datos.gob.ar/georef/api,verde,
v6_p07,28,Santiago del Estero,Loreto,Villa San Martín,,3354,86105010,Villa San Martí­n (Est. Loreto),Loreto,-28.3008660325566,-64.1841071808748,propuesto,A (aparcado),bahra_georef,auto_muestreo,no,auto(pendiente_muestra),2026-07-22,media (nombre difiere),georef/,https://apis.datos.gob.ar/georef/api,verde,variante de nombre en el depto correcto
v6_p07,174,Santiago del Estero,Silípica,Villa Silípica,,475,86189050,Villa Silí­pica,Silípica,-28.1092651697295,-64.1464655132768,auto_ok,auto_ok,match_exacto_3campos,auto_match,no,auto,2026-07-22,alta,georef/localidades-censales,https://apis.datos.gob.ar/georef/api,verde,
v6_p07,146,Santiago del Estero,Mitre,Villa Unión,,615,86112010,Villa Unión,Mitre,-29.4135231041315,-62.7903956530041,auto_ok,auto_ok,match_exacto_3campos,auto_match,no,auto,2026-07-22,alta,georef/localidades-censales,https://apis.datos.gob.ar/georef/api,verde,
v6_p07,179,Santiago del Estero,Robles,Vilmer,,451,86161050,Vilmer,Robles,-27.7860474325585,-64.1503568005197,auto_ok,auto_ok,match_exacto_3campos,auto_match,no,auto,2026-07-22,alta,georef/localidades-censales,https://apis.datos.gob.ar/georef/api,verde,
v6_p07,226,Santiago del Estero,Río Hondo,Vinará,,289,86147170,Vinara,Río Hondo,-27.3799436347555,-64.7946969449808,auto_ok,auto_ok,match_exacto_3campos,auto_match,no,auto,2026-07-22,alta,georef/localidades-censales,https://apis.datos.gob.ar/georef/api,verde,
v6_p07,177,Santiago del Estero,Capital,Vuelta de la Barranca,,460,86049120,Vuelta de la Barranca,Capital,-27.8944766267581,-64.1979606183017,auto_ok,auto_ok,match_exacto_3campos,auto_match,no,auto,2026-07-22,alta,georef/localidades-censales,https://apis.datos.gob.ar/georef/api,verde,
v6_p07,116,Santiago del Estero,Moreno,Weisburd,,843,86119130,Weisburd,Moreno,-27.318758575952,-62.5851039102445,auto_ok,auto_ok,match_exacto_3campos,auto_match,no,auto,2026-07-22,alta,georef/localidades-censales,https://apis.datos.gob.ar/georef/api,verde,
v6_p07,89,Santiago del Estero,Capital,Zanjón,,1300,86049030,Villa Zanjón,Capital,-27.8801622520391,-64.2426746819345,propuesto,A (aparcado),bahra_georef,auto_muestreo,no,auto(pendiente_muestra),2026-07-22,media (nombre difiere),georef/,https://apis.datos.gob.ar/georef/api,verde,variante de nombre en el depto correcto
v6_p07,156,Chaco,General Güemes,Zaparinqui,,555,22063120,Zaparinqui,General Güemes,-26.0657643036421,-60.5619475669185,auto_ok,auto_ok,match_exacto_3campos,auto_match,no,auto,2026-07-22,alta,georef/localidades-censales,https://apis.datos.gob.ar/georef/api,verde,
v7_p01,376,Jujuy,Cochinoca,Abdón Castro Tolay,,203,38007010,Abdón Castro Tolay,Cochinoca,-23.3426413718663,-66.089744997888,propuesto,A (aparcado),bahra_georef,auto_muestreo,no,auto(pendiente_muestra),2026-07-22,alta,georef/asentamientos,https://apis.datos.gob.ar/georef/api,verde,BAHRA: el nombre no es localidad censal -> fuente correcta (P7)
v7_p01,107,Jujuy,Cochinoca,Abra Pampa,,1391,38007020,Abra Pampa,Cochinoca,-22.7226837735871,-65.697061815766,auto_ok,auto_ok,match_exacto_3campos,auto_match,no,auto,2026-07-22,alta,georef/localidades-censales,https://apis.datos.gob.ar/georef/api,verde,
v7_p01,216,Salta,Gral. J. de San Martín,Acambuco,,612,66056A00,Acambuco,General José de San Martín,-22.1659015780915,-63.9105395487973,propuesto,A (aparcado),bahra_georef,auto_muestreo,no,auto(pendiente_muestra),2026-07-22,alta,georef/asentamientos,https://apis.datos.gob.ar/georef/api,verde,BAHRA: el nombre no es localidad censal -> fuente correcta (P7)
v7_p01,64,Tucumán,Monteros,Acheral,,2207,90070010,Acheral,Monteros,-27.12072050474,-65.4705647177524,auto_ok,auto_ok,match_exacto_3campos,auto_match,no,auto,2026-07-22,alta,georef/localidades-censales,https://apis.datos.gob.ar/georef/api,verde,
v7_p01,302,Catamarca,Capayán,Adolfo E. Carranza,,379,10042010,Adolfo E. Carranza,Capayán,-29.0258932194616,-66.0035235986031,propuesto,A (aparcado),bahra_georef,auto_muestreo,no,auto(pendiente_muestra),2026-07-22,alta,georef/asentamientos,https://apis.datos.gob.ar/georef/api,verde,BAHRA: el nombre no es localidad censal -> fuente correcta (P7)
v7_p01,334,Salta,Orán,Agua Blanca,,282,66126010,Aguas Blancas,Orán,-22.7350881128123,-64.3552072427665,propuesto,A (aparcado),bahra_georef,auto_muestreo,no,auto(pendiente_muestra),2026-07-22,media (nombre difiere),georef/,https://apis.datos.gob.ar/georef/api,verde,variante de nombre en el depto correcto
v7_p01,146,Tucumán,Leales,Agua Dulce,,984,90056A01,Agua Dulce,Leales,-27.0552293833391,-65.0321020485202,propuesto,A (aparcado),bahra_georef,auto_muestreo,no,auto(pendiente_muestra),2026-07-22,alta,georef/asentamientos,https://apis.datos.gob.ar/georef/api,verde,BAHRA: el nombre no es localidad censal -> fuente correcta (P7)
v7_p01,34,Salta,Gral. J. de San Martín,Aguaray,,4428,66056010,Aguaray,General José de San Martín,-22.2448749242844,-63.7353428239361,auto_ok,auto_ok,match_exacto_3campos,auto_match,no,auto,2026-07-22,alta,georef/localidades-censales,https://apis.datos.gob.ar/georef/api,verde,
v7_p01,362,La Rioja,General San Martín,Agunyo,,223,46091A01,Aguayo,General San Martín,-31.6905535230927,-65.8873290589864,propuesto,E-bahra-fuzzy,bahra_fuzzy,auto_muestreo,no,auto(pendiente_muestra),2026-07-22,BAJA (fuzzy en capa BAHRA: puede no ser el mismo lugar),georef/asentamientos,https://apis.datos.gob.ar/georef/api,verde,antes era sin_match. candidatos: Aguayo/General San Martín [46091A01]
v7_p01,17,Tucumán,Río Chico,Aguilares,,9816,90077010,Aguilares,Río Chico,-27.4314587255842,-65.614642664612,auto_ok,auto_ok,match_exacto_3campos,auto_match,no,auto,2026-07-22,alta,georef/localidades-censales,https://apis.datos.gob.ar/georef/api,verde,
v7_p01,55,La Rioja,Arauco,Aimogasta,,2721,46007010,Aimogasta,Arauco,-28.5537029309805,-66.8134861152964,auto_ok,auto_ok,match_exacto_3campos,auto_match,no,auto,2026-07-22,alta,georef/localidades-censales,https://apis.datos.gob.ar/georef/api,verde,
v7_p01,97,Tucumán,Cruz Alta,Alderetes,,1497,90014010,Alderetes,Cruz Alta,-26.8202909448057,-65.1434178672606,auto_ok,auto_ok,match_exacto_3campos,auto_match,no,auto,2026-07-22,alta,georef/localidades-censales,https://apis.datos.gob.ar/georef/api,verde,
v7_p01,412,Salta,Guachipas,Alemania,,126,66063003,Alemanía,Guachipas,-25.6247269277373,-65.6126276681117,auto_ok,auto_ok,match_exacto_3campos,auto_match,no,auto,2026-07-22,alta,georef/localidades-censales,https://apis.datos.gob.ar/georef/api,verde,
v7_p01,238,Catamarca,Santa Rosa,Alijilán,,563,10098010,Alijilán,Santa Rosa,-28.176244459377,-65.4927230531622,auto_ok,auto_ok,match_exacto_3campos,auto_match,no,auto,2026-07-22,alta,georef/localidades-censales,https://apis.datos.gob.ar/georef/api,verde,
v7_p01,323,Salta,Rosario de la Frontera,Almirante Brown,,320,66140005,Almirante Brown,Rosario de la Frontera,-25.8961576285683,-64.7653254452947,auto_ok,auto_ok,match_exacto_3campos,auto_match,no,auto,2026-07-22,alta,georef/localidades-censales,https://apis.datos.gob.ar/georef/api,verde,
v7_p01,139,Tucumán,Chicligasta,Alpachiri,,1078,90021010,Alpachiri,Chicligasta,-27.3358411895456,-65.7573982905812,auto_ok,auto_ok,match_exacto_3campos,auto_match,no,auto,2026-07-22,alta,georef/localidades-censales,https://apis.datos.gob.ar/georef/api,verde,
v7_p01,315,La Rioja,San Blas de los Sauces,Alpasinche,,346,4611901001,Alpasinche,San Blas de Los Sauces,-28.321596561294,-67.053908677707,propuesto,A (aparcado),bahra_georef,auto_muestreo,no,auto(pendiente_muestra),2026-07-22,alta,georef/localidades,https://apis.datos.gob.ar/georef/api,verde,BAHRA: el nombre no es localidad censal -> BAHRA es la fuente correcta (P7). id de capa 'localidades' NO es id censal INDEC valido
v7_p01,387,Salta,Rivadavia,Alto de la Sierra,,181,66133010,Alto de la Sierra,Rivadavia,-22.7403036530061,-62.4977961233708,auto_ok,auto_ok,match_exacto_3campos,auto_match,no,auto,2026-07-22,alta,georef/localidades-censales,https://apis.datos.gob.ar/georef/api,verde,
v7_p01,80,Tucumán,Chicligasta,Alto Verde,,1700,90021020,Alto Verde,Chicligasta,-27.3793992485609,-65.6079258666538,auto_ok,auto_ok,match_exacto_3campos,auto_match,no,auto,2026-07-22,alta,georef/localidades-censales,https://apis.datos.gob.ar/georef/api,verde,
v7_p01,212,Tucumán,Tafí,Amaichá del Valle,,620,90098010,Amaicha del Valle,Tafí del Valle,-26.5937240500164,-65.9200695796332,auto_ok,auto_ok,match_exacto_3campos,auto_match,no,auto,2026-07-22,alta,georef/localidades-censales,https://apis.datos.gob.ar/georef/api,verde,
v7_p01,375,La Rioja,General Ocampo,Ambil,,203,46084010,Ambil,General Ortiz de Ocampo,-31.1295198406896,-66.3439073842251,auto_ok,auto_ok,match_exacto_3campos,auto_match,no,auto,2026-07-22,alta,georef/localidades-censales,https://apis.datos.gob.ar/georef/api,verde,
v7_p01,263,La Rioja,Castro Barros,Aminga,,480,46021010,Aminga,Castro Barros,-28.8476819528689,-66.9305129445686,auto_ok,auto_ok,match_exacto_3campos,auto_match,no,auto,2026-07-22,alta,georef/localidades-censales,https://apis.datos.gob.ar/georef/api,verde,
v7_p01,377,Salta,La Viña,Ampascachi,,202,66098010,Ampascachi,La Viña,-25.3523602195855,-65.5276323236594,auto_ok,auto_ok,match_exacto_3campos,auto_match,no,auto,2026-07-22,alta,georef/localidades-censales,https://apis.datos.gob.ar/georef/api,verde,
v7_p01,401,Catamarca,Ancasti,Ancasti,,149,10014010,Ancasti,Ancasti,-28.8124907509088,-65.499736680361,auto_ok,auto_ok,match_exacto_3campos,auto_match,no,auto,2026-07-22,alta,georef/localidades-censales,https://apis.datos.gob.ar/georef/api,verde,
v7_p01,46,Catamarca,Andalgalá,Andalgalá,,3260,10021020,Andalgalá,Andalgalá,-27.5901594446266,-66.3212501175486,auto_ok,auto_ok,match_exacto_3campos,auto_match,no,auto,2026-07-22,alta,georef/localidades-censales,https://apis.datos.gob.ar/georef/api,verde,
v7_p01,242,Salta,San Carlos,Angastaco,,541,66154010,Angastaco,San Carlos,-25.6909064600605,-66.1670201924145,auto_ok,auto_ok,match_exacto_3campos,auto_match,no,auto,2026-07-22,alta,georef/localidades-censales,https://apis.datos.gob.ar/georef/api,verde,
v7_p01,141,La Rioja,Chilecito,Anguinán,,1017,4604201001,Anguinán,Chilecito,-29.1990741866199,-67.4621457728199,propuesto,A (aparcado),bahra_georef,auto_muestreo,no,auto(pendiente_muestra),2026-07-22,alta,georef/localidades,https://apis.datos.gob.ar/georef/api,verde,BAHRA: el nombre no es localidad censal -> BAHRA es la fuente correcta (P7). id de capa 'localidades' NO es id censal INDEC valido
v7_p01,385,Catamarca,Ancasti,Anquincila,,187,10014020,Anquincila,Ancasti,-28.7469425805385,-65.5489731895385,auto_ok,auto_ok,match_exacto_3campos,auto_match,no,auto,2026-07-22,alta,georef/localidades-censales,https://apis.datos.gob.ar/georef/api,verde,
v7_p01,237,La Rioja,Castro Barros,Anillaco,,565,46021020,Anillaco,Castro Barros,-28.805978461205,-66.9458187824237,auto_ok,auto_ok,match_exacto_3campos,auto_match,no,auto,2026-07-22,alta,georef/localidades-censales,https://apis.datos.gob.ar/georef/api,verde,
v7_p01,211,Salta,San Carlos,Animaná,,622,66154020,Animaná,San Carlos,-25.9695063928942,-65.9489810010708,auto_ok,auto_ok,match_exacto_3campos,auto_match,no,auto,2026-07-22,alta,georef/localidades-censales,https://apis.datos.gob.ar/georef/api,verde,
v7_p01,272,La Rioja,Castro Barros,Anjullón,,465,46021030,Anjullón,Castro Barros,-28.7237560105358,-66.9234826223976,auto_ok,auto_ok,match_exacto_3campos,auto_match,no,auto,2026-07-22,alta,georef/localidades-censales,https://apis.datos.gob.ar/georef/api,verde,
v7_p01,215,Salta,Rosario de la Frontera,Antilla,,613,66140010,Antilla,Rosario de la Frontera,-26.1195481161076,-64.5934023687462,auto_ok,auto_ok,match_exacto_3campos,auto_match,no,auto,2026-07-22,alta,georef/localidades-censales,https://apis.datos.gob.ar/georef/api,verde,
v7_p01,273,Catamarca,Antofagasta de la Sierra,Antofagasta de la Sierra,,462,10028010,Antofagasta de la Sierra,Antofagasta de la Sierra,-26.0613194257796,-67.4074485206592,auto_ok,auto_ok,match_exacto_3campos,auto_match,no,auto,2026-07-22,alta,georef/localidades-censales,https://apis.datos.gob.ar/georef/api,verde,
v7_p01,118,Salta,Anta,Apolinario Saravia,,1286,66007010,Apolinario Saravia,Anta,-24.4307293331944,-63.9949879189973,auto_ok,auto_ok,match_exacto_3campos,auto_match,no,auto,2026-07-22,alta,georef/localidades-censales,https://apis.datos.gob.ar/georef/api,verde,
v7_p01,305,Tucumán,Leales,Aráoz,,374,90056020,Estación Aráoz,Leales,-27.0571152473018,-64.9218123993231,propuesto,A (aparcado),bahra_georef,auto_muestreo,no,auto(pendiente_muestra),2026-07-22,media (nombre difiere),georef/,https://apis.datos.gob.ar/georef/api,verde,variante de nombre en el depto correcto
v7_p01,331,La Rioja,Arauco,Arauco,,302,46007020,Arauco,Arauco,-28.5686336436872,-66.8014515080852,propuesto,A (aparcado),bahra_georef,auto_muestreo,no,auto(pendiente_muestra),2026-07-22,alta,georef/asentamientos,https://apis.datos.gob.ar/georef/api,verde,BAHRA: el nombre no es localidad censal -> fuente correcta (P7)
v7_p01,69,Tucumán,Chicligasta,Arcadia,,1595,90021030,Arcadia,Chicligasta,-27.3069484835773,-65.576067487854,auto_ok,auto_ok,match_exacto_3campos,auto_match,no,auto,2026-07-22,alta,georef/localidades-censales,https://apis.datos.gob.ar/georef/api,verde,
v7_p01,368,Salta,Rosario de la Frontera,Arenal,,211,66140A02,Arenal,Rosario de la Frontera,-25.9117719064036,-65.1185693875239,propuesto,A (aparcado),bahra_georef,auto_muestreo,no,auto(pendiente_muestra),2026-07-22,alta,georef/asentamientos,https://apis.datos.gob.ar/georef/api,verde,BAHRA: el nombre no es localidad censal -> fuente correcta (P7)
v7_p01,247,Tucumán,Chicligasta,Atahona,,525,90091010,Atahona,Simoca,-27.4175004497156,-65.2878399932446,auto_ok,auto_ok,match_exacto_3campos,auto_match,no,auto,2026-07-22,alta,georef/localidades-censales,https://apis.datos.gob.ar/georef/api,verde,
v7_p01,370,Salta,Metán,Bajo Grande,,210,,Bajo Grande,,-25.3500,-64.5000,propuesto,C5-manual_coord,web_manual_coord,humano_lote,no,pendiente:Jose,2026-07-22,verde (guard: coord en depto esperado),OSM Nominatim,https://nominatim.openstreetmap.org/,verde,"[guard=verde; punto en Metán] Localidad del municipio El Galpón, depto Metán, Salta. Coordenada de baja precisión (punto OSM redondeado); aproximada."
v7_p02,425,Salta,Rosario de la Frontera,Balboa,,94,66140A04,Balboa,Rosario de la Frontera,-25.8670045243674,-64.8189285132798,propuesto,A (aparcado),bahra_georef,auto_muestreo,no,auto(pendiente_muestra),2026-07-22,alta,georef/asentamientos,https://apis.datos.gob.ar/georef/api,verde,BAHRA: el nombre no es localidad censal -> fuente correcta (P7)
v7_p02,226,Catamarca,Paclín,Balcosna,,595,10077110,Villa de Balcozna,Paclín,-27.8838330513722,-65.7278463728793,propuesto,A (aparcado),bahra_georef,auto_muestreo,no,auto(pendiente_muestra),2026-07-22,media (nombre difiere),georef/,https://apis.datos.gob.ar/georef/api,verde,variante de nombre en el depto correcto
v7_p02,10,Tucumán,Cruz Alta,Banda del Río Salí,,14604,90014020,Banda del Río Salí,Cruz Alta,-26.84425336437,-65.1673879572537,auto_ok,auto_ok,match_exacto_3campos,auto_match,no,auto,2026-07-22,alta,georef/localidades-censales,https://apis.datos.gob.ar/georef/api,verde,
v7_p02,223,La Rioja,General Lavalle,Banda Florida,,599,4602805001,Banda Florida,General Felipe Varela,-29.3058404948469,-68.2451399795853,propuesto,A (aparcado),bahra_georef,auto_muestreo,no,auto(pendiente_muestra),2026-07-22,alta,georef/localidades,https://apis.datos.gob.ar/georef/api,verde,BAHRA: el nombre no es localidad censal -> BAHRA es la fuente correcta (P7). id de capa 'localidades' NO es id censal INDEC valido
v7_p02,379,Catamarca,Santa Rosa,Bañado de Ovanta,,198,10098020,Bañado de Ovanta,Santa Rosa,-28.1060492467491,-65.3192170569012,auto_ok,auto_ok,match_exacto_3campos,auto_match,no,auto,2026-07-22,alta,georef/localidades-censales,https://apis.datos.gob.ar/georef/api,verde,
v7_p02,29,Catamarca,Belén,Belén,,5469,10035020,Belén,Belén,-27.6500358414945,-67.0264948058202,auto_ok,auto_ok,match_exacto_3campos,auto_match,no,auto,2026-07-22,alta,georef/localidades-censales,https://apis.datos.gob.ar/georef/api,verde,
v7_p02,405,La Rioja,Gobernador Gordillo,Bella Vista,,147,46035A01,Bella Vista,Chamical,-30.5058231658373,-66.2587205222542,propuesto,A (aparcado),bahra_georef,auto_muestreo,no,auto(pendiente_muestra),2026-07-22,alta,georef/asentamientos,https://apis.datos.gob.ar/georef/api,verde,BAHRA: el nombre no es localidad censal -> fuente correcta (P7)
v7_p02,23,Tucumán,Famaillá,Bella Vista,,6816,90056010,Bella Vista,Leales,-27.0327868,-65.3071201,confirmado_3.3b,3.3b:transferencia_confirmada,transferencia_confirmada,documentado_3.3b,no,auto:3.3b(web+doc+guard),2026-07-22,alta,"auto + Wikipedia (Bella Vista, Tucuman) + Georef",https://es.wikipedia.org/wiki/Anexo:Departamentos_de_la_provincia_de_Tucum%C3%A1n,rojo,transferencia DOCUMENTADA: Ley provincial 4518 (1976) | ley: Ley provincial 4518 (1976)
v7_p02,232,Tucumán,Burruyacú,Benjamín Aráoz,,576,90007090,Villa Benjamín Aráoz,Burruyacú,-26.5561568164256,-64.7983802312288,propuesto,A (aparcado),bahra_georef,auto_muestreo,no,auto(pendiente_muestra),2026-07-22,media (nombre difiere),georef/,https://apis.datos.gob.ar/georef/api,verde,variante de nombre en el depto correcto
v7_p02,180,Tucumán,Trancas,Benjamín Paz,,760,90112005,Benjamín Paz,Trancas,-26.3723131560828,-65.2923249364578,auto_ok,auto_ok,match_exacto_3campos,auto_match,no,auto,2026-07-22,alta,georef/localidades-censales,https://apis.datos.gob.ar/georef/api,verde,
v7_p02,198,Salta,General Martín Miguel de Güemes,Betania,,682,66049005,Betania,General Güemes,-24.6950819183392,-65.1497094654822,auto_ok,auto_ok,match_exacto_3campos,auto_match,no,auto,2026-07-22,alta,georef/localidades-censales,https://apis.datos.gob.ar/georef/api,verde,
v7_p02,248,Tucumán,Burruyacú,Burruyacú,,524,90007100,Villa Burruyacú,Burruyacú,-26.5010805947294,-64.7419202204846,propuesto,A (aparcado),bahra_georef,auto_muestreo,no,auto(pendiente_muestra),2026-07-22,media (nombre difiere),georef/,https://apis.datos.gob.ar/georef/api,verde,variante de nombre en el depto correcto
v7_p02,258,Salta,Cachi,Cachi,,491,66014010,Cachi,Cachi,-25.1200819793556,-66.1619614056832,auto_ok,auto_ok,match_exacto_3campos,auto_match,no,auto,2026-07-22,alta,georef/localidades-censales,https://apis.datos.gob.ar/georef/api,verde,
v7_p02,59,Salta,Cafayate,Cafayate,,2407,66021010,Cafayate,Cafayate,-26.073027642419,-65.9759378130666,auto_ok,auto_ok,match_exacto_3campos,auto_match,no,auto,2026-07-22,alta,georef/localidades-censales,https://apis.datos.gob.ar/georef/api,verde,
v7_p02,109,Jujuy,Ledesma,Caimancito,,1340,38035030,Caimancito,Ledesma,-23.7399719801394,-64.5915897354753,auto_ok,auto_ok,match_exacto_3campos,auto_match,no,auto,2026-07-22,alta,georef/localidades-censales,https://apis.datos.gob.ar/georef/api,verde,
v7_p02,28,Jujuy,Ledesma,Calilegua,,5646,38035040,Calilegua,Ledesma,-23.7750847720177,-64.7699122360736,auto_ok,auto_ok,match_exacto_3campos,auto_match,no,auto,2026-07-22,alta,georef/localidades-censales,https://apis.datos.gob.ar/georef/api,verde,
v7_p02,286,Salta,Gral. J. de San Martín,Campichuelo,,419,66056030,Campichuelo,General José de San Martín,-23.1103090991876,-63.9984610466857,auto_ok,auto_ok,match_exacto_3campos,auto_match,no,auto,2026-07-22,alta,georef/localidades-censales,https://apis.datos.gob.ar/georef/api,verde,
v7_p02,318,Salta,Gral. J. de San Martín,Campo Durán,,342,66056040,Campo Durán,General José de San Martín,-22.2002151374657,-63.6757637279843,auto_ok,auto_ok,match_exacto_3campos,auto_match,no,auto,2026-07-22,alta,georef/localidades-censales,https://apis.datos.gob.ar/georef/api,verde,
v7_p02,68,Salta,Rosario de Lerma,Campo Quijano,,2069,66147010,Campo Quijano,Rosario de Lerma,-24.9081587473101,-65.6428777291965,auto_ok,auto_ok,match_exacto_3campos,auto_match,no,auto,2026-07-22,alta,georef/localidades-censales,https://apis.datos.gob.ar/georef/api,verde,
v7_p02,91,Salta,General Martín Miguel de Güemes,Campo Santo,,1573,66049010,Campo Santo,General Güemes,-24.6829140115559,-65.1049700649688,auto_ok,auto_ok,match_exacto_3campos,auto_match,no,auto,2026-07-22,alta,georef/localidades-censales,https://apis.datos.gob.ar/georef/api,verde,
v7_p02,317,Jujuy,Yaví,Cangrejilla,,343,38112020,Cangrejillos,Yavi,-22.423791437897,-65.579872144671,propuesto,A (aparcado),bahra_georef,auto_muestreo,no,auto(pendiente_muestra),2026-07-22,media (nombre difiere),georef/,https://apis.datos.gob.ar/georef/api,verde,variante de nombre en el depto correcto
v7_p02,187,Catamarca,Capayán,Capayán,,718,10042030,Capayán,Capayán,-28.7629707502913,-66.0478111566998,auto_ok,auto_ok,match_exacto_3campos,auto_match,no,auto,2026-07-22,alta,georef/localidades-censales,https://apis.datos.gob.ar/georef/api,verde,
v7_p02,372,Salta,Rivadavia,Capitán J. Page,,207,,Capitán Juan Pagé,,-23.6833,-62.3833,propuesto,C5-rename,web_rename,humano_lote,no,pendiente:Jose,2026-07-22,verde (guard: coord en depto esperado),dices.net,https://www.dices.net/mapas/argentina/mapa.php?nombre=Capitan-Juan-Page&id=29081,verde,"[guard=verde; punto en Rivadavia] Localidad ferroviaria del depto Rivadavia, Salta"
v7_p02,428,Jujuy,Rinconada,Carahuasi,,90,38049A00,Carahuasi,Rinconada,-22.5388912680063,-65.9621381528807,propuesto,A (aparcado),bahra_georef,auto_muestreo,no,auto(pendiente_muestra),2026-07-22,alta,georef/asentamientos,https://apis.datos.gob.ar/georef/api,verde,BAHRA: el nombre no es localidad censal -> fuente correcta (P7)
v7_p02,222,La Rioja,Famatina,Carrizal,,600,46049010,Alto Carrizal,Famatina,-28.8666648232883,-67.5714943236713,propuesto,D,ambiguo,auto_muestreo,no,auto(pendiente_muestra),2026-07-22,baja,georef,https://apis.datos.gob.ar/georef/api,verde,>1 candidato: Alto Carrizal/Famatina [46049010]; Bajo Carrizal/Famatina [46049040]
v7_p02,336,Jujuy,Cochinoca,Casabindo,,280,38007040,Casabindo,Cochinoca,-22.9867920442778,-66.0329316079049,auto_ok,auto_ok,match_exacto_3campos,auto_match,no,auto,2026-07-22,alta,georef/localidades-censales,https://apis.datos.gob.ar/georef/api,verde,
v7_p02,332,Jujuy,Valle Grande,Caspalá,,288,38105010,Caspalá,Valle Grande,-23.3633801563282,-65.0924359904006,auto_ok,auto_ok,match_exacto_3campos,auto_match,no,auto,2026-07-22,alta,georef/localidades-censales,https://apis.datos.gob.ar/georef/api,verde,
v7_p02,358,La Rioja,General Belgrano,Castro Barros,,233,46063010,Castro Barros,General Belgrano,-30.5800019647177,-65.7274123955136,auto_ok,auto_ok,match_exacto_3campos,auto_match,no,auto,2026-07-22,alta,georef/localidades-censales,https://apis.datos.gob.ar/georef/api,verde,
v7_p02,3,Catamarca,Capital,Catamarca,,45929,10049030,San Fernando del Valle de Catamarca,Capital,-28.4680084108186,-65.7889422830592,propuesto,A (aparcado),bahra_georef,auto_muestreo,no,auto(pendiente_muestra),2026-07-22,media (nombre difiere),georef/,https://apis.datos.gob.ar/georef/api,verde,variante de nombre en el depto correcto
v7_p02,391,Jujuy,Susques,Catua,,174,38084010,Catua,Susques,-23.8697878292198,-67.0052751921339,auto_ok,auto_ok,match_exacto_3campos,auto_match,no,auto,2026-07-22,alta,georef/localidades-censales,https://apis.datos.gob.ar/georef/api,verde,
v7_p02,341,La Rioja,Capital,Cebollar,,268,46014A07,Cebollar,Capital,-29.0898292991728,-66.5670435260945,propuesto,A (aparcado),bahra_georef,auto_muestreo,no,auto(pendiente_muestra),2026-07-22,alta,georef/asentamientos,https://apis.datos.gob.ar/georef/api,verde,BAHRA: el nombre no es localidad censal -> fuente correcta (P7)
v7_p02,203,Salta,Anta,Ceibalito,,664,66007020,Ceibalito,Anta,-25.1103063943963,-64.2751381648939,auto_ok,auto_ok,match_exacto_3campos,auto_match,no,auto,2026-07-22,alta,georef/localidades-censales,https://apis.datos.gob.ar/georef/api,verde,
v7_p02,78,Salta,Cerrillos,Cerrillos,,1718,66035010,Cerrillos,Cerrillos,-24.8958125202419,-65.4871448167518,propuesto,A (aparcado),bahra_georef,auto_muestreo,no,auto(pendiente_muestra),2026-07-22,alta,georef/localidades,https://apis.datos.gob.ar/georef/api,verde,BAHRA: el nombre no es localidad censal -> BAHRA es la fuente correcta (P7). id de capa 'localidades' NO es id censal INDEC valido
v7_p02,420,Catamarca,Tinogasta,Cerro Negro,,113,10105040,Cerro Negro,Tinogasta,-28.259617467479,-67.1370858152041,propuesto,A (aparcado),bahra_georef,auto_muestreo,no,auto(pendiente_muestra),2026-07-22,alta,georef/asentamientos,https://apis.datos.gob.ar/georef/api,verde,BAHRA: el nombre no es localidad censal -> fuente correcta (P7)
v7_p02,151,Tucumán,Cruz Alta,Cevil Pozo,,930,,Cevil Pozo,,-26.8553,-65.1256,propuesto,C5-manual_coord,web_manual_coord,humano_lote,no,pendiente:Jose,2026-07-22,verde (guard: coord en depto esperado),wikipedia,https://es.wikipedia.org/wiki/Estaci%C3%B3n_Cevil_Pozo,verde,"[guard=verde; punto en Cruz Alta] Estación/localidad en Banda del Río Salí, depto Cruz Alta (Tucumán). Coord 26°51'19\\""S 65°07'32\""\""W."""
v7_p02,304,Tucumán,Tafí,Cevil Redondo,,377,90119020,Cevil Redondo,Yerba Buena,-26.7697293751424,-65.2717657771515,auto_ok,auto_ok,match_exacto_3campos,auto_match,no,auto,2026-07-22,alta,georef/localidades-censales,https://apis.datos.gob.ar/georef/api,verde,
v7_p02,350,Jujuy,Santa Catalina,Cienaguillas,,251,38077030,Cieneguillas,Santa Catalina,-22.1006185450313,-65.8668114321605,propuesto,A (aparcado),bahra_georef,auto_muestreo,no,auto(pendiente_muestra),2026-07-22,media (nombre difiere),georef/,https://apis.datos.gob.ar/georef/api,verde,variante de nombre en el depto correcto
v7_p02,154,Salta,General Martín Miguel de Güemes,Cobos,,914,66049020,Cobos,General Güemes,-24.7360733863008,-65.0846841869862,auto_ok,auto_ok,match_exacto_3campos,auto_match,no,auto,2026-07-22,alta,georef/localidades-censales,https://apis.datos.gob.ar/georef/api,verde,
v7_p02,430,Salta,La Poma,Cobres,,84,66091010,Cobres,La Poma,-23.6504713954903,-66.288559890616,auto_ok,auto_ok,match_exacto_3campos,auto_match,no,auto,2026-07-22,alta,georef/localidades-censales,https://apis.datos.gob.ar/georef/api,verde,
v7_p03,280,Jujuy,Cochinoca,Cochinoca,,440,38007050,Cochinoca,Cochinoca,-22.7453255798251,-65.8961226675285,auto_ok,auto_ok,match_exacto_3campos,auto_match,no,auto,2026-07-22,alta,georef/localidades-censales,https://apis.datos.gob.ar/georef/api,verde,
v7_p03,179,Tucumán,Tafí,Colalao del Valle,,764,90098020,Colalao del Valle,Tafí del Valle,-26.3605355069816,-65.9589195037969,auto_ok,auto_ok,match_exacto_3campos,auto_match,no,auto,2026-07-22,alta,georef/localidades-censales,https://apis.datos.gob.ar/georef/api,verde,
v7_p03,281,Catamarca,Pomán,Colana,,439,10084020,Colana,Pomán,-28.3613972060566,-66.1600271026533,auto_ok,auto_ok,match_exacto_3campos,auto_match,no,auto,2026-07-22,alta,georef/localidades-censales,https://apis.datos.gob.ar/georef/api,verde,
v7_p03,83,Tucumán,Cruz Alta,Colombres,,1677,90014040,Colombres,Cruz Alta,-26.8933084736461,-65.1065912053515,auto_ok,auto_ok,match_exacto_3campos,auto_match,no,auto,2026-07-22,alta,georef/localidades-censales,https://apis.datos.gob.ar/georef/api,verde,
v7_p03,94,Salta,Orán,Colonia Santa Rosa,,1535,66126020,Colonia Santa Rosa,Orán,-23.3943044952579,-64.4255941891667,auto_ok,auto_ok,match_exacto_3campos,auto_match,no,auto,2026-07-22,alta,georef/localidades-censales,https://apis.datos.gob.ar/georef/api,verde,
v7_p03,414,La Rioja,General Ocampo,Comandante Leal,,118,46084A03,Comandante Leal,General Ortiz de Ocampo,-30.8826996721935,-65.7915336033799,propuesto,A (aparcado),bahra_georef,auto_muestreo,no,auto(pendiente_muestra),2026-07-22,alta,georef/asentamientos,https://apis.datos.gob.ar/georef/api,verde,BAHRA: el nombre no es localidad censal -> fuente correcta (P7)
v7_p03,8,Tucumán,Chicligasta,Concepción,,15832,90021050,Concepción,Chicligasta,-27.3459550184635,-65.5927454367359,auto_ok,auto_ok,match_exacto_3campos,auto_match,no,auto,2026-07-22,alta,georef/localidades-censales,https://apis.datos.gob.ar/georef/api,verde,
v7_p03,149,Catamarca,Tinogasta,Copacabana,,957,10105050,Copacabana,Tinogasta,-28.1787946066535,-67.4892656760762,auto_ok,auto_ok,match_exacto_3campos,auto_match,no,auto,2026-07-22,alta,georef/localidades-censales,https://apis.datos.gob.ar/georef/api,verde,
v7_p03,426,Salta,Rosario de la Frontera,Copo Quile,,93,66140020,Copo Quile,Rosario de la Frontera,-26.0112534309253,-64.6711387915656,auto_ok,auto_ok,match_exacto_3campos,auto_match,no,auto,2026-07-22,alta,georef/localidades-censales,https://apis.datos.gob.ar/georef/api,verde,
v7_p03,311,Jujuy,Susques,Coranzuli,,351,38084020,Coranzuli,Susques,-23.0137942918259,-66.366664912856,auto_ok,auto_ok,match_exacto_3campos,auto_match,no,auto,2026-07-22,alta,georef/localidades-censales,https://apis.datos.gob.ar/georef/api,verde,
v7_p03,148,Salta,Gral. J. de San Martín,Coronel Cornejo,,972,66056070,Coronel Cornejo,General José de San Martín,-22.7368432261441,-63.8186469436218,auto_ok,auto_ok,match_exacto_3campos,auto_match,no,auto,2026-07-22,alta,georef/localidades-censales,https://apis.datos.gob.ar/georef/api,verde,
v7_p03,153,Salta,Rivadavia,Cnel. Juan Solá Morillo,,920,,Coronel Juan Solá (Estación Morillo),,-23.4667,-62.8833,propuesto,C5-rename,web_rename,humano_lote,no,pendiente:Jose,2026-07-22,verde (guard: coord en depto esperado),Wikipedia,https://es.wikipedia.org/wiki/Coronel_Juan_Sol%C3%A1,verde,"[guard=verde; punto en Rivadavia] Cabecera de Rivadavia Banda Norte; conocida como Morillo por su estación, depto Rivadavia"
v7_p03,82,Salta,La Viña,Coronel Moldes,,1695,66098030,Coronel Moldes,La Viña,-25.2800779965598,-65.4786364266459,auto_ok,auto_ok,match_exacto_3campos,auto_match,no,auto,2026-07-22,alta,georef/localidades-censales,https://apis.datos.gob.ar/georef/api,verde,
v7_p03,404,Salta,Anta,Coronel Mollinedo,,148,66007040,Coronel Mollinedo,Anta,-24.5399850837113,-64.100951323159,auto_ok,auto_ok,match_exacto_3campos,auto_match,no,auto,2026-07-22,alta,georef/localidades-censales,https://apis.datos.gob.ar/georef/api,verde,
v7_p03,418,La Rioja,General San Martín,Corral de Isaac,,114,46091A02,Alto Corral de Isaac,General San Martín,-31.9400356792032,-66.3929283801864,propuesto,E-bahra-fuzzy,bahra_fuzzy,auto_muestreo,no,auto(pendiente_muestra),2026-07-22,BAJA (fuzzy en capa BAHRA: puede no ser el mismo lugar),georef/asentamientos,https://apis.datos.gob.ar/georef/api,verde,antes era sin_match. candidatos: Alto Corral de Isaac/General San Martín [46091A02]; Bajo Corral de Isaac/General
v7_p03,422,Jujuy,Rinconada,Crossmayo,,107,38049035,Orosmayo,Rinconada,-22.556858770105,-66.3564239894112,propuesto,A (aparcado),bahra_georef,auto_muestreo,no,auto(pendiente_muestra),2026-07-22,media (nombre difiere),georef/,https://apis.datos.gob.ar/georef/api,verde,variante de nombre en el depto correcto
v7_p03,111,Jujuy,Ledesma,Chalicán,,1321,38035050,Chalicán,Ledesma,-24.0701319470485,-64.8068636697633,auto_ok,auto_ok,match_exacto_3campos,auto_match,no,auto,2026-07-22,alta,georef/localidades-censales,https://apis.datos.gob.ar/georef/api,verde,
v7_p03,40,La Rioja,Gobernador Gordillo,Chamical,,3756,46035010,Chamical,Chamical,-30.3653966132418,-66.3165606807448,auto_ok,auto_ok,match_exacto_3campos,auto_match,no,auto,2026-07-22,alta,georef/localidades-censales,https://apis.datos.gob.ar/georef/api,verde,
v7_p03,168,La Rioja,General Belgrano,Chañar,,829,46063020,Chañar,General Belgrano,-30.5429423613449,-65.9567766420863,auto_ok,auto_ok,match_exacto_3campos,auto_match,no,auto,2026-07-22,alta,georef/localidades-censales,https://apis.datos.gob.ar/georef/api,verde,
v7_p03,164,Catamarca,Andalgalá,Chaquiago,,848,10021030,Chaquiago,Andalgalá,-27.5489522882567,-66.332473305587,auto_ok,auto_ok,match_exacto_3campos,auto_match,no,auto,2026-07-22,alta,georef/localidades-censales,https://apis.datos.gob.ar/georef/api,verde,
v7_p03,399,La Rioja,General Roca,Chelcos,,155,46112A05,Chelcos,Rosario Vera Peñaloza,-31.2173140716347,-66.3903464924421,propuesto,A (aparcado),bahra_georef,auto_muestreo,no,auto(pendiente_muestra),2026-07-22,alta,georef/asentamientos,https://apis.datos.gob.ar/georef/api,verde,BAHRA: el nombre no es localidad censal -> fuente correcta (P7)
v7_p03,50,La Rioja,General Roca,Chepes,,2941,46112010,Chepes,Rosario Vera Peñaloza,-31.341272793355,-66.5886071290667,auto_ok,auto_ok,match_exacto_3campos,auto_match,no,auto,2026-07-22,alta,georef/localidades-censales,https://apis.datos.gob.ar/georef/api,verde,
v7_p03,257,Tucumán,Chicligasta,Chicligasta,,498,90091060,Villa Chicligasta,Simoca,-27.4340757256643,-65.1643601246984,propuesto,A (aparcado),bahra_georef,auto_muestreo,no,auto(pendiente_muestra),2026-07-22,media (nombre difiere),georef/,https://apis.datos.gob.ar/georef/api,verde,variante de nombre en el depto correcto
v7_p03,137,Salta,Chicoana,Chicoana,,1093,66042010,Chicoana,Chicoana,-25.1026592343677,-65.5350415962814,auto_ok,auto_ok,match_exacto_3campos,auto_match,no,auto,2026-07-22,alta,georef/localidades-censales,https://apis.datos.gob.ar/georef/api,verde,
v7_p03,18,La Rioja,Chilecito,Chilecito,,9809,46042010,Chilecito,Chilecito,-29.1623029654334,-67.4994411291483,auto_ok,auto_ok,match_exacto_3campos,auto_match,no,auto,2026-07-22,alta,georef/localidades-censales,https://apis.datos.gob.ar/georef/api,verde,
v7_p03,189,Tucumán,Trancas,Choromoro,,716,90112010,Choromoro,Trancas,-26.4112647255384,-65.3199582198102,auto_ok,auto_ok,match_exacto_3campos,auto_match,no,auto,2026-07-22,alta,georef/localidades-censales,https://apis.datos.gob.ar/georef/api,verde,
v7_p03,65,Catamarca,Capayán,Chumbicha,,2188,10042040,Chumbicha,Capayán,-28.8534848169642,-66.2374360436486,auto_ok,auto_ok,match_exacto_3campos,auto_match,no,auto,2026-07-22,alta,georef/localidades-censales,https://apis.datos.gob.ar/georef/api,verde,
v7_p03,335,La Rioja,Castro Barros,Chuquis,,280,46021040,Chuquis,Castro Barros,-28.8908524722224,-66.971713646569,auto_ok,auto_ok,match_exacto_3campos,auto_match,no,auto,2026-07-22,alta,georef/localidades-censales,https://apis.datos.gob.ar/georef/api,verde,
v7_p03,60,Tucumán,Cruz Alta,Delfín Gallo,,2405,90014060,Delfín Gallo,Cruz Alta,-26.8438891245584,-65.0924231677112,auto_ok,auto_ok,match_exacto_3campos,auto_match,no,auto,2026-07-22,alta,georef/localidades-censales,https://apis.datos.gob.ar/georef/api,verde,
v7_p03,240,La Rioja,General Roca,Desiderio Tello,,556,46112020,Desiderio Tello,Rosario Vera Peñaloza,-31.2129580538415,-66.3179683276962,auto_ok,auto_ok,match_exacto_3campos,auto_match,no,auto,2026-07-22,alta,georef/localidades-censales,https://apis.datos.gob.ar/georef/api,verde,
v7_p03,293,Salta,Chicoana,Dr. Facundo Zuviría,,402,,Facundo Zuviría (El Carril),,-25.0709,-65.4935,propuesto,C5-manual_coord,web_manual_coord,humano_lote,no,pendiente:Jose,2026-07-22,verde (guard: coord en depto esperado),OSM Nominatim,"https://nominatim.openstreetmap.org/search?q=Facundo+Zuviria,+Salta,+Argentina",verde,"[guard=verde; punto en Chicoana] Paraje/estación Facundo de Zuviría en El Carril, depto Chicoana (se descarta el homónimo Facundo Zuviría en Gral. San Ma"
v7_p03,116,Tucumán,Río Chico,Donato Alvarez,,1304,90042A02,Donato Álvarez,Juan Bautista Alberdi,-27.5564564852111,-65.6215411169514,propuesto,A (aparcado),bahra_georef,auto_muestreo,no,auto(pendiente_muestra),2026-07-22,alta,georef/asentamientos,https://apis.datos.gob.ar/georef/api,verde,BAHRA: el nombre no es localidad censal -> fuente correcta (P7)
v7_p03,246,Salta,Gral. J. de San Martín,Dragones,,525,66056080,Dragones,General José de San Martín,-23.2498310704719,-63.3366367744226,auto_ok,auto_ok,match_exacto_3campos,auto_match,no,auto,2026-07-22,alta,georef/localidades-censales,https://apis.datos.gob.ar/georef/api,verde,
v7_p03,35,Jujuy,Humahuaca,El Aguilar,,4257,38028020,El Aguilar,Humahuaca,-23.213307361295,-65.6789243343683,auto_ok,auto_ok,match_exacto_3campos,auto_match,no,auto,2026-07-22,alta,georef/localidades-censales,https://apis.datos.gob.ar/georef/api,verde,
v7_p03,102,Salta,General Martín Miguel de Güemes,El Bordo,,1453,66049030,El Bordo,General Güemes,-24.6623592894473,-65.1001113878154,auto_ok,auto_ok,match_exacto_3campos,auto_match,no,auto,2026-07-22,alta,georef/localidades-censales,https://apis.datos.gob.ar/georef/api,verde,
v7_p03,241,Tucumán,Cruz Alta,El Bracho,,544,90014070,El Bracho,Cruz Alta,-26.990946479913,-65.1810489909426,auto_ok,auto_ok,match_exacto_3campos,auto_match,no,auto,2026-07-22,alta,georef/localidades-censales,https://apis.datos.gob.ar/georef/api,verde,
v7_p03,69,Jujuy,El Carmen,El Carmen,,2029,38014040,El Carmen,El Carmen,-24.3888764354752,-65.2613228064276,auto_ok,auto_ok,match_exacto_3campos,auto_match,no,auto,2026-07-22,alta,georef/localidades-censales,https://apis.datos.gob.ar/georef/api,verde,
v7_p03,101,Salta,Chicoana,El Carril,,1455,66042020,El Carril,Chicoana,-25.0791497119209,-65.493348014995,auto_ok,auto_ok,match_exacto_3campos,auto_match,no,auto,2026-07-22,alta,georef/localidades-censales,https://apis.datos.gob.ar/georef/api,verde,
v7_p03,121,Tucumán,Burruyacú,El Chañar,,1229,90007020,El Chañar,Burruyacú,-26.7573697668434,-65.0680125254048,auto_ok,auto_ok,match_exacto_3campos,auto_match,no,auto,2026-07-22,alta,georef/localidades-censales,https://apis.datos.gob.ar/georef/api,verde,
v7_p04,76,Salta,Metán,El Galpón,,1821,66112010,El Galpón,Metán,-25.3806434150571,-64.6516220517937,auto_ok,auto_ok,match_exacto_3campos,auto_match,no,auto,2026-07-22,alta,georef/localidades-censales,https://apis.datos.gob.ar/georef/api,verde,
v7_p04,181,Tucumán,Chicligasta,El Molino,,759,90021053,El Molino,Chicligasta,-27.3368481414913,-65.6972311405454,auto_ok,auto_ok,match_exacto_3campos,auto_match,no,auto,2026-07-22,alta,georef/localidades-censales,https://apis.datos.gob.ar/georef/api,verde,
v7_p04,310,Jujuy,Tumbaya,El Morano,,358,38098020,El Moreno,Tumbaya,-23.8509115379981,-65.8316510262887,propuesto,A (aparcado),bahra_georef,auto_muestreo,no,auto(pendiente_muestra),2026-07-22,media (nombre difiere),georef/,https://apis.datos.gob.ar/georef/api,verde,variante de nombre en el depto correcto
v7_p04,178,Salta,Rosario de la Frontera,El Naranjo,,767,66140030,El Naranjo,Rosario de la Frontera,-25.7222678327486,-65.0137405503644,auto_ok,auto_ok,match_exacto_3campos,auto_match,no,auto,2026-07-22,alta,georef/localidades-censales,https://apis.datos.gob.ar/georef/api,verde,
v7_p04,309,Catamarca,Pomán,El Pajonal,,359,10084040,El Pajonal,Pomán,-28.3718450482693,-66.2952046374586,auto_ok,auto_ok,match_exacto_3campos,auto_match,no,auto,2026-07-22,alta,georef/localidades-censales,https://apis.datos.gob.ar/georef/api,verde,
v7_p04,44,Jujuy,Santa Bárbara,El Piquete,,3414,38070020,El Piquete,Santa Bárbara,-24.1784497838108,-64.6790606156922,auto_ok,auto_ok,match_exacto_3campos,auto_match,no,auto,2026-07-22,alta,georef/localidades-censales,https://apis.datos.gob.ar/georef/api,verde,
v7_p04,294,Catamarca,Valle Viejo,El Portezuelo,,401,10112010,El Portezuelo,Valle Viejo,-28.4677477671536,-65.6433026159551,auto_ok,auto_ok,match_exacto_3campos,auto_match,no,auto,2026-07-22,alta,georef/localidades-censales,https://apis.datos.gob.ar/georef/api,verde,
v7_p04,359,La Rioja,Rivadavia,El Portezuelo,,231,46070030,Portezuelo,General Juan Facundo Quiroga,-30.8377518244981,-66.7023574981748,propuesto,A (aparcado),bahra_georef,auto_muestreo,no,auto(pendiente_muestra),2026-07-22,media (nombre difiere),georef/,https://apis.datos.gob.ar/georef/api,verde,variante de nombre en el depto correcto
v7_p04,288,Salta,Rosario de la Frontera,El Potrero,,415,66140040,El Potrero,Rosario de la Frontera,-26.0474405289942,-64.6502466227726,auto_ok,auto_ok,match_exacto_3campos,auto_match,no,auto,2026-07-22,alta,georef/localidades-censales,https://apis.datos.gob.ar/georef/api,verde,
v7_p04,184,Catamarca,Tinogasta,El Puesto,,723,10105090,El Puesto,Tinogasta,-27.9641323875359,-67.6304002049274,auto_ok,auto_ok,match_exacto_3campos,auto_match,no,auto,2026-07-22,alta,georef/localidades-censales,https://apis.datos.gob.ar/georef/api,verde,
v7_p04,123,Salta,Anta,El Quebrachal,,1212,66007060,El Quebrachal,Anta,-25.3319755815871,-64.017689813285,auto_ok,auto_ok,match_exacto_3campos,auto_match,no,auto,2026-07-22,alta,georef/localidades-censales,https://apis.datos.gob.ar/georef/api,verde,
v7_p04,188,Jujuy,San Pedro,El Quemado,,718,38063060,El Quemado,San Pedro,-24.1058565563838,-64.823062158756,auto_ok,auto_ok,match_exacto_3campos,auto_match,no,auto,2026-07-22,alta,georef/localidades-censales,https://apis.datos.gob.ar/georef/api,verde,
v7_p04,298,Catamarca,Santa María,El Recreo,,391,,"El Recreo (paraje, 25 de Mayo)",,-26.7221,-66.0573,propuesto,C5-manual_coord,web_manual_coord,humano_lote,no,pendiente:Jose,2026-07-22,verde (guard: coord en depto esperado),osm,"https://nominatim.openstreetmap.org/search?q=El+Recreo,+Santa+Maria,+Catamarca,+Argentina",verde,[guard=verde; punto en Santa María] Paraje El Recreo (distrito 25 de Mayo) en depto Santa María (Catamarca). NO es el homónimo Recreo/La Paz de la pista.
v7_p04,204,Catamarca,Ambato,El Rodeo,,648,10007040,El Rodeo,Ambato,-28.2141516424861,-65.8738600634115,auto_ok,auto_ok,match_exacto_3campos,auto_match,no,auto,2026-07-22,alta,georef/localidades-censales,https://apis.datos.gob.ar/georef/api,verde,
v7_p04,408,Catamarca,Ancasti,El Taco,,136,10014A16,El Taco,Ancasti,-28.7026880841233,-65.6003505606408,propuesto,A (aparcado),bahra_georef,auto_muestreo,no,auto(pendiente_muestra),2026-07-22,alta,georef/asentamientos,https://apis.datos.gob.ar/georef/api,verde,BAHRA: el nombre no es localidad censal -> fuente correcta (P7)
v7_p04,386,Tucumán,Chicligasta,El Tobar,,184,,El Tobar,,-27.5333,-65.0667,propuesto,C5-rename,web_rename,humano_lote,no,pendiente:Jose,2026-07-22,verde (guard: coord en depto esperado),osm,https://nominatim.openstreetmap.org/search?q=El%20Tobar%2C%20Tucum%C3%A1n,verde,"[guard=verde; punto en Simoca] El Tobar; OSM lo ubica en depto Simoca (uno de los deptos_modernos), lindante con Chicligasta. Coincide depto."
v7_p04,303,Salta,Metán,El Tunal,,378,66112020,El Tunal,Metán,-25.253160806242,-64.3977454665688,auto_ok,auto_ok,match_exacto_3campos,auto_match,no,auto,2026-07-22,alta,georef/localidades-censales,https://apis.datos.gob.ar/georef/api,verde,
v7_p04,25,Salta,Gral. J. de San Martín,Embarcación,,6371,66056090,Embarcación,General José de San Martín,-23.2102741419214,-64.097310554309,auto_ok,auto_ok,match_exacto_3campos,auto_match,no,auto,2026-07-22,alta,georef/localidades-censales,https://apis.datos.gob.ar/georef/api,verde,
v7_p04,84,Tucumán,Leales,Esquina,,1292,90056018,Esquina,Leales,-27.0266634703944,-65.1970641894723,auto_ok,auto_ok,match_exacto_3campos,auto_match,no,auto,2026-07-22,alta,georef/localidades-censales,https://apis.datos.gob.ar/georef/api,verde,
v7_p04,231,Catamarca,La Paz,Esquiú,,584,10070060,Esquiú,La Paz,-29.3790661944991,-65.2898287859815,auto_ok,auto_ok,match_exacto_3campos,auto_match,no,auto,2026-07-22,alta,georef/localidades-censales,https://apis.datos.gob.ar/georef/api,verde,
v7_p04,183,La Rioja,Arauco,Estación Masán,,726,46007040,Estación Mazán,Arauco,-28.6761561999691,-66.4909777816356,propuesto,A (aparcado),bahra_georef,auto_muestreo,no,auto(pendiente_muestra),2026-07-22,media (nombre difiere),georef/,https://apis.datos.gob.ar/georef/api,verde,variante de nombre en el depto correcto
v7_p04,363,Salta,Orán,Esteban de Urizar,,221,66126A12,Esteban de Urizar,Orán,-23.5730911810782,-64.1127369575766,propuesto,A (aparcado),bahra_georef,auto_muestreo,no,auto(pendiente_muestra),2026-07-22,alta,georef/asentamientos,https://apis.datos.gob.ar/georef/api,verde,BAHRA: el nombre no es localidad censal -> fuente correcta (P7)
v7_p04,27,Tucumán,Famaillá,Famaillá,,6233,90028030,Famaillá,Famaillá,-27.0543416228784,-65.4020524659725,auto_ok,auto_ok,match_exacto_3campos,auto_match,no,auto,2026-07-22,alta,georef/localidades-censales,https://apis.datos.gob.ar/georef/api,verde,
v7_p04,110,La Rioja,Famatina,Famatina,,1330,46049070,Famatina,Famatina,-28.9249866798096,-67.5196447524815,auto_ok,auto_ok,match_exacto_3campos,auto_match,no,auto,2026-07-22,alta,georef/localidades-censales,https://apis.datos.gob.ar/georef/api,verde,
v7_p04,103,Catamarca,Tinogasta,Fiambalá,,1450,10105110,Fiambalá,Tinogasta,-27.690397183898,-67.6197477034953,auto_ok,auto_ok,match_exacto_3campos,auto_match,no,auto,2026-07-22,alta,georef/localidades-censales,https://apis.datos.gob.ar/georef/api,verde,
v7_p04,84,Jujuy,Ledesma,Fraile Pintado,,1676,38035060,Fraile Pintado,Ledesma,-23.9440362382103,-64.803054962934,auto_ok,auto_ok,match_exacto_3campos,auto_match,no,auto,2026-07-22,alta,georef/localidades-censales,https://apis.datos.gob.ar/georef/api,verde,
v7_p04,202,Catamarca,Santa María,Fuerte Quemado,,672,10091080,Fuerte Quemado,Santa María,-26.6212083689507,-66.0499844478734,auto_ok,auto_ok,match_exacto_3campos,auto_match,no,auto,2026-07-22,alta,georef/localidades-censales,https://apis.datos.gob.ar/georef/api,verde,
v7_p04,134,Salta,Anta,Gaona,,1100,66007070,Gaona,Anta,-25.241474155376,-64.0372137653145,auto_ok,auto_ok,match_exacto_3campos,auto_match,no,auto,2026-07-22,alta,georef/localidades-censales,https://apis.datos.gob.ar/georef/api,verde,
v7_p04,96,Tucumán,Chicligasta,Gastona,,1506,90021055,Gastona Norte,Chicligasta,-27.3132861618673,-65.5084471563204,propuesto,D,ambiguo,auto_muestreo,no,auto(pendiente_muestra),2026-07-22,baja,georef,https://apis.datos.gob.ar/georef/api,verde,>1 candidato: Gastona Norte/Chicligasta [90021055]; Gastona Sud/Chicligasta [90021056]
v7_p04,398,Salta,Capital,General Alvarado,,159,,General Alvarado,,-24.8496,-65.4577,propuesto,C5-manual_coord,web_manual_coord,humano_lote,no,pendiente:Jose,2026-07-22,verde (guard: coord en depto esperado),OSM Nominatim,https://nominatim.openstreetmap.org/,verde,"[guard=verde; punto en Capital] Paraje/barrio en el SO de la ciudad de Salta, depto Capital."
v7_p04,171,Salta,Gral. J. de San Martín,General Ballivián,,795,66056100,General Ballivián,General José de San Martín,-22.9325064274675,-63.8587457297363,auto_ok,auto_ok,match_exacto_3campos,auto_match,no,auto,2026-07-22,alta,georef/localidades-censales,https://apis.datos.gob.ar/georef/api,verde,
v7_p04,19,Salta,General Martín Miguel de Güemes,General Martín Miguel de Güemes,,8748,66049040,General Güemes,,-24.6744252131537,-65.0466832189438,propuesto,C1-cabecera,cabecera_documentada,humano_lote,no,pendiente:Jose,2026-07-22,alta,web+georef,https://es.wikipedia.org/wiki/Departamento_General_G%C3%BCemes_(Salta),verde,el censo 1960 listo la cabecera con el nombre del depto. cabecera (mismo nombre que el depto; 'Martin Miguel de' es la forma ceremonial)
v7_p04,201,Salta,Anta,General Pizarro,,673,66007080,General Pizarro,Anta,-24.2275641855757,-63.9885650807573,auto_ok,auto_ok,match_exacto_3campos,auto_match,no,auto,2026-07-22,alta,georef/localidades-censales,https://apis.datos.gob.ar/georef/api,verde,
v7_p04,182,Tucumán,Burruyacú,Gobernador Garmendia,,740,,Gobernador Garmendia,,-26.5689,-64.5561,propuesto,C5-manual_coord,web_manual_coord,humano_lote,no,pendiente:Jose,2026-07-22,verde (guard: coord en depto esperado),wikipedia,https://en.wikipedia.org/wiki/Gobernador_Garmendia,verde,"[guard=verde; punto en Burruyacú] Localidad de depto Burruyacú (Tucumán), sobre RP336."
v7_p04,308,Tucumán,Burruyacú,Gobernador Piedrabuena,,363,90007070,Gobernador Piedrabuena,Burruyacú,-26.7398604939507,-64.6493356391965,auto_ok,auto_ok,match_exacto_3campos,auto_match,no,auto,2026-07-22,alta,georef/localidades-censales,https://apis.datos.gob.ar/georef/api,verde,
v7_p04,279,Catamarca,Pomán,Golpes,,440,10084030,Colpes,Pomán,-28.0590715321667,-66.199040204444,propuesto,A (aparcado),bahra_georef,auto_muestreo,no,auto(pendiente_muestra),2026-07-22,media (nombre difiere),georef/,https://apis.datos.gob.ar/georef/api,verde,variante de nombre en el depto correcto
v7_p04,130,Tucumán,Graneros,Graneros,,1127,90035010,Graneros,Graneros,-27.649462115746,-65.4394394327172,auto_ok,auto_ok,match_exacto_3campos,auto_match,no,auto,2026-07-22,alta,georef/localidades-censales,https://apis.datos.gob.ar/georef/api,verde,
v7_p04,284,Salta,Guachipas,Guachipas,,433,66063010,Guachipas,Guachipas,-25.5225154907913,-65.5102980156683,auto_ok,auto_ok,match_exacto_3campos,auto_match,no,auto,2026-07-22,alta,georef/localidades-censales,https://apis.datos.gob.ar/georef/api,verde,
v7_p04,120,La Rioja,General Lavalle,Guandacol,,1255,46028020,Guandacol,General Felipe Varela,-29.5252109448349,-68.5627829993576,auto_ok,auto_ok,match_exacto_3campos,auto_match,no,auto,2026-07-22,alta,georef/localidades-censales,https://apis.datos.gob.ar/georef/api,verde,
v7_p05,296,Salta,Gral. J. de San Martín,Hickman,,397,66056120,Hickman,General José de San Martín,-23.2123520842011,-63.5688392204548,auto_ok,auto_ok,match_exacto_3campos,auto_match,no,auto,2026-07-22,alta,georef/localidades-censales,https://apis.datos.gob.ar/georef/api,verde,
v7_p05,206,Jujuy,Tilcara,Huacalera,,641,38094020,Huacalera,Tilcara,-23.4390480706822,-65.3500234884475,auto_ok,auto_ok,match_exacto_3campos,auto_match,no,auto,2026-07-22,alta,georef/localidades-censales,https://apis.datos.gob.ar/georef/api,verde,
v7_p05,152,Catamarca,Andalgalá,Huaco,,929,,Huaco,,-27.6088,-66.3330,propuesto,C5-manual_coord,web_manual_coord,humano_lote,no,pendiente:Jose,2026-07-22,verde (guard: coord en depto esperado),Wikipedia,https://es.wikipedia.org/wiki/Huaco_(Catamarca),verde,"[guard=verde; punto en Andalgalá] Localidad ~5 km al sur de Andalgalá; sede de la ex Estación Huaco (FC Belgrano), depto Andalgalá."
v7_p05,225,Catamarca,Belén,Hualfín,,595,10035070,Hualfín,Belén,-27.2251089488391,-66.8257494663378,auto_ok,auto_ok,match_exacto_3campos,auto_match,no,auto,2026-07-22,alta,georef/localidades-censales,https://apis.datos.gob.ar/georef/api,verde,
v7_p05,402,Tucumán,Graneros,Huasa Pampa Sud,,149,,Huasa Pampa Sur,,-27.8811,-65.5825,propuesto,C5-manual_coord,web_manual_coord,humano_lote,no,pendiente:Jose,2026-07-22,verde (guard: coord en depto esperado),Mindat,https://www.mindat.org/feature-3854069.html,verde,"[guard=verde; punto en La Cocha] Localidad del depto La Cocha, Tucumán (limítrofe con Graneros)"
v7_p05,157,Catamarca,Capayán,Huillapima,,902,10042100,Huillapima,Capayán,-28.7257822138396,-65.9788924467878,auto_ok,auto_ok,match_exacto_3campos,auto_match,no,auto,2026-07-22,alta,georef/localidades-censales,https://apis.datos.gob.ar/georef/api,verde,
v7_p05,57,Jujuy,Humahuaca,Humahuaca,,2530,38028040,Humahuaca,Humahuaca,-23.2058721357612,-65.3477193431866,auto_ok,auto_ok,match_exacto_3campos,auto_match,no,auto,2026-07-22,alta,georef/localidades-censales,https://apis.datos.gob.ar/georef/api,verde,
v7_p05,343,Salta,Rosario de la Frontera,Horcones,,267,66140A12,Horcones,Rosario de la Frontera,-25.72072478017,-64.9043214646215,propuesto,A (aparcado),bahra_georef,auto_muestreo,no,auto(pendiente_muestra),2026-07-22,alta,georef/asentamientos,https://apis.datos.gob.ar/georef/api,verde,BAHRA: el nombre no es localidad censal -> fuente correcta (P7)
v7_p05,131,Catamarca,La Paz,Icaño,,1114,10070070,Icaño,La Paz,-28.9192754006731,-65.3303209607385,auto_ok,auto_ok,match_exacto_3campos,auto_match,no,auto,2026-07-22,alta,georef/localidades-censales,https://apis.datos.gob.ar/georef/api,verde,
v7_p05,30,Jujuy,San Pedro,Ingenio La Esperanza,,5076,38063070,La Esperanza,,-24.2246609288053,-64.8380090421522,propuesto,C-generador,generador_transformacion,auto_muestreo,no,auto(pendiente_muestra),2026-07-22,alta (match exacto en depto del conjunto),georef/localidades-censales,https://apis.datos.gob.ar/georef/api,verde,candidato probado: 'La Esperanza' [prefijo: se quita 'Ingenio']
v7_p05,106,Tucumán,Famaillá,Ingenio Lules,,1427,90063050,Lules,,-26.9221963785829,-65.3378074619515,propuesto,C-generador,generador_transformacion,auto_muestreo,no,auto(pendiente_muestra),2026-07-22,alta (match exacto en depto del conjunto),georef/localidades-censales,https://apis.datos.gob.ar/georef/api,verde,candidato probado: 'Lules' [prefijo: se quita 'Ingenio']
v7_p05,14,Tucumán,Río Chico,Ingenio Santa Ana,,11771,90077040,Santa Ana,,-27.4743563775771,-65.6816597572553,propuesto,C-generador,generador_transformacion,auto_muestreo,no,auto(pendiente_muestra),2026-07-22,alta (match exacto en depto del conjunto),georef/localidades-censales,https://apis.datos.gob.ar/georef/api,verde,candidato probado: 'Santa Ana' [prefijo: se quita 'Ingenio']
v7_p05,410,Catamarca,Ancasti,Ipisca,,131,10014A18,Ipizca,Ancasti,-28.8375102779945,-65.5587984400878,propuesto,E-bahra-fuzzy,bahra_fuzzy,auto_muestreo,no,auto(pendiente_muestra),2026-07-22,BAJA (fuzzy en capa BAHRA: puede no ser el mismo lugar),georef/asentamientos,https://apis.datos.gob.ar/georef/api,verde,antes era sin_match. candidatos: Ipizca/Ancasti [10014A18]; Rincón de Ipizca/Ancasti [10014A27]
v7_p05,429,Salta,Iruya,Iruya,,85,66070010,Iruya,Iruya,-22.7927425002829,-65.2190841035615,auto_ok,auto_ok,match_exacto_3campos,auto_match,no,auto,2026-07-22,alta,georef/localidades-censales,https://apis.datos.gob.ar/georef/api,verde,
v7_p05,321,Jujuy,Humahuaca,Iturbe,,326,,Iturbe,,-22.9789,-65.3536,propuesto,C5-manual_coord,web_manual_coord,humano_lote,no,pendiente:Jose,2026-07-22,verde (guard: coord en depto esperado),wikipedia,https://es.wikipedia.org/wiki/Iturbe_(Argentina),verde,"[guard=verde; punto en Humahuaca] Localidad/estación ferroviaria en depto Humahuaca (Jujuy). Coord 22°58'44\\""S 65°21'13\""\""W."""
v7_p05,227,La Rioja,General Sarmiento,Jagüé,,594,46098010,Jagüé,Vinchina,-28.6593545629769,-68.3932296263413,auto_ok,auto_ok,match_exacto_3campos,auto_match,no,auto,2026-07-22,alta,georef/localidades-censales,https://apis.datos.gob.ar/georef/api,verde,
v7_p05,306,Salta,Orán,Jerónimo Matorras,,369,66126A13,Jerónimo Matorras,Orán,-23.6982111415131,-64.0740694657122,propuesto,A (aparcado),bahra_georef,auto_muestreo,no,auto(pendiente_muestra),2026-07-22,alta,georef/asentamientos,https://apis.datos.gob.ar/georef/api,verde,BAHRA: el nombre no es localidad censal -> fuente correcta (P7)
v7_p05,45,Salta,Anta,Joaquín V. González,,3274,66007090,Joaquín V. Gonzalez,Anta,-25.1174153857729,-64.1247840766009,auto_ok,auto_ok,match_exacto_3campos,auto_match,no,auto,2026-07-22,alta,georef/localidades-censales,https://apis.datos.gob.ar/georef/api,verde,
v7_p05,228,Salta,La Caldera,La Caldera,,589,66077010,La Caldera,La Caldera,-24.6026746037364,-65.380655028734,auto_ok,auto_ok,match_exacto_3campos,auto_match,no,auto,2026-07-22,alta,georef/localidades-censales,https://apis.datos.gob.ar/georef/api,verde,
v7_p05,260,Salta,Candelaria,La Candelaria,,485,66084030,La Candelaria,La Candelaria,-26.1272998626541,-65.0512880545297,auto_ok,auto_ok,match_exacto_3campos,auto_match,no,auto,2026-07-22,alta,georef/localidades-censales,https://apis.datos.gob.ar/georef/api,verde,
v7_p05,194,Catamarca,Fray Mamerto Esquiú,La Carrera,,696,1006304002,La Carrera,Fray Mamerto Esquiú,-28.3568429260322,-65.7073114373778,propuesto,A (aparcado),bahra_georef,auto_muestreo,no,auto(pendiente_muestra),2026-07-22,alta,georef/localidades,https://apis.datos.gob.ar/georef/api,verde,BAHRA: el nombre no es localidad censal -> BAHRA es la fuente correcta (P7). id de capa 'localidades' NO es id censal INDEC valido
v7_p05,259,Catamarca,Belén,La Ciénaga,,491,10035085,La Ciénaga,Belén,-27.4884967392703,-66.977309600722,auto_ok,auto_ok,match_exacto_3campos,auto_match,no,auto,2026-07-22,alta,georef/localidades-censales,https://apis.datos.gob.ar/georef/api,verde,
v7_p05,79,Tucumán,Graneros,La Cocha,,1709,90049010,La Cocha,La Cocha,-27.7701711763944,-65.588352938187,auto_ok,auto_ok,match_exacto_3campos,auto_match,no,auto,2026-07-22,alta,georef/localidades-censales,https://apis.datos.gob.ar/georef/api,verde,
v7_p05,360,Catamarca,La Paz,La Dorada,,229,10070080,La Dorada,La Paz,-29.242675656388,-65.481025509459,auto_ok,auto_ok,match_exacto_3campos,auto_match,no,auto,2026-07-22,alta,georef/localidades-censales,https://apis.datos.gob.ar/georef/api,verde,
v7_p05,77,Tucumán,Leales,La Encantada,,1793,90056A34,La Encantada,Leales,-27.0841444714827,-65.2348129613957,propuesto,A (aparcado),bahra_georef,auto_muestreo,no,auto(pendiente_muestra),2026-07-22,alta,georef/asentamientos,https://apis.datos.gob.ar/georef/api,verde,BAHRA: el nombre no es localidad censal -> fuente correcta (P7)
v7_p05,287,Catamarca,Fray Mamerto Esquiú,La Falda,,417,1006304003,La Falda de San Antonio,Fray Mamerto Esquiú,-28.4249926112323,-65.6967351961,propuesto,E-bahra-fuzzy,bahra_fuzzy,auto_muestreo,no,auto(pendiente_muestra),2026-07-22,BAJA (fuzzy en capa BAHRA: puede no ser el mismo lugar),georef/localidades,https://apis.datos.gob.ar/georef/api,verde,antes era sin_match. candidatos: La Falda de San Antonio/Fray Mamerto Esquiú [1006304003]
v7_p05,119,Tucumán,Famaillá,La Fronterita,,1283,90028040,Ingenio Fronterita,Famaillá,-27.0354707281153,-65.455616412105,propuesto,A (aparcado),bahra_georef,auto_muestreo,no,auto(pendiente_muestra),2026-07-22,media (nombre difiere),georef/,https://apis.datos.gob.ar/georef/api,verde,variante de nombre en el depto correcto
v7_p05,289,Catamarca,La Paz,La Guardia,,414,10070090,La Guardia,La Paz,-29.5561339073476,-65.453619266804,auto_ok,auto_ok,match_exacto_3campos,auto_match,no,auto,2026-07-22,alta,georef/localidades-censales,https://apis.datos.gob.ar/georef/api,verde,
v7_p05,352,La Rioja,General Roca,La Jarilla,,249,46112A15,La Jarilla,Rosario Vera Peñaloza,-31.4845695628847,-66.393949360875,propuesto,A (aparcado),bahra_georef,auto_muestreo,no,auto(pendiente_muestra),2026-07-22,alta,georef/asentamientos,https://apis.datos.gob.ar/georef/api,verde,BAHRA: el nombre no es localidad censal -> fuente correcta (P7)
v7_p05,67,Tucumán,Graneros,La Madrid,,2116,,La Madrid (Lamadrid),,-27.6833,-65.2000,propuesto,C5-manual_coord,web_manual_coord,humano_lote,no,pendiente:Jose,2026-07-22,verde (guard: coord en depto esperado),wikipedia,https://es.wikipedia.org/wiki/La_Madrid_(Tucum%C3%A1n),verde,"[guard=verde; punto en Graneros] Depto Graneros, Tucumán; también escrito Lamadrid. Coord 27°41'S 65°12'W."
v7_p05,326,Catamarca,Ancasti,La Majada,,315,10014040,La Majada,Ancasti,-29.0325413290139,-65.5447826327556,auto_ok,auto_ok,match_exacto_3campos,auto_match,no,auto,2026-07-22,alta,georef/localidades-censales,https://apis.datos.gob.ar/georef/api,verde,
v7_p05,49,Jujuy,San Pedro,La Mendieta,,2991,38063090,La Mendieta,San Pedro,-24.3143385307266,-64.9666343437097,auto_ok,auto_ok,match_exacto_3campos,auto_match,no,auto,2026-07-22,alta,georef/localidades-censales,https://apis.datos.gob.ar/georef/api,verde,
v7_p05,159,Catamarca,Paclín,La Merced,,895,10077050,La Merced,Paclín,-28.1546371076953,-65.6594951558473,auto_ok,auto_ok,match_exacto_3campos,auto_match,no,auto,2026-07-22,alta,georef/localidades-censales,https://apis.datos.gob.ar/georef/api,verde,
v7_p05,73,Salta,Cerrillos,La Merced,,1908,66035020,La Merced,Cerrillos,-24.9669077775814,-65.4890588515795,auto_ok,auto_ok,match_exacto_3campos,auto_match,no,auto,2026-07-22,alta,georef/localidades-censales,https://apis.datos.gob.ar/georef/api,verde,
v7_p05,411,Salta,La Poma,La Poma,,129,66091020,La Poma,La Poma,-24.7225647204397,-66.2005652679813,auto_ok,auto_ok,match_exacto_3campos,auto_match,no,auto,2026-07-22,alta,georef/localidades-censales,https://apis.datos.gob.ar/georef/api,verde,
v7_p05,354,Tucumán,Graneros,La Posta,,245,90049A18,La Posta,La Cocha,-27.8261690309111,-65.5819404263641,propuesto,A (aparcado),bahra_georef,auto_muestreo,no,auto(pendiente_muestra),2026-07-22,alta,georef/asentamientos,https://apis.datos.gob.ar/georef/api,verde,BAHRA: el nombre no es localidad censal -> fuente correcta (P7)
v7_p05,278,Catamarca,Ambato,La Puerta,,444,10007060,La Puerta,Ambato,-28.1626587737167,-65.7925474524669,auto_ok,auto_ok,match_exacto_3campos,auto_match,no,auto,2026-07-22,alta,georef/localidades-censales,https://apis.datos.gob.ar/georef/api,verde,
v7_p05,396,Catamarca,Belén,La Puerta de San José,,161,10035140,Puerta de San José,Belén,-27.5470355905703,-67.0187087467868,propuesto,A (aparcado),bahra_georef,auto_muestreo,no,auto(pendiente_muestra),2026-07-22,media (nombre difiere),georef/,https://apis.datos.gob.ar/georef/api,verde,variante de nombre en el depto correcto
v7_p05,26,Jujuy,Yaví,La Quiaca,,6290,38112050,La Quiaca,Yavi,-22.1044616409392,-65.5963795315246,auto_ok,auto_ok,match_exacto_3campos,auto_match,no,auto,2026-07-22,alta,georef/localidades-censales,https://apis.datos.gob.ar/georef/api,verde,
v7_p05,88,Tucumán,Burruyacú,La Ramada,,1609,90007050,La Ramada,Burruyacú,-26.6866252442062,-64.9481650969981,auto_ok,auto_ok,match_exacto_3campos,auto_match,no,auto,2026-07-22,alta,georef/localidades-censales,https://apis.datos.gob.ar/georef/api,verde,
v7_p06,191,Tucumán,Famaillá,La Reducción,,710,90063040,La Reducción,Lules,-26.9601338991114,-65.3514727517897,auto_ok,auto_ok,match_exacto_3campos,auto_match,no,auto,2026-07-22,alta,georef/localidades-censales,https://apis.datos.gob.ar/georef/api,verde,
v7_p06,5,La Rioja,Capital,La Rioja,,35431,46014010,La Rioja,Capital,-29.4127883450019,-66.8558712964321,auto_ok,auto_ok,match_exacto_3campos,auto_match,no,auto,2026-07-22,alta,georef/localidades-censales,https://apis.datos.gob.ar/georef/api,verde,
v7_p06,397,Catamarca,Santa Rosa,Las Cañas,,160,10098030,Las Cañas,Santa Rosa,-28.2047979078123,-65.2142623784416,auto_ok,auto_ok,match_exacto_3campos,auto_match,no,auto,2026-07-22,alta,georef/localidades-censales,https://apis.datos.gob.ar/georef/api,verde,
v7_p06,87,Tucumán,Cruz Alta,Las Cejas,,1613,90014090,Las Cejas,Cruz Alta,-26.8884300100023,-64.7411390505326,auto_ok,auto_ok,match_exacto_3campos,auto_match,no,auto,2026-07-22,alta,georef/localidades-censales,https://apis.datos.gob.ar/georef/api,verde,
v7_p06,316,Salta,Rosario de Lerma,La Silleta,,345,66147020,La Silleta,Rosario de Lerma,-24.8749748187126,-65.5905007072727,auto_ok,auto_ok,match_exacto_3campos,auto_match,no,auto,2026-07-22,alta,georef/localidades-censales,https://apis.datos.gob.ar/georef/api,verde,
v7_p06,173,Salta,Anta,Las Lajitas,,783,66007100,Las Lajitas,Anta,-24.7274240813892,-64.1954801594607,auto_ok,auto_ok,match_exacto_3campos,auto_match,no,auto,2026-07-22,alta,georef/localidades-censales,https://apis.datos.gob.ar/georef/api,verde,
v7_p06,100,Catamarca,Fray Mamerto Esquiú,Las Pirquitas,,1470,10063050,Villa Las Pirquitas,Fray Mamerto Esquiú,-28.2802797854743,-65.7317839843282,propuesto,A (aparcado),bahra_georef,auto_muestreo,no,auto(pendiente_muestra),2026-07-22,media (nombre difiere),georef/,https://apis.datos.gob.ar/georef/api,verde,variante de nombre en el depto correcto
v7_p06,39,Tucumán,Cruz Alta,Lastenia,,3851,9001402003,Lastenia,Cruz Alta,-26.8597004363626,-65.1588895516206,propuesto,A (aparcado),bahra_georef,auto_muestreo,no,auto(pendiente_muestra),2026-07-22,alta,georef/localidades,https://apis.datos.gob.ar/georef/api,verde,BAHRA: el nombre no es localidad censal -> BAHRA es la fuente correcta (P7). id de capa 'localidades' NO es id censal INDEC valido
v7_p06,37,Tucumán,Chicligasta,La Trinidad,,4199,90021070,La Trinidad,Chicligasta,-27.4135905511037,-65.5211026480444,auto_ok,auto_ok,match_exacto_3campos,auto_match,no,auto,2026-07-22,alta,georef/localidades-censales,https://apis.datos.gob.ar/georef/api,verde,
v7_p06,394,Salta,Rivadavia,La Unión,,163,66133040,La Unión,Rivadavia,-23.8967675840677,-63.1969911495228,auto_ok,auto_ok,match_exacto_3campos,auto_match,no,auto,2026-07-22,alta,georef/localidades-censales,https://apis.datos.gob.ar/georef/api,verde,
v7_p06,235,Salta,La Viña,La Viña,,570,66098040,La Viña,La Viña,-25.4680595420757,-65.565632694381,auto_ok,auto_ok,match_exacto_3campos,auto_match,no,auto,2026-07-22,alta,georef/localidades-censales,https://apis.datos.gob.ar/georef/api,verde,
v7_p06,127,Tucumán,Leales,Leales,,1168,90056070,Santa Rosa de Leales,Leales,-27.1378169980594,-65.2608293281297,propuesto,D,ambiguo,auto_muestreo,no,auto(pendiente_muestra),2026-07-22,baja,georef,https://apis.datos.gob.ar/georef/api,verde,>1 candidato: Santa Rosa de Leales/Leales [90056070]; Villa Fiad - Ingenio Leales/Leales [90056080]; Villa de Leales/Leales [90056090]
v7_p06,234,Tucumán,Trancas,Leocadio Paz,,573,90112A24,Leocadio Paz,Trancas,-26.1522345520135,-65.307326480371,propuesto,A (aparcado),bahra_georef,auto_muestreo,no,auto(pendiente_muestra),2026-07-22,alta,georef/asentamientos,https://apis.datos.gob.ar/georef/api,verde,BAHRA: el nombre no es localidad censal -> fuente correcta (P7)
v7_p06,261,Jujuy,Capital,León,,483,38021030,León,Dr. Manuel Belgrano,-24.0357163844583,-65.4321791931412,auto_ok,auto_ok,match_exacto_3campos,auto_match,no,auto,2026-07-22,alta,georef/localidades-censales,https://apis.datos.gob.ar/georef/api,verde,
v7_p06,47,Tucumán,Monteros,León Rouges,,3196,,León Rougés,,-27.2158,-65.5333,propuesto,C5-rename,web_rename,humano_lote,no,pendiente:Jose,2026-07-22,verde (guard: coord en depto esperado),gazetteer,https://www.mindat.org/feature-3846949.html,verde,"[guard=verde; punto en Monteros] Localidad de León Rougés, depto Monteros, Tucuman. Coincide depto."
v7_p06,31,Jujuy,Ledesma,Lib. Gral. San Martín,,5051,38035080,Libertador General San Martín,,-23.8147964129635,-64.7931158335435,propuesto,C-generador,generador_transformacion,auto_muestreo,no,auto(pendiente_muestra),2026-07-22,alta (match exacto en depto del conjunto),georef/localidades-censales,https://apis.datos.gob.ar/georef/api,verde,"candidato probado: 'Libertador General San Martín' [abreviatura: Lib.->Libertador, Gral.->General]"
v7_p06,62,Catamarca,Belén,Londres,,2236,10035110,Londres,Belén,-27.7134561207369,-67.1341623957122,auto_ok,auto_ok,match_exacto_3campos,auto_match,no,auto,2026-07-22,alta,georef/localidades-censales,https://apis.datos.gob.ar/georef/api,verde,
v7_p06,176,Catamarca,Santa María,Loro Huasi,,772,10091120,Loro Huasi,Santa María,-26.7487420997088,-66.0553960834313,propuesto,A (aparcado),bahra_georef,auto_muestreo,no,auto(pendiente_muestra),2026-07-22,alta,georef/asentamientos,https://apis.datos.gob.ar/georef/api,verde,BAHRA: el nombre no es localidad censal -> fuente correcta (P7)
v7_p06,353,La Rioja,General Ocampo,Los Aguirres,,246,46084A18,Los Aguirre,General Ortiz de Ocampo,-30.8049599045582,-66.0908672540187,propuesto,E-bahra-fuzzy,bahra_fuzzy,auto_muestreo,no,auto(pendiente_muestra),2026-07-22,BAJA (fuzzy en capa BAHRA: puede no ser el mismo lugar),georef/asentamientos,https://apis.datos.gob.ar/georef/api,verde,antes era sin_match. candidatos: Los Aguirre/General Ortiz de Ocampo [46084A18]
v7_p06,285,Catamarca,Santa Rosa,Los Altos,,422,10098050,Los Altos,Santa Rosa,-28.0488590493489,-65.4973640431533,auto_ok,auto_ok,match_exacto_3campos,auto_match,no,auto,2026-07-22,alta,georef/localidades-censales,https://apis.datos.gob.ar/georef/api,verde,
v7_p06,299,Catamarca,Capayán,Los Angeles,,387,10042110,Los Angeles,Capayán,-28.5221476801225,-65.9556625928682,auto_ok,auto_ok,match_exacto_3campos,auto_match,no,auto,2026-07-22,alta,georef/localidades-censales,https://apis.datos.gob.ar/georef/api,verde,
v7_p06,409,Salta,Rosario de la Frontera,Los Baños,,134,66140045,Los Baños,Rosario de la Frontera,-25.8363455479522,-64.9147999358055,auto_ok,auto_ok,match_exacto_3campos,auto_match,no,auto,2026-07-22,alta,georef/localidades-censales,https://apis.datos.gob.ar/georef/api,verde,
v7_p06,251,Salta,Rivadavia,Los Blancos,,520,66133050,Los Blancos,Rivadavia,-23.6093129710289,-62.5948428275414,auto_ok,auto_ok,match_exacto_3campos,auto_match,no,auto,2026-07-22,alta,georef/localidades-censales,https://apis.datos.gob.ar/georef/api,verde,
v7_p06,384,Catamarca,Ambato,Los Castillos,,187,10007090,Los Castillos,Ambato,-27.9582295650792,-65.820685723313,auto_ok,auto_ok,match_exacto_3campos,auto_match,no,auto,2026-07-22,alta,georef/localidades-censales,https://apis.datos.gob.ar/georef/api,verde,
v7_p06,249,Tucumán,Leales,Los Gómez,,523,90056027,Los Gómez,Leales,-27.3237211450763,-65.2095831685787,auto_ok,auto_ok,match_exacto_3campos,auto_match,no,auto,2026-07-22,alta,georef/localidades-censales,https://apis.datos.gob.ar/georef/api,verde,
v7_p06,161,Jujuy,El Carmen,Los Lapachos,,874,38014050,Los Lapachos,El Carmen,-24.477100348494,-65.0768806639919,auto_ok,auto_ok,match_exacto_3campos,auto_match,no,auto,2026-07-22,alta,georef/localidades-censales,https://apis.datos.gob.ar/georef/api,verde,
v7_p06,190,La Rioja,General Lavalle,Los Palacios,,712,46028030,Los Palacios,General Felipe Varela,-29.3689090746524,-68.2360737736367,auto_ok,auto_ok,match_exacto_3campos,auto_match,no,auto,2026-07-22,alta,georef/localidades-censales,https://apis.datos.gob.ar/georef/api,verde,
v7_p06,328,Tucumán,Leales,Los Puestos,,312,90056030,Los Puestos,Leales,-27.2808998221653,-65.0190299575107,auto_ok,auto_ok,match_exacto_3campos,auto_match,no,auto,2026-07-22,alta,georef/localidades-censales,https://apis.datos.gob.ar/georef/api,verde,
v7_p06,72,Tucumán,Cruz Alta,Los Ralos,,1909,90014100,Los Ralos,Cruz Alta,-26.8884699317095,-65.000966255747,auto_ok,auto_ok,match_exacto_3campos,auto_match,no,auto,2026-07-22,alta,georef/localidades-censales,https://apis.datos.gob.ar/georef/api,verde,
v7_p06,51,Tucumán,Río Chico,Los Sarmientos,,2874,90077020,Los Sarmientos,Río Chico,-27.413720870217,-65.695439891394,auto_ok,auto_ok,match_exacto_3campos,auto_match,no,auto,2026-07-22,alta,georef/localidades-censales,https://apis.datos.gob.ar/georef/api,verde,
v7_p06,392,Catamarca,Ambato,Los Varela,,173,10007110,Los Varela,Ambato,-27.9315072697354,-65.8718930206442,auto_ok,auto_ok,match_exacto_3campos,auto_match,no,auto,2026-07-22,alta,georef/localidades-censales,https://apis.datos.gob.ar/georef/api,verde,
v7_p06,186,Salta,Anta,Luis Burela,,720,66007110,Luis Burela,Anta,-24.3868530086445,-63.9884001830516,auto_ok,auto_ok,match_exacto_3campos,auto_match,no,auto,2026-07-22,alta,georef/localidades-censales,https://apis.datos.gob.ar/georef/api,verde,
v7_p06,406,Tucumán,Cruz Alta,Luisiana,,146,,Luisiana (La Florida y Luisiana),,-26.8000,-65.0833,propuesto,C5-manual_coord,web_manual_coord,humano_lote,no,pendiente:Jose,2026-07-22,verde (guard: coord en depto esperado),dices.net / db-city,https://www.dices.net/mapas/argentina/mapa.php?nombre=Luisiana&id=2928,verde,"[guard=verde; punto en Cruz Alta] Comunidad rural del depto Cruz Alta, al este de Alderetes (Gran Tucumán)"
v7_p06,32,Tucumán,Famaillá,Lules,,4828,90063050,Lules,Lules,-26.9221963785829,-65.3378074619515,auto_ok,auto_ok,match_exacto_3campos,auto_match,no,auto,2026-07-22,alta,georef/localidades-censales,https://apis.datos.gob.ar/georef/api,verde,
v7_p06,221,Salta,Metán,Lumbreras,,600,66112030,Lumbreras,Metán,-25.2101836622525,-64.9250503730973,auto_ok,auto_ok,match_exacto_3campos,auto_match,no,auto,2026-07-22,alta,georef/localidades-censales,https://apis.datos.gob.ar/georef/api,verde,
v7_p06,267,Salta,Anta,Macapillo,,472,66007120,Macapillo,Anta,-25.4036869488419,-63.9806802681599,auto_ok,auto_ok,match_exacto_3campos,auto_match,no,auto,2026-07-22,alta,georef/localidades-censales,https://apis.datos.gob.ar/georef/api,verde,
v7_p06,208,Tucumán,Burruyacú,Maconitas,,632,90007060,Macomitas,Burruyacú,-26.7298086664523,-65.0103912722356,propuesto,A (aparcado),bahra_georef,auto_muestreo,no,auto(pendiente_muestra),2026-07-22,media (nombre difiere),georef/,https://apis.datos.gob.ar/georef/api,verde,variante de nombre en el depto correcto
v7_p06,217,La Rioja,Arauco,Machigasta,,609,4600701002,Machigasta,Arauco,-28.5435379588255,-66.7911093070646,propuesto,A (aparcado),bahra_georef,auto_muestreo,no,auto(pendiente_muestra),2026-07-22,alta,georef/localidades,https://apis.datos.gob.ar/georef/api,verde,BAHRA: el nombre no es localidad censal -> BAHRA es la fuente correcta (P7). id de capa 'localidades' NO es id censal INDEC valido
v7_p06,115,Jujuy,Tilcara,Maimará,,1308,38094040,Maimará,Tilcara,-23.6245369481464,-65.4088172324649,auto_ok,auto_ok,match_exacto_3campos,auto_match,no,auto,2026-07-22,alta,georef/localidades-censales,https://apis.datos.gob.ar/georef/api,verde,
v7_p06,349,La Rioja,Rivadavia,Malanzán,,253,46070010,Malanzán,General Juan Facundo Quiroga,-30.8046201469024,-66.6042792213775,auto_ok,auto_ok,match_exacto_3campos,auto_match,no,auto,2026-07-22,alta,georef/localidades-censales,https://apis.datos.gob.ar/georef/api,verde,
v7_p07,165,La Rioja,Chilecito,Malligasta,,847,46042070,Malligasta,Chilecito,-29.1764781301396,-67.4349808967161,auto_ok,auto_ok,match_exacto_3campos,auto_match,no,auto,2026-07-22,alta,georef/localidades-censales,https://apis.datos.gob.ar/georef/api,verde,
v7_p07,155,Tucumán,Tafí,Manantial,,911,90063020,El Manantial,Lules,-26.848053,-65.281861,confirmado_3.3b,3.3b:transferencia_confirmada,transferencia_confirmada,documentado_3.3b,no,auto:3.3b(web+doc+guard),2026-07-22,alta,auto + Georef + Wikipedia/todo-argentina,https://es.wikipedia.org/wiki/Anexo:Departamentos_de_la_provincia_de_Tucum%C3%A1n,rojo,transferencia DOCUMENTADA: Ley provincial 4518 (1976) | ley: Ley provincial 4518 (1976)
v7_p07,421,Salta,Orán,Manuel Elordi,,108,66126A20,Manuel Elordi,Orán,-23.2813470912067,-64.1593625644499,propuesto,A (aparcado),bahra_georef,auto_muestreo,no,auto(pendiente_muestra),2026-07-22,alta,georef/asentamientos,https://apis.datos.gob.ar/georef/api,verde,BAHRA: el nombre no es localidad censal -> fuente correcta (P7)
v7_p07,199,Tucumán,Famaillá,Manuel García Fernández,,681,90056040,Manuel García Fernández,Leales,-26.95570,-65.27207,confirmado_3.3b,3.3b:transferencia_limite_declarado,transferencia_limite_declarado,humano_individual,no,humano:Jose(3.3b),2026-07-22,media,humano (Jose) + Georef + Wikipedia,https://es.wikipedia.org/wiki/Manuel_Garc%C3%ADa_Fern%C3%A1ndez,rojo,"Jose ratifico bloque limite declarado (README 3.1b: reasignacion entre deptos preexistentes, sin ley citable; identidad solida)"
v7_p07,213,Tucumán,Burruyacú,Mariño,,619,90007A61,Mariño,Burruyacú,-26.7369060436789,-65.0335538519045,propuesto,A (aparcado),bahra_georef,auto_muestreo,no,auto(pendiente_muestra),2026-07-22,alta,georef/asentamientos,https://apis.datos.gob.ar/georef/api,verde,BAHRA: el nombre no es localidad censal -> fuente correcta (P7)
v7_p07,415,Salta,Orán,Martínez del Tineo,,116,66126A21,Martínez del Tineo,Orán,-23.9094997770869,-64.0617098832718,propuesto,A (aparcado),bahra_georef,auto_muestreo,no,auto(pendiente_muestra),2026-07-22,alta,georef/asentamientos,https://apis.datos.gob.ar/georef/api,verde,BAHRA: el nombre no es localidad censal -> fuente correcta (P7)
v7_p07,342,La Rioja,General Roca,Maucasén,,268,46112A17,Mascasín,Rosario Vera Peñaloza,-31.3918416402481,-66.9788718193805,propuesto,E-bahra-fuzzy,bahra_fuzzy,auto_muestreo,no,auto(pendiente_muestra),2026-07-22,BAJA (fuzzy en capa BAHRA: puede no ser el mismo lugar),georef/asentamientos,https://apis.datos.gob.ar/georef/api,verde,antes era sin_match. candidatos: Mascasín/Rosario Vera Peñaloza [46112A17]
v7_p07,132,Tucumán,Chicligasta,Medinas,,1110,90021080,Medina,Chicligasta,-27.4220814621762,-65.5329319729898,propuesto,A (aparcado),bahra_georef,auto_muestreo,no,auto(pendiente_muestra),2026-07-22,media (nombre difiere),georef/,https://apis.datos.gob.ar/georef/api,verde,variante de nombre en el depto correcto
v7_p07,12,Salta,Metán,Metán,,12849,66112040,San José de Metán,Metán,-25.4970768115473,-64.9710647020115,propuesto,A (aparcado),bahra_georef,auto_muestreo,no,auto(pendiente_muestra),2026-07-22,media (nombre difiere),georef/,https://apis.datos.gob.ar/georef/api,verde,variante de nombre en el depto correcto
v7_p07,192,Salta,Metán,Metán Viejo,,710,66112050,Metán Viejo,Metán,-25.5377948544552,-64.9801620981971,propuesto,A (aparcado),bahra_georef,auto_muestreo,no,auto(pendiente_muestra),2026-07-22,alta,georef/asentamientos,https://apis.datos.gob.ar/georef/api,verde,BAHRA: el nombre no es localidad censal -> fuente correcta (P7)
v7_p07,71,La Rioja,General Ocampo,Milagro,,1967,46084030,Milagro,General Ortiz de Ocampo,-31.0057797974111,-65.9923454777144,auto_ok,auto_ok,match_exacto_3campos,auto_match,no,auto,2026-07-22,alta,georef/localidades-censales,https://apis.datos.gob.ar/georef/api,verde,
v7_p07,254,Jujuy,Rinconada,Mina Pirquita,,512,38049A10,Mina Pirquitas,Rinconada,-22.6944637366652,-66.4978555466405,propuesto,E-bahra-fuzzy,bahra_fuzzy,auto_muestreo,no,auto(pendiente_muestra),2026-07-22,BAJA (fuzzy en capa BAHRA: puede no ser el mismo lugar),georef/asentamientos,https://apis.datos.gob.ar/georef/api,verde,antes era sin_match. candidatos: Mina Pirquitas/Rinconada [38049A10]
v7_p07,229,Catamarca,Capayán,Miraflores,,587,10042120,Miraflores,Capayán,-28.5992923387222,-65.9038333977687,auto_ok,auto_ok,match_exacto_3campos,auto_match,no,auto,2026-07-22,alta,georef/localidades-censales,https://apis.datos.gob.ar/georef/api,verde,
v7_p07,345,Tucumán,Leales,Mixta,,262,90056A05,Arroyo Mista,Leales,-27.186289869428,-65.1108716321049,propuesto,E-bahra-fuzzy,bahra_fuzzy,auto_muestreo,no,auto(pendiente_muestra),2026-07-22,BAJA (fuzzy en capa BAHRA: puede no ser el mismo lugar),georef/asentamientos,https://apis.datos.gob.ar/georef/api,verde,antes era sin_match. candidatos: Arroyo Mista/Leales [90056A05]; Mista/Leales [90056A67]
v7_p07,312,Salta,La Caldera,Mojotoro,,350,66077A06,Mojotoro,La Caldera,-24.7090753104596,-65.286463897414,propuesto,A (aparcado),bahra_georef,auto_muestreo,no,auto(pendiente_muestra),2026-07-22,alta,georef/asentamientos,https://apis.datos.gob.ar/georef/api,verde,BAHRA: el nombre no es localidad censal -> fuente correcta (P7)
v7_p07,390,Salta,Molinos,Molinos,,174,66119020,Molinos,Molinos,-25.437176677207,-66.2945562514034,auto_ok,auto_ok,match_exacto_3campos,auto_match,no,auto,2026-07-22,alta,georef/localidades-censales,https://apis.datos.gob.ar/georef/api,verde,
v7_p07,177,Tucumán,Chicligasta,Monteagudo,,771,90091020,Monteagudo,Simoca,-27.5107229229826,-65.2773944698689,auto_ok,auto_ok,match_exacto_3campos,auto_match,no,auto,2026-07-22,alta,georef/localidades-censales,https://apis.datos.gob.ar/georef/api,verde,
v7_p07,125,Jujuy,El Carmen,Monte Rico,,1177,,Monterrico,,-24.4428,-65.1661,propuesto,C5-rename,web_rename,humano_lote,no,pendiente:Jose,2026-07-22,verde (guard: coord en depto esperado),Wikipedia,https://en.wikipedia.org/wiki/Monterrico,verde,"[guard=verde; punto en El Carmen] Monte Rico = Monterrico, municipio del depto El Carmen, Jujuy"
v7_p07,13,Tucumán,Monteros,Monteros,,11968,90070030,Monteros,Monteros,-27.165337670505,-65.4972137713359,auto_ok,auto_ok,match_exacto_3campos,auto_match,no,auto,2026-07-22,alta,georef/localidades-censales,https://apis.datos.gob.ar/georef/api,verde,
v7_p07,163,Catamarca,Pomán,Mutquín,,848,10084060,Mutquin,Pomán,-28.3208022220184,-66.1473862550351,auto_ok,auto_ok,match_exacto_3campos,auto_match,no,auto,2026-07-22,alta,georef/localidades-censales,https://apis.datos.gob.ar/georef/api,verde,
v7_p07,416,La Rioja,Rivadavia,Nacate,,116,46070020,Nácate,General Juan Facundo Quiroga,-30.8547722337825,-66.4247646899601,auto_ok,auto_ok,match_exacto_3campos,auto_match,no,auto,2026-07-22,alta,georef/localidades-censales,https://apis.datos.gob.ar/georef/api,verde,
v7_p07,313,Salta,Santa Victoria,Nasareno,,350,66161040,Nazareno,Santa Victoria,-22.5098499596688,-65.1019337368813,propuesto,A (aparcado),bahra_georef,auto_muestreo,no,auto(pendiente_muestra),2026-07-22,media (nombre difiere),georef/,https://apis.datos.gob.ar/georef/api,verde,variante de nombre en el depto correcto
v7_p07,86,La Rioja,Chilecito,Nonogasta,,1671,46042090,Nonogasta,Chilecito,-29.3022224469491,-67.5063301700462,auto_ok,auto_ok,match_exacto_3campos,auto_match,no,auto,2026-07-22,alta,georef/localidades-censales,https://apis.datos.gob.ar/georef/api,verde,
v7_p07,169,Salta,Anta,Ntra.Sra. de Talavera,,827,,Nuestra Señora de Talavera,,-25.4567,-63.7789,propuesto,C5-manual_coord,web_manual_coord,humano_lote,no,pendiente:Jose,2026-07-22,verde (guard: coord en depto esperado),wikipedia,https://es.wikipedia.org/wiki/Nuestra_Se%C3%B1ora_de_Talavera_(actual),verde,"[guard=verde; punto en Anta] Pueblo en depto Anta (Salta), municipio El Quebrachal, sobre RN16."
v7_p07,144,Tucumán,Río Chico,Nueva Trinidad,,1000,90091030,Nueva Trinidad,Simoca,-27.4843993802925,-65.491061229798,auto_ok,auto_ok,match_exacto_3campos,auto_match,no,auto,2026-07-22,alta,georef/localidades-censales,https://apis.datos.gob.ar/georef/api,verde,
v7_p07,382,La Rioja,General Roca,Noquebe,,192,46112A18,ñoqueve,Rosario Vera Peñaloza,-31.20728796609,-66.7515255638284,propuesto,E-bahra-fuzzy,bahra_fuzzy,auto_muestreo,no,auto(pendiente_muestra),2026-07-22,BAJA (fuzzy en capa BAHRA: puede no ser el mismo lugar),georef/asentamientos,https://apis.datos.gob.ar/georef/api,verde,antes era sin_match. candidatos: ñoqueve/Rosario Vera Peñaloza [46112A18]
v7_p07,423,La Rioja,General Ocampo,Olpas,,106,46084040,Olpas,General Ortiz de Ocampo,-30.8060893808733,-66.243975463728,auto_ok,auto_ok,match_exacto_3campos,auto_match,no,auto,2026-07-22,alta,georef/localidades-censales,https://apis.datos.gob.ar/georef/api,verde,
v7_p07,122,La Rioja,General Belgrano,Olta,,1226,46063040,Olta,General Belgrano,-30.6306205931688,-66.2672879409251,auto_ok,auto_ok,match_exacto_3campos,auto_match,no,auto,2026-07-22,alta,georef/localidades-censales,https://apis.datos.gob.ar/georef/api,verde,
v7_p07,339,Jujuy,Santa Catalina,Oratorio,,273,38077070,Oratorio,Santa Catalina,-22.0991710039884,-66.1325561087962,auto_ok,auto_ok,match_exacto_3campos,auto_match,no,auto,2026-07-22,alta,georef/localidades-censales,https://apis.datos.gob.ar/georef/api,verde,
v7_p07,344,Salta,La Viña,Osma,,263,,Osma,,-25.2009,-65.4888,propuesto,C5-manual_coord,web_manual_coord,humano_lote,no,pendiente:Jose,2026-07-22,verde (guard: coord en depto esperado),OpenStreetMap/Nominatim,https://nominatim.openstreetmap.org/,verde,"[guard=verde; punto en La Viña] Aldea Osma (antiguo Embarcadero Osma del FC Belgrano C-13), depto La Viña, Salta"
v7_p07,291,Tucumán,Famaillá,Padilla,,407,90028070,Padilla,Famaillá,-27.0214023224852,-65.3925033011755,auto_ok,auto_ok,match_exacto_3campos,auto_match,no,auto,2026-07-22,alta,georef/localidades-censales,https://apis.datos.gob.ar/georef/api,verde,
v7_p07,364,Salta,Gral. J. de San Martín,Padre Lozana,,221,66056180,Padre Lozano,General José de San Martín,-23.2165059276958,-63.8484066671787,propuesto,A (aparcado),bahra_georef,auto_muestreo,no,auto(pendiente_muestra),2026-07-22,media (nombre difiere),georef/,https://apis.datos.gob.ar/georef/api,verde,variante de nombre en el depto correcto
v7_p07,195,La Rioja,General Lavalle,Pagancillo,,688,46028040,Pagancillo,General Felipe Varela,-29.5411861113663,-68.1001050067339,auto_ok,auto_ok,match_exacto_3campos,auto_match,no,auto,2026-07-22,alta,georef/localidades-censales,https://apis.datos.gob.ar/georef/api,verde,
v7_p07,197,Jujuy,Santa Bárbara,Palma Sola,,682,38070040,Palma Sola,Santa Bárbara,-23.9768663561888,-64.3054126492648,auto_ok,auto_ok,match_exacto_3campos,auto_match,no,auto,2026-07-22,alta,georef/localidades-censales,https://apis.datos.gob.ar/georef/api,verde,
v7_p07,275,Salta,General Martín Miguel de Güemes,Palomitas,,460,66049A20,Palomitas,General Güemes,-24.8986558896389,-64.9735653191335,propuesto,A (aparcado),bahra_georef,auto_muestreo,no,auto(pendiente_muestra),2026-07-22,alta,georef/asentamientos,https://apis.datos.gob.ar/georef/api,verde,BAHRA: el nombre no es localidad censal -> fuente correcta (P7)
v7_p07,16,Jujuy,Capital,Palpalá,,10843,38042040,Palpalá,Palpalá,-24.2573118791059,-65.2136654804331,auto_ok,auto_ok,match_exacto_3campos,auto_match,no,auto,2026-07-22,alta,georef/localidades-censales,https://apis.datos.gob.ar/georef/api,verde,
v7_p07,378,Jujuy,Humahuaca,Palta de Aparzo,,201,38028043,Palca de Aparzo,Humahuaca,-23.1227346792463,-65.1341571365782,propuesto,A (aparcado),bahra_georef,auto_muestreo,no,auto(pendiente_muestra),2026-07-22,media (nombre difiere),georef/,https://apis.datos.gob.ar/georef/api,verde,variante de nombre en el depto correcto
v7_p07,346,Jujuy,El Carmen,Pampa Blanca,,259,38014080,Pampa Blanca,El Carmen,-24.5352215421891,-65.0718138707193,auto_ok,auto_ok,match_exacto_3campos,auto_match,no,auto,2026-07-22,alta,georef/localidades-censales,https://apis.datos.gob.ar/georef/api,verde,
v7_p07,367,Salta,Guachipas,Pampa Grande,,215,66063A09,Pampa Grande,Guachipas,-25.8679589604708,-65.5080243151649,propuesto,A (aparcado),bahra_georef,auto_muestreo,no,auto(pendiente_muestra),2026-07-22,alta,georef/asentamientos,https://apis.datos.gob.ar/georef/api,verde,BAHRA: el nombre no es localidad censal -> fuente correcta (P7)
v7_p08,365,Jujuy,Valle Grande,Pampichuela,,217,38105020,Pampichuela,Valle Grande,-23.554625268408,-65.0081725677584,auto_ok,auto_ok,match_exacto_3campos,auto_match,no,auto,2026-07-22,alta,georef/localidades-censales,https://apis.datos.gob.ar/georef/api,verde,
v7_p08,166,La Rioja,Independencia,Patquía,,839,46105020,Patquía,Independencia,-30.0480360397584,-66.8797949923223,auto_ok,auto_ok,match_exacto_3campos,auto_match,no,auto,2026-07-22,alta,georef/localidades-censales,https://apis.datos.gob.ar/georef/api,verde,
v7_p08,324,Salta,Cachi,Payogasta,,319,66014020,Payogasta,Cachi,-25.0514170197287,-66.1031367847284,auto_ok,auto_ok,match_exacto_3campos,auto_match,no,auto,2026-07-22,alta,georef/localidades-censales,https://apis.datos.gob.ar/georef/api,verde,
v7_p08,58,Tucumán,Cruz Alta,Pedro G. Méndes,,2425,,La Florida (Estación Pedro G. Méndez),,-26.8208,-65.0953,propuesto,C5-rename,web_rename,humano_lote,no,pendiente:Jose,2026-07-22,verde (guard: coord en depto esperado),Wikipedia (La Florida Tucumán),https://es.wikipedia.org/wiki/La_Florida_(Tucum%C3%A1n),verde,"[guard=verde; punto en Cruz Alta] Estación Pedro G. Méndez del Ingenio La Florida, localidad La Florida, depto Cruz Alta."
v7_p08,38,Jujuy,El Carmen,Perico,,4125,38014090,Perico,El Carmen,-24.3755753721138,-65.1175369719544,auto_ok,auto_ok,match_exacto_3campos,auto_match,no,auto,2026-07-22,alta,georef/localidades-censales,https://apis.datos.gob.ar/georef/api,verde,
v7_p08,56,Salta,Orán,Pichanal,,2536,66126060,Pichanal,Orán,-23.3295158466827,-64.2241100748872,auto_ok,auto_ok,match_exacto_3campos,auto_match,no,auto,2026-07-22,alta,georef/localidades-censales,https://apis.datos.gob.ar/georef/api,verde,
v7_p08,314,Salta,Anta,Piquete Cabado,,349,66007140,Piquete Cabado,Anta,-24.8208072884685,-64.1778684456348,auto_ok,auto_ok,match_exacto_3campos,auto_match,no,auto,2026-07-22,alta,georef/localidades-censales,https://apis.datos.gob.ar/georef/api,verde,
v7_p08,209,Salta,Gral. J. de San Martín,Piquirenda,,627,66056190,Piquirenda,General José de San Martín,-22.3239401617442,-63.7521782585579,auto_ok,auto_ok,match_exacto_3campos,auto_match,no,auto,2026-07-22,alta,georef/localidades-censales,https://apis.datos.gob.ar/georef/api,verde,
v7_p08,158,La Rioja,Famatina,Pituil,,897,46049090,Pituil,Famatina,-28.5758890527935,-67.4491777936398,auto_ok,auto_ok,match_exacto_3campos,auto_match,no,auto,2026-07-22,alta,georef/localidades-censales,https://apis.datos.gob.ar/georef/api,verde,
v7_p08,338,Salta,Rivadavia,Pluma de Pato,,275,66133060,Pluma de Pato,Rivadavia,-23.3730167926266,-63.0936718652939,auto_ok,auto_ok,match_exacto_3campos,auto_match,no,auto,2026-07-22,alta,georef/localidades-censales,https://apis.datos.gob.ar/georef/api,verde,
v7_p08,43,Salta,Gral. J. de San Martín,Pocitos,,3438,,Profesor Salvador Mazza,,-22.05,-63.7,propuesto,C5-rename,web_rename,humano_lote,no,pendiente:Jose,2026-07-22,verde (guard: coord en depto esperado),Wikipedia (Salvador Mazza),https://es.wikipedia.org/wiki/Salvador_Mazza_(Salta),verde,[guard=verde; punto en General José de San Martín] Pocitos renombrada Prof. Salvador Mazza en 1951; depto Gral José de San Martín. La pista Salar de Pocitos es un homónimo
v7_p08,135,Catamarca,Pomán,Pomán,,1100,10084070,Pomán,Pomán,-28.3967346331107,-66.2184974628754,auto_ok,auto_ok,match_exacto_3campos,auto_match,no,auto,2026-07-22,alta,georef/localidades-censales,https://apis.datos.gob.ar/georef/api,verde,
v7_p08,307,Catamarca,Fray Mamerto Esquiú,Pomancillo,,368,10063020,Pomancillo Este,Fray Mamerto Esquiú,-28.3029043029118,-65.7209898167255,propuesto,D,ambiguo,auto_muestreo,no,auto(pendiente_muestra),2026-07-22,baja,georef,https://apis.datos.gob.ar/georef/api,verde,>1 candidato: Pomancillo Este/Fray Mamerto Esquiú [10063020]; Pomancillo Oeste/Fray Mamerto Esquiú [10063030]
v7_p08,74,Tucumán,Cruz Alta,Poso del Alto,,1875,,Pozo del Alto,,-26.9025,-65.1456,propuesto,C5-rename,web_rename,humano_lote,no,pendiente:Jose,2026-07-22,verde (guard: coord en depto esperado),gazetteer,https://mapcarta.com/20026742,verde,"[guard=verde; punto en Cruz Alta] Poso del Alto = Pozo del Alto, localidad depto Cruz Alta, Tucuman (cerca de Colombres/Banda del Rio Sali). Coincide dept"
v7_p08,22,Jujuy,Ledesma,Pueblo Ledesma,,6871,3803508002,Pueblo Ledesma,Ledesma,-23.8346075028739,-64.7896499047357,propuesto,A (aparcado),bahra_georef,auto_muestreo,no,auto(pendiente_muestra),2026-07-22,alta,georef/localidades,https://apis.datos.gob.ar/georef/api,verde,BAHRA: el nombre no es localidad censal -> BAHRA es la fuente correcta (P7). id de capa 'localidades' NO es id censal INDEC valido
v7_p08,400,Salta,Rosario de la Frontera,Puente de Plata,,149,66140A24,Puente de Plata,Rosario de la Frontera,-25.9514400411667,-64.7206778561441,propuesto,A (aparcado),bahra_georef,auto_muestreo,no,auto(pendiente_muestra),2026-07-22,alta,georef/asentamientos,https://apis.datos.gob.ar/georef/api,verde,BAHRA: el nombre no es localidad censal -> fuente correcta (P7)
v7_p08,380,Salta,Rivadavia,Puerto La Paz,,198,66133A50,La Paz,,-22.3837777595942,-62.5286776248469,propuesto,C-generador,generador_transformacion,auto_muestreo,no,auto(pendiente_muestra),2026-07-22,media (match exacto pero en capa BAHRA),georef/asentamientos,https://apis.datos.gob.ar/georef/api,verde,candidato probado: 'La Paz' [prefijo: se quita 'Puerto' [capa asentamientos]]
v7_p08,337,Jujuy,Cochinoca,Puesto del Marquéz,,277,38007060,Puesto del Marquéz,Cochinoca,-22.5369276932757,-65.6974837675053,auto_ok,auto_ok,match_exacto_3campos,auto_match,no,auto,2026-07-22,alta,georef/localidades-censales,https://apis.datos.gob.ar/georef/api,verde,
v7_p08,383,Jujuy,Santa Catalina,Puesto Grande,,188,38077A09,Puesto Grande,Santa Catalina,-22.0508975776563,-65.9501672532125,propuesto,A (aparcado),bahra_georef,auto_muestreo,no,auto(pendiente_muestra),2026-07-22,alta,georef/asentamientos,https://apis.datos.gob.ar/georef/api,verde,BAHRA: el nombre no es localidad censal -> fuente correcta (P7)
v7_p08,292,Jujuy,Yaví,Pumahuasi,,407,38112070,Pumahuasi,Yavi,-22.2899363240929,-65.6798827753743,auto_ok,auto_ok,match_exacto_3campos,auto_match,no,auto,2026-07-22,alta,georef/localidades-censales,https://apis.datos.gob.ar/georef/api,verde,
v7_p08,252,La Rioja,Vélez Sarsfield,Punta de Los Llanos,,518,46056010,Punta de los Llanos,Ángel Vicente Peñaloza,-30.1539415913312,-66.5464699255084,auto_ok,auto_ok,match_exacto_3campos,auto_match,no,auto,2026-07-22,alta,georef/localidades-censales,https://apis.datos.gob.ar/georef/api,verde,
v7_p08,269,Jujuy,Tumbaya,Purmamarca,,472,38098030,Purmamarca,Tumbaya,-23.7466237919117,-65.4991975289627,auto_ok,auto_ok,match_exacto_3campos,auto_match,no,auto,2026-07-22,alta,georef/localidades-censales,https://apis.datos.gob.ar/georef/api,verde,
v7_p08,167,Catamarca,La Paz,Quirós,,835,10070120,Quirós,La Paz,-28.7856405433085,-65.1109786102691,auto_ok,auto_ok,match_exacto_3campos,auto_match,no,auto,2026-07-22,alta,georef/localidades-censales,https://apis.datos.gob.ar/georef/api,verde,
v7_p08,200,Tucumán,Tafí,Raco,,680,90105078,Raco,Tafí Viejo,-26.6778114166837,-65.4295238264671,auto_ok,auto_ok,match_exacto_3campos,auto_match,no,auto,2026-07-22,alta,georef/localidades-censales,https://apis.datos.gob.ar/georef/api,verde,
v7_p08,75,Tucumán,Cruz Alta,Ranchillos,,1870,90014120,Ranchillos,Cruz Alta,-26.9574007028769,-65.0442907410861,auto_ok,auto_ok,match_exacto_3campos,auto_match,no,auto,2026-07-22,alta,georef/localidades-censales,https://apis.datos.gob.ar/georef/api,verde,
v7_p08,52,Catamarca,La Paz,Recreo,,2834,10070140,Recreo,La Paz,-29.2768611237227,-65.0565641552447,auto_ok,auto_ok,match_exacto_3campos,auto_match,no,auto,2026-07-22,alta,georef/localidades-censales,https://apis.datos.gob.ar/georef/api,verde,
v7_p08,355,Jujuy,Capital,Reyes,,243,3802107002,San Pablo de Reyes,Dr. Manuel Belgrano,-24.1468540136486,-65.3939437454147,propuesto,E-bahra-fuzzy,bahra_fuzzy,auto_muestreo,no,auto(pendiente_muestra),2026-07-22,BAJA (fuzzy en capa BAHRA: puede no ser el mismo lugar),georef/localidades,https://apis.datos.gob.ar/georef/api,verde,antes era sin_match. candidatos: San Pablo de Reyes/Dr. Manuel Belgrano [3802107002]
v7_p08,256,Catamarca,Pomán,Rincón,,500,10084080,Rincón,Pomán,-28.2235059375508,-66.1419095671404,auto_ok,auto_ok,match_exacto_3campos,auto_match,no,auto,2026-07-22,alta,georef/localidades-censales,https://apis.datos.gob.ar/georef/api,verde,
v7_p08,174,Jujuy,Rinconada,Rinconada,,782,38049040,Rinconada,Rinconada,-22.4406993919167,-66.1671505979613,auto_ok,auto_ok,match_exacto_3campos,auto_match,no,auto,2026-07-22,alta,georef/localidades-censales,https://apis.datos.gob.ar/georef/api,verde,
v7_p08,348,Jujuy,Cochinoca,Rinconadillas,,258,38007070,Rinconadillas,Cochinoca,-23.3854659685318,-65.9569963840946,auto_ok,auto_ok,match_exacto_3campos,auto_match,no,auto,2026-07-22,alta,georef/localidades-censales,https://apis.datos.gob.ar/georef/api,verde,
v7_p08,105,Tucumán,Famaillá,Río Colorado,,1433,90056060,Río Colorado,Leales,-27.148606,-65.35695,confirmado_3.3b,3.3b:transferencia_confirmada,transferencia_confirmada,documentado_3.3b,no,auto:3.3b(web+doc+guard),2026-07-22,alta,auto + Georef + Wikipedia,https://es.wikipedia.org/wiki/Anexo:Departamentos_de_la_provincia_de_Tucum%C3%A1n,rojo,transferencia DOCUMENTADA: Ley provincial 4518 (1976) | ley: Ley provincial 4518 (1976)
v7_p08,193,Tucumán,Río Chico,Río Chico,,704,90077030,Río Chico,Río Chico,-27.4809961150586,-65.6214061319444,auto_ok,auto_ok,match_exacto_3campos,auto_match,no,auto,2026-07-22,alta,georef/localidades-censales,https://apis.datos.gob.ar/georef/api,verde,
v7_p08,213,Salta,Anta,Río del Valle,,575,66007150,Río del Valle,Anta,-24.6747984174126,-64.201349993083,propuesto,A (aparcado),bahra_georef,auto_muestreo,no,auto(pendiente_muestra),2026-07-22,alta,georef/localidades,https://apis.datos.gob.ar/georef/api,verde,BAHRA: el nombre no es localidad censal -> BAHRA es la fuente correcta (P7). id de capa 'localidades' NO es id censal INDEC valido
v7_p08,300,Salta,Metán,Río Piedras,,380,66112070,Río Piedras,Metán,-25.3143250298143,-64.9103816832585,propuesto,A (aparcado),bahra_georef,auto_muestreo,no,auto(pendiente_muestra),2026-07-22,alta,georef/localidades,https://apis.datos.gob.ar/georef/api,verde,BAHRA: el nombre no es localidad censal -> BAHRA es la fuente correcta (P7). id de capa 'localidades' NO es id censal INDEC valido
v7_p08,63,Tucumán,Monteros,Río Seco,,2211,90070050,Río Seco,Monteros,-27.2675214057625,-65.559286946136,auto_ok,auto_ok,match_exacto_3campos,auto_match,no,auto,2026-07-22,alta,georef/localidades-censales,https://apis.datos.gob.ar/georef/api,verde,
v7_p08,366,Salta,Rivadavia,Rivadavia,,215,66133070,Rivadavia,Rivadavia,-24.1849709885935,-62.8882419003039,auto_ok,auto_ok,match_exacto_3campos,auto_match,no,auto,2026-07-22,alta,georef/localidades-censales,https://apis.datos.gob.ar/georef/api,verde,
v7_p08,21,Salta,Rosario de la Frontera,Rosario de la Frontera,,7134,66140050,Rosario de la Frontera,Rosario de la Frontera,-25.7986184671044,-64.9739437142179,auto_ok,auto_ok,match_exacto_3campos,auto_match,no,auto,2026-07-22,alta,georef/localidades-censales,https://apis.datos.gob.ar/georef/api,verde,
v7_p08,389,Salta,Anta,Rosario del Dorado,,177,,Rosario del Dorado,,-24.5275,-64.1558,propuesto,C5-manual_coord,web_manual_coord,humano_lote,no,pendiente:Jose,2026-07-22,verde (guard: coord en depto esperado),osm,"https://nominatim.openstreetmap.org/search?q=Rosario+del+Dorado,+Anta,+Salta,+Argentina",verde,"[guard=verde; punto en Anta] Paraje en municipio Apolinario Saravia, depto Anta (Salta)."
v7_p08,36,Salta,Rosario de Lerma,Rosario de Lerma,,4241,66147030,Rosario de Lerma,Rosario de Lerma,-24.9858665417235,-65.5784404821565,auto_ok,auto_ok,match_exacto_3campos,auto_match,no,auto,2026-07-22,alta,georef/localidades-censales,https://apis.datos.gob.ar/georef/api,verde,
v7_p08,262,Tucumán,Graneros,Rumi-Punco,,481,90049016,Rumi Punco,La Cocha,-27.9847962676876,-65.5738815143882,auto_ok,auto_ok,match_exacto_3campos,auto_match,no,auto,2026-07-22,alta,georef/localidades-censales,https://apis.datos.gob.ar/georef/api,verde,
v7_p09,265,Tucumán,Graneros,Sacrificio,,479,90049005,El Sacrificio,La Cocha,-27.6509621985048,-65.5736230439475,propuesto,A (aparcado),bahra_georef,auto_muestreo,no,auto(pendiente_muestra),2026-07-22,media (nombre difiere),georef/,https://apis.datos.gob.ar/georef/api,verde,variante de nombre en el depto correcto
v7_p09,218,Catamarca,Tinogasta,Salado,,606,10105100,El Salado,Tinogasta,-28.3031811347636,-67.2533227600658,propuesto,A (aparcado),bahra_georef,auto_muestreo,no,auto(pendiente_muestra),2026-07-22,media (nombre difiere),georef/,https://apis.datos.gob.ar/georef/api,verde,variante de nombre en el depto correcto
v7_p09,220,La Rioja,San Blas de los Sauces,Salinas,,602,46119010,Salicas - San Blas,San Blas de Los Sauces,-28.373737271654,-67.0705706119765,propuesto,A (aparcado),bahra_georef,auto_muestreo,no,auto(pendiente_muestra),2026-07-22,media (nombre difiere),georef/,https://apis.datos.gob.ar/georef/api,verde,variante de nombre en el depto correcto
v7_p09,2,Salta,Capital,Salta,,117400,66028050,Salta,Capital,-24.7830991431743,-65.4110357993511,auto_ok,auto_ok,match_exacto_3campos,auto_match,no,auto,2026-07-22,alta,georef/localidades-censales,https://apis.datos.gob.ar/georef/api,verde,
v7_p09,92,Tucumán,Cruz Alta,San Andrés,,1564,90014130,San Andrés,Cruz Alta,-26.8897855663448,-65.1942538195792,auto_ok,auto_ok,match_exacto_3campos,auto_match,no,auto,2026-07-22,alta,georef/localidades-censales,https://apis.datos.gob.ar/georef/api,verde,
v7_p09,114,Catamarca,Fray Mamerto Esquiú,San Antonio,,1312,1006304005,San Antonio (Fray Mamerto Esquiú),Fray Mamerto Esquiú,-28.42576,-65.70838,confirmado_3.3b,3.3b:rename,rename,documentado_3.3b,no,auto:3.3b(web+doc+guard),2026-07-22,alta,auto + Georef,https://apis.datos.gob.ar/georef/api/localidades?nombre=San%20Antonio&provincia=Catamarca,verde,guard=verde (coord en conjunto permitido)
v7_p09,356,Catamarca,Paclín,San Antonio,,242,10077100,San Antonio,Paclín,-28.0083669224685,-65.7110438629801,auto_ok,auto_ok,match_exacto_3campos,auto_match,no,auto,2026-07-22,alta,georef/localidades-censales,https://apis.datos.gob.ar/georef/api,verde,
v7_p09,253,Jujuy,San Antonio,San Antonio,,517,38056030,San Antonio,San Antonio,-24.3698373981438,-65.3315936578938,auto_ok,auto_ok,match_exacto_3campos,auto_match,no,auto,2026-07-22,alta,georef/localidades-censales,https://apis.datos.gob.ar/georef/api,verde,
v7_p09,98,Catamarca,La Paz,San Antonio de la Paz,,1489,,San Antonio de La Paz,,-28.9330,-65.1000,propuesto,C5-manual_coord,web_manual_coord,humano_lote,no,pendiente:Jose,2026-07-22,verde (guard: coord en depto esperado),Wikipedia (EN),https://en.wikipedia.org/wiki/San_Antonio_de_La_Paz,verde,"[guard=verde; punto en La Paz] Pueblo del depto La Paz, Catamarca"
v7_p09,104,Salta,Los Andes,San Antonio de los Cobres,,1439,66105020,San Antonio de los Cobres,Los Andes,-24.2197078275657,-66.3205972562561,auto_ok,auto_ok,match_exacto_3campos,auto_match,no,auto,2026-07-22,alta,georef/localidades-censales,https://apis.datos.gob.ar/georef/api,verde,
v7_p09,347,La Rioja,San Blas de los Sauces,San Blas de los Sauces,,259,46119010,Salicas - San Blas,,-28.373737271654,-67.0705706119765,propuesto,C1-cabecera,cabecera_documentada,humano_lote,no,pendiente:Jose,2026-07-22,alta,web+georef,https://es.wikipedia.org/wiki/San_Blas_(La_Rioja),verde,el censo 1960 listo la cabecera con el nombre del depto. cabecera = San Blas; INDEC/Georef reportan el aglomerado junto como 'Salicas - San Blas'
v7_p09,210,Salta,San Carlos,San Carlos,,623,66154040,San Carlos,San Carlos,-25.8930445412731,-65.9291668204991,auto_ok,auto_ok,match_exacto_3campos,auto_match,no,auto,2026-07-22,alta,georef/localidades-censales,https://apis.datos.gob.ar/georef/api,verde,
v7_p09,374,Catamarca,Belén,San Fernando,,204,10035145,San Fernando,Belén,-27.3341999168915,-66.8980203740392,auto_ok,auto_ok,match_exacto_3campos,auto_match,no,auto,2026-07-22,alta,georef/localidades-censales,https://apis.datos.gob.ar/georef/api,verde,
v7_p09,124,Tucumán,Famaillá,San Gabriel,,1184,90028080,San Gabriel,Famaillá,-27.1040255586791,-65.4510620248276,auto_ok,auto_ok,match_exacto_3campos,auto_match,no,auto,2026-07-22,alta,georef/localidades-censales,https://apis.datos.gob.ar/georef/api,verde,
v7_p09,371,Tucumán,Graneros,San Ignacio,,207,90049A28,San Ignacio,La Cocha,-27.7524222803091,-65.6270423084612,propuesto,A (aparcado),bahra_georef,auto_muestreo,no,auto(pendiente_muestra),2026-07-22,alta,georef/asentamientos,https://apis.datos.gob.ar/georef/api,verde,BAHRA: el nombre no es localidad censal -> fuente correcta (P7)
v7_p09,61,Catamarca,Valle Viejo,San Isidro,,2271,10112040,San Isidro,Valle Viejo,-28.4531163077345,-65.7181915412924,auto_ok,auto_ok,match_exacto_3campos,auto_match,no,auto,2026-07-22,alta,georef/localidades-censales,https://apis.datos.gob.ar/georef/api,verde,
v7_p09,268,Catamarca,Santa María,San José,,472,10091140,San José,Santa María,-26.8014250875105,-66.069758682746,auto_ok,auto_ok,match_exacto_3campos,auto_match,no,auto,2026-07-22,alta,georef/localidades-censales,https://apis.datos.gob.ar/georef/api,verde,
v7_p09,266,Catamarca,Tinogasta,San José,,477,,San José (Tinogasta),Tinogasta,-27.9868939,-67.5938798,confirmado_3.3b,3.3b:manual_coord,manual_coord,documentado_3.3b,no,auto:3.3b(web+doc+guard),2026-07-22,media,auto + Nominatim/OpenStreetMap,"https://nominatim.openstreetmap.org/search?q=San+Jose,+Tinogasta,+Catamarca&format=json",verde,guard=verde (coord en conjunto permitido)
v7_p09,407,Tucumán,Graneros,San José,,138,90049020,San José de La Cocha,La Cocha,-27.7314987475879,-65.5842568120541,propuesto,A (aparcado),bahra_georef,auto_muestreo,no,auto(pendiente_muestra),2026-07-22,media (nombre difiere),georef/,https://apis.datos.gob.ar/georef/api,verde,variante de nombre en el depto correcto
v7_p09,255,Salta,Cachi,San José de Escalchi,,508,66014030,San José de Escalchi,Cachi,-25.2227355947173,-66.2044236339999,auto_ok,auto_ok,match_exacto_3campos,auto_match,no,auto,2026-07-22,alta,georef/localidades-censales,https://apis.datos.gob.ar/georef/api,verde,
v7_p09,140,Catamarca,Fray Mamerto Esquiú,San José de Fray Mamerto Esquiú,,1053,,San José de Piedra Blanca,,-28.3667,-65.7000,propuesto,C5-rename,web_rename,humano_lote,no,pendiente:Jose,2026-07-22,verde (guard: coord en depto esperado),Wikipedia,https://es.wikipedia.org/wiki/San_Jos%C3%A9_de_Piedra_Blanca,verde,"[guard=verde; punto en Fray Mamerto Esquiú] San Jose (de Piedra Blanca), cabecera del depto Fray Mamerto Esquiu, Catamarca"
v7_p09,126,Jujuy,El Carmen,San Juancito,,1170,38014120,San Juancito,El Carmen,-24.3834122025487,-64.99522206922,auto_ok,auto_ok,match_exacto_3campos,auto_match,no,auto,2026-07-22,alta,georef/localidades-censales,https://apis.datos.gob.ar/georef/api,verde,
v7_p09,147,Salta,Capital,San Lorenzo,,978,66028060,San Lorenzo,Capital,-24.7311972282408,-65.4866007122903,auto_ok,auto_ok,match_exacto_3campos,auto_match,no,auto,2026-07-22,alta,georef/localidades-censales,https://apis.datos.gob.ar/georef/api,verde,
v7_p09,351,Salta,Rosario de la Frontera,San Lorenzo,,250,66140070,San Lorenzo,Rosario de la Frontera,-26.1056745290965,-64.6534283977031,auto_ok,auto_ok,match_exacto_3campos,auto_match,no,auto,2026-07-22,alta,georef/localidades-censales,https://apis.datos.gob.ar/georef/api,verde,
v7_p09,373,Catamarca,Capayán,San Martín,,207,10042130,San Martín,Capayán,-29.2212290393625,-65.7749657917283,auto_ok,auto_ok,match_exacto_3campos,auto_match,no,auto,2026-07-22,alta,georef/localidades-censales,https://apis.datos.gob.ar/georef/api,verde,
v7_p09,90,Tucumán,Cruz Alta,San Miguel,,1574,90014A48,San Miguel,Cruz Alta,-26.9088639594411,-65.1156528525714,propuesto,A (aparcado),bahra_georef,auto_muestreo,no,auto(pendiente_muestra),2026-07-22,alta,georef/asentamientos,https://apis.datos.gob.ar/georef/api,verde,BAHRA: el nombre no es localidad censal -> fuente correcta (P7)
v7_p09,1,Tucumán,Capital,San Miguel de Tucumán,,271546,90084010,San Miguel de Tucumán,Capital,-26.8330706975512,-65.2044074976478,auto_ok,auto_ok,match_exacto_3campos,auto_match,no,auto,2026-07-22,alta,georef/localidades-censales,https://apis.datos.gob.ar/georef/api,verde,
v7_p09,99,Tucumán,Famaillá,San Pablo,,1481,90063030,Ingenio San Pablo,Lules,-26.8704388436245,-65.3108911104434,propuesto,A (aparcado),bahra_georef,auto_muestreo,no,auto(pendiente_muestra),2026-07-22,media (nombre difiere),georef/,https://apis.datos.gob.ar/georef/api,verde,variante de nombre en el depto correcto
v7_p09,340,Catamarca,Capayán,San Pedro,,269,10042150,San Pedro,Capayán,-28.741855603575,-66.1270167477957,auto_ok,auto_ok,match_exacto_3campos,auto_match,no,auto,2026-07-22,alta,georef/localidades-censales,https://apis.datos.gob.ar/georef/api,verde,
v7_p09,9,Jujuy,San Pedro,San Pedro,,15354,38063180,San Pedro,San Pedro,-24.2313021129282,-64.8681693070463,auto_ok,auto_ok,match_exacto_3campos,auto_match,no,auto,2026-07-22,alta,georef/localidades-censales,https://apis.datos.gob.ar/georef/api,verde,
v7_p09,357,La Rioja,Castro Barros,San Pedro,,235,46021070,San Pedro,Castro Barros,-28.6616970940093,-66.9230770990177,auto_ok,auto_ok,match_exacto_3campos,auto_match,no,auto,2026-07-22,alta,georef/localidades-censales,https://apis.datos.gob.ar/georef/api,verde,
v7_p09,162,Tucumán,Trancas,San Pedro de Colalao,,853,90112020,San Pedro de Colalao,Trancas,-26.2348713633796,-65.4948573864932,auto_ok,auto_ok,match_exacto_3campos,auto_match,no,auto,2026-07-22,alta,georef/localidades-censales,https://apis.datos.gob.ar/georef/api,verde,
v7_p09,185,Tucumán,Famaillá,San Rafael,,722,,San Rafael,,-26.9667,-65.3833,propuesto,C5-manual_coord,web_manual_coord,humano_lote,no,pendiente:Jose,2026-07-22,verde (guard: coord en depto esperado),dices.net,https://www.dices.net/mapas/argentina/mapa.php?nombre=San-Rafael&id=16024,verde,"[guard=verde; punto en Famaillá] Lugar poblado en el área Famaillá/Lules, provincia de Tucumán"
v7_p09,11,Salta,Orán,San Ramón de la Nueva Orán,,14286,66126070,San Ramón de la Nueva Orán,Orán,-23.1286385513745,-64.3213844603846,auto_ok,auto_ok,match_exacto_3campos,auto_match,no,auto,2026-07-22,alta,georef/localidades-censales,https://apis.datos.gob.ar/georef/api,verde,
v7_p09,4,Jujuy,Capital,San Salvador de Jujuy,,44188,38021060,San Salvador de Jujuy,Dr. Manuel Belgrano,-24.185813089784,-65.2990832994208,auto_ok,auto_ok,match_exacto_3campos,auto_match,no,auto,2026-07-22,alta,georef/localidades-censales,https://apis.datos.gob.ar/georef/api,verde,
v7_p09,327,La Rioja,General San Martín,San Solano,,314,46091A32,San Solano,General San Martín,-31.4797220551473,-65.9209043429991,propuesto,A (aparcado),bahra_georef,auto_muestreo,no,auto(pendiente_muestra),2026-07-22,alta,georef/asentamientos,https://apis.datos.gob.ar/georef/api,verde,BAHRA: el nombre no es localidad censal -> fuente correcta (P7)
v7_p09,322,Jujuy,Valle Grande,Santa Ana,,322,38105040,Santa Ana,Valle Grande,-23.3560234387255,-64.9891670514674,auto_ok,auto_ok,match_exacto_3campos,auto_match,no,auto,2026-07-22,alta,georef/localidades-censales,https://apis.datos.gob.ar/georef/api,verde,
v7_p09,320,Jujuy,Santa Catalina,Santa Catalina,,331,38077100,Santa Catalina,Santa Catalina,-21.9470909867398,-66.0517468591889,auto_ok,auto_ok,match_exacto_3campos,auto_match,no,auto,2026-07-22,alta,georef/localidades-censales,https://apis.datos.gob.ar/georef/api,verde,
v7_p09,93,Jujuy,Santa Bárbara,Santa Clara,,1535,38070060,Santa Clara,Santa Bárbara,-24.3078151766845,-64.6610648577922,auto_ok,auto_ok,match_exacto_3campos,auto_match,no,auto,2026-07-22,alta,georef/localidades-censales,https://apis.datos.gob.ar/georef/api,verde,
v7_p10,196,La Rioja,General Lavalle,Santa Clara,,684,4602802002,Santa Clara,General Felipe Varela,-29.561280919834,-68.5330542580943,propuesto,A (aparcado),bahra_georef,auto_muestreo,no,auto(pendiente_muestra),2026-07-22,alta,georef/localidades,https://apis.datos.gob.ar/georef/api,verde,BAHRA: el nombre no es localidad censal -> BAHRA es la fuente correcta (P7). id de capa 'localidades' NO es id censal INDEC valido
v7_p10,142,Tucumán,Chicligasta,Santa Cruz,,1012,90091040,Santa Cruz,Simoca,-27.3894478589519,-65.4581248095807,auto_ok,auto_ok,match_exacto_3campos,auto_match,no,auto,2026-07-22,alta,georef/localidades-censales,https://apis.datos.gob.ar/georef/api,verde,
v7_p10,70,Tucumán,Monteros,Santa Lucía,,1972,90070060,Santa Lucía,Monteros,-27.0931139918484,-65.5333037617942,auto_ok,auto_ok,match_exacto_3campos,auto_match,no,auto,2026-07-22,alta,georef/localidades-censales,https://apis.datos.gob.ar/georef/api,verde,
v7_p10,53,Catamarca,Santa María,Santa María,,2826,10091150,Santa María,Santa María,-26.6977269655562,-66.046560256239,auto_ok,auto_ok,match_exacto_3campos,auto_match,no,auto,2026-07-22,alta,georef/localidades-censales,https://apis.datos.gob.ar/georef/api,verde,
v7_p10,424,Salta,Rivadavia,Santa María,,105,66133080,Santa Marí­a,Rivadavia,-22.1545359864759,-62.8090798928455,auto_ok,auto_ok,match_exacto_3campos,auto_match,no,auto,2026-07-22,alta,georef/localidades-censales,https://apis.datos.gob.ar/georef/api,verde,
v7_p10,205,La Rioja,General Ocampo,Santa Rita de Catuna,,641,46084050,Santa Rita de Catuna,General Ortiz de Ocampo,-30.9547011317801,-66.2207364277133,auto_ok,auto_ok,match_exacto_3campos,auto_match,no,auto,2026-07-22,alta,georef/localidades-censales,https://apis.datos.gob.ar/georef/api,verde,
v7_p10,143,Catamarca,Tinogasta,Santa Rosa,,1006,,Santa Rosa (Tinogasta),,-28.033,-67.617,propuesto,C5-manual_coord,web_manual_coord,humano_lote,no,pendiente:Jose,2026-07-22,verde (guard: coord en depto esperado),Wikipedia (Santa Rosa Tinogasta),https://es.wikipedia.org/wiki/Santa_Rosa_(Tinogasta),verde,"[guard=verde; punto en Tinogasta] Comuna a 5 km al norte de Tinogasta, depto Tinogasta."
v7_p10,128,Catamarca,Valle Viejo,Santa Rosa,,1149,1011204005,Santa Rosa,Valle Viejo,-28.4425610943667,-65.710838370244,propuesto,A (aparcado),bahra_georef,auto_muestreo,no,auto(pendiente_muestra),2026-07-22,alta,georef/localidades,https://apis.datos.gob.ar/georef/api,verde,BAHRA: el nombre no es localidad censal -> BAHRA es la fuente correcta (P7). id de capa 'localidades' NO es id censal INDEC valido
v7_p10,66,Tucumán,Leales,Santa Rosa de Leales,,2133,90056070,Santa Rosa de Leales,Leales,-27.1378169980594,-65.2608293281297,auto_ok,auto_ok,match_exacto_3campos,auto_match,no,auto,2026-07-22,alta,georef/localidades-censales,https://apis.datos.gob.ar/georef/api,verde,
v7_p10,388,Salta,Rosario de Lerma,Santa Rosa de Tastil,,180,66147A32,Santa Rosa de Tastil,Rosario de Lerma,-24.4507793830836,-65.9518291140803,propuesto,A (aparcado),bahra_georef,auto_muestreo,no,auto(pendiente_muestra),2026-07-22,alta,georef/asentamientos,https://apis.datos.gob.ar/georef/api,verde,BAHRA: el nombre no es localidad censal -> fuente correcta (P7)
v7_p10,413,Salta,Rivadavia,Santa Victoria,,126,66133100,Santa Victoria Este,Rivadavia,-22.27273,-62.71258,confirmado_3.3b,3.3b:rename,rename,documentado_3.3b,no,auto:3.3b(web+doc+guard),2026-07-22,media,auto + Wikipedia + Georef,https://es.wikipedia.org/wiki/Santa_Victoria_Este,verde,guard=verde (coord en conjunto permitido)
v7_p10,393,Salta,Santa Victoria,Santa Victoria,,165,66161070,Santa Victoria,Santa Victoria,-22.250720289512,-64.9655763649701,auto_ok,auto_ok,match_exacto_3campos,auto_match,no,auto,2026-07-22,alta,georef/localidades-censales,https://apis.datos.gob.ar/georef/api,verde,
v7_p10,95,La Rioja,Chilecito,Sañogasta,,1508,46042120,Sañogasta,Chilecito,-29.3304016965574,-67.6133785354293,auto_ok,auto_ok,match_exacto_3campos,auto_match,no,auto,2026-07-22,alta,georef/localidades-censales,https://apis.datos.gob.ar/georef/api,verde,
v7_p10,333,Salta,Orán,Saucelito,,287,66126A34,Saucelito,Orán,-23.4367232323648,-64.3339703017437,propuesto,A (aparcado),bahra_georef,auto_muestreo,no,auto(pendiente_muestra),2026-07-22,alta,georef/asentamientos,https://apis.datos.gob.ar/georef/api,verde,BAHRA: el nombre no es localidad censal -> fuente correcta (P7)
v7_p10,172,Catamarca,Pomán,Saujil,,786,10084100,Saujil,Pomán,-28.173337080009,-66.2145148644181,auto_ok,auto_ok,match_exacto_3campos,auto_match,no,auto,2026-07-22,alta,georef/localidades-censales,https://apis.datos.gob.ar/georef/api,verde,
v7_p10,319,La Rioja,San Blas de los Sauces,Schaqui,,335,4611901010,Shaqui,San Blas de Los Sauces,-28.4806277192518,-67.1284401544396,propuesto,E-bahra-fuzzy,bahra_fuzzy,auto_muestreo,no,auto(pendiente_muestra),2026-07-22,BAJA (fuzzy en capa BAHRA: puede no ser el mismo lugar),georef/localidades,https://apis.datos.gob.ar/georef/api,verde,antes era sin_match. candidatos: Shaqui/San Blas de Los Sauces [4611901010]
v7_p10,156,Salta,Molinos,Seclantas,,908,66119030,Seclantás,Molinos,-25.3317436952513,-66.2442051928857,auto_ok,auto_ok,match_exacto_3campos,auto_match,no,auto,2026-07-22,alta,georef/localidades-censales,https://apis.datos.gob.ar/georef/api,verde,
v7_p10,277,Jujuy,Humahuaca,Senador Péres,,450,,Estación Senador Pérez (Uquía),,-23.3046,-65.3574,propuesto,C5-manual_coord,web_manual_coord,humano_lote,no,pendiente:Jose,2026-07-22,verde (guard: coord en depto esperado),Wikipedia (Estación Senador Pérez / Uquía),https://es.wikipedia.org/wiki/Estaci%C3%B3n_Senador_P%C3%A9rez,verde,"[guard=verde; punto en Humahuaca] La estación Senador Pérez está en la localidad de Uquía, depto Humahuaca; coordenada de Uquía."
v7_p10,325,Jujuy,Susques,Sey,,318,38084080,Puesto Sey,Susques,-23.9450800745364,-66.4880705176388,propuesto,A (aparcado),bahra_georef,auto_muestreo,no,auto(pendiente_muestra),2026-07-22,media (nombre difiere),georef/,https://apis.datos.gob.ar/georef/api,verde,variante de nombre en el depto correcto
v7_p10,236,Tucumán,Burruyacú,Siete de Abril,,565,90007080,7 de Abril,,-26.2881894182337,-64.5013762644933,propuesto,C-generador,generador_transformacion,auto_muestreo,no,auto(pendiente_muestra),2026-07-22,media (match exacto pero en capa BAHRA),georef/asentamientos,https://apis.datos.gob.ar/georef/api,verde,candidato probado: '7 de Abril' [numero-palabra -> digito: Siete->7 [capa asentamientos]]
v7_p10,175,Catamarca,Pomán,Siján,,780,10084110,Siján,Pomán,-28.2623558875079,-66.2209299175292,auto_ok,auto_ok,match_exacto_3campos,auto_match,no,auto,2026-07-22,alta,georef/localidades-censales,https://apis.datos.gob.ar/georef/api,verde,
v7_p10,48,Tucumán,Monteros,Simoca,,3101,90091050,Simoca,Simoca,-27.2629015939786,-65.3580572772022,auto_ok,auto_ok,match_exacto_3campos,auto_match,no,auto,2026-07-22,alta,georef/localidades-censales,https://apis.datos.gob.ar/georef/api,verde,
v7_p10,329,La Rioja,Rivadavia,Solca,,309,46070A26,Solca,General Juan Facundo Quiroga,-30.7636793564856,-66.4441208657226,propuesto,A (aparcado),bahra_georef,auto_muestreo,no,auto(pendiente_muestra),2026-07-22,alta,georef/asentamientos,https://apis.datos.gob.ar/georef/api,verde,BAHRA: el nombre no es localidad censal -> fuente correcta (P7)
v7_p10,219,Catamarca,Valle Viejo,Sumalao,,604,1011204006,Sumalao,Valle Viejo,-28.4749648388181,-65.737589732477,propuesto,A (aparcado),bahra_georef,auto_muestreo,no,auto(pendiente_muestra),2026-07-22,alta,georef/localidades,https://apis.datos.gob.ar/georef/api,verde,BAHRA: el nombre no es localidad censal -> BAHRA es la fuente correcta (P7). id de capa 'localidades' NO es id censal INDEC valido
v7_p10,243,Jujuy,Susques,Susques,,537,38084100,Susques,Susques,-23.3993487788994,-66.3663509046119,auto_ok,auto_ok,match_exacto_3campos,auto_match,no,auto,2026-07-22,alta,georef/localidades-censales,https://apis.datos.gob.ar/georef/api,verde,
v7_p10,15,Salta,Orán,Tabacal,,11346,66126030,El Tabacal,Orán,-23.253268335436,-64.2465645569251,propuesto,A (aparcado),bahra_georef,auto_muestreo,no,auto(pendiente_muestra),2026-07-22,media (nombre difiere),georef/,https://apis.datos.gob.ar/georef/api,verde,variante de nombre en el depto correcto
v7_p10,245,Tucumán,Graneros,Taco Ralo,,530,90035030,Taco Ralo,Graneros,-27.8350683836867,-65.1946017699559,auto_ok,auto_ok,match_exacto_3campos,auto_match,no,auto,2026-07-22,alta,georef/localidades-censales,https://apis.datos.gob.ar/georef/api,verde,
v7_p10,207,Tucumán,Tafí,Tafí del Valle,,640,90098040,Tafí del Valle,Tafí del Valle,-26.8527978993495,-65.7085573791718,auto_ok,auto_ok,match_exacto_3campos,auto_match,no,auto,2026-07-22,alta,georef/localidades-censales,https://apis.datos.gob.ar/georef/api,verde,
v7_p10,6,Tucumán,Tafí,Tafí Viejo,,21197,90105080,Tafí Viejo,Tafí Viejo,-26.7343243010404,-65.2593279850237,auto_ok,auto_ok,match_exacto_3campos,auto_match,no,auto,2026-07-22,alta,georef/localidades-censales,https://apis.datos.gob.ar/georef/api,verde,
v7_p10,136,Salta,Candelaria,Tala,,1099,66084020,El Tala,La Candelaria,-26.1121168889331,-65.2778009875003,propuesto,A (aparcado),bahra_georef,auto_muestreo,no,auto(pendiente_muestra),2026-07-22,media (nombre difiere),georef/,https://apis.datos.gob.ar/georef/api,verde,variante de nombre en el depto correcto
v7_p10,330,Salta,La Viña,Tala Pampa,,304,,Talapampa,,-25.5450,-65.5570,propuesto,C5-rename,web_rename,humano_lote,no,pendiente:Jose,2026-07-22,verde (guard: coord en depto esperado),Georef (INDEC/datos.gob.ar),https://apis.datos.gob.ar/georef/api/localidades-censales?nombre=Talapampa,verde,"[guard=verde; punto en La Viña] Tala Pampa = Talapampa, localidad del depto La Viña, Salta"
v7_p10,290,La Rioja,Vélez Sarsfield,Tama,,411,46056020,Tama,Ángel Vicente Peñaloza,-30.508814204812,-66.5288369610807,auto_ok,auto_ok,match_exacto_3campos,auto_match,no,auto,2026-07-22,alta,georef/localidades-censales,https://apis.datos.gob.ar/georef/api,verde,
v7_p10,255,Tucumán,Trancas,Tapia,,399,90112025,Tapia,Trancas,-26.5938338600569,-65.2791317723554,auto_ok,auto_ok,match_exacto_3campos,auto_match,no,auto,2026-07-22,alta,georef/localidades-censales,https://apis.datos.gob.ar/georef/api,verde,
v7_p10,7,Salta,Gral. J. de San Martín,Tartagal,,16740,66056220,Tartagal,General José de San Martín,-22.5167723466293,-63.8055985991564,auto_ok,auto_ok,match_exacto_3campos,auto_match,no,auto,2026-07-22,alta,georef/localidades-censales,https://apis.datos.gob.ar/georef/api,verde,
v7_p10,271,Tucumán,Burruyacú,Taruca Pampa,,470,90007085,Taruca Pampa,Burruyacú,-26.5761214386643,-64.8247126628135,auto_ok,auto_ok,match_exacto_3campos,auto_match,no,auto,2026-07-22,alta,georef/localidades-censales,https://apis.datos.gob.ar/georef/api,verde,
v7_p10,419,Catamarca,Capayán,Telaritos,,113,10042A15,Telaritos,Capayán,-29.4744570808957,-65.6572495544608,propuesto,A (aparcado),bahra_georef,auto_muestreo,no,auto(pendiente_muestra),2026-07-22,alta,georef/asentamientos,https://apis.datos.gob.ar/georef/api,verde,BAHRA: el nombre no es localidad censal -> fuente correcta (P7)
v7_p10,381,Jujuy,Capital,Termas de Reyes,,196,38021A08,Termas de Reyes,Dr. Manuel Belgrano,-24.170047374922,-65.4905073805748,propuesto,A (aparcado),bahra_georef,auto_muestreo,no,auto(pendiente_muestra),2026-07-22,alta,georef/asentamientos,https://apis.datos.gob.ar/georef/api,verde,BAHRA: el nombre no es localidad censal -> fuente correcta (P7)
v7_p10,85,Jujuy,Tilcara,Tilcara,,1675,38094050,Tilcara,Tilcara,-23.5769363225349,-65.393365165314,auto_ok,auto_ok,match_exacto_3campos,auto_match,no,auto,2026-07-22,alta,georef/localidades-censales,https://apis.datos.gob.ar/georef/api,verde,
v7_p10,42,Catamarca,Tinogasta,Tinogasta,,3557,10105180,Tinogasta,Tinogasta,-28.0637510698675,-67.5802695760226,auto_ok,auto_ok,match_exacto_3campos,auto_match,no,auto,2026-07-22,alta,georef/localidades-censales,https://apis.datos.gob.ar/georef/api,verde,
v7_p11,301,Salta,Los Andes,Tolar Grande,,379,66105040,Tolar Grande,Los Andes,-24.5904255635821,-67.395938110293,auto_ok,auto_ok,match_exacto_3campos,auto_match,no,auto,2026-07-22,alta,georef/localidades-censales,https://apis.datos.gob.ar/georef/api,verde,
v7_p11,250,Salta,Anta,Toloche,,521,66007160,Tolloche,Anta,-25.5254824769381,-63.5237430742904,propuesto,A (aparcado),bahra_georef,auto_muestreo,no,auto(pendiente_muestra),2026-07-22,media (nombre difiere),georef/,https://apis.datos.gob.ar/georef/api,verde,variante de nombre en el depto correcto
v7_p11,264,Salta,Cafayate,Tolombón,,480,66021020,Tolombón,Cafayate,-26.1827375945744,-65.9398972254241,auto_ok,auto_ok,match_exacto_3campos,auto_match,no,auto,2026-07-22,alta,georef/localidades-censales,https://apis.datos.gob.ar/georef/api,verde,
v7_p11,129,Tucumán,Trancas,Trancas,,1135,90112030,Villa de Trancas,Trancas,-26.2310292550499,-65.2834605285953,propuesto,A (aparcado),bahra_georef,auto_muestreo,no,auto(pendiente_muestra),2026-07-22,media (nombre difiere),georef/,https://apis.datos.gob.ar/georef/api,verde,variante de nombre en el depto correcto
v7_p11,274,Jujuy,Humahuaca,Tres Cruces,,462,38028050,Tres Cruces,Humahuaca,-22.9169380002989,-65.5878327366614,auto_ok,auto_ok,match_exacto_3campos,auto_match,no,auto,2026-07-22,alta,georef/localidades-censales,https://apis.datos.gob.ar/georef/api,verde,
v7_p11,403,La Rioja,Vélez Sarsfield,Tuisón,,148,46056A19,Tuizón,Ángel Vicente Peñaloza,-30.4250811556774,-66.5406401564882,propuesto,E-bahra-fuzzy,bahra_fuzzy,auto_muestreo,no,auto(pendiente_muestra),2026-07-22,BAJA (fuzzy en capa BAHRA: puede no ser el mismo lugar),georef/asentamientos,https://apis.datos.gob.ar/georef/api,verde,antes era sin_match. candidatos: Tuizón/Ángel Vicente Peñaloza [46056A19]
v7_p11,283,Jujuy,Tumbaya,Tumbaya,,435,38098040,Tumbaya,Tumbaya,-23.8577067205619,-65.4676955539026,auto_ok,auto_ok,match_exacto_3campos,auto_match,no,auto,2026-07-22,alta,georef/localidades-censales,https://apis.datos.gob.ar/georef/api,verde,
v7_p11,282,La Rioja,General San Martín,Ulapes,,438,46091010,Ulapes,General San Martín,-31.5727237816428,-66.2375842738488,auto_ok,auto_ok,match_exacto_3campos,auto_match,no,auto,2026-07-22,alta,georef/localidades-censales,https://apis.datos.gob.ar/georef/api,verde,
v7_p11,54,Salta,Orán,Urundel,,2823,66126080,Urundel,Orán,-23.5578366581158,-64.3969714186738,auto_ok,auto_ok,match_exacto_3campos,auto_match,no,auto,2026-07-22,alta,georef/localidades-censales,https://apis.datos.gob.ar/georef/api,verde,
v7_p11,369,Jujuy,Valle Grande,Valle Grande,,211,38105060,Valle Grande,Valle Grande,-23.4758465611018,-64.9469047343163,auto_ok,auto_ok,match_exacto_3campos,auto_match,no,auto,2026-07-22,alta,georef/localidades-censales,https://apis.datos.gob.ar/georef/api,verde,
v7_p11,170,Salta,La Caldera,Vaqueros,,802,66077020,Vaqueros,La Caldera,-24.6965743799378,-65.410554934593,auto_ok,auto_ok,match_exacto_3campos,auto_match,no,auto,2026-07-22,alta,georef/localidades-censales,https://apis.datos.gob.ar/georef/api,verde,
v7_p11,361,Jujuy,Ledesma,Veintitrés de Agosto,,228,,23 de Agosto,,-23.7808,-64.6708,propuesto,C5-rename,web_rename,humano_lote,no,pendiente:Jose,2026-07-22,verde (guard: coord en depto esperado),osm,https://nominatim.openstreetmap.org/search?q=23%20de%20Agosto%2C%20Ledesma%2C%20Jujuy,verde,"[guard=verde; punto en Ledesma] '23 de Agosto', poblado del depto Ledesma (municipio Calilegua), Jujuy. Coincide depto; existe tambien barrio homonimo e"
v7_p11,24,Salta,Gral. J. de San Martín,Vespucio,,6809,66056020,Campamento Vespucio,General José de San Martín,-22.5848253527577,-63.8546133818611,propuesto,E-bahra-fuzzy,bahra_fuzzy,auto_muestreo,no,auto(pendiente_muestra),2026-07-22,BAJA (fuzzy en capa BAHRA: puede no ser el mismo lugar),georef/asentamientos,https://apis.datos.gob.ar/georef/api,verde,antes era sin_match. candidatos: Campamento Vespucio/General José de San Martín [66056020]
v7_p11,133,La Rioja,Chilecito,Vichigasta,,1104,46042140,Vichigasta,Chilecito,-29.4853117429422,-67.5068956773753,auto_ok,auto_ok,match_exacto_3campos,auto_match,no,auto,2026-07-22,alta,georef/localidades-censales,https://apis.datos.gob.ar/georef/api,verde,
v7_p11,427,Catamarca,El Alto,Vilisman,,93,10056060,Vilismán,El Alto,-28.4972031395527,-65.4337680389204,auto_ok,auto_ok,match_exacto_3campos,auto_match,no,auto,2026-07-22,alta,georef/localidades-censales,https://apis.datos.gob.ar/georef/api,verde,
v7_p11,20,Tucumán,Río Chico,Villa Alberdi,,7266,,Juan Bautista Alberdi,,-27.5861,-65.6197,propuesto,C5-rename,web_rename,humano_lote,no,pendiente:Jose,2026-07-22,verde (guard: coord en depto esperado),Wikipedia,https://es.wikipedia.org/wiki/Juan_Bautista_Alberdi_(Tucum%C3%A1n),verde,"[guard=verde; punto en Juan Bautista Alberdi] Ciudad denominada originalmente Villa Alberdi; hoy Juan Bautista Alberdi, cabecera del depto homonimo (depto 1960 Rio Ch"
v7_p11,145,Tucumán,Río Chico,Villa Belgrano,,1000,90042020,Villa Belgrano,Juan Bautista Alberdi,-27.5309021796214,-65.6158747007436,auto_ok,auto_ok,match_exacto_3campos,auto_match,no,auto,2026-07-22,alta,georef/localidades-censales,https://apis.datos.gob.ar/georef/api,verde,
v7_p11,113,La Rioja,Sanagasta,Villa Bustos,,1314,,Villa Sanagasta,,-29.267,-67.017,propuesto,C5-rename,web_rename,humano_lote,no,pendiente:Jose,2026-07-22,verde (guard: coord en depto esperado),Wikipedia (Villa Sanagasta),https://es.wikipedia.org/wiki/Villa_Sanagasta,verde,"[guard=verde; punto en Sanagasta] Villa Sanagasta, anteriormente conocida como Villa Bustos; cabecera del depto Sanagasta."
v7_p11,224,La Rioja,General Lamadrid,Villa Castelli,,597,46077010,Villa Castelli,General Lamadrid,-29.0095119583782,-68.2239601300355,auto_ok,auto_ok,match_exacto_3campos,auto_match,no,auto,2026-07-22,alta,georef/localidades-censales,https://apis.datos.gob.ar/georef/api,verde,
v7_p11,395,La Rioja,General Roca,Villa Chepes,,162,46112A27,Villa Chepes,Rosario Vera Peñaloza,-31.2600655721296,-66.5855721951218,propuesto,A (aparcado),bahra_georef,auto_muestreo,no,auto(pendiente_muestra),2026-07-22,alta,georef/asentamientos,https://apis.datos.gob.ar/georef/api,verde,BAHRA: el nombre no es localidad censal -> fuente correcta (P7)
v7_p11,160,Tucumán,Río Chico,Villa Clodomiro Hileret,,875,90077050,Villa Clodomiro Hileret,Río Chico,-27.4739466117854,-65.6592300213907,auto_ok,auto_ok,match_exacto_3campos,auto_match,no,auto,2026-07-22,alta,georef/localidades-censales,https://apis.datos.gob.ar/georef/api,verde,
v7_p11,108,Catamarca,Valle Viejo,Villa Dolores,,1355,1011204007,Villa Dolores,Valle Viejo,-28.4611661862365,-65.7328190343883,propuesto,A (aparcado),bahra_georef,auto_muestreo,no,auto(pendiente_muestra),2026-07-22,alta,georef/localidades,https://apis.datos.gob.ar/georef/api,verde,BAHRA: el nombre no es localidad censal -> BAHRA es la fuente correcta (P7). id de capa 'localidades' NO es id censal INDEC valido
v7_p11,244,Catamarca,El Alto,Villa El Alto,,530,10056010,Villa Concepcion del Alto,El Alto,-28.3105289310144,-65.3644100118657,propuesto,A (aparcado),bahra_georef,auto_muestreo,no,auto(pendiente_muestra),2026-07-22,media (nombre difiere),georef/,https://apis.datos.gob.ar/georef/api,verde,variante de nombre en el depto correcto
v7_p11,150,La Rioja,Arauco,Villa Mazán,,951,46007050,Villa Mazán,Arauco,-28.6520439919202,-66.5442167062845,auto_ok,auto_ok,match_exacto_3campos,auto_match,no,auto,2026-07-22,alta,georef/localidades-censales,https://apis.datos.gob.ar/georef/api,verde,
v7_p11,138,Tucumán,Chicligasta,Villa Nva. de Monte Rico,,1092,,Monte Rico,,-27.3835,-65.6272,propuesto,C5-manual_coord,web_manual_coord,humano_lote,no,pendiente:Jose,2026-07-22,verde (guard: coord en depto esperado),osm,"https://nominatim.openstreetmap.org/search?q=Monte+Rico,+Chicligasta,+Tucuman,+Argentina",verde,"[guard=verde; punto en Chicligasta] Aldea Monte Rico en depto Chicligasta, cerca de Concepción."
v7_p11,41,Tucumán,Monteros,Villa Quinteros,,3723,90070100,Villa Quinteros,Monteros,-27.252889386819,-65.5493003940663,auto_ok,auto_ok,match_exacto_3campos,auto_match,no,auto,2026-07-22,alta,georef/localidades-censales,https://apis.datos.gob.ar/georef/api,verde,
v7_p11,81,La Rioja,General Lavalle,Villa Unión,,1696,46028050,Villa Unión,General Felipe Varela,-29.3177647139629,-68.2277639116593,auto_ok,auto_ok,match_exacto_3campos,auto_match,no,auto,2026-07-22,alta,georef/localidades-censales,https://apis.datos.gob.ar/georef/api,verde,
v7_p11,297,La Rioja,General Sarmiento,Vinchina,,395,46098020,Villa San José de Vinchina,Vinchina,-28.7537205926495,-68.2049190613806,propuesto,A (aparcado),bahra_georef,auto_muestreo,no,auto(pendiente_muestra),2026-07-22,media (nombre difiere),georef/,https://apis.datos.gob.ar/georef/api,verde,variante de nombre en el depto correcto
v7_p11,230,Tucumán,Trancas,Vipos,,584,90112040,Vipos,Trancas,-26.4811433454964,-65.3468271732962,auto_ok,auto_ok,match_exacto_3campos,auto_match,no,auto,2026-07-22,alta,georef/localidades-censales,https://apis.datos.gob.ar/georef/api,verde,
v7_p11,112,Jujuy,Tumbaya,Volcán,,1319,38098050,Volcán,Tumbaya,-23.9165986512201,-65.4655058903446,auto_ok,auto_ok,match_exacto_3campos,auto_match,no,auto,2026-07-22,alta,georef/localidades-censales,https://apis.datos.gob.ar/georef/api,verde,
v7_p11,214,Jujuy,Capital,Yala,,613,38021070,Yala,Dr. Manuel Belgrano,-24.1201364173499,-65.401785782867,auto_ok,auto_ok,match_exacto_3campos,auto_match,no,auto,2026-07-22,alta,georef/localidades-censales,https://apis.datos.gob.ar/georef/api,verde,
v7_p11,270,Jujuy,Yaví,Yaví,,472,38112080,Yavi,Yavi,-22.1307312422532,-65.4625344481329,auto_ok,auto_ok,match_exacto_3campos,auto_match,no,auto,2026-07-22,alta,georef/localidades-censales,https://apis.datos.gob.ar/georef/api,verde,
v7_p11,33,Tucumán,Tafí,Yerba Buena,,4519,90119030,Yerba Buena,Yerba Buena,-26.816042,-65.292538,confirmado_3.3b,3.3b:transferencia_confirmada,transferencia_confirmada,documentado_3.3b,no,auto:3.3b(web+doc+guard),2026-07-22,alta,auto + Georef + Wikipedia,https://es.wikipedia.org/wiki/Anexo:Departamentos_de_la_Provincia_de_Tucum%C3%A1n,verde,transferencia DOCUMENTADA: Ley provincial 4518 (1976) | ley: Ley provincial 4518 (1976)
v7_p11,417,Jujuy,Santa Catalina,Yoscaba,,116,38077110,Yoscaba,Santa Catalina,-22.1671932548934,-66.0247356350832,auto_ok,auto_ok,match_exacto_3campos,auto_match,no,auto,2026-07-22,alta,georef/localidades-censales,https://apis.datos.gob.ar/georef/api,verde,
v7_p11,239,Salta,Orán,Yuchán,,562,66126A37,Yuchán,Orán,-23.4366982398471,-64.1439445722895,propuesto,A (aparcado),bahra_georef,auto_muestreo,no,auto(pendiente_muestra),2026-07-22,alta,georef/asentamientos,https://apis.datos.gob.ar/georef/api,verde,BAHRA: el nombre no es localidad censal -> fuente correcta (P7)
v7_p11,276,Jujuy,Ledesma,Yuto,,451,38035110,Yuto,Ledesma,-23.6427075122006,-64.4717302732701,auto_ok,auto_ok,match_exacto_3campos,auto_match,no,auto,2026-07-22,alta,georef/localidades-censales,https://apis.datos.gob.ar/georef/api,verde,
v8_p01,200,Mendoza,Malargüe,Agua Escondida,,29,50077010,Agua Escondida,Malargüe,-36.1532390359812,-68.3048428543176,auto_ok,auto_ok,match_exacto_3campos,auto_match,no,auto,2026-07-22,alta,georef/localidades-censales,https://apis.datos.gob.ar/georef/api,verde,
v8_p01,22,San Juan,Albardón,Albardón,,6985,70007020,Villa General San Martín - Campo Afuera,,-31.4396422437255,-68.5205567477965,propuesto,C1-cabecera,cabecera_documentada,humano_lote,no,pendiente:Jose,2026-07-22,alta,web+georef,https://es.wikipedia.org/wiki/Departamento_Albard%C3%B3n,verde,el censo 1960 listo la cabecera con el nombre del depto. cabecera = Villa General San Martin (NO existe pueblo 'Albardon'); Georef la lista con el nombre compuesto 'Villa General San Martin - Campo Afuera'
v8_p01,47,Mendoza,Las Heras,Algarrobal,,2093,5004905003,El Algarrobal,Las Heras,-32.836885004476,-68.7707577387305,propuesto,E-bahra-fuzzy,bahra_fuzzy,auto_muestreo,no,auto(pendiente_muestra),2026-07-22,BAJA (fuzzy en capa BAHRA: puede no ser el mismo lugar),georef/localidades,https://apis.datos.gob.ar/georef/api,verde,antes era sin_match. candidatos: El Algarrobal/Las Heras [5004905003]
v8_p01,92,San Juan,Veinticinco de Mayo,Algarrobo Verde,,1279,70126A00,Algarrobo Verde,25 de Mayo,-31.7726765995831,-68.304445020894,propuesto,A (aparcado),bahra_georef,auto_muestreo,no,auto(pendiente_muestra),2026-07-22,alta,georef/asentamientos,https://apis.datos.gob.ar/georef/api,verde,BAHRA: el nombre no es localidad censal -> fuente correcta (P7)
v8_p01,44,San Juan,Santa Lucía,Alto de Sierra,,2468,,Alto de Sierra (Santa Lucia),Santa Lucía,-31.53694,-68.42000,confirmado_3.3b,3.3b:manual_coord,manual_coord,documentado_3.3b,no,auto:3.3b(web+doc+guard),2026-07-22,alta,auto + Wikipedia,https://es.wikipedia.org/wiki/Alto_de_Sierra_(Santa_Luc%C3%ADa),verde,guard=verde (coord en conjunto permitido)
v8_p01,192,San Luis,La Capital,Alto Pelado,,120,74056010,Alto Pelado,Juan Martín de Pueyrredón,-33.8369973160712,-66.1391335197348,auto_ok,auto_ok,match_exacto_3campos,auto_match,no,auto,2026-07-22,alta,georef/localidades-censales,https://apis.datos.gob.ar/georef/api,verde,
v8_p01,165,San Luis,La Capital,Alto Pencoso,,338,74056020,Alto Pencoso,Juan Martín de Pueyrredón,-33.4318349890426,-66.9274555070049,auto_ok,auto_ok,match_exacto_3campos,auto_match,no,auto,2026-07-22,alta,georef/localidades-censales,https://apis.datos.gob.ar/georef/api,verde,
v8_p01,117,San Luis,Gobernador Dupuy,Anchorena,,862,74042010,Anchorena,Gobernador Dupuy,-35.6756997966016,-65.4246947346804,auto_ok,auto_ok,match_exacto_3campos,auto_match,no,auto,2026-07-22,alta,georef/localidades-censales,https://apis.datos.gob.ar/georef/api,verde,
v8_p01,100,Mendoza,Rivadavia,Andrade,,1191,50084010,Andrade,Rivadavia,-33.1817074350305,-68.5237212096493,auto_ok,auto_ok,match_exacto_3campos,auto_match,no,auto,2026-07-22,alta,georef/localidades-censales,https://apis.datos.gob.ar/georef/api,verde,
v8_p01,169,San Juan,Iglesia,Angualasto,,312,70049010,Angualasto,Iglesia,-30.0600502398538,-69.1749897279416,auto_ok,auto_ok,match_exacto_3campos,auto_match,no,auto,2026-07-22,alta,georef/localidades-censales,https://apis.datos.gob.ar/georef/api,verde,
v8_p01,101,San Luis,Gobernador Dupuy,Arizona,,1167,74042020,Arizona,Gobernador Dupuy,-35.7250240474772,-65.3206068408142,auto_ok,auto_ok,match_exacto_3campos,auto_match,no,auto,2026-07-22,alta,georef/localidades-censales,https://apis.datos.gob.ar/georef/api,verde,
v8_p01,167,San Juan,Valle Fértil,Astica,,321,70119010,Astica,Valle Fértil,-30.9539271241098,-67.3010939412141,auto_ok,auto_ok,match_exacto_3campos,auto_match,no,auto,2026-07-22,alta,georef/localidades-censales,https://apis.datos.gob.ar/georef/api,verde,
v8_p01,168,San Luis,Gobernador Dupuy,Bagual,,317,74042030,Bagual,Gobernador Dupuy,-35.1427708697692,-65.5696629196809,auto_ok,auto_ok,match_exacto_3campos,auto_match,no,auto,2026-07-22,alta,georef/localidades-censales,https://apis.datos.gob.ar/georef/api,verde,
v8_p01,141,San Luis,La Capital,Balde,,521,74056030,Balde,Juan Martín de Pueyrredón,-33.3419670796738,-66.6262471913313,auto_ok,auto_ok,match_exacto_3campos,auto_match,no,auto,2026-07-22,alta,georef/localidades-censales,https://apis.datos.gob.ar/georef/api,verde,
v8_p01,75,San Juan,Calingasta,Barreal,,1790,70021010,Barreal - Villa Pituil,Calingasta,-31.6493358622174,-69.4763632145309,propuesto,A (aparcado),bahra_georef,auto_muestreo,no,auto(pendiente_muestra),2026-07-22,media (nombre difiere),georef/,https://apis.datos.gob.ar/georef/api,verde,variante de nombre en el depto correcto
v8_p01,148,San Luis,Gobernador Dupuy,Batavia,,457,74042040,Batavia,Gobernador Dupuy,-34.7786376420243,-65.6882164824171,auto_ok,auto_ok,match_exacto_3campos,auto_match,no,auto,2026-07-22,alta,georef/localidades-censales,https://apis.datos.gob.ar/georef/api,verde,
v8_p01,110,San Luis,La Capital,Beazley,,1070,74056040,Beazley,Juan Martín de Pueyrredón,-33.757590277536,-66.6448173607139,auto_ok,auto_ok,match_exacto_3campos,auto_match,no,auto,2026-07-22,alta,georef/localidades-censales,https://apis.datos.gob.ar/georef/api,verde,
v8_p01,30,San Juan,Santa Lucía,Bermejito,,4403,,Bermejito,,-31.5122,-68.5031,propuesto,C5-manual_coord,web_manual_coord,humano_lote,no,pendiente:Jose,2026-07-22,verde (guard: coord en depto esperado),osm,"https://nominatim.openstreetmap.org/search?q=Bermejito,+Santa+Lucia,+San+Juan,+Argentina",verde,[guard=verde; punto en Santa Lucía] Barrio/aldea Bermejito en depto Santa Lucía (San Juan). NO es el homónimo Bermejo/Caucete de la pista.
v8_p01,138,San Juan,Caucete,Bermejo,,578,70035010,Bermejo,Caucete,-31.5903013423777,-67.6604600688417,auto_ok,auto_ok,match_exacto_3campos,auto_match,no,auto,2026-07-22,alta,georef/localidades-censales,https://apis.datos.gob.ar/georef/api,verde,
v8_p01,33,Mendoza,General Alvear,Bowen,,4058,50014010,Bowen,General Alvear,-35.0004221380396,-67.5104559960815,auto_ok,auto_ok,match_exacto_3campos,auto_match,no,auto,2026-07-22,alta,georef/localidades-censales,https://apis.datos.gob.ar/georef/api,verde,
v8_p01,104,San Luis,Gobernador Dupuy,Buena Esperanza,,1145,74042050,Buena Esperanza,Gobernador Dupuy,-34.7578672759304,-65.2535894208749,auto_ok,auto_ok,match_exacto_3campos,auto_match,no,auto,2026-07-22,alta,georef/localidades-censales,https://apis.datos.gob.ar/georef/api,verde,
v8_p01,115,San Juan,Calingasta,Calingasta,,910,70021020,Calingasta,Calingasta,-31.3344794669802,-69.4205535228165,auto_ok,auto_ok,match_exacto_3campos,auto_match,no,auto,2026-07-22,alta,georef/localidades-censales,https://apis.datos.gob.ar/georef/api,verde,
v8_p01,94,San Luis,Ayacucho,Candelaria,,1248,74007010,Candelaria,Ayacucho,-32.0611889274482,-65.8248518706818,auto_ok,auto_ok,match_exacto_3campos,auto_match,no,auto,2026-07-22,alta,georef/localidades-censales,https://apis.datos.gob.ar/georef/api,verde,
v8_p01,163,San Juan,Sarmiento,Cañada Honda,,345,70105010,Cañada Honda,Sarmiento,-31.9850527438787,-68.5481911385325,auto_ok,auto_ok,match_exacto_3campos,auto_match,no,auto,2026-07-22,alta,georef/localidades-censales,https://apis.datos.gob.ar/georef/api,verde,
v8_p01,58,Mendoza,San Rafael,Cañada Seca,,1986,50105A04,Cañada Seca,San Rafael,-34.7438923130411,-68.1541286460311,propuesto,A (aparcado),bahra_georef,auto_muestreo,no,auto(pendiente_muestra),2026-07-22,alta,georef/asentamientos,https://apis.datos.gob.ar/georef/api,verde,BAHRA: el nombre no es localidad censal -> fuente correcta (P7)
v8_p01,179,San Juan,Pocito,Carpintería,,219,70070020,Carpintería,Pocito,-31.8197340262041,-68.5420480840304,auto_ok,auto_ok,match_exacto_3campos,auto_match,no,auto,2026-07-22,alta,georef/localidades-censales,https://apis.datos.gob.ar/georef/api,verde,
v8_p01,53,Mendoza,Luján,Carrodilla,,2000,5006309001,Carrodilla,Luján de Cuyo,-32.9674232624478,-68.8516196087317,propuesto,A (aparcado),bahra_georef,auto_muestreo,no,auto(pendiente_muestra),2026-07-22,alta,georef/localidades,https://apis.datos.gob.ar/georef/api,verde,BAHRA: el nombre no es localidad censal -> BAHRA es la fuente correcta (P7). id de capa 'localidades' NO es id censal INDEC valido
v8_p01,13,San Juan,Caucete,Caucete,,11950,70035020,Caucete,Caucete,-31.6514787868907,-68.2821404352408,auto_ok,auto_ok,match_exacto_3campos,auto_match,no,auto,2026-07-22,alta,georef/localidades-censales,https://apis.datos.gob.ar/georef/api,verde,
v8_p01,161,San Juan,Sarmiento,Cienegüita,,354,70105020,Cienaguita,Sarmiento,-32.0771624084154,-68.6961680242861,propuesto,A (aparcado),bahra_georef,auto_muestreo,no,auto(pendiente_muestra),2026-07-22,media (nombre difiere),georef/,https://apis.datos.gob.ar/georef/api,verde,variante de nombre en el depto correcto
v8_p01,89,San Juan,Sarmiento,Cochagual,,1335,70105025,Cochagual,Sarmiento,-31.8814965205259,-68.3844718532843,auto_ok,auto_ok,match_exacto_3campos,auto_match,no,auto,2026-07-22,alta,georef/localidades-censales,https://apis.datos.gob.ar/georef/api,verde,
v8_p01,37,Mendoza,General Alvear,Colonia Alvear Oeste,,3665,,Colonia Alvear Oeste,,-35.0,-67.6667,propuesto,C5-manual_coord,web_manual_coord,humano_lote,no,pendiente:Jose,2026-07-22,verde (guard: coord en depto esperado),dices.net,https://www.dices.net/mapas/argentina/mapa.php?nombre=&id=31783,verde,"[guard=verde; punto en General Alvear] Localidad/estación FC en el depto General Alvear, Mendoza"
v8_p01,74,San Luis,Chacabuco,Concarán,,1844,74028010,Concarán,Chacabuco,-32.5608234064086,-65.2444335936418,auto_ok,auto_ok,match_exacto_3campos,auto_match,no,auto,2026-07-22,alta,georef/localidades-censales,https://apis.datos.gob.ar/georef/api,verde,
v8_p01,54,Mendoza,Maipú,Coquimbito,,1998,5007006002,Coquimbito,Maipú,-32.9709296458884,-68.7567309374964,propuesto,A (aparcado),bahra_georef,auto_muestreo,no,auto(pendiente_muestra),2026-07-22,alta,georef/localidades,https://apis.datos.gob.ar/georef/api,verde,BAHRA: el nombre no es localidad censal -> BAHRA es la fuente correcta (P7). id de capa 'localidades' NO es id censal INDEC valido
v8_p01,50,Mendoza,Lavalle,Costa del Araujo,,2003,50056080,Costa de Araujo,Lavalle,-32.7589352699959,-68.3951235497088,propuesto,A (aparcado),bahra_georef,auto_muestreo,no,auto(pendiente_muestra),2026-07-22,media (nombre difiere),georef/,https://apis.datos.gob.ar/georef/api,verde,variante de nombre en el depto correcto
v8_p01,67,Mendoza,San Rafael,Cuadro Nacional,,1879,5010521001,Cuadro Nacional,San Rafael,-34.6171378885148,-68.2753742994292,propuesto,A (aparcado),bahra_georef,auto_muestreo,no,auto(pendiente_muestra),2026-07-22,alta,georef/localidades,https://apis.datos.gob.ar/georef/api,verde,BAHRA: el nombre no es localidad censal -> BAHRA es la fuente correcta (P7). id de capa 'localidades' NO es id censal INDEC valido
v8_p01,63,Mendoza,Maipú,Cruz de Piedra,,1948,50070030,Cruz de Piedra,Maipú,-33.0327352532182,-68.826767336305,auto_ok,auto_ok,match_exacto_3campos,auto_match,no,auto,2026-07-22,alta,georef/localidades-censales,https://apis.datos.gob.ar/georef/api,verde,
v8_p01,32,Mendoza,Luján,Chacras de Coria,,4109,5006309002,Chacras de Coria,Luján de Cuyo,-32.9694816435606,-68.8715140834301,propuesto,A (aparcado),bahra_georef,auto_muestreo,no,auto(pendiente_muestra),2026-07-22,alta,georef/localidades,https://apis.datos.gob.ar/georef/api,verde,BAHRA: el nombre no es localidad censal -> BAHRA es la fuente correcta (P7). id de capa 'localidades' NO es id censal INDEC valido
v8_p01,78,Mendoza,San Carlos,Chilecito,,1584,50091020,Chilecito,San Carlos,-33.8915305879832,-69.071267150964,auto_ok,auto_ok,match_exacto_3campos,auto_match,no,auto,2026-07-22,alta,georef/localidades-censales,https://apis.datos.gob.ar/georef/api,verde,
v8_p01,15,San Juan,Chimbas,Chimbas,,11398,70042010,Chimbas,Chimbas,-31.4931935738869,-68.5335424387439,auto_ok,auto_ok,match_exacto_3campos,auto_match,no,auto,2026-07-22,alta,georef/localidades-censales,https://apis.datos.gob.ar/georef/api,verde,
v8_p01,197,San Luis,La Capital,Chosmes,,90,74056060,Chosmes,Juan Martín de Pueyrredón,-33.4035920537354,-66.8037146623549,auto_ok,auto_ok,match_exacto_3campos,auto_match,no,auto,2026-07-22,alta,georef/localidades-censales,https://apis.datos.gob.ar/georef/api,verde,
v8_p01,191,San Juan,Valle Fértil,Chucuma,,129,70119030,Chucuma,Valle Fértil,-31.0694386139607,-67.282150243193,auto_ok,auto_ok,match_exacto_3campos,auto_match,no,auto,2026-07-22,alta,georef/localidades-censales,https://apis.datos.gob.ar/georef/api,verde,
v8_p02,109,San Juan,Veinticinco de Mayo,Divisoria,,1090,,Divisoria (localidad del depto 25 de Mayo),25 de Mayo,-31.72032,-68.30388,confirmado_3.3b,3.3b:manual_coord,manual_coord,documentado_3.3b,no,auto:3.3b(web+doc+guard),2026-07-22,media,auto + OpenStreetMap/Nominatim + web,https://nominatim.openstreetmap.org/search?q=Divisoria+San+Juan+Argentina&format=json,verde,guard=verde (coord en conjunto permitido)
v8_p02,151,San Luis,Gobernador Dupuy,Dixonville,,441,,Fortín El Patria (ex Dixonville),,-34.7726,-65.5232,propuesto,C5-rename,web_rename,humano_lote,no,pendiente:Jose,2026-07-22,verde (guard: coord en depto esperado),osm,https://nominatim.openstreetmap.org/search?q=Fort%C3%ADn%20El%20Patria%2C%20San%20Luis,verde,"[guard=verde; punto en Gobernador Dupuy] Estacion Dixonville, hoy paraje/municipio Fortin El Patria, depto Gobernador Dupuy, San Luis. Coincide depto (la coord d"
v8_p02,154,San Luis,La Capital,El Chorrillo,,432,7405610003,El Chorrillo,Juan Martín de Pueyrredón,-33.2904470528437,-66.265531650787,propuesto,A (aparcado),bahra_georef,auto_muestreo,no,auto(pendiente_muestra),2026-07-22,alta,georef/localidades,https://apis.datos.gob.ar/georef/api,verde,BAHRA: el nombre no es localidad censal -> BAHRA es la fuente correcta (P7). id de capa 'localidades' NO es id censal INDEC valido
v8_p02,196,San Luis,Belgrano,El Gigante,,100,74014A35,Santa Rosa del Gigante,Belgrano,-32.9912059521926,-66.8120345902443,propuesto,E-bahra-fuzzy,bahra_fuzzy,auto_muestreo,no,auto(pendiente_muestra),2026-07-22,BAJA (fuzzy en capa BAHRA: puede no ser el mismo lugar),georef/asentamientos,https://apis.datos.gob.ar/georef/api,verde,antes era sin_match. candidatos: Santa Rosa del Gigante/Belgrano [74014A35]
v8_p02,108,Mendoza,San Rafael,El Nihuil,,1103,50105070,El Nihuil,San Rafael,-35.0353713864246,-68.6806149266928,auto_ok,auto_ok,match_exacto_3campos,auto_match,no,auto,2026-07-22,alta,georef/localidades-censales,https://apis.datos.gob.ar/georef/api,verde,
v8_p02,48,Mendoza,Las Heras,El Resguardo,,2012,5004905008,El Resguardo,Las Heras,-32.8303390304647,-68.8209663176292,propuesto,A (aparcado),bahra_georef,auto_muestreo,no,auto(pendiente_muestra),2026-07-22,alta,georef/localidades,https://apis.datos.gob.ar/georef/api,verde,BAHRA: el nombre no es localidad censal -> BAHRA es la fuente correcta (P7). id de capa 'localidades' NO es id censal INDEC valido
v8_p02,153,San Luis,La Capital,El Volcán,,432,74056080,El Volcán,Juan Martín de Pueyrredón,-33.2506413694995,-66.1804387524134,auto_ok,auto_ok,match_exacto_3campos,auto_match,no,auto,2026-07-22,alta,georef/localidades-censales,https://apis.datos.gob.ar/georef/api,verde,
v8_p02,155,San Luis,Coronel Pringles,Embalse La Florida,,417,,La Florida,,-33.1182,-66.0008,propuesto,C5-rename,web_rename,humano_lote,no,pendiente:Jose,2026-07-22,verde (guard: coord en depto esperado),Wikipedia,https://es.wikipedia.org/wiki/La_Florida_(San_Luis),verde,"[guard=verde; punto en Coronel Pringles] Localidad junto al Embalse La Florida, depto Coronel Pringles"
v8_p02,65,Mendoza,San Carlos,Eugenio Bustos,,1906,50091030,Eugenio Bustos,San Carlos,-33.779539008603,-69.0548771361893,auto_ok,auto_ok,match_exacto_3campos,auto_match,no,auto,2026-07-22,alta,georef/localidades-censales,https://apis.datos.gob.ar/georef/api,verde,
v8_p02,130,San Luis,Gobernador Dupuy,Fortuna,,709,74042070,Fortuna,Gobernador Dupuy,-35.130673091663,-65.3830045151238,auto_ok,auto_ok,match_exacto_3campos,auto_match,no,auto,2026-07-22,alta,georef/localidades-censales,https://apis.datos.gob.ar/georef/api,verde,
v8_p02,135,San Luis,Coronel Pringles,Fraga,,618,74021030,Fraga,Coronel Pringles,-33.5020934225152,-65.7927430683989,auto_ok,auto_ok,match_exacto_3campos,auto_match,no,auto,2026-07-22,alta,georef/localidades-censales,https://apis.datos.gob.ar/georef/api,verde,
v8_p02,55,Mendoza,Maipú,Fray Luis Beltrán,,1996,50070050,Fray Luis Beltrán,Maipú,-33.0043976922582,-68.6499236657067,auto_ok,auto_ok,match_exacto_3campos,auto_match,no,auto,2026-07-22,alta,georef/localidades-censales,https://apis.datos.gob.ar/georef/api,verde,
v8_p02,12,Mendoza,General Alvear,General Alvear,,12325,50014030,General Alvear,General Alvear,-34.9774837777834,-67.6963132418926,auto_ok,auto_ok,match_exacto_3campos,auto_match,no,auto,2026-07-22,alta,georef/localidades-censales,https://apis.datos.gob.ar/georef/api,verde,
v8_p02,16,Mendoza,Maipú,General Gutierrez,,10126,5007006003,General Gutiérrez,Maipú,-32.9604074494578,-68.7874652844763,propuesto,A (aparcado),bahra_georef,auto_muestreo,no,auto(pendiente_muestra),2026-07-22,alta,georef/localidades,https://apis.datos.gob.ar/georef/api,verde,BAHRA: el nombre no es localidad censal -> BAHRA es la fuente correcta (P7). id de capa 'localidades' NO es id censal INDEC valido
v8_p02,4,Mendoza,Godoy Cruz,Godoy Cruz,,80024,50021010,Godoy Cruz,Godoy Cruz,-32.9383990762159,-68.8409629642207,auto_ok,auto_ok,match_exacto_3campos,auto_match,no,auto,2026-07-22,alta,georef/localidades-censales,https://apis.datos.gob.ar/georef/api,verde,
v8_p02,73,Mendoza,San Rafael,Goudge,,1852,50105100,Goudge,San Rafael,-34.6766223405705,-68.1331548753633,auto_ok,auto_ok,match_exacto_3campos,auto_match,no,auto,2026-07-22,alta,georef/localidades-censales,https://apis.datos.gob.ar/georef/api,verde,
v8_p02,174,San Juan,Sarmiento,Guanacache,,240,70105050,Guanacache,Sarmiento,-32.0644360689192,-68.5896898648339,propuesto,A (aparcado),bahra_georef,auto_muestreo,no,auto(pendiente_muestra),2026-07-22,alta,georef/asentamientos,https://apis.datos.gob.ar/georef/api,verde,BAHRA: el nombre no es localidad censal -> fuente correcta (P7)
v8_p02,3,Mendoza,Guaymallén,Guaymallén,,85718,50028020,Guaymallén,Guaymallén,-32.893423062057,-68.776140776093,auto_ok,auto_ok,match_exacto_3campos,auto_match,no,auto,2026-07-22,alta,georef/localidades-censales,https://apis.datos.gob.ar/georef/api,verde,
v8_p02,143,San Luis,Belgrano,Hipólito Irigoyen,,481,,Hipólito Yrigoyen,,-32.9167,-66.3333,propuesto,C5-manual_coord,web_manual_coord,humano_lote,no,pendiente:Jose,2026-07-22,verde (guard: coord en depto esperado),getamap,https://www.getamap.net/maps/argentina/san_luis/_hipolitoirigoyen/,verde,"[guard=verde; punto en Belgrano] Localidad del depto Belgrano, San Luis"
v8_p02,98,San Juan,Jáchal,Huaco,,1217,70056030,Huaco,Jáchal,-30.1577584761793,-68.4826412677447,auto_ok,auto_ok,match_exacto_3campos,auto_match,no,auto,2026-07-22,alta,georef/localidades-censales,https://apis.datos.gob.ar/georef/api,verde,
v8_p02,139,San Juan,Iglesia,Iglesia,,575,70049030,Iglesia,Iglesia,-30.4241594403505,-69.2290874734081,auto_ok,auto_ok,match_exacto_3campos,auto_match,no,auto,2026-07-22,alta,georef/localidades-censales,https://apis.datos.gob.ar/georef/api,verde,
v8_p02,137,Mendoza,San Rafael,Ingeniero Balloffet,,578,,Ingeniero Balloffet,,-34.763,-68.4122,propuesto,C5-manual_coord,web_manual_coord,humano_lote,no,pendiente:Jose,2026-07-22,verde (guard: coord en depto esperado),Tripadvisor/GeoNames,https://www.tripadvisor.com/Tourism-g25219062-Ingeniero_Balloffet_San_Rafael_Province_of_Mendoza_Cuyo-Vacations.html,verde,"[guard=verde; punto en San Rafael] Localidad del oasis de San Rafael, depto San Rafael. Coordenada aproximada."
v8_p02,64,Mendoza,Lavalle,Ingeniero Gustavo André,,1929,50056110,Ingeniero Gustavo André,Lavalle,-32.6801598458727,-68.3163327823829,auto_ok,auto_ok,match_exacto_3campos,auto_match,no,auto,2026-07-22,alta,georef/localidades-censales,https://apis.datos.gob.ar/georef/api,verde,
v8_p02,24,San Juan,Jáchal,Jáchal,,6886,70056080,San José de Jáchal,Jáchal,-30.2416434548614,-68.746584232251,propuesto,A (aparcado),bahra_georef,auto_muestreo,no,auto(pendiente_muestra),2026-07-22,media (nombre difiere),georef/,https://apis.datos.gob.ar/georef/api,verde,variante de nombre en el depto correcto
v8_p02,87,Mendoza,San Rafael,Jaime Prats,,1454,50105110,Jaime Prats,San Rafael,-34.910364529096,-67.8204858353936,auto_ok,auto_ok,match_exacto_3campos,auto_match,no,auto,2026-07-22,alta,georef/localidades-censales,https://apis.datos.gob.ar/georef/api,verde,
v8_p02,189,San Luis,La Capital,Jarrilla,,138,74056090,Jarilla,Juan Martín de Pueyrredón,-33.3992256815535,-67.0257914547147,propuesto,A (aparcado),bahra_georef,auto_muestreo,no,auto(pendiente_muestra),2026-07-22,media (nombre difiere),georef/,https://apis.datos.gob.ar/georef/api,verde,variante de nombre en el depto correcto
v8_p02,56,Mendoza,Lavalle,Jocolí,,1994,50056120,Jocolí,Lavalle,-32.5892687727158,-68.6686260585443,auto_ok,auto_ok,match_exacto_3campos,auto_match,no,auto,2026-07-22,alta,georef/localidades-censales,https://apis.datos.gob.ar/georef/api,verde,
v8_p02,140,San Luis,General Pedernera,Juan Jorba,,562,74035010,Juan Jorba,General Pedernera,-33.6128571229721,-65.2727491335928,auto_ok,auto_ok,match_exacto_3campos,auto_match,no,auto,2026-07-22,alta,georef/localidades-censales,https://apis.datos.gob.ar/georef/api,verde,
v8_p02,142,San Luis,General Pedernera,Juan Llerena,,488,74035020,Juan Llerena,General Pedernera,-33.2809294703151,-65.6140093408269,auto_ok,auto_ok,match_exacto_3campos,auto_match,no,auto,2026-07-22,alta,georef/localidades-censales,https://apis.datos.gob.ar/georef/api,verde,
v8_p02,26,San Luis,General Pedernera,Justo Daract,,5812,74035030,Justo Daract,General Pedernera,-33.8632979596971,-65.1780912933418,auto_ok,auto_ok,match_exacto_3campos,auto_match,no,auto,2026-07-22,alta,georef/localidades-censales,https://apis.datos.gob.ar/georef/api,verde,
v8_p02,57,San Juan,Rivadavia,La Bebida,,1992,,La Bebida,,-31.5333,-68.6167,propuesto,C5-manual_coord,web_manual_coord,humano_lote,no,pendiente:Jose,2026-07-22,verde (guard: coord en depto esperado),dices.net,https://www.dices.net/mapas/argentina/mapa.php?nombre=La-Bebida&id=44348,verde,"[guard=verde; punto en Rivadavia] Localidad del depto Rivadavia, Gran San Juan"
v8_p02,194,San Luis,Ayacucho,La Botija,,112,74007A24,La Botija,Ayacucho,-32.2360653521321,-66.5784829026988,propuesto,A (aparcado),bahra_georef,auto_muestreo,no,auto(pendiente_muestra),2026-07-22,alta,georef/asentamientos,https://apis.datos.gob.ar/georef/api,verde,BAHRA: el nombre no es localidad censal -> fuente correcta (P7)
v8_p02,118,San Juan,Albardón,La Cañada,,858,,La Cañada,,-31.4446,-68.4759,propuesto,C5-rename,web_rename,humano_lote,no,pendiente:Jose,2026-07-22,verde (guard: coord en depto esperado),osm,https://nominatim.openstreetmap.org/search?q=La%20Ca%C3%B1ada%2C%20Albard%C3%B3n%2C%20San%20Juan,verde,"[guard=verde; punto en Albardón] La Cañada, localidad del depto Albardon, San Juan. Coincide depto."
v8_p02,156,San Luis,Coronel Pringles,La Carolina,,397,74021010,La Carolina,Coronel Pringles,-32.8136226554095,-66.0945048715545,auto_ok,auto_ok,match_exacto_3campos,auto_match,no,auto,2026-07-22,alta,georef/localidades-censales,https://apis.datos.gob.ar/georef/api,verde,
v8_p02,195,San Juan,Jáchal,La Ciénaga,,101,70056A13,La Ciénaga,Jáchal,-30.148273842188,-68.577983200187,propuesto,A (aparcado),bahra_georef,auto_muestreo,no,auto(pendiente_muestra),2026-07-22,alta,georef/asentamientos,https://apis.datos.gob.ar/georef/api,verde,BAHRA: el nombre no es localidad censal -> fuente correcta (P7)
v8_p02,34,Mendoza,Junín,La Colonia,,3899,50035030,La Colonia,Junín,-33.0989625485293,-68.4805421035978,auto_ok,auto_ok,match_exacto_3campos,auto_match,no,auto,2026-07-22,alta,georef/localidades-censales,https://apis.datos.gob.ar/georef/api,verde,
v8_p02,20,Mendoza,San Carlos,La Consulta,,7556,50091040,La Consulta,San Carlos,-33.7386757381913,-69.1281255649691,auto_ok,auto_ok,match_exacto_3campos,auto_match,no,auto,2026-07-22,alta,georef/localidades-censales,https://apis.datos.gob.ar/georef/api,verde,
v8_p02,62,Mendoza,Santa Rosa,La Dormida,,1952,50112040,La Dormida,Santa Rosa,-33.3467137505143,-67.9171754216459,auto_ok,auto_ok,match_exacto_3campos,auto_match,no,auto,2026-07-22,alta,georef/localidades-censales,https://apis.datos.gob.ar/georef/api,verde,
v8_p02,175,San Luis,Junín,Lafinur,,228,74049030,Lafinur,Junín,-32.0626665535639,-65.3502528817131,auto_ok,auto_ok,match_exacto_3campos,auto_match,no,auto,2026-07-22,alta,georef/localidades-censales,https://apis.datos.gob.ar/georef/api,verde,
v8_p02,81,San Juan,Santa Lucía,La Legua,,1551,,La Legua,,-31.5559,-68.4658,propuesto,C5-rename,web_rename,humano_lote,no,pendiente:Jose,2026-07-22,verde (guard: coord en depto esperado),osm,https://nominatim.openstreetmap.org/search?q=La%20Legua%2C%20Santa%20Lucia%2C%20San%20Juan,verde,"[guard=verde; punto en Santa Lucía] La Legua, distrito/localidad del depto Santa Lucia, San Juan. Coincide depto."
v8_p02,85,Mendoza,Luján,La Puntilla,,1491,5006309004,La Puntilla,Luján de Cuyo,-32.9620757495015,-68.8609733262489,propuesto,A (aparcado),bahra_georef,auto_muestreo,no,auto(pendiente_muestra),2026-07-22,alta,georef/localidades,https://apis.datos.gob.ar/georef/api,verde,BAHRA: el nombre no es localidad censal -> BAHRA es la fuente correcta (P7). id de capa 'localidades' NO es id censal INDEC valido
v8_p03,36,San Juan,Veinticinco de Mayo,Las Casuarinas,,3691,70126A06,Las Casuarinas,25 de Mayo,-31.7860072298522,-68.2950283995613,propuesto,A (aparcado),bahra_georef,auto_muestreo,no,auto(pendiente_muestra),2026-07-22,alta,georef/asentamientos,https://apis.datos.gob.ar/georef/api,verde,BAHRA: el nombre no es localidad censal -> fuente correcta (P7)
v8_p03,95,Mendoza,Santa Rosa,Las Catitas,,1246,50112050,Las Catitas,Santa Rosa,-33.2938581044134,-68.0486120668893,auto_ok,auto_ok,match_exacto_3campos,auto_match,no,auto,2026-07-22,alta,georef/localidades-censales,https://apis.datos.gob.ar/georef/api,verde,
v8_p03,121,San Luis,Chacabuco,Las Cortaderas,,794,74028020,Cortaderas,Chacabuco,-32.5052292429871,-64.9921994233503,propuesto,A (aparcado),bahra_georef,auto_muestreo,no,auto(pendiente_muestra),2026-07-22,media (nombre difiere),georef/,https://apis.datos.gob.ar/georef/api,verde,variante de nombre en el depto correcto
v8_p03,185,Mendoza,Las Heras,Las Cuevas,,163,50049040,Las Cuevas,Las Heras,-32.8127913121977,-70.0495258443685,auto_ok,auto_ok,match_exacto_3campos,auto_match,no,auto,2026-07-22,alta,georef/localidades-censales,https://apis.datos.gob.ar/georef/api,verde,
v8_p03,157,San Luis,San Martín,Las Chacras,,385,74063030,Las Chacras,Libertador General San Martín,-32.5625390813809,-65.7769610648721,auto_ok,auto_ok,match_exacto_3campos,auto_match,no,auto,2026-07-22,alta,georef/localidades-censales,https://apis.datos.gob.ar/georef/api,verde,
v8_p03,131,San Juan,Iglesia,Las Flores,,670,70049040,Las Flores,Iglesia,-30.3153069336798,-69.2176611317102,auto_ok,auto_ok,match_exacto_3campos,auto_match,no,auto,2026-07-22,alta,georef/localidades-censales,https://apis.datos.gob.ar/georef/api,verde,
v8_p03,7,Mendoza,Las Heras,Las Heras,,36494,50049050,Las Heras,Las Heras,-32.84908036795,-68.8460355137272,auto_ok,auto_ok,match_exacto_3campos,auto_match,no,auto,2026-07-22,alta,georef/localidades-censales,https://apis.datos.gob.ar/georef/api,verde,
v8_p03,71,Mendoza,San Rafael,Las Malvinas,,1858,50105130,Las Malvinas,San Rafael,-34.8351132201347,-68.2485656697773,auto_ok,auto_ok,match_exacto_3campos,auto_match,no,auto,2026-07-22,alta,georef/localidades-censales,https://apis.datos.gob.ar/georef/api,verde,
v8_p03,45,San Luis,Coronel Pringles,La Toma,,2352,74021060,La Toma,Coronel Pringles,-33.0544376204479,-65.62269821015,auto_ok,auto_ok,match_exacto_3campos,auto_match,no,auto,2026-07-22,alta,georef/localidades-censales,https://apis.datos.gob.ar/georef/api,verde,
v8_p03,164,San Luis,General Pedernera,Lavaisse,,341,74035050,Lavaisse,General Pedernera,-33.8240334888806,-65.4248162452021,auto_ok,auto_ok,match_exacto_3campos,auto_match,no,auto,2026-07-22,alta,georef/localidades-censales,https://apis.datos.gob.ar/georef/api,verde,
v8_p03,150,San Luis,Ayacucho,Leandro N. Alem,,455,74007030,Leandro N. Alem,Ayacucho,-32.487221446504,-66.0539126200253,auto_ok,auto_ok,match_exacto_3campos,auto_match,no,auto,2026-07-22,alta,georef/localidades-censales,https://apis.datos.gob.ar/georef/api,verde,
v8_p03,88,Mendoza,Rivadavia,Los Arboles,,1356,50084090,Los Árboles,Rivadavia,-33.182824752999,-68.5656953375049,auto_ok,auto_ok,match_exacto_3campos,auto_match,no,auto,2026-07-22,alta,georef/localidades-censales,https://apis.datos.gob.ar/georef/api,verde,
v8_p03,129,San Juan,Sarmiento,Los Berros,,723,70105070,Los Berros,Sarmiento,-31.9527250663157,-68.6542740137653,auto_ok,auto_ok,match_exacto_3campos,auto_match,no,auto,2026-07-22,alta,georef/localidades-censales,https://apis.datos.gob.ar/georef/api,verde,
v8_p03,59,Mendoza,Rivadavia,Los Campamentos,,1978,50084100,Los Campamentos,Rivadavia,-33.2755298774618,-68.3926332664906,auto_ok,auto_ok,match_exacto_3campos,auto_match,no,auto,2026-07-22,alta,georef/localidades-censales,https://apis.datos.gob.ar/georef/api,verde,
v8_p03,29,Mendoza,Luján,Luján,,4418,50063090,Luján de Cuyo,Luján de Cuyo,-33.0339983971284,-68.8883741550889,propuesto,A (aparcado),bahra_georef,auto_muestreo,no,auto(pendiente_muestra),2026-07-22,media (nombre difiere),georef/,https://apis.datos.gob.ar/georef/api,verde,variante de nombre en el depto correcto
v8_p03,76,San Luis,Ayacucho,Luján,,1616,74007040,Luján,Ayacucho,-32.3645103468737,-65.9330437957769,auto_ok,auto_ok,match_exacto_3campos,auto_match,no,auto,2026-07-22,alta,georef/localidades-censales,https://apis.datos.gob.ar/georef/api,verde,
v8_p03,10,Mendoza,Maipú,Maipú,,14951,50070060,Maipú,Maipú,-32.9791481716669,-68.7983205922319,auto_ok,auto_ok,match_exacto_3campos,auto_match,no,auto,2026-07-22,alta,georef/localidades-censales,https://apis.datos.gob.ar/georef/api,verde,
v8_p03,128,San Juan,Caucete,Marayes,,727,70035050,Marayes,Caucete,-31.4634265859233,-67.3515986493911,auto_ok,auto_ok,match_exacto_3campos,auto_match,no,auto,2026-07-22,alta,georef/localidades-censales,https://apis.datos.gob.ar/georef/api,verde,
v8_p03,83,San Juan,Rivadavia,Marquesado,,1514,,Marquesado,,-31.5167,-68.6167,propuesto,C5-manual_coord,web_manual_coord,humano_lote,no,pendiente:Jose,2026-07-22,verde (guard: coord en depto esperado),dices.net,https://www.dices.net/mapas/argentina/mapa.php?nombre=Marquesado&id=3859,verde,"[guard=verde; punto en Rivadavia] Localidad del depto Rivadavia, Gran San Juan"
v8_p03,28,Mendoza,Luján,Mayor Drummond,,4422,5006309005,Mayor Drummond,Luján de Cuyo,-33.0194203114596,-68.8757421386204,propuesto,A (aparcado),bahra_georef,auto_muestreo,no,auto(pendiente_muestra),2026-07-22,alta,georef/localidades,https://apis.datos.gob.ar/georef/api,verde,BAHRA: el nombre no es localidad censal -> BAHRA es la fuente correcta (P7). id de capa 'localidades' NO es id censal INDEC valido
v8_p03,102,San Juan,Rawson,Médano de Oro,,1163,70077020,Villa Bolaños (Médano de Oro),Rawson,-31.6289641148455,-68.4804887494444,propuesto,A (aparcado),bahra_georef,auto_muestreo,no,auto(pendiente_muestra),2026-07-22,media (nombre difiere),georef/,https://apis.datos.gob.ar/georef/api,verde,variante de nombre en el depto correcto
v8_p03,40,San Juan,Sarmiento,Media Agua,,3098,70105100,Villa Media Agua,Sarmiento,-31.9813990324589,-68.4268179122078,propuesto,A (aparcado),bahra_georef,auto_muestreo,no,auto(pendiente_muestra),2026-07-22,media (nombre difiere),georef/,https://apis.datos.gob.ar/georef/api,verde,variante de nombre en el depto correcto
v8_p03,111,Mendoza,Rivadavia,Medrano,,977,50084110,Medrano,Rivadavia,-33.1810293847419,-68.6144359047197,auto_ok,auto_ok,match_exacto_3campos,auto_match,no,auto,2026-07-22,alta,georef/localidades-censales,https://apis.datos.gob.ar/georef/api,verde,
v8_p03,4,Mendoza,Capital,Mendoza,,109122,50007010,Mendoza,Capital,-32.8985811304419,-68.8464060446987,auto_ok,auto_ok,match_exacto_3campos,auto_match,no,auto,2026-07-22,alta,georef/localidades-censales,https://apis.datos.gob.ar/georef/api,verde,
v8_p03,8,San Luis,General Pedernera,Mercedes,,35449,74035070,Villa Mercedes,General Pedernera,-33.6744309804673,-65.4623806406395,propuesto,A (aparcado),bahra_georef,auto_muestreo,no,auto(pendiente_muestra),2026-07-22,media (nombre difiere),georef/,https://apis.datos.gob.ar/georef/api,verde,variante de nombre en el depto correcto
v8_p03,123,San Luis,Junín,Merlo,,785,74049060,Merlo,Junín,-32.3426351395134,-65.013732533825,propuesto,A (aparcado),bahra_georef,auto_muestreo,no,auto(pendiente_muestra),2026-07-22,alta,georef/localidades,https://apis.datos.gob.ar/georef/api,verde,BAHRA: el nombre no es localidad censal -> BAHRA es la fuente correcta (P7). id de capa 'localidades' NO es id censal INDEC valido
v8_p03,158,San Juan,Jáchal,Mogna,,383,70056040,Mogna,Jáchal,-30.6953942337489,-68.3602647734984,auto_ok,auto_ok,match_exacto_3campos,auto_match,no,auto,2026-07-22,alta,georef/localidades-censales,https://apis.datos.gob.ar/georef/api,verde,
v8_p03,31,Mendoza,San Rafael,Monte Comán,,4278,50105150,Monte Comán,San Rafael,-34.5923563452847,-67.8689658069078,auto_ok,auto_ok,match_exacto_3campos,auto_match,no,auto,2026-07-22,alta,georef/localidades-censales,https://apis.datos.gob.ar/georef/api,verde,
v8_p03,193,San Luis,La Capital,Mosmota,,112,74056110,Mosmota,Juan Martín de Pueyrredón,-33.671397861663,-66.972801567873,auto_ok,auto_ok,match_exacto_3campos,auto_match,no,auto,2026-07-22,alta,georef/localidades-censales,https://apis.datos.gob.ar/georef/api,verde,
v8_p03,127,San Luis,Chacabuco,Naschel,,770,74028030,Naschel,Chacabuco,-32.9152793889441,-65.3759512115352,auto_ok,auto_ok,match_exacto_3campos,auto_match,no,auto,2026-07-22,alta,georef/localidades-censales,https://apis.datos.gob.ar/georef/api,verde,
v8_p03,178,San Luis,Gobernador Dupuy,Navia,,226,74042120,Navia,Gobernador Dupuy,-34.7749107620736,-66.5864706436242,auto_ok,auto_ok,match_exacto_3campos,auto_match,no,auto,2026-07-22,alta,georef/localidades-censales,https://apis.datos.gob.ar/georef/api,verde,
v8_p03,90,San Juan,Jáchal,Niquivil,,1301,70056050,Niquivil,Jáchal,-30.4095010941777,-68.6900501664038,auto_ok,auto_ok,match_exacto_3campos,auto_match,no,auto,2026-07-22,alta,georef/localidades-censales,https://apis.datos.gob.ar/georef/api,verde,
v8_p03,52,Mendoza,San Martín,Nueva California,,2000,50098090,Nueva California,San Martín,-32.7494973761983,-68.3242459516646,auto_ok,auto_ok,match_exacto_3campos,auto_match,no,auto,2026-07-22,alta,georef/localidades-censales,https://apis.datos.gob.ar/georef/api,verde,
v8_p03,125,San Luis,Gobernador Dupuy,Nueva Galia,,781,74042130,Nueva Galia,Gobernador Dupuy,-35.1152554630808,-65.2587324880435,auto_ok,auto_ok,match_exacto_3campos,auto_match,no,auto,2026-07-22,alta,georef/localidades-censales,https://apis.datos.gob.ar/georef/api,verde,
v8_p03,126,San Juan,Nueve de Julio,Nueve de Julio,,776,70063040,9 de Julio,,-31.669750919971,-68.3900416378963,propuesto,C-generador,generador_transformacion,auto_muestreo,no,auto(pendiente_muestra),2026-07-22,alta (match exacto en depto del conjunto),georef/localidades-censales,https://apis.datos.gob.ar/georef/api,verde,candidato probado: '9 de Julio' [numero-palabra -> digito: Nueve->9]
v8_p03,19,Mendoza,San Martín,Palmira,,9645,5009810001,Palmira,San Martín,-33.0505033699186,-68.5609120309006,propuesto,A (aparcado),bahra_georef,auto_muestreo,no,auto(pendiente_muestra),2026-07-22,alta,georef/localidades,https://apis.datos.gob.ar/georef/api,verde,BAHRA: el nombre no es localidad censal -> BAHRA es la fuente correcta (P7). id de capa 'localidades' NO es id censal INDEC valido
v8_p03,82,San Juan,Jáchal,Pampa del Chañar,,1521,,Pampa del Chañar,,-30.1812,-68.6795,propuesto,C5-manual_coord,web_manual_coord,humano_lote,no,pendiente:Jose,2026-07-22,verde (guard: coord en depto esperado),OSM Nominatim,https://nominatim.openstreetmap.org/,verde,"[guard=verde; punto en Jáchal] Aldea en el valle Jáchal-Niquivil, depto Jáchal, San Juan."
v8_p03,124,San Juan,Jáchal,Pampa Vieja,,782,70056060,Pampa Vieja,Jáchal,-30.2143712482073,-68.6883438048505,auto_ok,auto_ok,match_exacto_3campos,auto_match,no,auto,2026-07-22,alta,georef/localidades-censales,https://apis.datos.gob.ar/georef/api,verde,
v8_p03,172,San Luis,San Martín,Paso Grande,,261,74063050,Paso Grande,Libertador General San Martín,-32.8773732633457,-65.6350974917893,auto_ok,auto_ok,match_exacto_3campos,auto_match,no,auto,2026-07-22,alta,georef/localidades-censales,https://apis.datos.gob.ar/georef/api,verde,
v8_p03,113,Mendoza,Luján,Perdriel,,951,50063100,Perdriel,Luján de Cuyo,-33.0663835700212,-68.8764556438187,auto_ok,auto_ok,match_exacto_3campos,auto_match,no,auto,2026-07-22,alta,georef/localidades-censales,https://apis.datos.gob.ar/georef/api,verde,
v8_p03,112,San Juan,Caucete,Pie de Palo,,975,70035060,Pie de Palo,Caucete,-31.6682003875414,-68.224065223161,auto_ok,auto_ok,match_exacto_3campos,auto_match,no,auto,2026-07-22,alta,georef/localidades-censales,https://apis.datos.gob.ar/georef/api,verde,
v8_p04,122,San Luis,Junín,Piedra Blanca,,790,,Villa de Merlo (barrio Piedra Blanca),,-32.32,-65.014,propuesto,C5-barrio_de,web_barrio,humano_lote,no,pendiente:Jose,2026-07-22,verde (guard: coord en depto esperado),Mapcarta,https://mapcarta.com/N2579934389,verde,"[guard=verde; punto en Junín] Barrio histórico de Villa de Merlo, depto Junín; coordenada aproximada (~2,5 km al N del centro de Merlo)"
v8_p04,144,Mendoza,Las Heras,Polvaredas,,478,50049080,Polvaredas,Las Heras,-32.7929099592299,-69.6511854690389,auto_ok,auto_ok,match_exacto_3campos,auto_match,no,auto,2026-07-22,alta,georef/localidades-censales,https://apis.datos.gob.ar/georef/api,verde,
v8_p04,182,San Luis,San Martín,Potrerillo,,199,74063060,Potrerillo,Libertador General San Martín,-32.6710816165548,-65.6549881141628,auto_ok,auto_ok,match_exacto_3campos,auto_match,no,auto,2026-07-22,alta,georef/localidades-censales,https://apis.datos.gob.ar/georef/api,verde,
v8_p04,186,San Luis,La Capital,Potrero de los Funes,,151,74056120,Potrero de los Funes,Juan Martín de Pueyrredón,-33.2201411232087,-66.2270690784648,auto_ok,auto_ok,match_exacto_3campos,auto_match,no,auto,2026-07-22,alta,georef/localidades-censales,https://apis.datos.gob.ar/georef/api,verde,
v8_p04,184,San Luis,Belgrano,Pozo del Tala,,174,74014A28,Pozo del Tala,Belgrano,-32.6027142411611,-66.2915132094879,propuesto,A (aparcado),bahra_georef,auto_muestreo,no,auto(pendiente_muestra),2026-07-22,alta,georef/asentamientos,https://apis.datos.gob.ar/georef/api,verde,BAHRA: el nombre no es localidad censal -> fuente correcta (P7)
v8_p04,198,San Juan,Jáchal,Punta del Agua,,85,70056A23,Punta del Agua,Jáchal,-30.2819120946076,-68.3046468234159,propuesto,A (aparcado),bahra_georef,auto_muestreo,no,auto(pendiente_muestra),2026-07-22,alta,georef/asentamientos,https://apis.datos.gob.ar/georef/api,verde,BAHRA: el nombre no es localidad censal -> fuente correcta (P7)
v8_p04,176,Mendoza,Las Heras,Punta de Vacas,,227,50049100,Punta de Vacas,Las Heras,-32.8515773213672,-69.7526265191167,auto_ok,auto_ok,match_exacto_3campos,auto_match,no,auto,2026-07-22,alta,georef/localidades-censales,https://apis.datos.gob.ar/georef/api,verde,
v8_p04,39,San Luis,Ayacucho,Quines,,3319,74007050,Quines,Ayacucho,-32.2328442440147,-65.8050663481491,auto_ok,auto_ok,match_exacto_3campos,auto_match,no,auto,2026-07-22,alta,georef/localidades-censales,https://apis.datos.gob.ar/georef/api,verde,
v8_p04,68,Mendoza,San Rafael,Real del Padre,,1877,50105190,Real del Padre,San Rafael,-34.8425709144348,-67.7689662584238,auto_ok,auto_ok,match_exacto_3campos,auto_match,no,auto,2026-07-22,alta,georef/localidades-censales,https://apis.datos.gob.ar/georef/api,verde,
v8_p04,171,San Luis,Chacabuco,Renca,,298,74028050,Renca,Chacabuco,-32.7715762969052,-65.3642319519665,auto_ok,auto_ok,match_exacto_3campos,auto_match,no,auto,2026-07-22,alta,georef/localidades-censales,https://apis.datos.gob.ar/georef/api,verde,
v8_p04,180,San Juan,Sarmiento,Retamito,,209,70105A06,Retamito,Sarmiento,-32.1032027498862,-68.5988000011851,propuesto,A (aparcado),bahra_georef,auto_muestreo,no,auto(pendiente_muestra),2026-07-22,alta,georef/asentamientos,https://apis.datos.gob.ar/georef/api,verde,BAHRA: el nombre no es localidad censal -> fuente correcta (P7)
v8_p04,105,San Juan,Pocito,Rinconada,,1143,70070040,Villa Aberastain - La Rinconada,Pocito,-31.6580203841877,-68.5795741904511,propuesto,A (aparcado),bahra_georef,auto_muestreo,no,auto(pendiente_muestra),2026-07-22,media (nombre difiere),georef/,https://apis.datos.gob.ar/georef/api,verde,variante de nombre en el depto correcto
v8_p04,152,San Luis,Junín,Rincón del Este,,435,,Rincón del Este (Villa de Merlo),,-32.3506,-64.9827,propuesto,C5-manual_coord,web_manual_coord,humano_lote,no,pendiente:Jose,2026-07-22,verde (guard: coord en depto esperado),OSM Nominatim,https://nominatim.openstreetmap.org/,verde,"[guard=verde; punto en Junín] Paraje/barrio al este de Villa de Merlo, depto Junín, San Luis (hoy reserva florofaunística)."
v8_p04,11,Mendoza,Rivadavia,Rivadavia,,14358,50084140,Rivadavia,Rivadavia,-33.19403215031,-68.4736188877526,auto_ok,auto_ok,match_exacto_3campos,auto_match,no,auto,2026-07-22,alta,georef/localidades-censales,https://apis.datos.gob.ar/georef/api,verde,
v8_p04,17,San Juan,Rivadavia,Rivadavia,,9896,70084010,Rivadavia,Rivadavia,-31.5335200372447,-68.5920689785483,auto_ok,auto_ok,match_exacto_3campos,auto_match,no,auto,2026-07-22,alta,georef/localidades-censales,https://apis.datos.gob.ar/georef/api,verde,
v8_p04,119,San Juan,Iglesia,Rodeo,,832,70049060,Rodeo,Iglesia,-30.2108188116132,-69.1320903597642,auto_ok,auto_ok,match_exacto_3campos,auto_match,no,auto,2026-07-22,alta,georef/localidades-censales,https://apis.datos.gob.ar/georef/api,verde,
v8_p04,23,Mendoza,Guaymallén,Rodeo de la Cruz,,6955,5002802011,Rodeo de la Cruz,Guaymallén,-32.9210463916055,-68.7389029800416,propuesto,A (aparcado),bahra_georef,auto_muestreo,no,auto(pendiente_muestra),2026-07-22,alta,georef/localidades,https://apis.datos.gob.ar/georef/api,verde,BAHRA: el nombre no es localidad censal -> BAHRA es la fuente correcta (P7). id de capa 'localidades' NO es id censal INDEC valido
v8_p04,69,Mendoza,Maipú,Rodeo del Medio,,1965,50070070,Rodeo del Medio,Maipú,-32.9880056754694,-68.7010652608485,auto_ok,auto_ok,match_exacto_3campos,auto_match,no,auto,2026-07-22,alta,georef/localidades-censales,https://apis.datos.gob.ar/georef/api,verde,
v8_p04,97,Mendoza,San Rafael,Rodolfo Iselin (La Llave),,1228,,La Llave (Rodolfo Iselín),,-34.6399,-67.9780,propuesto,C5-manual_coord,web_manual_coord,humano_lote,no,pendiente:Jose,2026-07-22,verde (guard: coord en depto esperado),gazetteer,https://provinciademendoza.ar/MENU=Municipios&NMUN=San%20Rafael&INFO=Localidad&NLOC=Rodolfo%20Isel%C3%ADn,verde,"[guard=verde; punto en San Rafael] Distrito La Llave, depto San Rafael; nombre oficial Rodolfo Iselín (1953). Coord del sitio oficial de la Provincia de Me"
v8_p04,51,Mendoza,Maipú,Russell,,2002,50070080,Russell,Maipú,-33.005845686362,-68.7966256471329,propuesto,A (aparcado),bahra_georef,auto_muestreo,no,auto(pendiente_muestra),2026-07-22,alta,georef/asentamientos,https://apis.datos.gob.ar/georef/api,verde,BAHRA: el nombre no es localidad censal -> fuente correcta (P7)
v8_p04,173,San Luis,Coronel Pringles,Saladillo,,250,74021090,Saladillo,Coronel Pringles,-33.2024087537396,-65.8553724626418,auto_ok,auto_ok,match_exacto_3campos,auto_match,no,auto,2026-07-22,alta,georef/localidades-censales,https://apis.datos.gob.ar/georef/api,verde,
v8_p04,181,San Luis,Belgrano,San Antonio,,201,74014A31,San Antonio,Belgrano,-32.6459767683126,-66.8976041125515,propuesto,A (aparcado),bahra_georef,auto_muestreo,no,auto(pendiente_muestra),2026-07-22,alta,georef/asentamientos,https://apis.datos.gob.ar/georef/api,verde,BAHRA: el nombre no es localidad censal -> fuente correcta (P7)
v8_p04,69,San Luis,Ayacucho,San Francisco,,1864,74007070,San Francisco del Monte de Oro,Ayacucho,-32.6002709030025,-66.127149270559,propuesto,A (aparcado),bahra_georef,auto_muestreo,no,auto(pendiente_muestra),2026-07-22,media (nombre difiere),georef/,https://apis.datos.gob.ar/georef/api,verde,variante de nombre en el depto correcto
v8_p04,66,San Juan,San Martín,San Isidro,,1881,70091030,San Isidro,San Martín,-31.4870993000717,-68.325134344897,auto_ok,auto_ok,match_exacto_3campos,auto_match,no,auto,2026-07-22,alta,georef/localidades-censales,https://apis.datos.gob.ar/georef/api,verde,
v8_p04,190,San Luis,La Capital,San Jerónimo,,137,74056140,San Jerónimo,Juan Martín de Pueyrredón,-33.1386569519015,-66.5197463701194,auto_ok,auto_ok,match_exacto_3campos,auto_match,no,auto,2026-07-22,alta,georef/localidades-censales,https://apis.datos.gob.ar/georef/api,verde,
v8_p04,103,Mendoza,San Rafael,Salto de las Rosas,,1158,50105200,Salto de las Rosas,San Rafael,-34.7236891186834,-68.2280421347362,auto_ok,auto_ok,match_exacto_3campos,auto_match,no,auto,2026-07-22,alta,georef/localidades-censales,https://apis.datos.gob.ar/georef/api,verde,
v8_p04,183,San Luis,General Pedernera,San José del Morro,,194,74035060,San José del Morro,General Pedernera,-33.2124247915114,-65.4911353087834,auto_ok,auto_ok,match_exacto_3campos,auto_match,no,auto,2026-07-22,alta,georef/localidades-censales,https://apis.datos.gob.ar/georef/api,verde,
v8_p04,2,San Juan,Capital,San Juan,,106564,70028010,San Juan,Capital,-31.5371970378027,-68.5250183173793,auto_ok,auto_ok,match_exacto_3campos,auto_match,no,auto,2026-07-22,alta,georef/localidades-censales,https://apis.datos.gob.ar/georef/api,verde,
v8_p04,6,San Luis,La Capital,San Luis,,40420,74056150,San Luis,Juan Martín de Pueyrredón,-33.30206625434,-66.336934749759,auto_ok,auto_ok,match_exacto_3campos,auto_match,no,auto,2026-07-22,alta,georef/localidades-censales,https://apis.datos.gob.ar/georef/api,verde,
v8_p04,9,Mendoza,San Martín,San Martín,,20466,50098100,San Martín,San Martín,-33.0877142385908,-68.475807203147,propuesto,D,ambiguo,auto_muestreo,no,auto(pendiente_muestra),2026-07-22,baja,georef,https://apis.datos.gob.ar/georef/api,verde,>1 candidato: San Martín/San Martín [50098100]; San Martín/San Martín [5009810002]
v8_p04,84,San Juan,San Martín,San Martín,,1494,70091070,Villa San Martín,San Martín,-31.516761980837,-68.3526471246019,propuesto,A (aparcado),bahra_georef,auto_muestreo,no,auto(pendiente_muestra),2026-07-22,media (nombre difiere),georef/,https://apis.datos.gob.ar/georef/api,verde,variante de nombre en el depto correcto
v8_p04,159,San Luis,San Martín,San Martín,,382,74063070,San Martín,Libertador General San Martín,-32.4106321159259,-65.6756669759672,auto_ok,auto_ok,match_exacto_3campos,auto_match,no,auto,2026-07-22,alta,georef/localidades-censales,https://apis.datos.gob.ar/georef/api,verde,
v8_p04,147,San Luis,Chacabuco,San Pablo,,458,74028060,San Pablo,Chacabuco,-32.6612350221489,-65.3056309060596,auto_ok,auto_ok,match_exacto_3campos,auto_match,no,auto,2026-07-22,alta,georef/localidades-censales,https://apis.datos.gob.ar/georef/api,verde,
v8_p04,5,Mendoza,San Rafael,San Rafael,,46599,50105210,San Rafael,San Rafael,-34.6074135938185,-68.3291684724082,auto_ok,auto_ok,match_exacto_3campos,auto_match,no,auto,2026-07-22,alta,georef/localidades-censales,https://apis.datos.gob.ar/georef/api,verde,
v8_p04,93,Mendoza,Maipú,San Roque,,1249,50070090,San Roque,Maipú,-33.0285638174611,-68.5981475648442,auto_ok,auto_ok,match_exacto_3campos,auto_match,no,auto,2026-07-22,alta,georef/localidades-censales,https://apis.datos.gob.ar/georef/api,verde,
v8_p04,146,San Juan,Jáchal,San Roque,,465,70056A24,San Roque,Jáchal,-30.2789226148174,-68.7034860849941,propuesto,A (aparcado),bahra_georef,auto_muestreo,no,auto(pendiente_muestra),2026-07-22,alta,georef/asentamientos,https://apis.datos.gob.ar/georef/api,verde,BAHRA: el nombre no es localidad censal -> fuente correcta (P7)
v8_p04,14,San Juan,Santa Lucía,Santa Lucía,,11659,70098010,Santa Lucía,Santa Lucía,-31.5404720701142,-68.4979971663393,auto_ok,auto_ok,match_exacto_3campos,auto_match,no,auto,2026-07-22,alta,georef/localidades-censales,https://apis.datos.gob.ar/georef/api,verde,
v8_p04,70,Mendoza,Rivadavia,Santa María de Oro,,1860,50084150,Santa María de Oro,Rivadavia,-33.2087717600844,-68.4291302111225,auto_ok,auto_ok,match_exacto_3campos,auto_match,no,auto,2026-07-22,alta,georef/localidades-censales,https://apis.datos.gob.ar/georef/api,verde,
v8_p04,42,San Luis,Junín,Santa Rosa,,2880,74049070,Santa Rosa del Conlara,Junín,-32.3428395324331,-65.2089545266787,propuesto,A (aparcado),bahra_georef,auto_muestreo,no,auto(pendiente_muestra),2026-07-22,media (nombre difiere),georef/,https://apis.datos.gob.ar/georef/api,verde,variante de nombre en el depto correcto
v8_p04,199,San Juan,Ullún,Talacasto,,50,70112A08,Talacasto,Ullum,-31.0986207192355,-68.6399509408779,propuesto,A (aparcado),bahra_georef,auto_muestreo,no,auto(pendiente_muestra),2026-07-22,alta,georef/asentamientos,https://apis.datos.gob.ar/georef/api,verde,BAHRA: el nombre no es localidad censal -> fuente correcta (P7)
v8_p04,177,San Luis,Junín,Talita,,226,74049080,Talita,Junín,-32.2495306670869,-65.5833620040942,auto_ok,auto_ok,match_exacto_3campos,auto_match,no,auto,2026-07-22,alta,georef/localidades-censales,https://apis.datos.gob.ar/georef/api,verde,
v8_p05,106,San Juan,Calingasta,Tamberías,,1129,70021030,Tamberías,Calingasta,-31.4579602626869,-69.4214896876964,auto_ok,auto_ok,match_exacto_3campos,auto_match,no,auto,2026-07-22,alta,georef/localidades-censales,https://apis.datos.gob.ar/georef/api,verde,
v8_p05,72,San Luis,Chacabuco,Tilisarao,,1856,74028070,Tilisarao,Chacabuco,-32.7312181012152,-65.2914954755362,auto_ok,auto_ok,match_exacto_3campos,auto_match,no,auto,2026-07-22,alta,georef/localidades-censales,https://apis.datos.gob.ar/georef/api,verde,
v8_p05,145,San Luis,Coronel Pringles,Trapiche,,466,74021020,El Trapiche,Coronel Pringles,-33.1119560524385,-66.0650864215088,propuesto,A (aparcado),bahra_georef,auto_muestreo,no,auto(pendiente_muestra),2026-07-22,media (nombre difiere),georef/,https://apis.datos.gob.ar/georef/api,verde,variante de nombre en el depto correcto
v8_p05,79,Mendoza,Lavalle,Tres de Mayo,,1574,50056150,3 de Mayo,,-32.6787552978389,-68.6341723946046,propuesto,C-generador,generador_transformacion,auto_muestreo,no,auto(pendiente_muestra),2026-07-22,alta (match exacto en depto del conjunto),georef/localidades-censales,https://apis.datos.gob.ar/georef/api,verde,candidato probado: '3 de Mayo' [numero-palabra -> digito: Tres->3]
v8_p05,188,San Juan,Jáchal,Tucunuco,,138,70056A25,Tucunuco,Jáchal,-30.5934974606962,-68.6194790636966,propuesto,A (aparcado),bahra_georef,auto_muestreo,no,auto(pendiente_muestra),2026-07-22,alta,georef/asentamientos,https://apis.datos.gob.ar/georef/api,verde,BAHRA: el nombre no es localidad censal -> fuente correcta (P7)
v8_p05,132,San Juan,Iglesia,Tudcum,,638,70049070,Tudcum,Iglesia,-30.1881483820754,-69.2707468856479,auto_ok,auto_ok,match_exacto_3campos,auto_match,no,auto,2026-07-22,alta,georef/localidades-censales,https://apis.datos.gob.ar/georef/api,verde,
v8_p05,18,Mendoza,Tunuyán,Tunuyán,,9781,50119060,Tunuyán,Tunuyán,-33.5775549686559,-69.0253759357637,auto_ok,auto_ok,match_exacto_3campos,auto_match,no,auto,2026-07-22,alta,georef/localidades-censales,https://apis.datos.gob.ar/georef/api,verde,
v8_p05,41,San Juan,Ullún,Ullún,,2896,70112010,Villa Ibáñez,Ullum,-31.4659385111811,-68.7353338028121,propuesto,C1-cabecera,cabecera_documentada,humano_lote,no,pendiente:Jose,2026-07-22,alta,web+georef,https://es.wikipedia.org/wiki/Departamento_Ullum,verde,el censo 1960 listo la cabecera con el nombre del depto. cabecera: NO existe pueblo 'Ullum'
v8_p05,133,San Luis,Gobernador Dupuy,Unión,,630,74042140,Unión,Gobernador Dupuy,-35.1537914269567,-65.9461705165682,auto_ok,auto_ok,match_exacto_3campos,auto_match,no,auto,2026-07-22,alta,georef/localidades-censales,https://apis.datos.gob.ar/georef/api,verde,
v8_p05,38,Mendoza,Las Heras,Uspallata,,3525,50049110,Uspallata,Las Heras,-32.5913881739202,-69.3444271969361,auto_ok,auto_ok,match_exacto_3campos,auto_match,no,auto,2026-07-22,alta,georef/localidades-censales,https://apis.datos.gob.ar/georef/api,verde,
v8_p05,160,San Luis,La Capital,Varela,,367,74056A32,Varela,Juan Martín de Pueyrredón,-34.1240410465768,-66.4639702161896,propuesto,A (aparcado),bahra_georef,auto_muestreo,no,auto(pendiente_muestra),2026-07-22,alta,georef/asentamientos,https://apis.datos.gob.ar/georef/api,verde,BAHRA: el nombre no es localidad censal -> fuente correcta (P7)
v8_p05,80,San Juan,Pocito,Villa Aberastain,,1569,7007004002,Villa Aberastain,Pocito,-31.6538304185602,-68.5759955169046,propuesto,A (aparcado),bahra_georef,auto_muestreo,no,auto(pendiente_muestra),2026-07-22,alta,georef/localidades,https://apis.datos.gob.ar/georef/api,verde,BAHRA: el nombre no es localidad censal -> BAHRA es la fuente correcta (P7). id de capa 'localidades' NO es id censal INDEC valido
v8_p05,25,Mendoza,San Rafael,Villa Atuel,,6072,50105230,Villa Atuel,San Rafael,-34.8316025502137,-67.9228605405057,auto_ok,auto_ok,match_exacto_3campos,auto_match,no,auto,2026-07-22,alta,georef/localidades-censales,https://apis.datos.gob.ar/georef/api,verde,
v8_p05,170,San Luis,Belgrano,Villa de la Quebrada,,304,74014030,Villa de la Quebrada,Belgrano,-33.0167591643291,-66.2931746391126,auto_ok,auto_ok,match_exacto_3campos,auto_match,no,auto,2026-07-22,alta,georef/localidades-censales,https://apis.datos.gob.ar/georef/api,verde,
v8_p05,134,San Luis,Chacabuco,Villa del Carmen,,625,74028080,Villa del Carmen,Chacabuco,-32.9400400486048,-65.0390029921947,auto_ok,auto_ok,match_exacto_3campos,auto_match,no,auto,2026-07-22,alta,georef/localidades-censales,https://apis.datos.gob.ar/georef/api,verde,
v8_p05,77,San Juan,Angaco,Villa del Salvador,,1592,70014020,Villa El Salvador (cabecera del depto Angaco),Angaco,-31.45327,-68.40376,confirmado_3.3b,3.3b:rename,rename,documentado_3.3b,no,auto:3.3b(web+doc+guard),2026-07-22,alta,auto + Wikipedia + Georef,https://es.wikipedia.org/wiki/Villa_El_Salvador_(San_Juan),verde,guard=verde (coord en conjunto permitido)
v8_p05,166,San Luis,Belgrano,Villa General Roca,,325,74014040,Villa General Roca,Belgrano,-32.6659413909673,-66.4507847001664,propuesto,A (aparcado),bahra_georef,auto_muestreo,no,auto(pendiente_muestra),2026-07-22,alta,georef/localidades,https://apis.datos.gob.ar/georef/api,verde,BAHRA: el nombre no es localidad censal -> BAHRA es la fuente correcta (P7). id de capa 'localidades' NO es id censal INDEC valido
v8_p05,96,San Juan,Caucete,Villa Independencia,,1232,70035080,Villa Independencia,Caucete,-31.6245292071939,-68.3138150331219,auto_ok,auto_ok,match_exacto_3campos,auto_match,no,auto,2026-07-22,alta,georef/localidades-censales,https://apis.datos.gob.ar/georef/api,verde,
v8_p05,60,Mendoza,Junín,Villa Junín,,1972,50035020,Junín,,-33.1450869905894,-68.4921156012444,propuesto,C-generador,generador_transformacion,auto_muestreo,no,auto(pendiente_muestra),2026-07-22,alta (match exacto en depto del conjunto),georef/localidades-censales,https://apis.datos.gob.ar/georef/api,verde,candidato probado: 'Junín' [prefijo: se quita 'Villa']
v8_p05,21,San Juan,Rawson,Villa Krause,,7311,,Villa Krause (cabecera del depto Rawson),,-31.5811,-68.5428,propuesto,C5-manual_coord,web_manual_coord,humano_lote,no,pendiente:Jose,2026-07-22,verde (guard: coord en depto esperado),Wikipedia,https://es.wikipedia.org/wiki/Departamento_Rawson_(San_Juan),verde,"[guard=verde; punto en Rawson] Villa Krause es la ciudad cabecera del depto Rawson, hoy conurbada al Gran San Juan; conserva su nombre"
v8_p05,43,Mendoza,La Paz,Villa La Paz,,2502,50042020,La Paz,,-33.4610193184125,-67.5595785270435,propuesto,C-generador,generador_transformacion,auto_muestreo,no,auto(pendiente_muestra),2026-07-22,alta (match exacto en depto del conjunto),georef/localidades-censales,https://apis.datos.gob.ar/georef/api,verde,candidato probado: 'La Paz' [prefijo: se quita 'Villa']
v8_p05,149,San Luis,Chacabuco,Villa Larca,,456,74028090,Villa Larca,Chacabuco,-32.6204279429747,-64.9787672464019,auto_ok,auto_ok,match_exacto_3campos,auto_match,no,auto,2026-07-22,alta,georef/localidades-censales,https://apis.datos.gob.ar/georef/api,verde,
v8_p05,27,Mendoza,Malargüe,Villa Malargüe,,4523,50077040,Malargüe,,-35.4761492032467,-69.5802312483587,propuesto,C-generador,generador_transformacion,auto_muestreo,no,auto(pendiente_muestra),2026-07-22,alta (match exacto en depto del conjunto),georef/localidades-censales,https://apis.datos.gob.ar/georef/api,verde,candidato probado: 'Malargüe' [prefijo: se quita 'Villa']
v8_p05,114,San Juan,Jáchal,Villa Mercedes,,928,70056110,Villa Mercedes,Jáchal,-30.1083450239315,-68.7034512079895,auto_ok,auto_ok,match_exacto_3campos,auto_match,no,auto,2026-07-22,alta,georef/localidades-censales,https://apis.datos.gob.ar/georef/api,verde,
v8_p05,162,San Luis,San Martín,Villa Praga,,345,74063080,Villa de Praga,Libertador General San Martín,-32.53328486846,-65.6458584277793,propuesto,A (aparcado),bahra_georef,auto_muestreo,no,auto(pendiente_muestra),2026-07-22,media (nombre difiere),georef/,https://apis.datos.gob.ar/georef/api,verde,variante de nombre en el depto correcto
v8_p05,116,San Luis,General Pedernera,Villa Reynolds,,865,74035080,Villa Reynolds,General Pedernera,-33.7212118872285,-65.3825350637797,auto_ok,auto_ok,match_exacto_3campos,auto_match,no,auto,2026-07-22,alta,georef/localidades-censales,https://apis.datos.gob.ar/georef/api,verde,
v8_p05,91,San Juan,Valle Fértil,Villa San Agustín,,1293,70119060,Villa San Agustín,Valle Fértil,-30.6345320658803,-67.467886888001,auto_ok,auto_ok,match_exacto_3campos,auto_match,no,auto,2026-07-22,alta,georef/localidades-censales,https://apis.datos.gob.ar/georef/api,verde,
v8_p05,120,Mendoza,San Carlos,Villa San Carlos,,809,50091060,San Carlos,,-33.7721604874157,-69.0404291393231,propuesto,C-generador,generador_transformacion,auto_muestreo,no,auto(pendiente_muestra),2026-07-22,alta (match exacto en depto del conjunto),georef/localidades-censales,https://apis.datos.gob.ar/georef/api,verde,candidato probado: 'San Carlos' [prefijo: se quita 'Villa']
v8_p05,136,Mendoza,Santa Rosa,Villa Santa Rosa,,607,50112060,Santa Rosa,,-33.254140449192,-68.1509034814364,propuesto,C-generador,generador_transformacion,auto_muestreo,no,auto(pendiente_muestra),2026-07-22,alta (match exacto en depto del conjunto),georef/localidades-censales,https://apis.datos.gob.ar/georef/api,verde,candidato probado: 'Santa Rosa' [prefijo: se quita 'Villa']
v8_p05,99,San Juan,Veinticinco de Mayo,Villa Santa Rosa,,1205,70126050,Villa Santa Rosa,25 de Mayo,-31.7448085385712,-68.3142412332522,auto_ok,auto_ok,match_exacto_3campos,auto_match,no,auto,2026-07-22,alta,georef/localidades-censales,https://apis.datos.gob.ar/georef/api,verde,
v8_p05,49,Mendoza,Lavalle,Villa Tulumaya,,2004,50056160,Villa Tulumaya,Lavalle,-32.7213084731016,-68.595778412737,auto_ok,auto_ok,match_exacto_3campos,auto_match,no,auto,2026-07-22,alta,georef/localidades-censales,https://apis.datos.gob.ar/georef/api,verde,
v8_p05,35,Mendoza,Tupungato,Villa Tupungato,,3716,50126060,Tupungato,,-33.3638714972518,-69.1436948968176,propuesto,C-generador,generador_transformacion,auto_muestreo,no,auto(pendiente_muestra),2026-07-22,alta (match exacto en depto del conjunto),georef/localidades-censales,https://apis.datos.gob.ar/georef/api,verde,candidato probado: 'Tupungato' [prefijo: se quita 'Villa']
v8_p05,86,Mendoza,San Rafael,Villa 25 de Mayo,,1460,50105220,25 de Mayo,,-34.5837978477056,-68.544542912251,propuesto,C-generador,generador_transformacion,auto_muestreo,no,auto(pendiente_muestra),2026-07-22,alta (match exacto en depto del conjunto),georef/localidades-censales,https://apis.datos.gob.ar/georef/api,verde,candidato probado: '25 de Mayo' [prefijo: se quita 'Villa']
v8_p05,107,Mendoza,Tunuyán,Vista Flores,,1126,50119070,Vista Flores,Tunuyán,-33.6508979816791,-69.1558251833401,auto_ok,auto_ok,match_exacto_3campos,auto_match,no,auto,2026-07-22,alta,georef/localidades-censales,https://apis.datos.gob.ar/georef/api,verde,
v8_p05,187,San Luis,La Capital,Zanjitas,,150,74056160,Zanjitas,Juan Martín de Pueyrredón,-33.8055668521228,-66.4147433862352,auto_ok,auto_ok,match_exacto_3campos,auto_match,no,auto,2026-07-22,alta,georef/localidades-censales,https://apis.datos.gob.ar/georef/api,verde,
v8_p05,46,San Juan,Veinticinco de Mayo,Zonda,,2183,,,,,,sin_coordenada,C5-sin_coordenada,sin_coordenada,sin_coordenada,no,,2026-07-22,,,,,"[C5 web] ADVERTENCIA depto: la unica 'Zonda' de San Juan es Villa Basilio Nievas en el depto Zonda (approx -31.54,-68.74), NO en 25 de Mayo ni depto"
v9_1_2_p01,127,Río Negro,Valcheta,Aguada Cecilio,,298,62084010,Aguada Cecilio,Valcheta,-40.848033466739,-65.8434792938633,auto_ok,auto_ok,match_exacto_3campos,auto_match,no,auto,2026-07-22,alta,georef/localidades-censales,https://apis.datos.gob.ar/georef/api,verde,
v9_1_2_p01,145,Río Negro,25 de Mayo,Aguada de Guerra,,153,62091010,Aguada de Guerra,25 de Mayo,-41.0670325814629,-68.3827286310481,auto_ok,auto_ok,match_exacto_3campos,auto_match,no,auto,2026-07-22,alta,georef/localidades-censales,https://apis.datos.gob.ar/georef/api,verde,
v9_1_2_p01,131,Chubut,Río Senguer,Aldea Apeleg,,277,26084010,Aldea Apeleg,Río Senguer,-44.687186852131,-70.8535056952695,auto_ok,auto_ok,match_exacto_3campos,auto_match,no,auto,2026-07-22,alta,georef/localidades-censales,https://apis.datos.gob.ar/georef/api,verde,
v9_1_2_p01,51,Río Negro,General Roca,Alejandro Stefanelli,,1346,,Padre Alejandro Stefenelli,,-39.0345,-67.5388,propuesto,C5-rename,web_rename,humano_lote,no,pendiente:Jose,2026-07-22,verde (guard: coord en depto esperado),OpenStreetMap Nominatim,https://nominatim.openstreetmap.org/search?q=Padre+Alejandro+Stefenelli+General+Roca+Rio+Negro&format=json,verde,"[guard=verde; punto en General Roca] Localidad/estación al este de la ciudad de General Roca, depto General Roca"
v9_1_2_p01,8,Río Negro,General Roca,Allen,,11389,62042010,Allen,General Roca,-38.9795106570689,-67.828021398161,auto_ok,auto_ok,match_exacto_3campos,auto_match,no,auto,2026-07-22,alta,georef/localidades-censales,https://apis.datos.gob.ar/georef/api,verde,
v9_1_2_p01,62,Chubut,Río Senguer,Alto Río Senguerr,,1110,26084030,Alto Río Senguer,Río Senguer,-45.0419550181726,-70.8234403972491,propuesto,A (aparcado),bahra_georef,auto_muestreo,no,auto(pendiente_muestra),2026-07-22,media (nombre difiere),georef/,https://apis.datos.gob.ar/georef/api,verde,variante de nombre en el depto correcto
v9_1_2_p01,82,Neuquén,Aluminé,Aluminé,,744,58007010,Aluminé,Aluminé,-39.2384060186233,-70.9159080653272,auto_ok,auto_ok,match_exacto_3campos,auto_match,no,auto,2026-07-22,alta,georef/localidades-censales,https://apis.datos.gob.ar/georef/api,verde,
v9_1_2_p01,95,Neuquén,Minas,Andacollo,,587,58077010,Andacollo,Minas,-37.1796778745903,-70.6700148075152,auto_ok,auto_ok,match_exacto_3campos,auto_match,no,auto,2026-07-22,alta,georef/localidades-censales,https://apis.datos.gob.ar/georef/api,verde,
v9_1_2_p01,160,Neuquén,Añelo,Añelo,,46,58014010,Añelo,Añelo,-38.3514440221419,-68.7919715586172,auto_ok,auto_ok,match_exacto_3campos,auto_match,no,auto,2026-07-22,alta,georef/localidades-censales,https://apis.datos.gob.ar/georef/api,verde,
v9_1_2_p01,68,Chubut,Escalante,Astra,,1019,26021010,Astra,Escalante,-45.7325075074661,-67.4920381888966,auto_ok,auto_ok,match_exacto_3campos,auto_match,no,auto,2026-07-22,alta,georef/localidades-censales,https://apis.datos.gob.ar/georef/api,verde,
v9_1_2_p01,143,Neuquén,Añelo,Auca Mahuída,,167,58014A04,Auca Mahuida,Añelo,-37.885659694437,-68.5193441345967,propuesto,A (aparcado),bahra_georef,auto_muestreo,no,auto(pendiente_muestra),2026-07-22,alta,georef/asentamientos,https://apis.datos.gob.ar/georef/api,verde,BAHRA: el nombre no es localidad censal -> fuente correcta (P7)
v9_1_2_p01,153,Santa Cruz,Deseado,Bahía Laura,,115,78014A02,Bahía Laura,Deseado,-48.3938900655788,-66.4781940641785,propuesto,A (aparcado),bahra_georef,auto_muestreo,no,auto(pendiente_muestra),2026-07-22,alta,georef/asentamientos,https://apis.datos.gob.ar/georef/api,verde,BAHRA: el nombre no es localidad censal -> fuente correcta (P7)
v9_1_2_p01,99,Neuquén,Picunches,Bajada del Agrio,,560,58105010,Bajada del Agrio,Picunches,-38.4081690892817,-70.0299178373494,auto_ok,auto_ok,match_exacto_3campos,auto_match,no,auto,2026-07-22,alta,georef/localidades-censales,https://apis.datos.gob.ar/georef/api,verde,
v9_1_2_p01,65,Río Negro,General Roca,Barda del Medio,,1073,62042030,Barda del Medio,General Roca,-38.7256081693586,-68.1559712107985,auto_ok,auto_ok,match_exacto_3campos,auto_match,no,auto,2026-07-22,alta,georef/localidades-censales,https://apis.datos.gob.ar/georef/api,verde,
v9_1_2_p01,5,Río Negro,Bariloche,Bariloche,,15995,62021060,San Carlos de Bariloche,Bariloche,-41.1335181791713,-71.3101230266527,propuesto,A (aparcado),bahra_georef,auto_muestreo,no,auto(pendiente_muestra),2026-07-22,media (nombre difiere),georef/,https://apis.datos.gob.ar/georef/api,verde,variante de nombre en el depto correcto
v9_1_2_p01,157,Chubut,Escalante,Barrio Laprida y Manantial Rosales,,81,,Manantial Rosales (Comodoro Rivadavia),,-45.8233,-67.5269,propuesto,C5-barrio_de,web_barrio,humano_lote,no,pendiente:Jose,2026-07-22,verde (guard: coord en depto esperado),Wikipedia,https://es.wikipedia.org/wiki/Manantial_Rosales,verde,[guard=verde; punto en Escalante] Depto Escalante; barrio de Comodoro Rivadavia (incorporado al aglomerado en censo 2022)
v9_1_2_p01,158,Río Negro,Avellaneda,Benjamín Zorrilla,,73,62014A02,Benjamín Zorrilla,Avellaneda,-39.0958199997846,-65.4809229839758,propuesto,A (aparcado),bahra_georef,auto_muestreo,no,auto(pendiente_muestra),2026-07-22,alta,georef/asentamientos,https://apis.datos.gob.ar/georef/api,verde,BAHRA: el nombre no es localidad censal -> fuente correcta (P7)
v9_1_2_p01,123,Chubut,Sarmiento,Buen Pasto,,332,26091010,Buen Pasto,Sarmiento,-45.0772918067446,-69.4588633393087,auto_ok,auto_ok,match_exacto_3campos,auto_match,no,auto,2026-07-22,alta,georef/localidades-censales,https://apis.datos.gob.ar/georef/api,verde,
v9_1_2_p01,101,Neuquén,Pehuenches,Buta Ranquil,,527,58091020,Buta Ranquil,Pehuenches,-37.0516831418303,-69.8779026127114,auto_ok,auto_ok,match_exacto_3campos,auto_match,no,auto,2026-07-22,alta,georef/localidades-censales,https://apis.datos.gob.ar/georef/api,verde,
v9_1_2_p01,25,Santa Cruz,Deseado,Caleta Olivia,,3639,78014010,Caleta Olivia,Deseado,-46.4477343844645,-67.5227023744583,auto_ok,auto_ok,match_exacto_3campos,auto_match,no,auto,2026-07-22,alta,georef/localidades-censales,https://apis.datos.gob.ar/georef/api,verde,
v9_1_2_p01,103,Chubut,Florentino Ameghino,Camarones,,501,26028010,Camarones,Florentino Ameghino,-44.79829087317,-65.7105992934951,auto_ok,auto_ok,match_exacto_3campos,auto_match,no,auto,2026-07-22,alta,georef/localidades-censales,https://apis.datos.gob.ar/georef/api,verde,
v9_1_2_p01,42,Santa Cruz,Deseado,Cañadón Seco,,1700,78014020,Cañadón Seco,Deseado,-46.5613431609594,-67.6093011930422,auto_ok,auto_ok,match_exacto_3campos,auto_match,no,auto,2026-07-22,alta,georef/localidades-censales,https://apis.datos.gob.ar/georef/api,verde,
v9_1_2_p01,19,Neuquén,Confluencia,Centenario,,4922,58035030,Centenario,Confluencia,-38.830091779645,-68.1215045725478,auto_ok,auto_ok,match_exacto_3campos,auto_match,no,auto,2026-07-22,alta,georef/localidades-censales,https://apis.datos.gob.ar/georef/api,verde,
v9_1_2_p01,116,Chubut,Río Senguer,Centro Río Mayo,,376,,Río Mayo,,-45.6869,-70.2600,propuesto,C5-manual_coord,web_manual_coord,humano_lote,no,pendiente:Jose,2026-07-22,verde (guard: coord en depto esperado),Wikipedia,https://es.wikipedia.org/wiki/R%C3%ADo_Mayo_(ciudad),verde,"[guard=verde; punto en Río Senguer] Centro de la ciudad de Rio Mayo, depto Rio Senguer, Chubut"
v9_1_2_p01,89,Río Negro,General Roca,Cervantes,,703,62042370,Cervantes,General Roca,-39.0539441955405,-67.3941886082652,auto_ok,auto_ok,match_exacto_3campos,auto_match,no,auto,2026-07-22,alta,georef/localidades-censales,https://apis.datos.gob.ar/georef/api,verde,
v9_1_2_p01,11,Río Negro,General Roca,Cinco Saltos,,10196,62042390,Cinco Saltos,General Roca,-38.8275620197176,-68.0660962055201,auto_ok,auto_ok,match_exacto_3campos,auto_match,no,auto,2026-07-22,alta,georef/localidades-censales,https://apis.datos.gob.ar/georef/api,verde,
v9_1_2_p01,3,Río Negro,General Roca,Cipolletti,,19862,62042400,Cipolletti,General Roca,-38.9292908711398,-67.9843320069784,auto_ok,auto_ok,match_exacto_3campos,auto_match,no,auto,2026-07-22,alta,georef/localidades-censales,https://apis.datos.gob.ar/georef/api,verde,
v9_1_2_p01,137,Río Negro,25 de Mayo,Clemente Onelli,,227,62091020,Clemente Onelli,25 de Mayo,-41.2448350046555,-70.0342029410146,auto_ok,auto_ok,match_exacto_3campos,auto_match,no,auto,2026-07-22,alta,georef/localidades-censales,https://apis.datos.gob.ar/georef/api,verde,
v9_1_2_p01,125,Chubut,Languiñeo,Colan-Conhué,,306,26056030,Colan Conhué,Languiñeo,-43.2425977048335,-69.9302181856069,auto_ok,auto_ok,match_exacto_3campos,auto_match,no,auto,2026-07-22,alta,georef/localidades-censales,https://apis.datos.gob.ar/georef/api,verde,
v9_1_2_p01,88,Río Negro,General Roca,Colonia Catriel,,707,62042360,Catriel,,-37.8815288625891,-67.7945569701758,propuesto,C-generador,generador_transformacion,auto_muestreo,no,auto(pendiente_muestra),2026-07-22,alta (match exacto en depto del conjunto),georef/localidades-censales,https://apis.datos.gob.ar/georef/api,verde,candidato probado: 'Catriel' [prefijo: se quita 'Colonia']
v9_1_2_p01,38,Santa Cruz,Deseado,Colonia Las Heras,,1880,78014060,Las Heras,,-46.5412880468344,-68.9323714985692,propuesto,C-generador,generador_transformacion,auto_muestreo,no,auto(pendiente_muestra),2026-07-22,alta (match exacto en depto del conjunto),georef/localidades-censales,https://apis.datos.gob.ar/georef/api,verde,candidato probado: 'Las Heras' [prefijo: se quita 'Colonia']
v9_1_2_p01,74,Río Negro,Pilcaniyeu,Comallo,,901,62070010,Comallo,Pilcaniyeu,-41.0299477490166,-70.2678493336528,auto_ok,auto_ok,match_exacto_3campos,auto_match,no,auto,2026-07-22,alta,georef/localidades-censales,https://apis.datos.gob.ar/georef/api,verde,
v9_1_2_p01,50,Santa Cruz,Corpen Aike,Comandante Luis Piedrabuena,,1441,78007010,Comandante Luis Piedrabuena,Corpen Aike,-49.9827053148632,-68.9136317623813,auto_ok,auto_ok,match_exacto_3campos,auto_match,no,auto,2026-07-22,alta,georef/localidades-censales,https://apis.datos.gob.ar/georef/api,verde,
v9_1_2_p01,1,Chubut,Escalante,Comodoro Rivadavia,,35966,26021030,Comodoro Rivadavia,Escalante,-45.8806237030771,-67.5194575718113,auto_ok,auto_ok,match_exacto_3campos,auto_match,no,auto,2026-07-22,alta,georef/localidades-censales,https://apis.datos.gob.ar/georef/api,verde,
v9_1_2_p01,106,Río Negro,9 de Julio,Cona Niyeo,,446,62049020,Cona Niyeu,9 de Julio,-41.8648230756222,-66.938029904312,propuesto,A (aparcado),bahra_georef,auto_muestreo,no,auto(pendiente_muestra),2026-07-22,media (nombre difiere),georef/,https://apis.datos.gob.ar/georef/api,verde,variante de nombre en el depto correcto
v9_1_2_p01,63,Río Negro,General Roca,Contralmirante Cordero,,1106,62042410,Contralmirante Cordero,General Roca,-38.7570062611988,-68.0994972104866,auto_ok,auto_ok,match_exacto_3campos,auto_match,no,auto,2026-07-22,alta,georef/localidades-censales,https://apis.datos.gob.ar/georef/api,verde,
v9_1_2_p01,91,Chubut,Futaleufú,El Corcovado,,641,26035020,Corcovado,Futaleufú,-43.5392375875905,-71.4688505677306,propuesto,A (aparcado),bahra_georef,auto_muestreo,no,auto(pendiente_muestra),2026-07-22,media (nombre difiere),georef/,https://apis.datos.gob.ar/georef/api,verde,variante de nombre en el depto correcto
v9_1_2_p01,76,Río Negro,Avellaneda,Coronel Belisle,,827,62014050,Coronel Belisle,Avellaneda,-39.1858299915745,-65.9563191181266,auto_ok,auto_ok,match_exacto_3campos,auto_match,no,auto,2026-07-22,alta,georef/localidades-censales,https://apis.datos.gob.ar/georef/api,verde,
v9_1_2_p02,120,Río Negro,Pichi-Mahuida,Coronel Eugenio del Busto,,363,62063A03,Coronel Eugenio del Busto,Pichi Mahuida,-38.9431544877458,-64.246765715667,propuesto,A (aparcado),bahra_georef,auto_muestreo,no,auto(pendiente_muestra),2026-07-22,alta,georef/asentamientos,https://apis.datos.gob.ar/georef/api,verde,BAHRA: el nombre no es localidad censal -> fuente correcta (P7)
v9_1_2_p02,58,Río Negro,General Roca,Coronel Gómez,,1161,,Coronel Juan José Gómez,,-39.0194,-67.6364,propuesto,C5-rename,web_rename,humano_lote,no,pendiente:Jose,2026-07-22,verde (guard: coord en depto esperado),wikipedia,https://es.wikipedia.org/wiki/Coronel_Juan_Jos%C3%A9_G%C3%B3mez_(R%C3%ADo_Negro),verde,"[guard=verde; punto en General Roca] Coronel Gomez = Coronel Juan Jose Gomez, hoy barrio oeste de General Roca, depto General Roca, Rio Negro. Fue localidad"
v9_1_2_p02,155,Río Negro,Adolfo Alsina,Cubanea,,99,62007A03,Cubanea,Adolfo Alsina,-40.6173566505519,-63.5568106763696,propuesto,A (aparcado),bahra_georef,auto_muestreo,no,auto(pendiente_muestra),2026-07-22,alta,georef/asentamientos,https://apis.datos.gob.ar/georef/api,verde,BAHRA: el nombre no es localidad censal -> fuente correcta (P7)
v9_1_2_p02,10,Neuquén,Confluencia,Cutral-Có,,11292,58035040,Cutral Có,Confluencia,-38.9379007509951,-69.2293580990891,auto_ok,auto_ok,match_exacto_3campos,auto_match,no,auto,2026-07-22,alta,georef/localidades-censales,https://apis.datos.gob.ar/georef/api,verde,
v9_1_2_p02,129,Neuquén,Confluencia,Challacó,,287,58035A04,Challacó,Confluencia,-38.9701577114512,-68.9632593274039,propuesto,A (aparcado),bahra_georef,auto_muestreo,no,auto(pendiente_muestra),2026-07-22,alta,georef/asentamientos,https://apis.datos.gob.ar/georef/api,verde,BAHRA: el nombre no es localidad censal -> fuente correcta (P7)
v9_1_2_p02,115,Río Negro,Avellaneda,Chelforo,,384,62014020,Chelforó,Avellaneda,-39.0875054939476,-66.5211251558587,auto_ok,auto_ok,match_exacto_3campos,auto_match,no,auto,2026-07-22,alta,georef/localidades-censales,https://apis.datos.gob.ar/georef/api,verde,
v9_1_2_p02,37,Río Negro,General Roca,Chichinales,,1962,62042380,Chichinales,General Roca,-39.1148814347412,-66.9425150029993,auto_ok,auto_ok,match_exacto_3campos,auto_match,no,auto,2026-07-22,alta,georef/localidades-censales,https://apis.datos.gob.ar/georef/api,verde,
v9_1_2_p02,64,Río Negro,Avellaneda,Chimpay,,1103,62014030,Chimpay,Avellaneda,-39.1648726337913,-66.1457907851535,auto_ok,auto_ok,match_exacto_3campos,auto_match,no,auto,2026-07-22,alta,georef/localidades-censales,https://apis.datos.gob.ar/georef/api,verde,
v9_1_2_p02,30,Río Negro,Avellaneda,Choele-Choel,,3079,62014040,Choele Choel,Avellaneda,-39.2911700685106,-65.6554137207825,auto_ok,auto_ok,match_exacto_3campos,auto_match,no,auto,2026-07-22,alta,georef/localidades-censales,https://apis.datos.gob.ar/georef/api,verde,
v9_1_2_p02,49,Chubut,Cushamen,Cholita,,1458,26014020,Cholila,Cushamen,-42.5112701603574,-71.4312770648423,propuesto,A (aparcado),bahra_georef,auto_muestreo,no,auto(pendiente_muestra),2026-07-22,media (nombre difiere),georef/,https://apis.datos.gob.ar/georef/api,verde,variante de nombre en el depto correcto
v9_1_2_p02,31,Neuquén,Chos-Malal,Chos-Malal,,2874,58042010,Chos Malal,Chos Malal,-37.3747818526022,-70.2764670994555,auto_ok,auto_ok,match_exacto_3campos,auto_match,no,auto,2026-07-22,alta,georef/localidades-censales,https://apis.datos.gob.ar/georef/api,verde,
v9_1_2_p02,83,Río Negro,Avellaneda,Darwin,,737,62014060,Darwin,Avellaneda,-39.2030079227621,-65.7397724810603,auto_ok,auto_ok,match_exacto_3campos,auto_match,no,auto,2026-07-22,alta,georef/localidades-censales,https://apis.datos.gob.ar/georef/api,verde,
v9_1_2_p02,28,Santa Cruz,Deseado,Deseado,,3120,78014080,Puerto Deseado,Deseado,-47.751662398045,-65.9009897257478,propuesto,A (aparcado),bahra_georef,auto_muestreo,no,auto(pendiente_muestra),2026-07-22,media (nombre difiere),georef/,https://apis.datos.gob.ar/georef/api,verde,variante de nombre en el depto correcto
v9_1_2_p02,60,Chubut,Escalante,Diadema Argentina,,1139,26021040,Diadema Argentina,Escalante,-45.7786900668836,-67.6734969209701,auto_ok,auto_ok,match_exacto_3campos,auto_match,no,auto,2026-07-22,alta,georef/localidades-censales,https://apis.datos.gob.ar/georef/api,verde,
v9_1_2_p02,59,Chubut,Gaiman,Dique Florentino Ameghino,,1160,26042010,Dique Florentino Ameghino,Gaiman,-43.6991316910158,-66.4723254682645,auto_ok,auto_ok,match_exacto_3campos,auto_match,no,auto,2026-07-22,alta,georef/localidades-censales,https://apis.datos.gob.ar/georef/api,verde,
v9_1_2_p02,53,Chubut,Gaiman,Dolavon,,1277,26042020,Dolavon,Gaiman,-43.309297578868,-65.7087388385691,auto_ok,auto_ok,match_exacto_3campos,auto_match,no,auto,2026-07-22,alta,georef/localidades-censales,https://apis.datos.gob.ar/georef/api,verde,
v9_1_2_p02,34,Río Negro,Bariloche,El Bolsón,,2607,62021030,El Bolsón,Bariloche,-41.9685422718056,-71.5354725447602,auto_ok,auto_ok,match_exacto_3campos,auto_match,no,auto,2026-07-22,alta,georef/localidades-censales,https://apis.datos.gob.ar/georef/api,verde,
v9_1_2_p02,98,Santa Cruz,Lago Argentino,El Calafate,,567,78028010,El Calafate,Lago Argentino,-50.3416879945748,-72.267380481072,auto_ok,auto_ok,match_exacto_3campos,auto_match,no,auto,2026-07-22,alta,georef/localidades-censales,https://apis.datos.gob.ar/georef/api,verde,
v9_1_2_p02,121,Río Negro,El Cuy,El Cuy,,355,62035030,El Cuy,El Cuy,-39.9269033443135,-68.3447480312889,auto_ok,auto_ok,match_exacto_3campos,auto_match,no,auto,2026-07-22,alta,georef/localidades-censales,https://apis.datos.gob.ar/georef/api,verde,
v9_1_2_p02,90,Neuquén,Norquín,El Cholar,,672,58084030,El Cholar,Ñorquín,-37.4415263672344,-70.6454930311798,auto_ok,auto_ok,match_exacto_3campos,auto_match,no,auto,2026-07-22,alta,georef/localidades-censales,https://apis.datos.gob.ar/georef/api,verde,
v9_1_2_p02,126,Neuquén,Norquín,El Huecu,,298,58084040,El Huecú,Ñorquín,-37.6448773700196,-70.5813141013418,auto_ok,auto_ok,match_exacto_3campos,auto_match,no,auto,2026-07-22,alta,georef/localidades-censales,https://apis.datos.gob.ar/georef/api,verde,
v9_1_2_p02,35,Chubut,Cushamen,El Maitén,,2382,26014050,El Maitén,Cushamen,-42.0503141432852,-71.1677901870101,auto_ok,auto_ok,match_exacto_3campos,auto_match,no,auto,2026-07-22,alta,georef/localidades-censales,https://apis.datos.gob.ar/georef/api,verde,
v9_1_2_p02,141,Chubut,Cushamen,El Mayoco,,178,26014A09,El Mayoco,Cushamen,-42.704778577141,-70.9639282258249,propuesto,A (aparcado),bahra_georef,auto_muestreo,no,auto(pendiente_muestra),2026-07-22,alta,georef/asentamientos,https://apis.datos.gob.ar/georef/api,verde,BAHRA: el nombre no es localidad censal -> fuente correcta (P7)
v9_1_2_p02,94,Santa Cruz,Güer Aike,El Turbio,,593,78021010,El Turbio,Güer Aike,-51.6803162369585,-72.0903111125434,auto_ok,auto_ok,match_exacto_3campos,auto_match,no,auto,2026-07-22,alta,georef/localidades-censales,https://apis.datos.gob.ar/georef/api,verde,
v9_1_2_p02,70,Chubut,Cushamen,Epuyén,,957,26014060,Epuyén,Cushamen,-42.2275527840394,-71.3652473238513,auto_ok,auto_ok,match_exacto_3campos,auto_match,no,auto,2026-07-22,alta,georef/localidades-censales,https://apis.datos.gob.ar/georef/api,verde,
v9_1_2_p02,12,Chubut,Futaleufú,Esquel,,9900,26035030,Esquel,Futaleufú,-42.9133238858291,-71.3185116319277,auto_ok,auto_ok,match_exacto_3campos,auto_match,no,auto,2026-07-22,alta,georef/localidades-censales,https://apis.datos.gob.ar/georef/api,verde,
v9_1_2_p02,108,Chubut,Río Senguer,Facundo,,430,26084050,Facundo,Río Senguer,-45.3089555737106,-69.9739347811972,auto_ok,auto_ok,match_exacto_3campos,auto_match,no,auto,2026-07-22,alta,georef/localidades-censales,https://apis.datos.gob.ar/georef/api,verde,
v9_1_2_p02,156,Santa Cruz,Deseado,Fitz Roy,,98,78014030,Fitz Roy,Deseado,-47.026469473213,-67.2490550974287,auto_ok,auto_ok,match_exacto_3campos,auto_match,no,auto,2026-07-22,alta,georef/localidades-censales,https://apis.datos.gob.ar/georef/api,verde,
v9_1_2_p02,52,Chubut,Gaiman,Gaiman,,1286,26042030,Gaiman,Gaiman,-43.2915081476151,-65.4981751903427,auto_ok,auto_ok,match_exacto_3campos,auto_match,no,auto,2026-07-22,alta,georef/localidades-censales,https://apis.datos.gob.ar/georef/api,verde,
v9_1_2_p02,130,Chubut,Telsen,Gan Gan,,281,26105010,Gan Gan,Telsen,-42.5216121925254,-68.2850603016658,auto_ok,auto_ok,match_exacto_3campos,auto_match,no,auto,2026-07-22,alta,georef/localidades-censales,https://apis.datos.gob.ar/georef/api,verde,
v9_1_2_p02,159,Chubut,Gastre,Gastre,,67,26049030,Gastre,Gastre,-42.2633131708343,-69.221646411155,auto_ok,auto_ok,match_exacto_3campos,auto_match,no,auto,2026-07-22,alta,georef/localidades-censales,https://apis.datos.gob.ar/georef/api,verde,
v9_1_2_p02,78,Chubut,Tehuelches,Gobernador Costa,,803,26098020,Gobernador Costa,Tehuelches,-44.0486682056067,-70.5990660979135,auto_ok,auto_ok,match_exacto_3campos,auto_match,no,auto,2026-07-22,alta,georef/localidades-censales,https://apis.datos.gob.ar/georef/api,verde,
v9_1_2_p02,79,Santa Cruz,Río Chico,Gobernador Gregores,,772,78049020,Gobernador Gregores,Río Chico,-48.7508480506016,-70.2485240176428,auto_ok,auto_ok,match_exacto_3campos,auto_match,no,auto,2026-07-22,alta,georef/localidades-censales,https://apis.datos.gob.ar/georef/api,verde,
v9_1_2_p02,85,Río Negro,General Conesa,General Conesa,,716,62028020,General Conesa,Conesa,-40.1062211634033,-64.4530350148868,auto_ok,auto_ok,match_exacto_3campos,auto_match,no,auto,2026-07-22,alta,georef/localidades-censales,https://apis.datos.gob.ar/georef/api,verde,
v9_1_2_p02,36,Río Negro,General Roca,General Fernández Oro,,2079,62042440,General Fernández Oro,General Roca,-38.9539541604392,-67.9291694200066,auto_ok,auto_ok,match_exacto_3campos,auto_match,no,auto,2026-07-22,alta,georef/localidades-censales,https://apis.datos.gob.ar/georef/api,verde,
v9_1_2_p02,46,Río Negro,General Roca,General E. Godoy,,1591,62042430,General Enrique Godoy,General Roca,-39.0795501222919,-67.1575508259755,propuesto,A (aparcado),bahra_georef,auto_muestreo,no,auto(pendiente_muestra),2026-07-22,media (nombre difiere),georef/,https://apis.datos.gob.ar/georef/api,verde,variante de nombre en el depto correcto
v9_1_2_p02,128,Río Negro,Adolfo Alsina,General Lorenzo Vintter,,290,62007A09,General Lorenzo Vintter,Adolfo Alsina,-40.7461574015449,-64.4950520129867,propuesto,A (aparcado),bahra_georef,auto_muestreo,no,auto(pendiente_muestra),2026-07-22,alta,georef/asentamientos,https://apis.datos.gob.ar/georef/api,verde,BAHRA: el nombre no es localidad censal -> fuente correcta (P7)
v9_1_2_p02,2,Río Negro,General Roca,General Roca,,21969,62042450,General Roca,General Roca,-39.0267025182087,-67.5748540962425,auto_ok,auto_ok,match_exacto_3campos,auto_match,no,auto,2026-07-22,alta,georef/localidades-censales,https://apis.datos.gob.ar/georef/api,verde,
v9_1_2_p03,80,Río Negro,Adolfo Alsina,Guardia Mitre,,746,62007040,Guardia Mitre,Adolfo Alsina,-40.4291260834078,-63.6728639081296,auto_ok,auto_ok,match_exacto_3campos,auto_match,no,auto,2026-07-22,alta,georef/localidades-censales,https://apis.datos.gob.ar/georef/api,verde,
v9_1_2_p03,113,Chubut,Cushamen,Gualjaina,,389,26014070,Gualjaina,Cushamen,-42.7239468870931,-70.5385974401346,auto_ok,auto_ok,match_exacto_3campos,auto_match,no,auto,2026-07-22,alta,georef/localidades-censales,https://apis.datos.gob.ar/georef/api,verde,
v9_1_2_p03,29,Río Negro,General Roca,Ingeniero Huergo,,3083,62042460,Ingeniero Luis A. Huergo,General Roca,-39.0711757468082,-67.2328876350348,propuesto,A (aparcado),bahra_georef,auto_muestreo,no,auto(pendiente_muestra),2026-07-22,media (nombre difiere),georef/,https://apis.datos.gob.ar/georef/api,verde,variante de nombre en el depto correcto
v9_1_2_p03,33,Río Negro,25 de Mayo,Ingeniero Jacobacci,,2656,62091050,Ingeniero Jacobacci,25 de Mayo,-41.3268134240327,-69.5441263890306,auto_ok,auto_ok,match_exacto_3campos,auto_match,no,auto,2026-07-22,alta,georef/localidades-censales,https://apis.datos.gob.ar/georef/api,verde,
v9_1_2_p03,107,Santa Cruz,Deseado,Jaramillo,,437,78014040,Jaramillo,Deseado,-47.1839759601696,-67.1447565634293,auto_ok,auto_ok,match_exacto_3campos,auto_match,no,auto,2026-07-22,alta,georef/localidades-censales,https://apis.datos.gob.ar/georef/api,verde,
v9_1_2_p03,61,Chubut,Tehuelches,José de San Martín,,1143,26098030,José de San Martín,Tehuelches,-44.0514262900004,-70.4704125618846,auto_ok,auto_ok,match_exacto_3campos,auto_match,no,auto,2026-07-22,alta,georef/localidades-censales,https://apis.datos.gob.ar/georef/api,verde,
v9_1_2_p03,142,Río Negro,Pichi-Mahuida,Juan de Garay,,174,62063A05,Juan de Garay,Pichi Mahuida,-38.8639605299679,-64.5668392652011,propuesto,A (aparcado),bahra_georef,auto_muestreo,no,auto(pendiente_muestra),2026-07-22,alta,georef/asentamientos,https://apis.datos.gob.ar/georef/api,verde,BAHRA: el nombre no es localidad censal -> fuente correcta (P7)
v9_1_2_p03,56,Neuquén,Huiliches,Junín de los Andes,,1183,58049010,Junín de los Andes,Huiliches,-39.9508613691568,-71.0708748681817,auto_ok,auto_ok,match_exacto_3campos,auto_match,no,auto,2026-07-22,alta,georef/localidades-censales,https://apis.datos.gob.ar/georef/api,verde,
v9_1_2_p03,32,Chubut,Escalante,Kilómetro 8 (Petroquímica),,2783,,Kilómetro 8 / Don Bosco (barrio de Comodoro Rivadavia),,-45.8000,-67.5333,propuesto,C5-barrio_de,web_barrio,humano_lote,no,pendiente:Jose,2026-07-22,verde (guard: coord en depto esperado),Wikipedia,https://es.wikipedia.org/wiki/Don_Bosco_(Chubut),verde,"[guard=verde; punto en Escalante] Barrio industrial (Petroquímica) a 8 km del centro de Comodoro Rivadavia, depto Escalante"
v9_1_2_p03,135,Chubut,Río Senguer,Lago Blanco,,244,26084060,Lago Blanco,Río Senguer,-45.9370032883328,-71.2681237676716,auto_ok,auto_ok,match_exacto_3campos,auto_match,no,auto,2026-07-22,alta,georef/localidades-censales,https://apis.datos.gob.ar/georef/api,verde,
v9_1_2_p03,96,Chubut,Futaleufú,Lago Futalaufquen,,578,,Villa Futalaufquen,,-42.8605,-71.6269,propuesto,C5-rename,web_rename,humano_lote,no,pendiente:Jose,2026-07-22,verde (guard: coord en depto esperado),gazetteer,http://www.hosteriafutalaufquen.com/ubicacion/,verde,"[guard=verde; punto en Futaleufú] Aldea Villa Futalaufquen sobre costa sur del lago Futalaufquen, PN Los Alerces, depto Futaleufu, Chubut. Coincide depto."
v9_1_2_p03,117,Río Negro,Bariloche,Llao-Llao,,376,6202106003,Villa Llao Llao,Bariloche,-41.0464476944193,-71.5147156577085,propuesto,E-bahra-fuzzy,bahra_fuzzy,auto_muestreo,no,auto(pendiente_muestra),2026-07-22,BAJA (fuzzy en capa BAHRA: puede no ser el mismo lugar),georef/localidades,https://apis.datos.gob.ar/georef/api,verde,antes era sin_match. candidatos: Villa Llao Llao/Bariloche [6202106003]
v9_1_2_p03,55,Río Negro,Avellaneda,Lamarque,,1207,62014070,Lamarque,Avellaneda,-39.4250920186421,-65.7020594065264,auto_ok,auto_ok,match_exacto_3campos,auto_match,no,auto,2026-07-22,alta,georef/localidades-censales,https://apis.datos.gob.ar/georef/api,verde,
v9_1_2_p03,69,Neuquén,Catán-Lil,Las Coloradas,,975,58021010,Las Coloradas,Catán Lil,-39.5564504688464,-70.5940833827027,auto_ok,auto_ok,match_exacto_3campos,auto_match,no,auto,2026-07-22,alta,georef/localidades-censales,https://apis.datos.gob.ar/georef/api,verde,
v9_1_2_p03,40,Neuquén,Picunches,Las Lajas,,1805,58105030,Las Lajas,Picunches,-38.5234738725145,-70.3616491095099,auto_ok,auto_ok,match_exacto_3campos,auto_match,no,auto,2026-07-22,alta,georef/localidades-censales,https://apis.datos.gob.ar/georef/api,verde,
v9_1_2_p03,122,Neuquén,Minas,Las Ovejas,,341,58077030,Las Ovejas,Minas,-36.9881343331798,-70.7487001311443,auto_ok,auto_ok,match_exacto_3campos,auto_match,no,auto,2026-07-22,alta,georef/localidades-censales,https://apis.datos.gob.ar/georef/api,verde,
v9_1_2_p03,139,Chubut,Mártires,Las Plumas,,182,26063020,Las Plumas,Mártires,-43.7205459956224,-67.284934963307,auto_ok,auto_ok,match_exacto_3campos,auto_match,no,auto,2026-07-22,alta,georef/localidades-censales,https://apis.datos.gob.ar/georef/api,verde,
v9_1_2_p03,111,Chubut,Cushamen,Leleque,,401,26014100,Leleque,Cushamen,-42.4129185865076,-71.0712036013475,auto_ok,auto_ok,match_exacto_3campos,auto_match,no,auto,2026-07-22,alta,georef/localidades-censales,https://apis.datos.gob.ar/georef/api,verde,
v9_1_2_p03,75,Neuquén,Loncopué,Loncopué,,856,58063020,Loncopué,Loncopué,-38.0732031449515,-70.6144247851562,auto_ok,auto_ok,match_exacto_3campos,auto_match,no,auto,2026-07-22,alta,georef/localidades-censales,https://apis.datos.gob.ar/georef/api,verde,
v9_1_2_p03,86,Santa Cruz,Lago Buenos Aires,Los Antiguos,,709,78035010,Los Antiguos,Lago Buenos Aires,-46.5495721450214,-71.6251231326287,auto_ok,auto_ok,match_exacto_3campos,auto_match,no,auto,2026-07-22,alta,georef/localidades-censales,https://apis.datos.gob.ar/georef/api,verde,
v9_1_2_p03,41,Río Negro,25 de Mayo,Los Menucos,,1749,62091060,Los Menucos,25 de Mayo,-40.8427748494578,-68.0858731459467,auto_ok,auto_ok,match_exacto_3campos,auto_match,no,auto,2026-07-22,alta,georef/localidades-censales,https://apis.datos.gob.ar/georef/api,verde,
v9_1_2_p03,67,Río Negro,Avellaneda,Luis Beltrán,,1058,62014080,Luis Beltrán,Avellaneda,-39.31071900317,-65.7635927108058,auto_ok,auto_ok,match_exacto_3campos,auto_match,no,auto,2026-07-22,alta,georef/localidades-censales,https://apis.datos.gob.ar/georef/api,verde,
v9_1_2_p03,148,Río Negro,General Roca,Mainque,,126,62042480,Mainqué,General Roca,-39.0637561999382,-67.3042811813575,auto_ok,auto_ok,match_exacto_3campos,auto_match,no,auto,2026-07-22,alta,georef/localidades-censales,https://apis.datos.gob.ar/georef/api,verde,
v9_1_2_p03,109,Chubut,Escalante,Manantiales Behr,,426,26021A08,Manantiales Behr,Escalante,-45.6783635345626,-67.7364862925991,propuesto,A (aparcado),bahra_georef,auto_muestreo,no,auto(pendiente_muestra),2026-07-22,alta,georef/asentamientos,https://apis.datos.gob.ar/georef/api,verde,BAHRA: el nombre no es localidad censal -> fuente correcta (P7)
v9_1_2_p03,152,Río Negro,San Antonio,Mancha Blanca,,116,62077A05,Mancha Blanca,San Antonio,-40.7777700572722,-65.4509300813712,propuesto,A (aparcado),bahra_georef,auto_muestreo,no,auto(pendiente_muestra),2026-07-22,alta,georef/asentamientos,https://apis.datos.gob.ar/georef/api,verde,BAHRA: el nombre no es localidad censal -> fuente correcta (P7)
v9_1_2_p03,39,Río Negro,25 de Mayo,Maquinchao,,1851,62091070,Maquinchao,25 de Mayo,-41.2475165638608,-68.7003410687453,auto_ok,auto_ok,match_exacto_3campos,auto_match,no,auto,2026-07-22,alta,georef/localidades-censales,https://apis.datos.gob.ar/georef/api,verde,
v9_1_2_p03,97,Neuquén,Zapala,Mariano Moreno,,568,58112020,Mariano Moreno,Zapala,-38.7613604301781,-70.0365565760114,auto_ok,auto_ok,match_exacto_3campos,auto_match,no,auto,2026-07-22,alta,georef/localidades-censales,https://apis.datos.gob.ar/georef/api,verde,
v9_1_2_p03,138,Río Negro,El Cuy,Mencué,,208,62035050,Mencué,El Cuy,-40.4231830868941,-69.6142841897527,auto_ok,auto_ok,match_exacto_3campos,auto_match,no,auto,2026-07-22,alta,georef/localidades-censales,https://apis.datos.gob.ar/georef/api,verde,
v9_1_2_p03,87,Río Negro,9 de Julio,Ministro Ramos Mejía,,708,62049030,Ministro Ramos Mexía,9 de Julio,-40.5069745777706,-67.2607321434005,propuesto,A (aparcado),bahra_georef,auto_muestreo,no,auto(pendiente_muestra),2026-07-22,media (nombre difiere),georef/,https://apis.datos.gob.ar/georef/api,verde,variante de nombre en el depto correcto
v9_1_2_p03,4,Neuquén,Confluencia,Neuquén,,16738,58035070,Neuquén,Confluencia,-38.9513065600706,-68.0591439619475,auto_ok,auto_ok,match_exacto_3campos,auto_match,no,auto,2026-07-22,alta,georef/localidades-censales,https://apis.datos.gob.ar/georef/api,verde,
v9_1_2_p03,93,Río Negro,Norquincó,Norquincó,,602,62056030,Ñorquincó,Ñorquinco,-41.8495986960274,-70.9000497739921,auto_ok,auto_ok,match_exacto_3campos,auto_match,no,auto,2026-07-22,alta,georef/localidades-censales,https://apis.datos.gob.ar/georef/api,verde,
v9_1_2_p03,133,Chubut,Escalante,Pampa del Castillo,,272,26021A10,Pampa del Castillo,Escalante,-45.7879602799647,-68.0555627178326,propuesto,A (aparcado),bahra_georef,auto_muestreo,no,auto(pendiente_muestra),2026-07-22,alta,georef/asentamientos,https://apis.datos.gob.ar/georef/api,verde,BAHRA: el nombre no es localidad censal -> fuente correcta (P7)
v9_1_2_p03,66,Chubut,Paso de Indios,Paso de Indios,,1067,26070030,Paso de Indios,Paso de Indios,-43.8643737895973,-69.0465879468661,auto_ok,auto_ok,match_exacto_3campos,auto_match,no,auto,2026-07-22,alta,georef/localidades-censales,https://apis.datos.gob.ar/georef/api,verde,
v9_1_2_p03,47,Santa Cruz,Lago Buenos Aires,Perito Moreno,,1587,78035020,Perito Moreno,Lago Buenos Aires,-46.5937760745817,-70.9299049561865,auto_ok,auto_ok,match_exacto_3campos,auto_match,no,auto,2026-07-22,alta,georef/localidades-censales,https://apis.datos.gob.ar/georef/api,verde,
v9_1_2_p03,48,Santa Cruz,Deseado,Pico Truncado,,1527,78014070,Pico Truncado,Deseado,-46.7992587599431,-67.9577982389072,auto_ok,auto_ok,match_exacto_3campos,auto_match,no,auto,2026-07-22,alta,georef/localidades-censales,https://apis.datos.gob.ar/georef/api,verde,
v9_1_2_p03,104,Neuquén,Picún-Leufú,Picún-Leufú,,495,58098020,Picún Leufú,Picún Leufú,-39.518663092297,-69.2911370364414,auto_ok,auto_ok,match_exacto_3campos,auto_match,no,auto,2026-07-22,alta,georef/localidades-censales,https://apis.datos.gob.ar/georef/api,verde,
v9_1_2_p03,151,Río Negro,Pichi-Mahuida,Pichi-Mahuída,,123,62063017,Pichi Mahuida,Pichi Mahuida,-38.8315124331669,-64.9353760431225,auto_ok,auto_ok,match_exacto_3campos,auto_match,no,auto,2026-07-22,alta,georef/localidades-censales,https://apis.datos.gob.ar/georef/api,verde,
v9_1_2_p03,144,Neuquén,Collón-Curá,Piedra del Aguila,,155,58028010,Piedra del Águila,Collón Curá,-40.0485747443279,-70.0751663788792,auto_ok,auto_ok,match_exacto_3campos,auto_match,no,auto,2026-07-22,alta,georef/localidades-censales,https://apis.datos.gob.ar/georef/api,verde,
v9_1_2_p03,112,Río Negro,Pilcaniyeu,Pilcaniyeu,,395,62070060,Pilcaniyeu,Pilcaniyeu,-41.1225377407397,-70.7201720219768,auto_ok,auto_ok,match_exacto_3campos,auto_match,no,auto,2026-07-22,alta,georef/localidades-censales,https://apis.datos.gob.ar/georef/api,verde,
v9_1_2_p04,154,Río Negro,General Conesa,Planta Compresora Conesa,,101,,Planta Compresora (General Conesa),,-40.4248,-63.9047,propuesto,C5-manual_coord,web_manual_coord,humano_lote,no,pendiente:Jose,2026-07-22,verde (guard: coord en depto esperado),OSM Nominatim,https://nominatim.openstreetmap.org/,verde,"[guard=verde; punto en Conesa] Planta compresora de gas sobre RN250 (km 49), depto Conesa, Río Negro; caserío ligado a la planta al norte del casco de"
v9_1_2_p04,54,Río Negro,Bariloche,Playa Bonita,,1249,,Playa Bonita (Bariloche),,-41.1235,-71.4008,propuesto,C5-manual_coord,web_manual_coord,humano_lote,no,pendiente:Jose,2026-07-22,verde (guard: coord en depto esperado),osm,https://nominatim.openstreetmap.org/search?q=Playa%20Bonita%2C%20Bariloche,verde,"[guard=verde; punto en Bariloche] Barrio/paraje sobre Av. Bustillo (km 8), costa del lago Nahuel Huapi, depto/municipio San Carlos de Bariloche. Coincide"
v9_1_2_p04,20,Neuquén,Confluencia,Plaza Huincul,,4906,58035090,Plaza Huincul,Confluencia,-38.9293596504221,-69.2052749675769,auto_ok,auto_ok,match_exacto_3campos,auto_match,no,auto,2026-07-22,alta,georef/localidades-censales,https://apis.datos.gob.ar/georef/api,verde,
v9_1_2_p04,72,Neuquén,Confluencia,Plottier,,934,58035100,Plottier,Confluencia,-38.9522710952118,-68.2269699840594,auto_ok,auto_ok,match_exacto_3campos,auto_match,no,auto,2026-07-22,alta,georef/localidades-censales,https://apis.datos.gob.ar/georef/api,verde,
v9_1_2_p04,92,Río Negro,Avellaneda,Pomona,,607,62014090,Pomona,Avellaneda,-39.4845136244737,-65.6099026342301,auto_ok,auto_ok,match_exacto_3campos,auto_match,no,auto,2026-07-22,alta,georef/localidades-censales,https://apis.datos.gob.ar/georef/api,verde,
v9_1_2_p04,134,Santa Cruz,Güer Aike,Puerto Coyle,,251,,Puerto Coig (Puerto Coyle),,-50.9567,-69.2267,propuesto,C5-rename,web_rename,humano_lote,no,pendiente:Jose,2026-07-22,verde (guard: coord en depto esperado),Wikipedia (Puerto Coig),https://es.wikipedia.org/wiki/Puerto_Coig,verde,"[guard=verde; punto en Güer Aike] Ex localidad del depto Güer Aike, también llamada Puerto Coyle."
v9_1_2_p04,140,Chubut,Biedma,Puerto Lobos,,178,26007A13,Puerto Lobos,Biedma,-42.0037766846173,-65.0749374342452,propuesto,A (aparcado),bahra_georef,auto_muestreo,no,auto(pendiente_muestra),2026-07-22,alta,georef/asentamientos,https://apis.datos.gob.ar/georef/api,verde,BAHRA: el nombre no es localidad censal -> fuente correcta (P7)
v9_1_2_p04,16,Chubut,Chubut,Puerto Madryn,,5586,26007020,Puerto Madryn,Biedma,-42.7673,-65.0366,propuesto,PASO0-correccion,correccion_fuente_imagen,humano_individual,no,humano:Jose(Paso0),2026-07-22,alta (imagen+georef; ratificar),imagen+georef,https://apis.datos.gob.ar/georef/api,verde,"PASO0: fuente 1960 invirtio prov/depto (imprimio Prov=Biedma, Depto=Chubut); correcto Chubut/Biedma. Imagen v9_1_2_p04/16"
v9_1_2_p04,110,Chubut,Biedma,Puerto Pirámides,,425,26007030,Puerto Pirámides,Biedma,-42.5721003711422,-64.2842874882041,auto_ok,auto_ok,match_exacto_3campos,auto_match,no,auto,2026-07-22,alta,georef/localidades-censales,https://apis.datos.gob.ar/georef/api,verde,
v9_1_2_p04,146,Neuquén,Picunches,Quili Malal,,136,58105040,Quili Malal,Picunches,-38.3269041336757,-69.8136315416504,auto_ok,auto_ok,match_exacto_3campos,auto_match,no,auto,2026-07-22,alta,georef/localidades-censales,https://apis.datos.gob.ar/georef/api,verde,
v9_1_2_p04,22,Chubut,Rawson,Rawson,,4109,26077030,Rawson,Rawson,-43.2995632148847,-65.1055522733608,auto_ok,auto_ok,match_exacto_3campos,auto_match,no,auto,2026-07-22,alta,georef/localidades-censales,https://apis.datos.gob.ar/georef/api,verde,
v9_1_2_p04,15,Río Negro,Pichi-Mahuida,Río Colorado,,5892,62063020,Río Colorado,Pichi Mahuida,-38.9907758378102,-64.0959331776754,auto_ok,auto_ok,match_exacto_3campos,auto_match,no,auto,2026-07-22,alta,georef/localidades-censales,https://apis.datos.gob.ar/georef/api,verde,
v9_1_2_p04,84,Río Negro,Norquincó,Río Chico,,719,62056050,Río Chico,Ñorquinco,-41.7114838228569,-70.4755446107403,auto_ok,auto_ok,match_exacto_3campos,auto_match,no,auto,2026-07-22,alta,georef/localidades-censales,https://apis.datos.gob.ar/georef/api,verde,
v9_1_2_p04,6,Santa Cruz,Güer Aike,Río Gallegos,,14439,78021040,Río Gallegos,Güer Aike,-51.6234085204239,-69.2161035841345,auto_ok,auto_ok,match_exacto_3campos,auto_match,no,auto,2026-07-22,alta,georef/localidades-censales,https://apis.datos.gob.ar/georef/api,verde,
v9_1_2_p04,23,Tierra del Fuego,San Sebastián,Río Grande,,3666,94008010,Río Grande,Río Grande,-53.7863542199069,-67.6961297756257,auto_ok,auto_ok,match_exacto_3campos,auto_match,no,auto,2026-07-22,alta,georef/localidades-censales,https://apis.datos.gob.ar/georef/api,verde,
v9_1_2_p04,71,Chubut,Río Senguer,Río Mayo,,937,26084070,Río Mayo,Río Senguer,-45.6922507002308,-70.2626320401804,auto_ok,auto_ok,match_exacto_3campos,auto_match,no,auto,2026-07-22,alta,georef/localidades-censales,https://apis.datos.gob.ar/georef/api,verde,
v9_1_2_p04,73,Chubut,Tehuelches,Río Pico,,915,26098040,Río Pico,Tehuelches,-44.1793008126455,-71.3682376379478,auto_ok,auto_ok,match_exacto_3campos,auto_match,no,auto,2026-07-22,alta,georef/localidades-censales,https://apis.datos.gob.ar/georef/api,verde,
v9_1_2_p04,149,Río Negro,Bariloche,Río Villegas,,125,62021050,Río Villegas,Bariloche,-41.5783733182773,-71.5015568041266,auto_ok,auto_ok,match_exacto_3campos,auto_match,no,auto,2026-07-22,alta,georef/localidades-censales,https://apis.datos.gob.ar/georef/api,verde,
v9_1_2_p04,17,Río Negro,San Antonio,San Antonio Oeste,,5278,62077050,San Antonio Oeste,San Antonio,-40.7331212540475,-64.9569503627857,auto_ok,auto_ok,match_exacto_3campos,auto_match,no,auto,2026-07-22,alta,georef/localidades-censales,https://apis.datos.gob.ar/georef/api,verde,
v9_1_2_p04,119,Río Negro,Adolfo Alsina,San Javier,,370,62007080,San Javier,Adolfo Alsina,-40.750758264576,-63.2680075844713,auto_ok,auto_ok,match_exacto_3campos,auto_match,no,auto,2026-07-22,alta,georef/localidades-censales,https://apis.datos.gob.ar/georef/api,verde,
v9_1_2_p04,24,Santa Cruz,Magallanes,San Julián,,3649,78042010,Puerto San Julián,Magallanes,-49.3074700497826,-67.7233158886263,propuesto,A (aparcado),bahra_georef,auto_muestreo,no,auto(pendiente_muestra),2026-07-22,media (nombre difiere),georef/,https://apis.datos.gob.ar/georef/api,verde,variante de nombre en el depto correcto
v9_1_2_p04,21,Neuquén,Lácar,San Martín de los Andes,,4567,58056010,San Martín de los Andes,Lácar,-40.1568214586407,-71.3526581825789,auto_ok,auto_ok,match_exacto_3campos,auto_match,no,auto,2026-07-22,alta,georef/localidades-censales,https://apis.datos.gob.ar/georef/api,verde,
v9_1_2_p04,132,Río Negro,Bariloche,San Pedro,,274,,Península San Pedro (San Carlos de Bariloche),,-41.0677,-71.4473,propuesto,C5-barrio_de,web_barrio,humano_lote,no,pendiente:Jose,2026-07-22,verde (guard: coord en depto esperado),dices.net,https://www.dices.net/mapas/argentina/mapa.php?nombre=Peninsula-San-Pedro&id=15977,verde,"[guard=verde; punto en Bariloche] Paraje hoy barrio/península de San Carlos de Bariloche, depto Bariloche"
v9_1_2_p04,57,Santa Cruz,Corpen Aike,Santa Cruz,,1178,78007020,Puerto Santa Cruz,Corpen Aike,-50.0199697539944,-68.5237971236235,propuesto,A (aparcado),bahra_georef,auto_muestreo,no,auto(pendiente_muestra),2026-07-22,media (nombre difiere),georef/,https://apis.datos.gob.ar/georef/api,verde,variante de nombre en el depto correcto
v9_1_2_p04,18,Chubut,Sarmiento,Sarmiento,,4922,26091020,Sarmiento,Sarmiento,-45.5868150781619,-69.068700853908,auto_ok,auto_ok,match_exacto_3campos,auto_match,no,auto,2026-07-22,alta,georef/localidades-censales,https://apis.datos.gob.ar/georef/api,verde,
v9_1_2_p04,114,Neuquén,Confluencia,Senillosa,,389,58035110,Senillosa,Confluencia,-39.0088495538719,-68.4268395877098,auto_ok,auto_ok,match_exacto_3campos,auto_match,no,auto,2026-07-22,alta,georef/localidades-censales,https://apis.datos.gob.ar/georef/api,verde,
v9_1_2_p04,100,Río Negro,9 de Julio,Sierra Colorada,,541,62049050,Sierra Colorada,9 de Julio,-40.5860560078576,-67.7581536457979,auto_ok,auto_ok,match_exacto_3campos,auto_match,no,auto,2026-07-22,alta,georef/localidades-censales,https://apis.datos.gob.ar/georef/api,verde,
v9_1_2_p04,102,Río Negro,San Antonio,Sierra Grande,,512,62077060,Sierra Grande,San Antonio,-41.6054617233192,-65.3570106430209,auto_ok,auto_ok,match_exacto_3campos,auto_match,no,auto,2026-07-22,alta,georef/localidades-censales,https://apis.datos.gob.ar/georef/api,verde,
v9_1_2_p04,81,Chubut,Languiñeo,Tecka,,745,26056050,Tecka,Languiñeo,-43.4928972365364,-70.8107343308032,auto_ok,auto_ok,match_exacto_3campos,auto_match,no,auto,2026-07-22,alta,georef/localidades-censales,https://apis.datos.gob.ar/georef/api,verde,
v9_1_2_p04,150,Santa Cruz,Deseado,Tellier,,123,78014090,Tellier,Deseado,-47.6490324413438,-66.0399514962929,auto_ok,auto_ok,match_exacto_3campos,auto_match,no,auto,2026-07-22,alta,georef/localidades-censales,https://apis.datos.gob.ar/georef/api,verde,
v9_1_2_p04,105,Chubut,Telsen,Telsen,,490,26105020,Telsen,Telsen,-42.4356154617633,-66.9433151443118,auto_ok,auto_ok,match_exacto_3campos,auto_match,no,auto,2026-07-22,alta,georef/localidades-censales,https://apis.datos.gob.ar/georef/api,verde,
v9_1_2_p04,7,Chubut,Rawson,Trelew,,11852,26077040,Trelew,Rawson,-43.2530972556468,-65.3095157059582,auto_ok,auto_ok,match_exacto_3campos,auto_match,no,auto,2026-07-22,alta,georef/localidades-censales,https://apis.datos.gob.ar/georef/api,verde,
v9_1_2_p04,136,Santa Cruz,Lago Argentino,Tres Lagos,,227,78028030,Tres Lagos,Lago Argentino,-49.598244841223,-71.4463447881434,auto_ok,auto_ok,match_exacto_3campos,auto_match,no,auto,2026-07-22,alta,georef/localidades-censales,https://apis.datos.gob.ar/georef/api,verde,
v9_1_2_p04,44,Chubut,Futaleufú,Trevelín,,1642,26035060,Trevelín,Futaleufú,-43.0790524945439,-71.464103778743,auto_ok,auto_ok,match_exacto_3campos,auto_match,no,auto,2026-07-22,alta,georef/localidades-censales,https://apis.datos.gob.ar/georef/api,verde,
v9_1_2_p04,118,Neuquén,Chos-Malal,Tricao Malal,,370,58042020,Tricao Malal,Chos Malal,-37.0447977461483,-70.3249379599167,auto_ok,auto_ok,match_exacto_3campos,auto_match,no,auto,2026-07-22,alta,georef/localidades-censales,https://apis.datos.gob.ar/georef/api,verde,
v9_1_2_p04,27,Tierra del Fuego,Ushuaia,Ushuaia,,3398,94015020,Ushuaia,Ushuaia,-54.8127033710513,-68.3225299045399,auto_ok,auto_ok,match_exacto_3campos,auto_match,no,auto,2026-07-22,alta,georef/localidades-censales,https://apis.datos.gob.ar/georef/api,verde,
v9_1_2_p04,43,Río Negro,Valcheta,Valcheta,,1697,62084060,Valcheta,Valcheta,-40.6765683226766,-66.1670507439209,auto_ok,auto_ok,match_exacto_3campos,auto_match,no,auto,2026-07-22,alta,georef/localidades-censales,https://apis.datos.gob.ar/georef/api,verde,
v9_1_2_p04,14,Río Negro,Adolfo Alsina,Viedma,,7253,62007090,Viedma,Adolfo Alsina,-40.8083003043731,-62.9946732081875,auto_ok,auto_ok,match_exacto_3campos,auto_match,no,auto,2026-07-22,alta,georef/localidades-censales,https://apis.datos.gob.ar/georef/api,verde,
v9_1_2_p04,77,Neuquén,Los Lagos,Villa La Angostura,,804,58070010,Villa La Angostura,Los Lagos,-40.761913018976,-71.6478611859564,auto_ok,auto_ok,match_exacto_3campos,auto_match,no,auto,2026-07-22,alta,georef/localidades-censales,https://apis.datos.gob.ar/georef/api,verde,
v9_1_2_p05,124,Río Negro,Pilcaniyeu,Villa Llanquín,,324,62070080,Villa Llanquín,Pilcaniyeu,-40.8973113785307,-71.0333464611883,auto_ok,auto_ok,match_exacto_3campos,auto_match,no,auto,2026-07-22,alta,georef/localidades-censales,https://apis.datos.gob.ar/georef/api,verde,
v9_1_2_p05,9,Río Negro,General Roca,Villa Regina,,11360,62042560,Villa Regina,General Roca,-39.1016064708259,-67.0794672073914,auto_ok,auto_ok,match_exacto_3campos,auto_match,no,auto,2026-07-22,alta,georef/localidades-censales,https://apis.datos.gob.ar/georef/api,verde,
v9_1_2_p05,45,Neuquén,Confluencia,Vista Alegre,,1606,58035130,Vista Alegre Norte,Confluencia,-38.7343523485892,-68.1711815622046,propuesto,D,ambiguo,auto_muestreo,no,auto(pendiente_muestra),2026-07-22,baja,georef,https://apis.datos.gob.ar/georef/api,verde,>1 candidato: Vista Alegre Norte/Confluencia [58035130]; Vista Alegre Sur/Confluencia [58035140]
v9_1_2_p05,26,Santa Cruz,Güer Aike,Yacimiento Río Turbio,,3506,78021070,Yacimientos Río Turbio,Güer Aike,-51.5363660986296,-72.3377851708169,propuesto,A (aparcado),bahra_georef,auto_muestreo,no,auto(pendiente_muestra),2026-07-22,media (nombre difiere),georef/,https://apis.datos.gob.ar/georef/api,verde,variante de nombre en el depto correcto
v9_1_2_p05,147,Chubut,Escalante,Yacimiento Petrolífero Solano,,127,,,,,,sin_coordenada,C5-manual_coord,web_manual_coord,sin_coordenada,no,,2026-07-22,REVISAR (sin_depto),Wikipedia,https://es.wikipedia.org/wiki/Bah%C3%ADa_Solano_(Chubut),,"COORD RECHAZADA por guard (cae fuera de todo departamento: mar/borde). [guard=sin_depto; punto en ] Campamento/yacimiento petrolifero de Bahia Solano (YPF), depto Escalante, ~25 km al N de Comodoro Rivadavia, Chubut"
v9_1_2_p05,13,Neuquén,Zapala,Zapala,,7497,58112040,Zapala,Zapala,-38.8964289256233,-70.0675799196231,auto_ok,auto_ok,match_exacto_3campos,auto_match,no,auto,2026-07-22,alta,georef/localidades-censales,https://apis.datos.gob.ar/georef/api,verde,
