page,n_orden,provincia,departamento,localidad,footnote,total,varones,mujeres
v3_p01,359,Buenos Aires,Monte,Abbott,,865,460,405
v3_p01,396,La Pampa,Hucal,Abramo,,747,406,341
v3_p01,299,Buenos Aires,Pergamino,Acevedo,,1148,598,550
v3_p01,446,Buenos Aires,Alberti,Achupallas,,638,336,302
v3_p01,659,Buenos Aires,Chascomús,Adela,,336,209,127
v3_p01,89,Buenos Aires,Adolfo Alsina,Adolfo Alsina,,6183,3035,3148
v3_p01,491,La Pampa,Realicó,Adolfo Van Praet,,558,280,278
v3_p01,737,Buenos Aires,Mercedes,Agote,,260,130,130
v3_p01,313,Buenos Aires,Junín,Agustina,,1079,618,461
v3_p01,264,Buenos Aires,Junín,Agustín Roca,,1361,729,632
v3_p01,577,La Pampa,Maracó,Agustoni,,418,246,172
v3_p01,702,Buenos Aires,Pehuajó,Alagón,,289,180,109
v3_p01,807,Buenos Aires,Pehuajó,Albariño,,202,127,75
v3_p01,99,Buenos Aires,Alberti,Alberti,,5322,2586,2736
v3_p01,459,Buenos Aires,Bahía Blanca,Aldea Romana,,616,354,262
v3_p01,825,Buenos Aires,General Paz,Alegre,,188,112,76
v3_p01,808,Buenos Aires,Bahía Blanca,Alférez de San Martín,,202,120,82
v3_p01,271,Buenos Aires,Villarino,Algarrobo,,1317,726,591
v3_p01,775,La Pampa,Chical-Có,Algarrobo del Águila,,228,122,106
v3_p01,14,Buenos Aires,Almirante Brown,Almirante Brown,1,136924,68451,68473
v3_p01,176,La Pampa,Guatraché,Alpachiri,,2414,1337,1077
v3_p01,260,Buenos Aires,Baradero,Alsina,,1375,777,598
v3_p01,285,La Pampa,Realicó,Alta Italia,,1227,646,581
v3_p01,757,Buenos Aires,Mercedes,Altamira,,245,125,120
v3_p01,675,Buenos Aires,Brandsen,Altamirano,,320,180,140
v3_p01,818,Buenos Aires,Saavedra,Alta Vista,,192,119,73
v3_p01,879,Buenos Aires,Tapalqué,Altona,,137,76,61
v3_p01,318,Buenos Aires,Saladillo,Alvarez de Toledo,,1040,562,478
v3_p01,516,Buenos Aires,Magdalena,Alvarez Jonte,,519,279,240
v3_p01,897,Buenos Aires,9 de Julio,Amalia,,120,71,49
v3_p01,116,Buenos Aires,General Pinto,Ameghino,,4154,2167,1987
v3_p01,814,Buenos Aires,Navarro,Anasagasti,,198,118,80
v3_p01,622,Buenos Aires,Caseros,Andant,,370,211,159
v3_p01,764,Buenos Aires,25 de Mayo,Anderson,,235,130,105
v3_p01,221,La Pampa,Capital,Anguil,,1665,920,745
v3_p01,443,Buenos Aires,Lobos,Antonio Carboni,,644,359,285
v3_p01,754,La Pampa,Caleu-Caleu,Anzoategui,,247,163,84
v3_p01,394,Buenos Aires,Coronel Dorrego,Aparicio,,755,458,297
v3_p01,750,Buenos Aires,Adolfo Alsina,Arano,,248,143,105
v3_p01,269,La Pampa,Trenel,Arata,,1336,735,601
v3_p01,574,Buenos Aires,25 de Mayo,Araujo,,422,240,182
v3_p02,385,Buenos Aires,Caseros,Arboledas,,781,426,355
v3_p02,230,Buenos Aires,Lincoln,Arenaza,,1592,831,761
v3_p02,726,Buenos Aires,Villarino,Argerich,,267,153,114
v3_p02,609,Buenos Aires,Azul,Ariel,,379,211,168
v3_p02,57,Buenos Aires,Bartolomé Mitre,Arrecifes,,10397,5234,5163
v3_p02,162,Buenos Aires,General Arenales,Arribeños,,2782,1448,1334
v3_p02,338,Buenos Aires,Saavedra,Arroyo Corto,,956,455,501
v3_p02,634,Buenos Aires,Exaltación de la Cruz,Arroyo de la Cruz,,361,203,158
v3_p02,586,Buenos Aires,Pergamino,Arroyo del Medio,,403,232,171
v3_p02,699,Buenos Aires,Azul,Arroyo de los Huesos,,297,187,110
v3_p02,871,Buenos Aires,Pergamino,Arroyo Dulce,,147,96,51
v3_p02,236,Buenos Aires,Salto,Arroyo Dulce,,1514,793,721
v3_p02,447,Buenos Aires,Guaminí,Arroyo Venado,,634,352,282
v3_p02,623,Buenos Aires,Bragado,Asamblea,,369,224,145
v3_p02,168,Buenos Aires,General Arenales,Ascensión,,2638,1381,1257
v3_p02,703,Buenos Aires,Pehuajó,Asturias,,287,172,115
v3_p02,539,Buenos Aires,Magdalena,Atalaya,,484,249,235
v3_p02,427,La Pampa,Utracán,Ataliva Roca,,678,373,305
v3_p02,909,Buenos Aires,Chascomús,Atilio Pesagno,,100,60,40
v3_p02,838,La Pampa,Atreucó,Atreucó,,175,119,56
v3_p02,868,Buenos Aires,Zárate,Atucha,,152,102,50
v3_p02,5,Buenos Aires,Avellaneda,Avellaneda,1,326531,163759,162772
v3_p02,651,Buenos Aires,Adolfo Alsina,Avestrus,,343,199,144
v3_p02,61,Buenos Aires,Ayacucho,Ayacucho,,10004,4660,5344
v3_p02,552,Buenos Aires,San Andrés de Giles,Azcuénaga,,463,252,211
v3_p02,473,Buenos Aires,Puán,Azopardo,,578,326,252
v3_p02,397,Buenos Aires,Tandil,Azucena,,743,429,314
v3_p02,31,Buenos Aires,Azul,Azul,,33535,16542,16993
v3_p02,706,Buenos Aires,9 de Julio,Bacacay,,286,171,115
v3_p02,15,Buenos Aires,Bahía Blanca,Bahía Blanca,,120580,58804,61776
v3_p02,694,Buenos Aires,Patagones,Bahía San Blas,,302,212,90
v3_p02,187,Buenos Aires,General Viamonte,Baigorrita,,2046,1111,935
v3_p02,497,Buenos Aires,Cnel. de Mar. L.N.Rosales,Bajo Hondo,,552,311,241
v3_p02,877,Buenos Aires,Lincoln,Balsa,,139,83,56
v3_p02,554,Buenos Aires,Tres Arroyos,Balneario Claromecó,,459,259,200
v3_p02,828,Buenos Aires,General Lavalle,Balneario Mar de Ajó Norte,,187,103,84
v3_p02,41,Buenos Aires,Balcarce,Balcarce,,20540,10330,10210
v3_p02,296,Buenos Aires,General Villegas,Banderaló,,1161,608,553
v3_p02,72,Buenos Aires,Baradero,Baradero,,8253,3986,4267
v3_p02,550,Buenos Aires,Juárez,Barker,,464,263,201
v3_p02,245,Buenos Aires,Magdalena,Bartolomé Bavio,,1452,785,667
v3_p03,761,Buenos Aires,Tres Arroyos,Barrow,,236,146,90
v3_p03,569,Buenos Aires,Coronel Suárez,Bathurst,,428,270,158
v3_p03,857,Buenos Aires,Alberti,Baudrix,,159,99,60
v3_p03,238,Buenos Aires,Lincoln,Bayauca,,1502,812,690
v3_p03,55,Buenos Aires,Escobar,Belén de Escobar,,11480,5923,5557
v3_p03,443,Buenos Aires,Carlos Casares,Bellocq,,662,348,314
v3_p03,780,Buenos Aires,Chivilcoy,Benítez,,226,113,113
v3_p03,846,Buenos Aires,Tornquist,Berrahondo,,166,108,58
v3_p03,366,Buenos Aires,Salto,Berdier,,848,487,361
v3_p03,27,Buenos Aires,Berisso,Berisso,,40983,20918,20065
v3_p03,538,Buenos Aires,Lincoln,Bermúdez,,485,265,220
v3_p03,242,La Pampa,Chapaleufú,Bernardo Larroudé,,1472,805,667
v3_p03,174,La Pampa,Hucal,Bernasconi,,2453,1289,1164
v3_p03,263,Buenos Aires,Trenque Lauquen,Berutti,,1364,691,673
v3_p03,347,Buenos Aires,General Pinto,Blaquier,,920,505,415
v3_p03,549,Buenos Aires,Olavarría,Blanca Grande,,465,230,235
v3_p03,842,Buenos Aires,Junín,Blandengues,,170,106,64
v3_p03,893,Buenos Aires,25 de Mayo,Blas Durañona,,124,67,57
v3_p03,635,Buenos Aires,Pellegrini,Bocayuva,,360,215,145
v3_p03,855,La Pampa,Conhello,Boeuf,,161,90,71
v3_p03,49,Buenos Aires,Bolívar,Bolívar,,15750,7464,8286
v3_p03,827,Buenos Aires,Guaminí,Bonifacio,,187,89,98
v3_p03,254,Buenos Aires,Puán,Bordenave,,1414,750,664
v3_p03,795,Buenos Aires,Bahía Blanca,Bordeu,,211,127,84
v3_p03,521,Buenos Aires,Balcarce,Bosch,,511,360,151
v3_p03,40,Buenos Aires,Bragado,Bragado,,20689,10035,10654
v3_p03,172,Buenos Aires,Bahía Blanca,Cabildo,,2470,1307,1163
v3_p03,145,Buenos Aires,Azul,Cacharí,,3135,1557,1578
v3_p03,648,La Pampa,Toay,Cachirulo,,345,209,136
v3_p03,409,Buenos Aires,Carlos Casares,Cadret,,710,420,290
v3_p03,909,Buenos Aires,Bahía Blanca,Calderón,,105,66,33
v3_p03,689,Buenos Aires,Cnel. de Mar. L.N.Rosales,Calderón,,306,211,95
v3_p03,199,La Pampa,Rancul,Caleufú,,1927,1016,911
v3_p03,536,Buenos Aires,Mar Chiquita,Calfucurá,,488,306,182
v3_p03,625,Buenos Aires,Coronel Dorrego,Calvo,,368,222,146
v3_p03,845,Buenos Aires,9 de Julio,Cambaceres,,167,93,74
v3_p03,339,Buenos Aires,General Pueyrredón,Camet,,956,570,386
v3_p03,38,Buenos Aires,Campana,Campana,,24781,12619,12162
v3_p03,546,Buenos Aires,San Nicolás,Campo Sallee,,474,269,205
v3_p03,479,Buenos Aires,Ayacucho,Cangallo,,573,350,223
v3_p03,697,Buenos Aires,Adolfo Alsina,Canónigo Gorriti,,299,189,110
v3_p04,304,Buenos Aires,General Villegas,Cañada Seca,,1129,633,496
v3_p04,70,Buenos Aires,Cañuelas,Cañuelas,,8842,4363,4479
v3_p04,121,Buenos Aires,Exaltación de la Cruz,Capilla del Señor,,3928,1891,2037
v3_p04,721,Buenos Aires,Pehuajó,Capitán Castro,,272,154,118
v3_p04,83,Buenos Aires,Bartolomé Mitre,Capitán Sarmiento,,7051,3670,3381
v3_p04,282,Buenos Aires,Rojas,Carabelas,,1239,684,555
v3_p04,492,Buenos Aires,Patagones,Cardenal Cagliero,,558,359,199
v3_p04,335,Buenos Aires,Roque Pérez,Carlos Beguerie,,969,505,464
v3_p04,67,Buenos Aires,Carlos Casares,Carlos Casares,,9218,4545,4673
v3_p04,330,Buenos Aires,Luján,Carlos Keen,,998,557,441
v3_p04,272,Buenos Aires,9 de Julio,Carlos N. Naón,,1310,711,599
v3_p04,173,Buenos Aires,Pellegrini,Carlos Pellegrini,,2470,1234,1236
v3_p04,403,Buenos Aires,Lincoln,Carlos Salas,,726,377,349
v3_p04,129,Buenos Aires,Carlos Tejedor,Carlos Tejedor,,3540,1788,1752
v3_p04,94,Buenos Aires,Carmen de Areco,Carmen de Areco,,5772,2836,2936
v3_p04,78,Buenos Aires,Patagones,Carmen de Patagones,,7478,3556,3922
v3_p04,386,La Pampa,Leventué,Carro Quemado,,780,473,307
v3_p04,746,Buenos Aires,Pila,Casalins,,252,152,100
v3_p04,179,Buenos Aires,Guaminí,Casbas,,2397,1256,1141
v3_p04,449,Buenos Aires,Coronel Suárez,Cascada,,629,368,261
v3_p04,778,Buenos Aires,Guaminí,Casey,,227,130,97
v3_p04,146,Buenos Aires,Castelli,Castelli,,3123,1529,1594
v3_p04,306,Buenos Aires,Chacabuco,Castilla,,1122,602,520
v3_p04,195,La Pampa,Catriló,Catriló,,1951,1012,939
v3_p04,329,Buenos Aires,Saladillo,Cazón,,999,515,484
v3_p04,591,La Pampa,Chapaleufú,Ceballos,,398,227,171
v3_p04,819,Buenos Aires,Carlos Casares,Centenario,,192,115,77
v3_p04,853,Buenos Aires,Castelli,Centro Guerrero,,162,83,79
v3_p04,751,La Pampa,Atreucó,Cereales,,248,161,87
v3_p04,629,Buenos Aires,Rivadavia,Cerrito,,365,217,148
v3_p04,683,Buenos Aires,Tandil,Cerro de los Leones,,309,190,119
v3_p04,684,Buenos Aires,Olavarría,Cerro Sotuyo,,308,166,142
v3_p04,274,Buenos Aires,Necochea,Claraz,,1299,703,596
v3_p04,565,Buenos Aires,Tres Arroyos,Claudio Molina,,439,292,147
v3_p04,833,Buenos Aires,Mar Chiquita,Cobo,,181,118,63
v3_p04,748,Buenos Aires,Chacabuco,Coliqueo,,250,139,111
v3_p04,60,Buenos Aires,Colón,Colón,,10209,5175,5034
v3_p04,185,La Pampa,Quemú-Quemú,Colonia Barón,,2094,1095,999
v3_p04,504,Buenos Aires,Marcos Paz,Colonia Hogar Ricardo Gutiérrez,,541,381,160
v3_p04,905,Buenos Aires,Villarino,Colonia La Merced,,105,63,42
v3_p05,810,Buenos Aires,Adolfo Alsina,Colonia Lapin,,200,118,82
v3_p05,779,Buenos Aires,Carlos Casares,Colonia Mauricio,,227,123,104
v3_p05,887,Buenos Aires,Adolfo Alsina,Colonia Philippson,,129,63,66
v3_p05,704,La Pampa,Quemú-Quemú,Colonia San José,,287,150,137
v3_p05,435,Buenos Aires,Olavarría,Colonia San Miguel,,662,368,294
v3_p05,258,Buenos Aires,Adolfo Alsina,Colonia San Miguel Arcángel,,1379,689,690
v3_p05,515,La Pampa,Utracán,Colonia Santa María,,521,277,244
v3_p05,319,Buenos Aires,Carlos Tejedor,Colonia Seré,,1034,545,489
v3_p05,410,La Pampa,Puelén,Colonia 25 de Mayo,,709,404,305
v3_p05,712,Buenos Aires,San Pedro,Colonia Velaz,,280,148,132
v3_p05,541,Buenos Aires,Chascomús,Comandante Giribone,,483,283,200
v3_p05,117,Buenos Aires,General Alvarado,Cte. Nicanor Otamendi,,4046,2200,1846
v3_p05,219,Buenos Aires,Bragado,Comodoro Py,,1677,903,774
v3_p05,840,Buenos Aires,Rivadavia,Condarco,,173,114,59
v3_p05,191,Buenos Aires,San Nicolás,Conesa,,2010,1039,971
v3_p05,114,La Pampa,Conhello,Conhello,,4248,2198,2050
v3_p05,232,Buenos Aires,Tres Arroyos,Copetonas,,1575,787,788
v3_p05,856,Buenos Aires,Trenque Lauquen,Corazzi,,160,99,61
v3_p05,783,Buenos Aires,9 de Julio,Corbett,,222,151,71
v3_p05,872,Buenos Aires,Las Flores,Coronel Boerr,,147,88,59
v3_p05,109,Buenos Aires,Brandsen,Coronel Brandsen,,4775,2381,2394
v3_p05,68,Buenos Aires,Coronel Dorrego,Coronel Dorrego,,9154,4496,4658
v3_p05,803,Buenos Aires,Coronel Pringles,Coronel Falcón,,208,128,80
v3_p05,312,Buenos Aires,General Pinto,Coronel Granada,,1080,580,500
v3_p05,457,La Pampa,Chapaleufú,Coronel Hilario Lagos,,623,345,278
v3_p05,615,Buenos Aires,Salto,Coronel Isleño,,372,210,162
v3_p05,288,Buenos Aires,Alberti,Coronel Mom,,1201,615,586
v3_p05,52,Buenos Aires,Coronel Pringles,Coronel Pringles,,14180,6694,7486
v3_p05,765,Buenos Aires,Juárez,Coronel Rodolfo Bunge,,235,147,88
v3_p05,899,Buenos Aires,Alberti,Coronel Seguí,,117,62,55
v3_p05,69,Buenos Aires,Coronel Suárez,Coronel Suárez,,8878,4179,4699
v3_p05,124,Buenos Aires,Mar Chiquita,Coronel Vidal,,3660,1764,1896
v3_p05,323,Buenos Aires,Luján,Cortines,,1012,591,421
v3_p05,839,La Pampa,Hucal,Cotita,,174,102,72
v3_p05,520,Buenos Aires,Tapalqué,Covello,,513,297,216
v3_p05,421,Buenos Aires,San Cayetano,Cristiano Muerto,,691,416,275
v3_p05,503,Buenos Aires,Tapalqué,Crotto,,542,307,235
v3_p05,679,Buenos Aires,Rojas,Cuatro de Noviembre,,316,182,134
v3_p05,646,Buenos Aires,San Andrés de Giles,Cuculú,,346,193,153
v3_p05,469,Buenos Aires,Chacabuco,Cucha-Cucha,,583,295,288
v3_p06,624,La Pampa,Lihuel-Calel,Cuchillo-Co,,369,248,121
v3_p06,406,Buenos Aires,Carlos Tejedor,Curarú,,717,414,303
v3_p06,353,Buenos Aires,Coronel Suárez,Curumalán,,896,494,402
v3_p06,39,Buenos Aires,Chacabuco,Chacabuco,,22544,11097,11447
v3_p06,448,La Pampa,Utracán,Chacharramendi,,632,391,241
v3_p06,776,La Pampa,Rancul,Chamaicó,,228,144,84
v3_p06,865,Buenos Aires,General Viamonte,Chancay,,154,93,61
v3_p06,181,Buenos Aires,General Pueyrredón,Chapadmalal,,2243,1406,837
v3_p06,729,Buenos Aires,Rauch,Chapaleofú,,265,153,112
v3_p06,494,Buenos Aires,General Villegas,Charlone,,554,303,251
v3_p06,56,Buenos Aires,Chascomús,Chascomús,,10521,4959,5562
v3_p06,616,Buenos Aires,Tornquist,Chasicó,,372,216,156
v3_p06,860,Buenos Aires,Exaltación de la Cruz,Chenaut,,157,86,71
v3_p06,534,Buenos Aires,Pehuajó,Chiclana,,492,281,211
v3_p06,356,Buenos Aires,Azul,Chillar,,869,464,405
v3_p06,32,Buenos Aires,Chivilcoy,Chivilcoy,,32660,15622,17038
v3_p06,849,Buenos Aires,Tornquist,Choique,,165,98,67
v3_p06,95,Buenos Aires,Caseros,Daireaux,,5769,2812,2957
v3_p06,465,La Pampa,Realicó,Damián Maisonave,,598,332,266
v3_p06,108,Buenos Aires,Puán,Darragueira,,4981,2475,2506
v3_p06,471,Buenos Aires,Pellegrini,De Bary,,582,328,254
v3_p06,402,Buenos Aires,San Cayetano,Defferrari,,727,426,301
v3_p06,493,Buenos Aires,Tandil,De la Canal,,557,352,205
v3_p06,210,Buenos Aires,González Chaves,De la Garma,,1837,995,842
v3_p06,216,Buenos Aires,Saladillo,Del Carril,,1717,876,841
v3_p06,828,Buenos Aires,General Arenales,Delgado,,185,100,85
v3_p06,594,Buenos Aires,Adolfo Alsina,Delfín Huergo,,396,230,166
v3_p06,314,Buenos Aires,25 de Mayo,Del Valle,,1069,636,433
v3_p06,387,Buenos Aires,Pilar,Del Viso,,778,413,365
v3_p06,564,Buenos Aires,9 de Julio,Denhny,,441,240,201
v3_p06,640,Buenos Aires,Azul,Dieciseis de Julio,,354,197,157
v3_p06,745,Buenos Aires,Exaltación de la Cruz,Diego Gaynor,,254,153,101
v3_p06,243,La Pampa,Atreucó,Doblas,,1462,785,677
v3_p06,439,Buenos Aires,9 de Julio,Doce de Octubre,,654,340,314
v3_p06,858,Buenos Aires,Las Flores,Dr. Domingo Harósteguy,,159,90,69
v3_p06,48,Buenos Aires,Dolores,Dolores,,16003,7576,8427
v3_p06,297,Buenos Aires,San Vicente,Domselaar,,1155,636,519
v3_p06,903,Buenos Aires,Chascomús,Don Cipriano,,108,62,46
v3_p06,767,Buenos Aires,Coronel Suárez,D'Orbigny,,234,155,79
v3_p06,670,La Pampa,Maracó,Dorila,,324,186,138
v3_p06,844,Buenos Aires,General Pinto,Dos Hermanos,,168,114,54
v3_p07,824,Buenos Aires,General Villegas,Drabble,,190,123,67
v3_p07,786,Buenos Aires,Carlos Tejedor,Drysdale,,219,125,94
v3_p07,869,Buenos Aires,Saavedra,Ducos,,152,89,63
v3_p07,171,Buenos Aires,9 de Julio,Dudignac,,2524,1322,1202
v3_p07,417,Buenos Aires,Saavedra,Dufaur,,697,390,307
v3_p07,315,Buenos Aires,San Antonio de Areco,Duggan,,1052,602,450
v3_p07,762,Buenos Aires,Trenque Lauquen,Duhau,,236,154,82
v3_p07,769,Buenos Aires,Olavarría,Durañona,,232,144,88
v3_p07,431,Buenos Aires,Puán,Durcudoy,,670,391,279
v3_p07,866,Buenos Aires,General Pinto,Dussaud,,153,83,70
v3_p07,301,La Pampa,Conhello,Eduardo Castex,,1140,631,509
v3_p07,852,Buenos Aires,General Pinto,Eduardo Costa,,163,112,51
v3_p07,477,Buenos Aires,Rauch,Egaña,,576,315,261
v3_p07,698,Buenos Aires,Colón,El Arbolito,,298,148,150
v3_p07,867,Buenos Aires,General Villegas,El Día,,153,98,55
v3_p07,509,Buenos Aires,Coronel Pringles,El Divisorio,,534,321,213
v3_p07,322,Buenos Aires,Leandro N. Alem,El Dorado,,1019,566,453
v3_p07,639,Buenos Aires,9 de Julio,El Jabalí,,355,209,146
v3_p07,682,Buenos Aires,Lobería,El Lenguaraz,,311,172,139
v3_p07,685,Buenos Aires,Lobería,El Moro,,307,172,135
v3_p07,533,Buenos Aires,General Villegas,Elordi,,494,270,224
v3_p07,229,Buenos Aires,Ramallo,El Paraíso,,1596,893,703
v3_p07,719,Buenos Aires,Coronel Pringles,El Pensamiento,,274,149,125
v3_p07,208,Buenos Aires,Pergamino,El Socorro,,1857,1019,838
v3_p07,686,Buenos Aires,9 de Julio,El Tejar,,307,177,130
v3_p07,863,Buenos Aires,Las Flores,El Trigo,,155,93,62
v3_p07,267,Buenos Aires,Lincoln,El Triunfo,,1346,698,648
v3_p07,470,Buenos Aires,Lobos,Elvira,,583,321,262
v3_p07,784,Buenos Aires,Coronel Dorrego,El Zorro,,221,132,89
v3_p07,356,La Pampa,Realicó,Embajador Martini,,814,447,367
v3_p07,481,Buenos Aires,Saladillo,Emiliano Reynoso,,572,314,258
v3_p07,345,Buenos Aires,Chivilcoy,Emilio Ayarza,,924,538,386
v3_p07,718,Buenos Aires,Patagones,Emilio Lamarca,,275,161,114
v3_p07,817,La Pampa,Chalileo,Emilio Mitre,,193,114,79
v3_p07,224,Buenos Aires,General Villegas,Emilio V. Bunge,,1628,855,773
v3_p07,611,Buenos Aires,General Alvear,Emma,,376,222,154
v3_p07,102,Buenos Aires,Lobos,Empalme Lobos,,5170,2621,2549
v3_p07,86,Buenos Aires,San Vicente,Empalme San Vicente,,6459,3256,3203
v3_p07,900,Buenos Aires,Carlos Tejedor,Encina,,116,71,45
v3_p07,652,Buenos Aires,San Cayetano,Energía,,343,226,117
v3_p07,606,Buenos Aires,General Las Heras,Enrique Fynn,,382,230,152
v3_p08,558,Buenos Aires,Hipólito Yrigoyen,Enrique Lavalle,,457,271,186
v3_p08,25,Buenos Aires,Ensenada,Ensenada,,26086,13288,12798
v3_p08,768,Buenos Aires,San Nicolás,Erezcano,,234,130,104
v3_p08,661,Buenos Aires,Puán,Erize,,334,188,146
v3_p08,407,Buenos Aires,25 de Mayo,Ernestina,,715,376,339
v3_p08,653,Buenos Aires,Zárate,Escalada,,343,211,132
v3_p08,570,Buenos Aires,Adolfo Alsina,Espartillar,,426,246,180
v3_p08,495,Buenos Aires,Saavedra,Espartillar,,554,282,272
v3_p08,328,Buenos Aires,Olavarría,Espigas,,1000,508,492
v3_p08,735,Buenos Aires,San Andrés de Giles,Espora,,262,155,107
v3_p08,649,Buenos Aires,General Arenales,Estación Arenales,,345,190,155
v3_p08,475,Buenos Aires,Adolfo Alsina,Esteban Agustín Gascón,,577,324,253
v3_p08,592,Buenos Aires,Carlos Tejedor,Esteban de Luca,,398,227,171
v3_p08,19,Buenos Aires,Esteban Echeverría,Esteban Echeverría,1,69730,35670,34060
v3_p08,687,Buenos Aires,Puán,Estela,,307,181,126
v3_p08,663,Buenos Aires,Saladillo,Esther,,330,186,144
v3_p08,722,Buenos Aires,Tornquist,Estomba,,270,170,100
v3_p08,680,Buenos Aires,Las Flores,Estrugamou,,312,172,140
v3_p08,641,Buenos Aires,Exaltación de la Cruz,Etchegoyen,,353,220,133
v3_p08,874,Buenos Aires,Tapalqué,Eufemio Uballes,,146,79,67
v3_p08,710,Buenos Aires,Ayacucho,Fair,,282,174,108
v3_p08,713,La Pampa,Realicó,Falucho,,280,155,125
v3_p08,632,Buenos Aires,Coronel Dorrego,Faro,,362,207,155
v3_p08,902,Buenos Aires,Guaminí,Fatraló,,110,74,36
v3_p08,559,Buenos Aires,9 de Julio,Fauzón,,457,269,188
v3_p08,279,Buenos Aires,Puán,Felipe Solá,,1270,707,563
v3_p08,295,Buenos Aires,General Arenales,Ferré,,1164,603,561
v3_p08,25,Buenos Aires,Florencio Varela,Florencio Varela,1,41707,21587,20120
v3_p08,813,Buenos Aires,Pergamino,Fontezuela,,199,104,95
v3_p08,666,Buenos Aires,Leandro N. Alem,Fortín Acha,,326,183,143
v3_p08,278,Buenos Aires,Rivadavia,Fortín Olavarría,,1275,673,602
v3_p08,372,Buenos Aires,Junín,Fortín Tiburcio,,833,433,400
v3_p08,414,Buenos Aires,9 de Julio,Fournier,,704,360,344
v3_p08,607,Buenos Aires,Monte,Francisco A. Berra,,380,205,175
v3_p08,531,Buenos Aires,Pergamino,Francisco Ayerza,,495,289,206
v3_p08,835,Buenos Aires,Trenque Lauquen,Francisco de Victoria,,178,107,71
v3_p08,204,Buenos Aires,Pehuajó,Francisco Madero,,1871,957,916
v3_p08,908,Buenos Aires,Trenque Lauquen,Francisco Magnano,,102,62,40
v3_p08,589,Buenos Aires,Adolfo Alsina,Francisco Murature,,401,215,186
v3_p08,252,Buenos Aires,9 de Julio,French,,1424,739,685
v3_p08,696,Buenos Aires,Tornquist,Fuerte Argentino,,301,189,112
v3_p09,603,Buenos Aires,Tandil,Fulton,,385,227,158
v3_p09,341,Buenos Aires,Salto,Gahan,,943,514,429
v3_p09,384,Buenos Aires,Chascomús,Gándara,,782,452,330
v3_p09,830,Buenos Aires,Tornquist,García del Río,,182,118,64
v3_p09,420,Buenos Aires,Tandil,Gardey,,694,397,297
v3_p09,87,Buenos Aires,Escobar,Garín,,6341,3317,3024
v3_p09,391,Buenos Aires,Guaminí,Garré,,763,429,334
v3_p09,97,La Pampa,Utracán,General Acha,,5627,2644,2983
v3_p09,73,Buenos Aires,General Alvarado,Gral. Alvarado (Miramar),,7782,3918,3864
v3_p09,106,Buenos Aires,General Alvear,General Alvear,,5017,2431,2586
v3_p09,166,Buenos Aires,General Arenales,General Arenales,,2658,1355,1303
v3_p09,458,Buenos Aires,Cnel. de Mar. L.N.Rosales,General Arias,,618,327,291
v3_p09,84,Buenos Aires,General Belgrano,General Belgrano,,6994,3346,3648
v3_p09,517,Buenos Aires,Tordillo,General Conesa,,519,273,246
v3_p09,137,Buenos Aires,Bahía Blanca,General Daniel Cerri,,3298,1668,1630
v3_p09,293,Buenos Aires,General Guido,General Guido,,1174,611,563
v3_p09,542,Buenos Aires,General Las Heras,General Hornos,,483,279,204
v3_p09,80,Buenos Aires,Gral. Juan Madariaga,Gral. Juan Madariaga,,7196,3379,3817
v3_p09,103,Buenos Aires,General Lamadrid,General Lamadrid,,5161,2491,2670
v3_p09,120,Buenos Aires,General Las Heras,General Las Heras,,4020,1974,2046
v3_p09,280,Buenos Aires,General Lavalle,General Lavalle,,1257,619,638
v3_p09,336,La Pampa,Guatraché,General Manuel J. Campos,,962,521,441
v3_p09,186,Buenos Aires,Bragado,General O'Brien,,2065,1046,1019
v3_p09,182,Buenos Aires,General Paz,General Paz,,2217,1080,1137
v3_p09,42,La Pampa,Maracó,General Pico,,18133,9137,8996
v3_p09,132,Buenos Aires,General Pinto,General Pinto,,3431,1669,1762
v3_p09,155,Buenos Aires,Mar Chiquita,General Pirán,,2967,1552,1415
v3_p09,63,Buenos Aires,General Rodríguez,General Rodríguez,,9771,4836,4935
v3_p09,188,Buenos Aires,San Nicolás,General Rojo,,2042,1110,932
v3_p09,633,Buenos Aires,Puán,General Rondeau,,362,207,155
v3_p09,7,Buenos Aires,General San Martín,General San Martín,1,278751,139521,139230
v3_p09,139,La Pampa,Hucal,General San Martín,,3228,1672,1556
v3_p09,13,Buenos Aires,General Sarmiento,General Sarmiento,1,167160,88399,78761
v3_p09,81,Buenos Aires,General Viamonte,General Viamonte,,7174,3405,3769
v3_p09,82,Buenos Aires,General Villegas,General Villegas,,7120,3499,3621
v3_p09,231,Buenos Aires,General Pinto,Germania,,1577,851,726
v3_p09,576,Buenos Aires,Coronel Dorrego,Gil,,419,257,162
v3_p09,681,Buenos Aires,Trenque Lauquen,Girodías,,312,172,140
v3_p09,530,Buenos Aires,Pehuajó,Girondo,,497,301,196
v3_p09,800,Buenos Aires,Exaltación de la Cruz,Gobernador Andonaegui,,209,112,97
v3_p09,708,Buenos Aires,Carlos Casares,Gobernador Arias,,283,175,108
v3_p10,752,La Pampa,Puelén,Gobernador Ayala,,248,123,125
v3_p10,308,Buenos Aires,San Pedro,Gobernador Castro,,1111,613,498
v3_p10,880,Buenos Aires,Brandsen,Gobernador Obligado,,137,74,63
v3_p10,486,Buenos Aires,Cañuelas,Gobernador Udaondo,,567,322,245
v3_p10,291,Buenos Aires,25 de Mayo,Gobernador Ugarte,,1182,640,542
v3_p10,425,Buenos Aires,Mercedes,Goldney,,683,364,319
v3_p10,637,Buenos Aires,Brandsen,Gómez,,357,180,177
v3_p10,885,Buenos Aires,Brandsen,Gómez de la Vega,,131,75,56
v3_p10,756,Buenos Aires,General Villegas,Gondra,,246,136,110
v3_p10,93,Buenos Aires,González Chaves,González Chaves,,5774,2818,2956
v3_p10,275,Buenos Aires,Rivadavia,González Moreno,,1298,709,589
v3_p10,886,Buenos Aires,Navarro,González Risos,,130,73,57
v3_p10,348,Buenos Aires,General Belgrano,Gorchs,,915,499,416
v3_p10,388,Buenos Aires,Chivilcoy,Gorostiaga,,772,416,356
v3_p10,510,Buenos Aires,Carmen de Areco,Gouin,,531,306,225
v3_p10,340,Buenos Aires,Mercedes,Gowland,,944,643,301
v3_p10,344,Buenos Aires,Saavedra,Goyena,,930,459,471
v3_p10,861,Buenos Aires,Pellegrini,Graciarena,,157,96,61
v3_p10,876,Buenos Aires,Chacabuco,Gregorio Villafañe,,142,79,63
v3_p10,326,Buenos Aires,Bahía Blanca,Grumbein,,1003,546,457
v3_p10,194,Buenos Aires,Guaminí,Guaminí,,1959,989,970
v3_p10,400,Buenos Aires,Pehuajó,Guanaco,,738,433,305
v3_p10,165,La Pampa,Guatraché,Guatraché,,2674,1355,1319
v3_p10,79,Buenos Aires,San Vicente,Guernica,,7423,3769,3654
v3_p10,331,Buenos Aires,Pergamino,Guerrico,,990,522,468
v3_p10,724,Buenos Aires,Rojas,Guido Spano,,269,146,123
v3_p10,678,Buenos Aires,General Pinto,Gunther,,317,164,153
v3_p10,375,Buenos Aires,Bolívar,Hale,,819,453,366
v3_p10,111,Buenos Aires,Hipólito Yrigoyen,Henderson,,4620,2302,2318
v3_p10,529,Buenos Aires,Chivilcoy,Henry Bell,,498,264,234
v3_p10,613,Buenos Aires,Carlos Tejedor,Hereford,,374,238,136
v3_p10,585,Buenos Aires,Hipólito Yrigoyen,Herrera Vegas,,404,233,171
v3_p10,247,Buenos Aires,Villarino,Hilario Ascasubi,,1431,810,621
v3_p10,156,Buenos Aires,Olavarría,Hinojo,,2910,1456,1454
v3_p10,461,Buenos Aires,Carlos Casares,Hortensia,,612,330,282
v3_p10,119,Buenos Aires,Coronel Suárez,Huanguelén,,4022,2042,1980
v3_p10,655,La Pampa,Hucal,Hucal,,341,198,143
v3_p10,850,La Pampa,Quemú-Quemú,Huelén,,164,89,75
v3_p10,595,Buenos Aires,25 de Mayo,Huetel,,393,236,157
v3_p10,578,Buenos Aires,Rojas,Hunter,,416,239,177
v3_p10,851,Buenos Aires,Carlos Tejedor,Húsares,,164,90,74
v3_p11,875,Buenos Aires,General Belgrano,Ibáñez,,143,84,59
v3_p11,811,Buenos Aires,Patagones,Igarzábal,,200,113,87
v3_p11,568,Buenos Aires,Chivilcoy,Indacochea,,431,245,186
v3_p11,196,Buenos Aires,Coronel Pringles,Indio Rico,,1951,1045,906
v3_p11,259,Buenos Aires,Salto,Inés Indart,,1378,753,625
v3_p11,401,Buenos Aires,General Pinto,Ingeniero Balbín,,728,400,328
v3_p11,714,La Pampa,Rancul,Ingeniero Foster,,280,163,117
v3_p11,190,La Pampa,Realicó,Ingeniero Luiggi,,2016,1000,1016
v3_p11,118,Buenos Aires,Escobar,Ingeniero Maschwitz,,4029,2019,2010
v3_p11,547,Buenos Aires,San Pedro,Ingeniero Moneta,,474,272,202
v3_p11,650,Buenos Aires,Chacabuco,Ingeniero Silveyra,,344,224,120
v3_p11,422,Buenos Aires,Pellegrini,Ingeniero Thompson,,688,380,308
v3_p11,91,Buenos Aires,Bahía Blanca,Ingeniero White,,6089,3141,2948
v3_p11,582,Buenos Aires,Navarro,Ingeniero Williams,,408,237,171
v3_p11,626,Buenos Aires,Pehuajó,Inocencio Sosa,,368,226,142
v3_p11,133,La Pampa,Chapaleufú,Intendente Alvear,,3385,1739,1646
v3_p11,690,Buenos Aires,General Alvarado,Iraizoz,,305,206,99
v3_p11,307,Buenos Aires,Bragado,Irala,,1112,631,451
v3_p11,412,Buenos Aires,Tandil,Iraola,,707,435,272
v3_p11,454,Buenos Aires,Coronel Dorrego,Irene,,627,365,262
v3_p11,466,Buenos Aires,Baradero,Ireneo Portela,,592,323,269
v3_p11,405,Buenos Aires,General Pinto,Iriarte,,719,383,336
v3_p11,217,Buenos Aires,,Isla Martín García,2,1712,1550,162
v3_p11,472,Buenos Aires,25 de Mayo,Islas,,581,338,243
v3_p11,725,La Pampa,Catriló,Ivanowsky,,268,155,113
v3_p11,184,La Pampa,Hucal,Jacinto Aráuz,,2126,1139,987
v3_p11,147,Buenos Aires,Luján,Jáuregui,,3113,1617,1496
v3_p11,273,Buenos Aires,Brandsen,Jeppener,,1302,692,610
v3_p11,193,Buenos Aires,Coronel Dorrego,José A. Guisasola,,1967,1011,956
v3_p11,415,Buenos Aires,Patagones,José B. Casas,,704,383,321
v3_p11,614,Buenos Aires,Magdalena,José Ferrari,,373,224,149
v3_p11,113,Buenos Aires,Pellegrini,José M. Blanco,,4251,2115,2136
v3_p11,642,Buenos Aires,General Alvear,José M. Micheo,,352,199,153
v3_p11,617,Buenos Aires,Lobos,José Santos Arévalo,,372,212,160
v3_p11,444,Buenos Aires,Pergamino,Juan A. de la Peña,,644,347,297
v3_p11,244,Buenos Aires,Patagones,Juan A. Pradere,,1453,768,685
v3_p11,158,Buenos Aires,Leandro N. Alem,Juan B. Alberdi,,2873,1482,1391
v3_p11,500,Buenos Aires,Saladillo,Juan Blaquier,,547,314,233
v3_p11,604,Buenos Aires,General J. Madariaga,Juancho,,384,246,138
v3_p11,404,Buenos Aires,González Chaves,Juan E. Barra,,720,386,334
v3_p11,332,Buenos Aires,Bolívar,Juan F. Ibarra,,985,557,428
v3_p12,418,Buenos Aires,Navarro,Juan J. Almeyra,,696,374,322
v3_p12,136,Buenos Aires,Necochea,Juan N. Fernández,,3326,1723,1603
v3_p12,64,Buenos Aires,Juárez,Juárez,,9535,4611,4924
v3_p12,588,Buenos Aires,Magdalena,Julio Arditi,,402,220,182
v3_p12,21,Buenos Aires,Junín,Junín,,53489,25800,27689
v3_p12,907,Buenos Aires,Carmen de Areco,Kenny,,103,67,36
v3_p12,820,Buenos Aires,San Andrés de Giles,Kilómetro 125,,192,106,86
v3_p12,532,Buenos Aires,San Pedro,Kilómetro 158,,495,257,238
v3_p12,815,Buenos Aires,Coronel Pringles,Krabbe,,197,122,75
v3_p12,438,Buenos Aires,General Arenales,La Angelita,,657,372,285
v3_p12,281,Buenos Aires,General Guido,Labardén,,1246,639,607
v3_p12,294,Buenos Aires,Saladillo,La Barrancosa,,1174,641,533
v3_p12,555,Buenos Aires,Rojas,La Beba,,459,292,167
v3_p12,627,Buenos Aires,Trenque Lauquen,La Carreta,,366,182,184
v3_p12,499,Buenos Aires,General Lamadrid,La Colina,,550,286,264
v3_p12,822,Buenos Aires,Ayacucho,La Constancia,,191,100,91
v3_p12,898,Buenos Aires,General Las Heras,La Choza,,119,66,53
v3_p12,572,Buenos Aires,General Viamonte,La Delfina,,425,241,184
v3_p12,672,Buenos Aires,Carlos Casares,La Dorita,,322,183,139
v3_p12,222,Buenos Aires,Necochea,La Dulce,,1662,877,785
v3_p12,125,Buenos Aires,San Nicolás,La Emilia,,3632,1817,1815
v3_p12,654,La Pampa,Catriló,La Gloria,,343,221,122
v3_p12,426,Buenos Aires,Adolfo Alsina,Lago Epecuén,,682,412,270
v3_p12,309,Buenos Aires,Guaminí,Laguna Alsina,,1103,562,541
v3_p12,430,Buenos Aires,Salto,La Invencible,,672,381,291
v3_p12,781,La Pampa,Cura-Co,La Japonesa,,225,124,101
v3_p12,482,La Pampa,Caseros,La Larga,,570,327,243
v3_p12,445,Buenos Aires,Bragado,La Limpia,,640,346,294
v3_p12,870,Buenos Aires,Bartolomé Mitre,La Luisa,,149,75,74
v3_p12,638,Buenos Aires,Caseros,La Manuela,,356,196,160
v3_p12,320,La Pampa,Rancul,La Maruja,,1022,539,483
v3_p12,1,Buenos Aires,La Matanza,La Matanza,1,401738,203947,197791
v3_p12,610,Buenos Aires,Necochea,La Negra,,378,211,167
v3_p12,728,Buenos Aires,Guaminí,La Nevada,,266,163,103
v3_p12,831,Buenos Aires,Ayacucho,Langueyú,,182,118,64
v3_p12,253,Buenos Aires,9 de Julio,La Niña,,1423,795,628
v3_p12,620,Buenos Aires,Cañuelas,La Noria,,371,213,158
v3_p12,373,Buenos Aires,Pehuajó,La Nueva Plata,,825,469,356
v3_p12,2,Buenos Aires,Lanús,Lanús,1,375428,186877,188551
v3_p12,441,Buenos Aires,Junín,La Oriental,,646,356,290
v3_p12,763,Buenos Aires,Tandil,La Pastora,,236,141,
v3_p13,557,La Pampa,Chalileo,La Pastoril,,458,270,188
v3_p13,608,Buenos Aires,Roque Pérez,La Paz Chica,,380,197,183
v3_p13,796,Buenos Aires,General Arenales,La Pinta,,211,117,94
v3_p13,437,Buenos Aires,Junín,Laplacette,,658,403,255
v3_p13,4,Buenos Aires,La Plata,La Plata,,337060,165749,171311
v3_p13,593,Buenos Aires,Trenque Lauquen,La Porteña,,398,228,170
v3_p13,92,Buenos Aires,Laprida,Laprida,,5816,2822,2994
v3_p13,797,Buenos Aires,Coronel Suárez,La Primavera,,211,127,84
v3_p13,753,Buenos Aires,Olavarría,La Providencia,,248,148,100
v3_p13,749,Buenos Aires,Roque Pérez,La Reforma,,250,160,90
v3_p13,270,Buenos Aires,Chivilcoy,La Rica,,1324,745,579
v3_p13,736,Buenos Aires,Alberti,Larrea,,261,147,114
v3_p13,790,Buenos Aires,Coronel Pringles,Lartigau,,216,133,83
v3_p13,740,Buenos Aires,Maipú,Las Armas,,258,161,97
v3_p13,284,Buenos Aires,Lobos,Las Chacras,,1229,630,599
v3_p13,51,Buenos Aires,Las Flores,Las Flores,,14838,6959,7879
v3_p13,743,Buenos Aires,Laprida,Las Hermanas,,256,151,105
v3_p13,847,Buenos Aires,Pehuajó,Las Juanitas,,166,104,62
v3_p13,223,Buenos Aires,Navarro,Las Marianas,,1643,869,774
v3_p13,362,Buenos Aires,General Lamadrid,Las Martinetas,,857,451,406
v3_p13,645,Buenos Aires,Coronel Pringles,Las Mostazas,,347,227,120
v3_p13,429,Buenos Aires,Lobería,Las Nutrias,,673,449,224
v3_p13,657,Buenos Aires,Carlos Casares,La Sofía,,339,193,146
v3_p13,667,Buenos Aires,Tres Arroyos,La Sortija,,325,209,116
v3_p13,720,Buenos Aires,Zárate,Las Palmas,,273,160,113
v3_p13,854,Buenos Aires,Junín,Las Parvas,,162,92,70
v3_p13,798,Buenos Aires,Magdalena,Las Tahonas,,211,129,82
v3_p13,490,Buenos Aires,Lincoln,Las Toscas,,562,351,211
v3_p13,881,Buenos Aires,General Lamadrid,Lastra,,137,80,57
v3_p13,891,Buenos Aires,Tres Arroyos,Las Vaquerías,,125,75,50
v3_p13,734,Buenos Aires,General Arenales,La Trinidad,,263,219,44
v3_p13,268,Buenos Aires,Pergamino,La Violeta,,1338,690,648
v3_p13,805,Buenos Aires,Bahía Blanca,La Vitícola,,207,148,59
v3_p13,707,Buenos Aires,Trenque Lauquen,La Zanja,,286,173,113
v3_p13,836,Buenos Aires,Azul,Lazzarino,,176,101,75
v3_p13,175,Buenos Aires,Leandro N. Alem,Leandro N. Alem,,2419,1261,1158
v3_p13,894,Buenos Aires,Trenque Lauquen,Lertora,,124,86,38
v3_p13,563,Buenos Aires,Adolfo Alsina,Leubuco,,448,267,181
v3_p13,148,Buenos Aires,Chascomús,Lezama,,3097,1541,1556
v3_p13,321,Buenos Aires,General Lamadrid,Líbano,,1022,589,433
v3_p13,526,Buenos Aires,Chascomús,Libres del Sud,,505,304,201
v3_p14,787,Buenos Aires,Lobería,Licenciado Matienzo,,219,133,86
v3_p14,596,Buenos Aires,Zárate,Lima,,393,220,173
v3_p14,363,La Pampa,Limay-Mahuída,Limay-Mahuída,,855,498,357
v3_p14,598,Buenos Aires,Tres Arroyos,Lia Calel,,392,213,179
v3_p14,50,Buenos Aires,Lincoln,Lincoln,,15477,7275,8202
v3_p14,71,Buenos Aires,Lobería,Lobería,,8455,4159,4296
v3_p14,59,Buenos Aires,Lobos,Lobos,,10352,4814,5538
v3_p14,673,Buenos Aires,Olavarría,Loma Negra,,322,198,124
v3_p14,337,Buenos Aires,General Paz,Loma Verde,,959,506,453
v3_p14,8,Buenos Aires,Lomas de Zamora,Lomas de Zamora,1,272116,132169,139947
v3_p14,249,La Pampa,Catriló,Lonquimay,,1427,756,671
v3_p14,464,Buenos Aires,Juárez,López,,604,368,236
v3_p14,674,Buenos Aires,Puán,López Lecube,,321,193,128
v3_p14,630,Buenos Aires,Chacabuco,Los Angeles,,364,212,152
v3_p14,225,Buenos Aires,Exaltación de la Cruz,Los Cardales,,1628,831,797
v3_p14,691,Buenos Aires,Rojas,Los Indios,,305,173,132
v3_p14,662,Buenos Aires,General Villegas,Los Laureles,,331,186,145
v3_p14,211,Buenos Aires,Balcarce,Los Pinos,,1813,1039,774
v3_p14,791,La Pampa,Leventué,Loventuel,,215,118,97
v3_p14,518,Buenos Aires,General Las Heras,Lozano,,514,288,226
v3_p14,342,La Pampa,Leventué,Luan Toro,,918,520,418
v3_p14,601,Buenos Aires,25 de Mayo,Lucas Monteverde,,387,215,172
v3_p14,34,Buenos Aires,Luján,Luján,,28976,13958,15018
v3_p14,804,Buenos Aires,San Cayetano,Lumb,,208,122,86
v3_p14,205,La Pampa,Atreucó,Macachín,,1866,992,874
v3_p14,599,Buenos Aires,General J. Madariaga,Macedo,,389,251,138
v3_p14,423,Buenos Aires,Pehuajó,Magdala,,685,348,337
v3_p14,107,Buenos Aires,Magdalena,Magdalena,,4989,2343,2646
v3_p14,785,Buenos Aires,Pergamino,Maguirre,,221,128,93
v3_p14,88,Buenos Aires,Maipú,Maipú,,6239,2984,3255
v3_p14,462,Buenos Aires,25 de Mayo,Mamaguita,,508,342,266
v3_p14,545,Buenos Aires,Mercedes,Manuel J. García,,478,270,208
v3_p14,220,Buenos Aires,Pergamino,Manuel Ocampo,,1676,850,826
v3_p14,505,Buenos Aires,Pilar,Manzanares,,541,291,250
v3_p14,888,Buenos Aires,Pilar,Manzone,,129,61,68
v3_p14,770,Buenos Aires,Olavarría,Mapis,,231,133,98
v3_p14,74,Buenos Aires,Marcos Paz,Marcos Paz,,7697,3824,3873
v3_p14,460,Buenos Aires,General Lavalle,Mar de Ajó,,613,329,284
v3_p14,11,Buenos Aires,General Pueyrredón,Mar del Plata,,211365,104161,107204
v3_p14,153,Buenos Aires,Tandil,María Ignacia,,3023,1559,1464
v3_p14,597,Buenos Aires,Hipólito Yrigoyen,María Lucila,,393,244,149
v3_p15,485,Buenos Aires,Pergamino,Mariano Benítez,,569,302,267
v3_p15,266,Buenos Aires,Pergamino,Mariano M. Alfonso,,1353,753,600
v3_p15,571,Buenos Aires,Juárez,Mariano Roldán,,426,259,167
v3_p15,573,Buenos Aires,Trenque Lauquen,Mari Lauquen,,425,278,147
v3_p15,716,Buenos Aires,25 de Mayo,Martín Berraondo,,276,149,127
v3_p15,248,Buenos Aires,Lincoln,Martínez de Hoz,,1428,762,666
v3_p15,772,Buenos Aires,Azul,Martín Fierro,,229,143,86
v3_p15,154,Buenos Aires,Escobar,Matheu,,2993,1540,1453
v3_p15,467,Buenos Aires,Carlos Casares,Mauricio Hirsch,,590,313,277
v3_p15,379,La Pampa,Conhello,Mauricio Mayer,,802,431,371
v3_p15,527,Buenos Aires,Bragado,Máximo Fernández,,505,297,208
v3_p15,358,Buenos Aires,Cañuelas,Máximo Paz,,866,456,410
v3_p15,159,Buenos Aires,Villarino,Mayor Buratovich,,2872,1630,1242
v3_p15,227,Buenos Aires,Adolfo Alsina,Maza,,1609,858,751
v3_p15,551,Buenos Aires,Rauch,M. Colman,,464,249,215
v3_p15,568,Buenos Aires,Alberti,Mechita,,456,232,224
v3_p15,189,Buenos Aires,Bragado,Mechita,,2042,1043,999
v3_p15,212,Buenos Aires,General Alvarado,Mechongué,,1801,1092,709
v3_p15,140,Buenos Aires,Villarino,Médanos,,3200,1623,1577
v3_p15,656,Buenos Aires,Chacabuco,Membrillar,,341,178,163
v3_p15,36,Buenos Aires,Mercedes,Mercedes,,25778,12348,13430
v3_p15,16,Buenos Aires,Merlo,Merlo,1,100146,51076,49070
v3_p15,580,La Pampa,Trenel,Metileo,,409,236,173
v3_p15,183,Buenos Aires,Tres Arroyos,Micaela Cascallares,,2156,1212,944
v3_p15,283,La Pampa,Quemú-Quemú,Miguel Cané,,1235,659,576
v3_p15,265,La Pampa,Atreucó,Miguel Riglos,,1360,750,610
v3_p15,658,Buenos Aires,Azul,Miramonte,,337,175,162
v3_p15,440,Buenos Aires,Rauch,Miranda,,647,342,305
v3_p15,889,Buenos Aires,Rivadavia,Mira Pampa,,129,66,63
v3_p15,365,Buenos Aires,Carlos Casares,Moctezuma,,852,458,394
v3_p15,292,Buenos Aires,Navarro,Moll,,1175,643,532
v3_p15,688,Buenos Aires,Chascomús,Monasterio,,307,174,133
v3_p15,250,Buenos Aires,Pehuajó,Mones Cazón,,1426,751,675
v3_p15,829,Buenos Aires,Salto,Monroe,,183,110,73
v3_p15,730,Buenos Aires,Maipú,Monsalvo,,265,160,105
v3_p15,289,Buenos Aires,Coronel Dorrego,Monte Hermoso,,1198,661,537
v3_p15,715,La Pampa,Conhello,Monte Nievas,,279,179,100
v3_p15,837,Buenos Aires,General Villegas,Moores,,176,103,73
v3_p15,203,Buenos Aires,Chivilcoy,Moquehuá,,1875,957,918
v3_p15,334,Buenos Aires,9 de Julio,Morea,,970,496,474
v3_p15,20,Buenos Aires,Moreno,Moreno,1,59338,30445,28893
v3_p16,3,Buenos Aires,Morón,Morón,1,341920,170888,171032
v3_p16,276,Buenos Aires,Junín,Morse,,1277,667,610
v3_p16,316,Buenos Aires,25 de Mayo,Mosconi,,1050,606,444
v3_p16,883,Buenos Aires,9 de Julio,Mulcahy,,132,83,49
v3_p16,878,Buenos Aires,Olavarría,Muñoz,,138,85,53
v3_p16,590,Buenos Aires,Mar Chiquita,Nahuel Ruca,,400,246,154
v3_p16,514,La Pampa,Toay,Naicó,,523,311,212
v3_p16,519,Buenos Aires,Balcarce,Napaleofú,,514,321,193
v3_p16,793,Buenos Aires,Bahía Blanca,Napostá,,212,122,90
v3_p16,98,Buenos Aires,Navarro,Navarro,,5431,2528,2903
v3_p16,33,Buenos Aires,Necochea,Necochea,,29319,14336,14983
v3_p16,884,Buenos Aires,Carlos Tejedor,Necol,,132,70,62
v3_p16,859,Buenos Aires,General Belgrano,Newton,,158,91,67
v3_p16,450,Buenos Aires,Coronel Dorrego,Nicolás Descalzi,,629,378,251
v3_p16,755,Buenos Aires,Villarino,Nicolás Levalle,,247,151,96
v3_p16,741,Buenos Aires,Azul,Nieves,,257,144,113
v3_p16,128,Buenos Aires,25 de Mayo,Norberto de la Riestra,,3582,1797,1785
v3_p16,581,Buenos Aires,9 de Julio,Norumbega,,409,235,174
v3_p16,44,Buenos Aires,9 de Julio,9 de Julio,,17768,8594,9174
v3_p16,432,Buenos Aires,San Cayetano,Ochandio,,667,393,274
v3_p16,240,Buenos Aires,Chacabuco,O'Higgins,,1490,791,699
v3_p16,759,La Pampa,Realicó,Ojeda,,243,145,98
v3_p16,355,Buenos Aires,Bragado,Olascoaga,,874,487,387
v3_p16,29,Buenos Aires,Olavarría,Olavarría,,35107,17088,18019
v3_p16,544,Buenos Aires,Brandsen,Oliden,,482,288,194
v3_p16,428,Buenos Aires,Luján,Olivera,,674,368,306
v3_p16,664,Buenos Aires,Villarino,Ombucta,,329,201,128
v3_p16,251,Buenos Aires,Luján,Open Door,,1426,768,658
v3_p16,399,Buenos Aires,Carlos Casares,Ordoqui,,739,419,320
v3_p16,160,Buenos Aires,Tres Arroyos,Orense,,2841,1461,1380
v3_p16,180,Buenos Aires,Coronel Dorrego,Oriente,,2357,1223,1134
v3_p16,476,Buenos Aires,Pergamino,Ortiz Basualdo,,577,340,237
v3_p16,671,Buenos Aires,25 de Mayo,Ortiz de Rozas,,323,182,142
v3_p16,290,Buenos Aires,Campana,Otamendi,,1190,666,524
v3_p16,692,Buenos Aires,Azul,Pablo Acosta,,303,179,124
v3_p16,732,Buenos Aires,Alberti,Palantelén,,264,144,120
v3_p16,368,Buenos Aires,Chivilcoy,Palemón Huergo,,845,466,379
v3_p16,717,Buenos Aires,Laprida,Paraguil,,276,168,108
v3_p16,312,Buenos Aires,Las Flores,Pardo,,1140,619,521
v3_p16,311,La Pampa,Rancul,Parera,,1091,589,502
v3_p16,474,Buenos Aires,Azul,Parish,,578,340,238
v3_p17,508,Buenos Aires,Coronel Suárez,Pasman,,536,287,249
v3_p17,843,Buenos Aires,Cnel. de Mar. L.N.Rosales,Paso Mayer,,170,118,52
v3_p17,873,Buenos Aires,General Pinto,Pasteur,,147,82,65
v3_p17,192,Buenos Aires,Lincoln,Pasteur,,1979,1037,942
v3_p17,201,Buenos Aires,9 de Julio,Patricios,,1902,989,913
v3_p17,566,Buenos Aires,Bolívar,Paula,,437,233,204
v3_p17,455,Buenos Aires,Exaltación de la Cruz,Pavón,,627,368,259
v3_p17,789,Buenos Aires,Colón,Pearson,,217,117,100
v3_p17,202,Buenos Aires,25 de Mayo,Pedernales,,1902,964,938
v3_p17,892,Buenos Aires,Pehuajó,Pedro Gamen,,125,83,42
v3_p17,157,Buenos Aires,Villarino,Pedro Luro,,2882,1578,1304
v3_p17,792,Buenos Aires,Chascomús,Pedro Nicolás Escribano,,215,132,83
v3_p17,668,Buenos Aires,González Chaves,Pedro P. Lasalle,,325,194,131
v3_p17,46,Buenos Aires,Pehuajó,Pehuajó,,16947,8171,8776
v3_p17,906,Buenos Aires,Pellegrini,Pehuelches,,104,56,48
v3_p17,882,Buenos Aires,Cnel. de Mar. L.N.Rosales,Pehuenco,,134,83,51
v3_p17,744,Buenos Aires,Tornquist,Pelicura,,256,157,99
v3_p17,207,Buenos Aires,Ramallo,Pérez Millán,,1860,980,880
v3_p17,26,Buenos Aires,Pergamino,Pergamino,,41612,19959,21653
v3_p17,562,La Pampa,Guatraché,Perú,,449,281,168
v3_p17,602,La Pampa,Rancul,Pichi-Huinca,,386,211,175
v3_p17,442,Buenos Aires,General Villegas,Pichincha,,646,375,271
v3_p17,333,Buenos Aires,General Villegas,Piedritas,,973,493,480
v3_p17,419,Buenos Aires,Lobería,Pieres,,695,447,248
v3_p17,75,Buenos Aires,Saavedra,Pigüé,,7645,3752,3893
v3_p17,351,Buenos Aires,Pila,Pila,,906,439,467
v3_p17,58,Buenos Aires,Pilar,Pilar,,10375,5226,5149
v3_p17,381,Buenos Aires,General Madariaga,Pinamar,,798,437,361
v3_p17,511,Buenos Aires,Pergamino,Pinzón,,526,281,245
v3_p17,605,Buenos Aires,Coronel Suárez,Piñeyro,,383,222,161
v3_p17,256,Buenos Aires,Magdalena,Pipinas,,1411,814,597
v3_p17,198,Buenos Aires,Bolívar,Pirovano,,1929,993,936
v3_p17,367,Buenos Aires,Alberti,Plá,,846,463,383
v3_p17,747,Buenos Aires,Las Flores,Plaza Montero,,251,147,104
v3_p17,777,Buenos Aires,General Las Heras,Plomer,,228,123,105
v3_p17,360,Buenos Aires,Saladillo,Polvaredas,,862,454,408
v3_p17,528,Buenos Aires,General Lamadrid,Pontaut,,502,281,221
v3_p17,567,Buenos Aires,General Pinto,Porvenir,,437,240,197
v3_p17,512,Buenos Aires,Olavarría,Pourtale,,526,303,223
v3_p17,738,Buenos Aires,General Pinto,Pozos Kanki,,260,149,111
v3_p17,841,Buenos Aires,General Villegas,Pradere,,171,96,75
v3_p18,104,Buenos Aires,Pilar,Presidente Derqui,,5068,2535,2533
v3_p18,809,Buenos Aires,Alberti,Presidente Quintana,,202,112,90
v3_p18,612,Buenos Aires,Trenque Lauquen,Primera Junta,,375,184,191
v3_p18,131,Buenos Aires,Puán,Puán,,3439,1702,1737
v3_p18,631,Buenos Aires,25 de Mayo,Pueblitos,,364,223,141
v3_p18,502,La Pampa,Cura-Có,Puelches,,544,274,270
v3_p18,126,Buenos Aires,Cnel. de Mar. L.N.Rosales,Puerto Belgrano,,3607,1962,1645
v3_p18,45,Buenos Aires,,Puerto de la Plata,2,17338,10587,6751
v3_p18,727,Buenos Aires,Pergamino,Pujol,,267,147,120
v3_p18,28,Buenos Aires,Cnel. de Mar. L.N.Rosales,Punta Alta,,35440,20076,15364
v3_p18,553,Buenos Aires,Magdalena,Punta Indio,,460,265,195
v3_p18,163,La Pampa,Quemú-Quemú,Quemú-Quemú,,2703,1376,1327
v3_p18,483,Buenos Aires,Pellegrini,Quenuma,,570,300,270
v3_p18,76,Buenos Aires,Lobería,Quequén,,7589,4019,3570
v3_p18,647,La Pampa,Rancul,Quetrequén,,346,175,171
v3_p18,6,Buenos Aires,Quilmes,Quilmes,1,317783,159409,158374
v3_p18,660,Buenos Aires,Coronel Suárez,Quiñihual,,336,243,93
v3_p18,832,Buenos Aires,General Viamonte,Quirno Costa,,182,104,78
v3_p18,200,Buenos Aires,9 de Julio,Quiroga,,1925,996,929
v3_p18,277,Buenos Aires,Rojas,Rafael Obligado,,1276,692,584
v3_p18,105,Buenos Aires,Ramallo,Ramallo,,5060,2616,2444
v3_p18,350,Buenos Aires,Chivilcoy,Ramón Biaus,,910,481,429
v3_p18,731,Buenos Aires,9 de Julio,Ramón J. Neild,,265,155,110
v3_p18,305,Buenos Aires,Necochea,Ramón Santamarina,,1124,569,555
v3_p18,416,Buenos Aires,Balcarce,Ramón Otero,,701,427,274
v3_p18,239,Buenos Aires,Pergamino,Rancagua,,1491,843,648
v3_p18,206,La Pampa,Rancul,Rancul,,1865,965,900
v3_p18,85,Buenos Aires,Rauch,Rauch,,6953,3301,3652
v3_p18,150,Buenos Aires,Chacabuco,Rawson,,3083,1626,1457
v3_p18,801,Buenos Aires,Pila,Real Audiencia,,209,112,97
v3_p18,135,La Pampa,Realicó,Realicó,,3373,1765,1608
v3_p18,506,Buenos Aires,Olavarría,Recalde,,541,293,248
v3_p18,773,La Pampa,Quemú-Quemú,Relmo,,229,135,94
v3_p18,540,La Pampa,Guatraché,Remecó,,484,257,227
v3_p18,618,Buenos Aires,Coronel Pringles,Reserva,,372,244,128
v3_p18,390,La Pampa,Caleu-Caleu,Río Colorado,,764,450,314
v3_p18,677,Buenos Aires,Campana,Río Luján,,319,190,129
v3_p18,261,Buenos Aires,San Pedro,Río Tala,,1375,754,621
v3_p18,100,Buenos Aires,Rivadavia,Rivadavia,,5315,2674,2641
v3_p18,816,Buenos Aires,Puán,Rivadeo,,197,112,85
v3_p18,393,Buenos Aires,Suipacha,Rivas,,757,402,355
v3_p19,141,Buenos Aires,Adolfo Alsina,Rivera,,3187,1682,1505
v3_p19,561,Buenos Aires,Rojas,Roberto Cano,,452,248,204
v3_p19,522,Buenos Aires,Magdalena,Roberto J. Payró,,510,285,225
v3_p19,152,Buenos Aires,Lincoln,Roberts,,3035,1615,1420
v3_p19,834,Buenos Aires,Olavarría,Rocha,,180,102,78
v3_p19,65,Buenos Aires,Rojas,Rojas,,9446,4655,4791
v3_p19,896,Buenos Aires,Guaminí,Rolito,,123,69,54
v3_p19,371,La Pampa,Atreucó,Rolón,,835,436,399
v3_p19,895,Buenos Aires,Suipacha,Román Báez,,124,68,56
v3_p19,524,Buenos Aires,Las Flores,Rosas,,506,289,217
v3_p19,389,Buenos Aires,Rivadavia,Roosvelt,,771,453,318
v3_p19,127,Buenos Aires,Roque Pérez,Roque Pérez,,3602,1747,1855
v3_p19,317,La Pampa,Conhello,Rucanelo,,1050,561,489
v3_p19,324,Buenos Aires,San Andrés de Giles,Ruiz,,1004,548,456
v3_p19,177,Buenos Aires,Saavedra,Saavedra,,666,366,300
v3_p19,433,Buenos Aires,Junín,Saforcada,,2404,1213,1191
v3_p19,53,Buenos Aires,Saladillo,Saladillo,,13293,6480,6813
v3_p19,234,Buenos Aires,Caseros,Salazar,,1568,837,731
v3_p19,235,Buenos Aires,Tornquist,Saldungaray,,1565,817,748
v3_p19,62,Buenos Aires,Salto,Salto,,9979,4968,5011
v3_p19,226,Buenos Aires,Lobos,Salvador María,,1616,860,756
v3_p19,115,Buenos Aires,Pellegrini,Salliqueló,,4220,2134,2086
v3_p19,862,Buenos Aires,Brandsen,Samborombón,,156,90,66
v3_p19,237,Buenos Aires,Balcarce,San Agustín,,1511,877,634
v3_p19,77,Buenos Aires,San Andrés de Giles,San Andrés de Giles,,7546,3628,3918
v3_p19,66,Buenos Aires,San Antonio de Areco,San Antonio de Areco,,9249,4505,4744
v3_p19,636,Buenos Aires,Saladillo,San Benito,,358,190,168
v3_p19,742,Buenos Aires,Tapalqué,San Bernardo,,257,150,107
v3_p19,96,Buenos Aires,San Cayetano,San Cayetano,,5733,2791,2942
v3_p19,214,Buenos Aires,General Lavalle,San Clemente del Tuyú,,1736,877,859
v3_p19,241,Buenos Aires,Ramallo,Sánchez,,1480,1072,408
v3_p19,382,Buenos Aires,General Viamonte,San Emilio,,796,435,361
v3_p19,377,Buenos Aires,25 de Mayo,San Enrique,,812,450,362
v3_p19,901,Buenos Aires,Guaminí,San Fermín,,113,63,50
v3_p19,17,Buenos Aires,San Fernando,San Fernando,1,92302,46444,45858
v3_p19,257,Buenos Aires,Tres Arroyos,San Francisco de Bellocq,,1389,813,576
v3_p19,452,Buenos Aires,Puán,San Germán,,628,348,280
v3_p19,537,Buenos Aires,Ayacucho,San Ignacio,,486,297,189
v3_p19,12,Buenos Aires,San Isidro,San Isidro,1,188065,91751,96314
v3_p19,760,Buenos Aires,Mercedes,San Jacinto,,239,134,105
v3_p19,424,Buenos Aires,Laprida,San Jorge,,684,361,323
v3_p20,812,Buenos Aires,Necochea,San José,,200,105,95
v3_p20,213,Buenos Aires,Lobería,San Manuel,,1748,969,779
v3_p20,525,Buenos Aires,Rivadavia,San Mauricio,,506,305,201
v3_p20,343,Buenos Aires,Tres Arroyos,San Mayol,,936,550,386
v3_p20,90,Buenos Aires,Monte,San Miguel del Monte,,6092,2980,3112
v3_p20,22,Buenos Aires,San Nicolás,San Nicolás,,49082,25654,23428
v3_p20,378,Buenos Aires,Chacabuco,San Patricio,,803,477,326
v3_p20,43,Buenos Aires,San Pedro,San Pedro,,17960,8930,9030
v3_p20,408,Buenos Aires,Coronel Dorrego,San Román,,714,430,284
v3_p20,507,Buenos Aires,Chivilcoy,San Sebastián,,540,297,243
v3_p20,411,Buenos Aires,Rivadavia,Sansinena,,708,402,306
v3_p20,587,Buenos Aires,Baradero,Santa Coloma,,403,209,194
v3_p20,739,Buenos Aires,Laprida,Santa Elena,,259,151,108
v3_p20,456,Buenos Aires,General Villegas,Santa Eleodora,,626,336,290
v3_p20,600,Buenos Aires,Carlos Tejedor,Santa Inés,,389,202,187
v3_p20,413,La Pampa,Chalileo,Santa Isabel,,706,368,338
v3_p20,161,Buenos Aires,San Pedro,Santa Lucía,,2791,1468,1323
v3_p20,774,Buenos Aires,Olavarría,Santa Luisa,,229,130,99
v3_p20,233,Buenos Aires,Coronel Suárez,Santa María,,1569,719,850
v3_p20,369,Buenos Aires,General Villegas,Santa Regina,,838,474,364
v3_p20,37,La Pampa,Capital,Santa Rosa,,25273,12529,12744
v3_p20,451,La Pampa,Guatraché,Santa Teresa,,629,313,316
v3_p20,501,Buenos Aires,General Lavalle,Santa Teresita,,547,311,236
v3_p20,700,Buenos Aires,25 de Mayo,Santiago Garbarini,,293,176,117
v3_p20,621,Buenos Aires,Roque Pérez,Santiago Larré,,371,194,177
v3_p20,644,Buenos Aires,Maipú,Santo Domingo,,348,172,176
v3_p20,584,Buenos Aires,9 de Julio,Santos Unzué,,405,244,161
v3_p20,543,Buenos Aires,Carlos Casares,Santo Tomás,,483,267,216
v3_p20,101,Buenos Aires,San Vicente,San Vicente,,5207,2496,2711
v3_p20,711,La Pampa,Chapaleufú,Sarah,,281,152,129
v3_p20,398,Buenos Aires,Colón,Sarasa,,743,403,340
v3_p20,799,Buenos Aires,Guaminí,Saturno,,210,123,87
v3_p20,374,Buenos Aires,Dolores,Sevigné,,820,452,368
v3_p20,453,Buenos Aires,Tornquist,Sierra de la Ventana,,628,344,284
v3_p20,142,Buenos Aires,Olavarría,Sierras Bayas,,3168,1673,1495
v3_p20,246,Buenos Aires,Olavarría,Sierra Chica,,1448,717,731
v3_p20,286,Buenos Aires,Carlos Casares,Smith,,1214,650,564
v3_p20,806,Buenos Aires,Ayacucho,Solanet,,203,116,87
v3_p20,788,Buenos Aires,Rojas,Sol de Mayo,,219,133,86
v3_p20,498,Buenos Aires,San Andrés de Giles,Solís,,552,296,256
v3_p20,556,La Pampa,Maracó,Speluzzi,,459,253,206
v3_p21,513,Buenos Aires,Bahía Blanca,Spurr,,524,266,258
v3_p21,693,Buenos Aires,Coronel Pringles,Stegman,,303,200,103
v3_p21,255,Buenos Aires,Patagones,Stroeder,,1412,756,656
v3_p21,380,Buenos Aires,Luján,Sucre,,802,432,370
v3_p21,130,Buenos Aires,Suipacha,Suipacha,,3495,1759,1736
v3_p21,676,Buenos Aires,Rivadavia,Sundblad,,320,187,133
v3_p21,890,Buenos Aires,Salto,Tacuarí,,126,75,51
v3_p21,325,Buenos Aires,Lobería,Tamangueyú,,1004,538,466
v3_p21,733,Buenos Aires,Pergamino,Tambo Nuevo,,264,142,122
v3_p21,24,Buenos Aires,Tandil,Tandil,,45703,22161,23542
v3_p21,122,Buenos Aires,Tapalqué,Tapalqué,,3795,1747,2048
v3_p21,665,Buenos Aires,Carmen de Areco,Tatay,,327,204,123
v3_p21,361,Buenos Aires,Juárez,Tedín Uriburu,,861,492,369
v3_p21,209,La Pampa,Loventué,Telén,,1857,946,911
v3_p21,480,La Pampa,Conhello,Tte. Gral. Emilio Mitre,,573,334,239
v3_p21,487,Buenos Aires,Villarino,Teniente Origone,,567,309,258
v3_p21,18,Buenos Aires,Tigre,Tigre,1,91725,47253,44472
v3_p21,300,Buenos Aires,Carlos Tejedor,Timote,,1145,594,551
v3_p21,669,Buenos Aires,Adolfo Alsina,Thames,,325,184,141
v3_p21,144,La Pampa,Toay,Toay,,3166,1897,1269
v3_p21,287,Buenos Aires,Bartolomé Mitre,Todd,,1205,635,570
v3_p21,766,Buenos Aires,Mercedes,Tomás Jofré,,235,135,100
v3_p21,575,La Pampa,Atreucó,Tomás M. Anchorena,,422,242,180
v3_p21,151,Buenos Aires,Tornquist,Tornquist,,3062,1539,1523
v3_p21,164,Buenos Aires,Luján,Torres,,2699,1289,1410
v3_p21,169,Buenos Aires,Pilar,Tortuguitas,,2628,1380,1248
v3_p21,548,La Pampa,Maracó,Trebolares,,472,275,197
v3_p21,170,Buenos Aires,Trenque Lauquen,30 de Agosto,,2601,1352,1249
v3_p21,149,La Pampa,Trenel,Trenel,,3086,1647,1439
v3_p21,54,Buenos Aires,Trenque Lauquen,Trenque Lauquen,,13263,6426,6837
v3_p21,134,Buenos Aires,Carlos Tejedor,Tres Algarrobos,,3385,1767,1618
v3_p21,30,Buenos Aires,Tres Arroyos,Tres Arroyos,,34139,16573,17566
v3_p21,9,Buenos Aires,3 de Febrero,3 de Febrero,1,263391,132465,130926
v3_p21,628,Buenos Aires,Adolfo Alsina,Tres Lagunas,,366,209,157
v3_p21,579,Buenos Aires,Tornquist,Tres Picos,,414,252,162
v3_p21,392,Buenos Aires,Carmen de Areco,Tres Sargentos,,759,447,312
v3_p21,619,Buenos Aires,Lincoln,Triunvirato,,372,218,154
v3_p21,823,Buenos Aires,Trenque Lauquen,Trongé,,192,104,88
v3_p21,705,Buenos Aires,San Andrés de Giles,Tuyutí,,287,166,121
v3_p21,478,Buenos Aires,Ayacucho,Udaquiola,,576,335,241
v3_p21,463,Buenos Aires,Bolívar,Unzué,,606,337,269
v3_p22,138,Buenos Aires,Bolívar,Urdampilleta,,3229,1615,1614
v3_p22,357,Buenos Aires,Cañuelas,Uribelarrea,,867,478,389
v3_p22,298,La Pampa,Catriló,Uriburu,,1154,640,514
v3_p22,354,Buenos Aires,Pergamino,Urquiza,,875,471,404
v3_p22,723,Buenos Aires,San Antonio de Areco,Vagues,,270,158,112
v3_p22,303,Buenos Aires,25 de Mayo,Valdés,,1137,667,470
v3_p22,758,Buenos Aires,Rivadavia,Valentín Gómez,,245,144,101
v3_p22,864,Buenos Aires,Bolívar,Vallimanca,,155,85,70
v3_p22,782,Buenos Aires,González Chaves,Vázquez,,223,106,117
v3_p22,112,Buenos Aires,Leandro N. Alem,Vedia,,4456,2181,2275
v3_p22,47,Buenos Aires,25 de Mayo,25 de Mayo,,16184,7953,8231
v3_p22,383,Buenos Aires,Tapalqué,Velloso,,785,399,386
v3_p22,701,Buenos Aires,Magdalena,Vergara,,291,172,119
v3_p22,110,Buenos Aires,Magdalena,Verónica,,4760,2499,2261
v3_p22,468,La Pampa,Chapaleufú,Vértiz,,588,313,275
v3_p22,794,Buenos Aires,Puán,Víboras,,212,124,88
v3_p22,310,Buenos Aires,Mar Chiquita,Vivoratá,,1096,629,467
v3_p22,197,Buenos Aires,Cañuelas,Vicente Casares,,1935,1108,827
v3_p22,10,Buenos Aires,Vicente López,Vicente López,1,247656,118694,128962
v3_p22,143,La Pampa,Loventué,Victorica,,3167,1605,1562
v3_p22,523,Buenos Aires,Guaminí,Victorino de la Plaza,,510,286,224
v3_p22,488,Buenos Aires,Magdalena,Vieytes,,567,289,278
v3_p22,823,Buenos Aires,Lincoln,Vigilancia,,191,98,93
v3_p22,695,Buenos Aires,Las Flores,Vilela,,302,168,134
v3_p22,535,Buenos Aires,San Andrés de Giles,Villa Espil,,492,288,204
v3_p22,262,Buenos Aires,General J. Madariaga,Villa Gessell,,1374,762,512
v3_p22,496,Buenos Aires,Bahía Blanca,Villa Harding Green,,553,268,285
v3_p22,167,Buenos Aires,Puán,Villa Iris,,2640,1310,1330
v3_p22,346,Buenos Aires,San Antonio de Areco,Villa Lía,,921,477,444
v3_p22,218,Buenos Aires,Patagones,Villalonga,,1680,1009,671
v3_p22,802,Buenos Aires,Alberti,Villa María,,209,110,99
v3_p22,352,La Pampa,Quemú-Quemú,Villa Mirasol,,902,501,401
v3_p22,489,Buenos Aires,General Paz,Villa Nueva,,564,292,272
v3_p22,215,Buenos Aires,San Vicente,Villa Numancia,,1735,896,839
v3_p22,123,Buenos Aires,Ramallo,Villa Ramallo,,3736,1873,1863
v3_p22,228,Buenos Aires,Pilar,Villa Rosa,,1598,916,682
v3_p22,349,Buenos Aires,Marcos Paz,Villars,,915,477,438
v3_p22,327,Buenos Aires,General Villegas,Villa Saboya,,1001,570,431
v3_p22,364,Buenos Aires,General Villegas,Villa Sauce,,853,454,399
v3_p22,848,Buenos Aires,Rivadavia,Villa Sena,,166,103,63
v3_p22,643,Buenos Aires,Bartolomé Mitre,Viñas,,349,181,168
v3_p23,709,Buenos Aires,San Pedro,Vuelta de Obligado,,283,147,136
v3_p23,370,Buenos Aires,Bragado,Warnes,,838,449,389
v3_p23,178,La Pampa,Conhello,Winifreda,,2399,1293,1106
v3_p23,771,Buenos Aires,Adolfo Alsina,Yutuyaco,,230,141,89
v3_p23,583,Buenos Aires,Lobos,Zapiola,,406,203,203
v3_p23,23,Buenos Aires,Zárate,Zárate,,46460,23708,22752
v3_p23,484,Buenos Aires,General Viamonte,Zavalía,,570,308,262
v3_p23,436,Buenos Aires,Pilar,Zelaya,,661,341,320
v3_p23,395,Buenos Aires,Monte,Zenón Videla Dorna,,750,433,317
v4_p01,393,Santa Fe,General López,Aarón Castellanos,,1043,576,467
v4_p01,154,Santa Fe,Rosario,Acebal,,2986,1548,1438
v4_p01,188,Córdoba,Río Cuarto,Achiras,,1989,1023,966
v4_p01,174,Córdoba,Río Cuarto,Adelia María,,2454,1219,1235
v4_p01,565,Córdoba,Colón,Agua de Oro,,564,270,294
v4_p01,594,Córdoba,Minas,Agua de Ramón,,490,257,233
v4_p01,381,Santa Fe,Rosario,Albarrellos,,1090,576,514
v4_p01,143,Córdoba,Río Cuarto,Alcira,,3180,1640,1540
v4_p01,67,Santa Fe,Constitución,Alcorta,,5632,2880,2752
v4_p01,339,Santa Fe,Castellanos,Aldao,,1260,665,595
v4_p01,503,Santa Fe,San Lorenzo,Aldao,,710,409,301
v4_p01,189,Santa Fe,San Javier,Alejandra,,1987,999,988
v4_p01,155,Córdoba,Juárez Celman,Alejandro,,2921,1388,1533
v4_p01,145,Córdoba,Marcos Juárez,Alejo Ledesma,,3110,1622,1488
v4_p01,248,Córdoba,San Justo,Alicia,,1637,804,833
v4_p01,93,Córdoba,Tercero Arriba,Almafuerte,,4406,2235,2171
v4_p01,629,Córdoba,Río Cuarto,Alpa Corral,,422,219,203
v4_p01,26,Córdoba,Santa María,Alta Gracia,,11628,5642,5986
v4_p01,702,Córdoba,San Alberto,Altautina,,261,143,118
v4_p01,415,Córdoba,Unión,Alto Alegre,,971,496,475
v4_p01,199,Córdoba,San Justo,Altos de Chipión,,1917,1014,903
v4_p01,168,Santa Fe,La Capital,Alto Verde,,2627,1341,1286
v4_p01,137,Santa Fe,Rosario,Alvarez,,3270,1694,1576
v4_p01,340,Santa Fe,Rosario,Alvear,,1259,676,583
v4_p01,597,Córdoba,Calamuchita,Amboy,,487,235,252
v4_p01,315,Santa Fe,San Cristóbal,Ambrosetti,,1341,727,614
v4_p01,634,Córdoba,San Alberto,Ambul,,414,211,203
v4_p01,524,Córdoba,General San Martín,Ana Zumarán,,657,380,277
v4_p01,290,Santa Fe,Iriondo,Andino,,1464,781,683
v4_p01,650,Santa Fe,Castellanos,Angélica,,373,209,164
v4_p01,471,Santa Fe,San Justo,Angeloni,,789,421,368
v4_p01,574,Córdoba,Santa María,Anizacate,,523,280,243
v4_p01,74,Santa Fe,Caseros,Arequito,,5278,2697,2581
v4_p01,82,Córdoba,Marcos Juárez,Arias,,5015,2598,2417
v4_p01,581,Santa Fe,Rosario,Arminda,,503,272,231
v4_p01,59,Santa Fe,Belgrano,Armstrong,,6093,3120,2973
v4_p01,278,Santa Fe,San Jerónimo,Arocena,,1512,809,703
v4_p01,97,Córdoba,San Justo,Arroyito,,4244,2043,2201
v4_p01,616,Córdoba,General San Martín,Arroyo Algodón,,455,255,200
v4_p01,757,Córdoba,Río Segundo,Arroyo Alvarez,,137,78,59
v4_p01,590,Córdoba,General San Martín,Arroyo Cabral,,493,280,213
v4_p02,291,Santa Fe,General Obligado,Arroyo Ceibal,,1463,730,733
v4_p02,222,Santa Fe,San Cristóbal,Arrufó,,1773,917,856
v4_p02,249,Santa Fe,Caseros,Arteaga,,1634,839,795
v4_p02,488,Córdoba,Colón,Ascochinga,,738,378,360
v4_p02,450,Santa Fe,La Capital,Ascochingas,,864,459,405
v4_p02,666,Córdoba,Juárez Celman,Asunta,,320,196,124
v4_p02,237,Santa Fe,Castellanos,Ataliva,,1689,862,827
v4_p02,612,Santa Fe,Castellanos,Aurelia,,459,239,220
v4_p02,318,Córdoba,General San Martín,Ausonia,,1335,741,594
v4_p02,595,Córdoba,Ischilín,Avellaneda,,490,238,252
v4_p02,68,Santa Fe,General Obligado,Avellaneda,,5557,2748,2809
v4_p02,390,Córdoba,Santa María,Bajo Chico,,1051,577,474
v4_p02,98,Córdoba,San Justo,Balnearia,,4237,2008,2229
v4_p02,158,Córdoba,Unión,Ballesteros,,2844,1404,1440
v4_p02,125,Santa Fe,San Jerónimo,Barrancas,,3542,1786,1756
v4_p02,744,Córdoba,Juárez Celman,Barreto,,176,97,79
v4_p02,474,Santa Fe,Castellanos,Baver y Sigel,,775,425,350
v4_p02,12,Córdoba,Unión,Bell-Ville,,19269,9129,10140
v4_p02,432,Córdoba,Juárez Celman,Bengolea,,918,502,416
v4_p02,355,Córdoba,Unión,Benjamín Gould,,1194,645,549
v4_p02,221,Santa Fe,Caseros,Berabevú,,1774,871,903
v4_p02,483,Santa Fe,General Obligado,Berna,,745,369,376
v4_p02,272,Santa Fe,San Jerónimo,Bernardo de Irigoyen,,1547,839,708
v4_p02,144,Córdoba,Río Cuarto,Berrotarán,,3131,1570,1561
v4_p02,396,Córdoba,Punilla,Bialet Massé,,1029,532,497
v4_p02,111,Santa Fe,Caseros,Bigand,,3884,1996,1888
v4_p02,485,Córdoba,Unión,Bismarck,,741,379,362
v4_p02,342,Santa Fe,Constitución,Bombal,,1256,641,615
v4_p02,349,Santa Fe,Belgrano,Bouquet,,1226,639,587
v4_p02,510,Córdoba,Santa María,Bouwer,,688,383,305
v4_p02,161,Córdoba,San Justo,Brinkman,,2826,1409,1417
v4_p02,244,Córdoba,General Roca,Buchardo,,1660,843,817
v4_p02,364,Córdoba,Río Cuarto,Bulnes,,1181,616,565
v4_p02,444,Santa Fe,Iriondo,Bustinza,,887,456,431
v4_p02,610,Santa Fe,La Capital,Cabal,,463,251,212
v4_p02,642,Córdoba,Colón,Cabana,,379,193,186
v4_p02,430,Santa Fe,San Javier,Cacique Ariacaiquín,,936,486,450
v4_p02,234,Santa Fe,General López,Cafferata,,1711,933,778
v4_p02,90,Santa Fe,Vera,Calchaquí,,4493,2215,2278
v4_p02,353,Córdoba,Río Segundo,Calchín,,1203,594,609
v4_p02,108,Córdoba,Marcos Juárez,Camilo Aldao,,3933,1999,1934
v4_p03,733,Córdoba,Sobremonte,Caminiaga,,207,102,105
v4_p03,63,Córdoba,Unión,Canals,,5918,2981,2937
v4_p03,729,Córdoba,Totoral,Candelaria,,210,115,95
v4_p03,686,Córdoba,Cruz del Eje,Candelaria,,291,151,140
v4_p03,643,Córdoba,Río Seco,Candelaria Norte,,379,187,192
v4_p03,413,Córdoba,Colón,Canteras el Sauce,,975,534,441
v4_p03,701,Córdoba,Calamuchita,Cañada de Alvarez,,262,127,135
v4_p03,11,Santa Fe,Iriondo,Cañada de Gómez,,20462,10354,10108
v4_p03,730,Córdoba,Ischilín,Cañada del Río Pinto,,209,108,101
v4_p03,453,Córdoba,Totoral,Cañada de Luque,,809,416,393
v4_p03,593,Córdoba,Río Primero,Cañada de Machado,,491,276,215
v4_p03,418,Santa Fe,General López,Cañada del Ucle,,967,513,454
v4_p03,370,Santa Fe,Constitución,Cañada Rica,,1157,635,522
v4_p03,113,Santa Fe,San Martín,Cañada Rosquín,,3865,1998,1867
v4_p03,124,Córdoba,General Roca,Cañada Verde,,3558,1794,1764
v4_p03,480,Córdoba,Río Primero,Cap. de la Sgrda. Familia,,749,364,385
v4_p03,584,Córdoba,Río Segundo,Capilla del Carmen,,501,276,225
v4_p03,61,Córdoba,Punilla,Capilla del Monte,,5980,2892,3088
v4_p03,404,Córdoba,Río Primero,Capilla de los Remedios,,1000,505,495
v4_p03,722,Córdoba,San Javier,Capilla del Romero,,224,116,108
v4_p03,721,Córdoba,Totoral,Capilla de Sitón,,224,120,104
v4_p03,28,Santa Fe,San Lorenzo,Capitán Bermúdez,,11262,5798,5464
v4_p03,360,Santa Fe,San Cristóbal,Capivara,,1185,672,513
v4_p03,50,Santa Fe,San Lorenzo,Carcarañá,,6775,3489,3286
v4_p03,105,Santa Fe,San Martín,Carlos Pellegrini,,4005,2019,1986
v4_p03,257,Santa Fe,General López,Carmen,,1598,812,786
v4_p03,489,Santa Fe,Rosario,Carmen del Sauce,,737,388,349
v4_p03,407,Córdoba,Juárez Celman,Carnerillo,,995,519,476
v4_p03,700,Córdoba,Río Cuarto,Carolina,,263,155,108
v4_p03,190,Santa Fe,General López,Carreras,,1976,1040,936
v4_p03,386,Córdoba,Río Segundo,Carrilobo,,1064,489,575
v4_p03,229,Santa Fe,Iriondo,Carrizales,,1744,904,840
v4_p03,766,Córdoba,Colón,Casa Bamba,,118,64,54
v4_p03,570,Córdoba,Punilla,Casa Grande,,534,311,223
v4_p03,632,Santa Fe,San Jerónimo,Casalegno,,420,233,187
v4_p03,357,Santa Fe,San Martín,Casas,,1191,648,543
v4_p03,17,Santa Fe,Caseros,Casilda,,17216,8481,8735
v4_p03,772,Córdoba,Punilla,Casaffousth,,108,62,46
v4_p03,423,Santa Fe,San Martín,Castelar,,957,507,450
v4_p03,638,Santa Fe,Castellanos,Castellanos,,395,205,190
v4_p03,324,Córdoba,Marcos Juárez,Cavanagh,,1306,706,600
v4_p04,567,Santa Fe,Las Colonias,Cavour,,496,259,237
v4_p04,266,Santa Fe,Garay,Cayastá,,1554,781,773
v4_p04,394,Santa Fe,San Justo,Cayastacito,,1040,563,477
v4_p04,498,Santa Fe,Castellanos,Cello,,716,374,342
v4_p04,299,Santa Fe,San Jerónimo,Centeno,,1435,755,680
v4_p04,546,Santa Fe,Constitución,Cepeda,,603,320,283
v4_p04,36,Santa Fe,San Cristóbal,Ceres,,9578,4627,4951
v4_p04,745,Córdoba,San Alberto,Ciénaga de Allende,,174,89,85
v4_p04,517,Córdoba,Minas,Ciénaga del Coro,,674,331,343
v4_p04,251,Córdoba,Unión,Cintra,,1621,821,800
v4_p04,300,Santa Fe,Iriondo,Classon,,1422,821,601
v4_p04,400,Santa Fe,Castellanos,Clucellas,,1011,513,498
v4_p04,533,Córdoba,Río Segundo,Colazo,,630,298,332
v4_p04,522,Córdoba,Tercero Arriba,Colonia Almada,,662,365,297
v4_p04,613,Córdoba,San Justo,Colonia Anita,,459,252,207
v4_p04,619,Córdoba,Marcos Juárez,Colonia Barge,,444,251,193
v4_p04,420,Santa Fe,San Martín,Colonia Belgrano,,961,469,492
v4_p04,684,Santa Fe,Castellanos,Colonia Bicha,,292,152,140
v4_p04,559,Santa Fe,San Cristóbal,Colonia Bossi,,577,314,263
v4_p04,428,Córdoba,Unión,Colonia Bremen,,938,531,407
v4_p04,77,Córdoba,Colón,Colonia Caroya,,5149,2593,2556
v4_p04,723,Córdoba,San Justo,Colonia Coyunda,,223,114,109
v4_p04,611,Córdoba,San Justo,Colonia 10 de Julio,,463,249,214
v4_p04,644,Córdoba,Río Cuarto,Colonia el Carmen,,378,201,177
v4_p04,127,Santa Fe,General Obligado,Colonia Ella,,3498,1733,1765
v4_p04,514,Córdoba,Marcos Juárez,Colonia Italiana,,675,382,293
v4_p04,425,Córdoba,San Justo,Colonia la Tordilla,,950,509,441
v4_p04,384,Córdoba,San Justo,Colonia Marina,,1071,550,521
v4_p04,541,Córdoba,Marcos Juárez,Colonia O'Higgins,,613,340,273
v4_p04,553,Córdoba,San Justo,Colonia Prosperidad,,587,330,257
v4_p04,552,Santa Fe,Castellanos,Colonia Raquel,,590,317,273
v4_p04,392,Santa Fe,San Cristóbal,Colonia Rosa,,1048,551,497
v4_p04,692,Córdoba,San Justo,Colonia Santa María,,278,153,125
v4_p04,505,Córdoba,Unión,Colonia Santa María,,694,387,307
v4_p04,706,Córdoba,Colón,Colonia Tirolesa,,256,137,119
v4_p04,747,Córdoba,Río Segundo,Colonia Videla,,168,92,76
v4_p04,391,Córdoba,San Justo,Colonia Vignaud,,1050,605,445
v4_p04,669,Córdoba,San Justo,Colonia Waltelina,,314,163,151
v4_p04,191,Córdoba,San Justo,Concepción del Tío,,1962,1002,960
v4_p04,637,Córdoba,San Javier,Conlara,,396,210,186
v4_p04,538,Santa Fe,San Cristóbal,Constanza,,624,338,286
v4_p05,756,Córdoba,Ischilín,Copacabana,,137,72,65
v4_p05,2,Córdoba,Capital,Córdoba,,586015,283871,302144
v4_p05,35,Santa Fe,San Jerónimo,Coronda,,9611,5020,4591
v4_p05,335,Santa Fe,San Lorenzo,Coronel Arnold,,1269,689,580
v4_p05,264,Córdoba,Río Cuarto,Coronel Baigorria,,1567,845,722
v4_p05,337,Santa Fe,Rosario,Coronel Bogado,,1262,630,632
v4_p05,408,Santa Fe,Rosario,Coronel Domínguez,,995,546,449
v4_p05,625,Santa Fe,Castellanos,Coronel Fraga,,427,225,202
v4_p05,60,Córdoba,Marcos Juárez,Corral de Bustos,,5986,3017,2969
v4_p05,240,Córdoba,Tercero Arriba,Corralito,,1667,860,807
v4_p05,138,Santa Fe,Iriondo,Correa,,3220,1700,1520
v4_p05,406,Córdoba,Santa María,Cosme,,998,507,491
v4_p05,37,Córdoba,Punilla,Cosquín,,9488,4454,5034
v4_p05,403,Córdoba,Río Segundo,Costa Sacate,,1001,554,447
v4_p05,774,Córdoba,San Justo,Cotagaita,,107,59,48
v4_p05,329,Santa Fe,San Martín,Crispi,,1281,692,589
v4_p05,66,Córdoba,Marcos Juárez,Cruz Alta,,5716,2857,2859
v4_p05,718,Córdoba,Punilla,Cruz Chica,,233,120,113
v4_p05,9,Córdoba,Cruz del Eje,Cruz del Eje,,22026,10370,11656
v4_p05,462,Santa Fe,Las Colonias,Cululú,,815,442,373
v4_p05,603,Córdoba,Pte. Roque Sáenz Peña,Curapaligüe,,477,263,214
v4_p05,468,Santa Fe,San Cristóbal,Curupaity,,799,465,334
v4_p05,84,Santa Fe,Caseros,Chabás,,4916,2562,2354
v4_p05,459,Córdoba,Río Cuarto,Chaján,,832,489,343
v4_p05,679,Córdoba,Río Primero,Chalacea,,302,168,134
v4_p05,545,Córdoba,Pocho,Chancaní,,605,297,308
v4_p05,738,Córdoba,Río Cuarto,Chañaritos,,194,110,84
v4_p05,83,Santa Fe,Caseros,Chañar Ladeado,,4979,2520,2459
v4_p05,466,Santa Fe,General López,Chapuy,,803,450,353
v4_p05,630,Córdoba,Punilla,Charbonier,,421,206,215
v4_p05,523,Córdoba,Juárez Celman,Charras,,658,360,298
v4_p05,285,Santa Fe,General López,Chateaubriand,,1490,789,701
v4_p05,371,Córdoba,General San Martín,Chazón,,1156,596,560
v4_p05,455,Córdoba,Unión,Chilibroste,,844,448,396
v4_p05,277,Santa Fe,General López,Chovet,,1518,808,710
v4_p05,431,Santa Fe,General López,Christophersen,,934,573,361
v4_p05,716,Córdoba,San Javier,Chuchiras,,234,135,99
v4_p05,499,Córdoba,Río Cuarto,Chucul,,714,398,316
v4_p05,557,Córdoba,Ischilín,Chuña,,582,295,287
v4_p05,614,Córdoba,Sobremonte,Chuña Huasi,,458,243,215
v4_p05,762,Córdoba,Tulumba,Churqui Cañada,,126,65,61
v4_p06,365,Córdoba,Tercero Arriba,Dalmacio Vélez Sarsfield,,1175,622,553
v4_p06,20,Córdoba,Ischilín,Deán Funes,,16280,7655,8625
v4_p06,732,Córdoba,General Roca,De la Serna,,209,120,89
v4_p06,254,Córdoba,General Roca,Del Campillo,,1614,861,753
v4_p06,202,Córdoba,Santa María,Despeñaderos,,1904,963,941
v4_p06,562,Santa Fe,San Jerónimo,Desvío Arijón,,571,311,260
v4_p06,759,Córdoba,General San Martín,Desvío las Mojarras,,129,73,56
v4_p06,667,Córdoba,Río Primero,Desvío Km. 691,,317,179,138
v4_p06,147,Córdoba,San Justo,Devoto,,3074,1520,1554
v4_p06,319,Santa Fe,San Jerónimo,Díaz,,1334,687,647
v4_p06,256,Santa Fe,General López,Diego de Alvear,,1602,860,742
v4_p06,664,Córdoba,Río Primero,Diego de Rojas,,325,160,165
v4_p06,218,Córdoba,Colón,Dumesnil,,1791,965,826
v4_p06,476,Santa Fe,Castellanos,Eguzquiza,,763,414,349
v4_p06,348,Córdoba,San Justo,El Arañado,,1227,657,570
v4_p06,682,Córdoba,Calamuchita,El Cano,,298,156,142
v4_p06,626,Córdoba,Río Primero,El Crispín,,426,242,184
v4_p06,705,Córdoba,Minas,El Chacho,,257,132,125
v4_p06,312,Córdoba,Río Cuarto,Elena,,1369,676,693
v4_p06,334,Córdoba,San Justo,El Fortín,,1272,661,611
v4_p06,558,Córdoba,San Justo,El Fuertecito,,578,303,271
v4_p06,330,Santa Fe,Las Colonias,Elisa,,1278,671,607
v4_p06,651,Córdoba,Colón,El Manzano,,370,208,162
v4_p06,76,Santa Fe,General López,Elortondo,,5147,2663,2484
v4_p06,720,Córdoba,Tulumba,El Perchel,,225,121,104
v4_p06,656,Córdoba,Calamuchita,El Quebracho,,356,182,174
v4_p06,726,Córdoba,Río Primero,El Quebracho,,214,112,102
v4_p06,493,Córdoba,Juárez Celman,El Rastreador,,728,404,324
v4_p06,176,Santa Fe,General Obligado,El Sombrerito,,2414,1317,1097
v4_p06,292,Córdoba,San Justo,El Tío,,1463,750,713
v4_p06,62,Santa Fe,San Martín,El Trébol,,5954,3012,2942
v4_p06,183,Córdoba,Calamuchita,Embalse,,2112,1006,1106
v4_p06,439,Santa Fe,La Capital,Emilia,,903,453,450
v4_p06,636,Santa Fe,Las Colonias,Empalme San Carlos,,408,214,194
v4_p06,146,Santa Fe,Constitución,Empalme V. Constitución,,3095,1603,1492
v4_p06,655,Córdoba,Río Seco,Encrucijada,,357,179,178
v4_p06,435,Santa Fe,Castellanos,Esmeralda,,911,482,429
v4_p06,19,Santa Fe,Las Colonias,Esperanza,,16606,7994,8612
v4_p06,600,Córdoba,Río Cuarto,Espinillo,,479,251,228
v4_p06,609,Santa Fe,9 de Julio,Esteban Rams,,466,258,208
v4_p06,703,Santa Fe,San Justo,Esther,,260,150,110
v4_p07,164,Córdoba,General San Martín,Etruria,,2785,1466,1319
v4_p07,453,Santa Fe,Castellanos,Eusebia,,849,474,375
v4_p07,598,Santa Fe,Castellanos,Eustolia,,486,257,229
v4_p07,589,Córdoba,Santa María,Falda del Carmen,,494,270,224
v4_p07,482,Santa Fe,Las Colonias,Felicia,,747,355,392
v4_p07,211,Santa Fe,Rosario,Fighiera,,1827,918,909
v4_p07,38,Santa Fe,General López,Firmat,,9484,4903,4581
v4_p07,279,Santa Fe,General Obligado,Florencia,,1508,744,764
v4_p07,676,Córdoba,Río Cuarto,Fragueyro,,307,176,131
v4_p07,268,Santa Fe,Las Colonias,Frank,,1553,809,744
v4_p07,697,Córdoba,Pte. Roque Sáenz Peña,Fray Cayetano Rodríguez,,266,168,98
v4_p07,80,Santa Fe,San Lorenzo,Fray Luis Beltrán,,5093,2634,2459
v4_p07,152,Córdoba,San Justo,Freyre,,3026,1452,1574
v4_p07,192,Santa Fe,Iriondo,Froilán Palacios,,1948,1023,925
v4_p07,238,Santa Fe,Castellanos,Frontera,,1672,861,811
v4_p07,316,Santa Fe,San Lorenzo,Fuentes,,1337,699,638
v4_p07,91,Santa Fe,Rosario,Funes,,4484,2295,2189
v4_p07,232,Santa Fe,San Jerónimo,Gaboto,,1737,929,808
v4_p07,678,Santa Fe,Castellanos,Galisteo,,304,174,130
v4_p07,25,Santa Fe,San Jerónimo,Gálvez,,11759,5808,5951
v4_p07,572,Santa Fe,General Obligado,Garabato,,525,284,241
v4_p07,540,Santa Fe,Castellanos,Garibaldi,,616,324,292
v4_p07,328,Córdoba,Marcos Juárez,General Baldissera,,1282,660,622
v4_p07,70,Córdoba,Juárez Celman,General Cabrera,,5455,2708,2747
v4_p07,148,Córdoba,Juárez Celman,General Deheza,,3056,1606,1450
v4_p07,691,Córdoba,Tercero Arriba,General Fotheringham,,280,146,134
v4_p07,399,Santa Fe,Constitución,General Gelly,,1018,542,476
v4_p07,149,Córdoba,Pte. Roque Sáenz Peña,General Levalle,,3050,1524,1526
v4_p07,456,Córdoba,Colón,General Paz,,838,434,404
v4_p07,194,Córdoba,Marcos Juárez,General Roca,,1945,962,983
v4_p07,710,Córdoba,Río Cuarto,General Soler,,245,141,104
v4_p07,395,Santa Fe,San Jerónimo,Gessler,,1038,525,513
v4_p07,475,Santa Fe,La Capital,Gobernador Candioti,,767,403,364
v4_p07,294,Santa Fe,San Justo,Gobernador Crespo,,1457,740,717
v4_p07,241,Santa Fe,Caseros,Gödeken,,1666,891,775
v4_p07,252,Santa Fe,Constitución,Godoy,,1620,837,783
v4_p07,419,Santa Fe,General Obligado,Golondrina,,966,543,423
v4_p07,64,Santa Fe,Rosario,Granadero Baigorria,,5818,2975,2843
v4_p07,313,Santa Fe,Las Colonias,Grutly,,1349,712,537
v4_p07,680,Córdoba,Cruz del Eje,Guanaco Muerto,,301,161,140
v4_p07,694,Córdoba,Pte. Roque Sáenz Peña,Guardia Vieja,,276,152,124
v4_p08,649,Córdoba,Minas,Guasapampa,,374,173,201
v4_p08,163,Córdoba,Marcos Juárez,Guatimozín,,2801,1500,1301
v4_p08,511,Córdoba,Río Seco,Gutemberg,,685,348,337
v4_p08,167,Santa Fe,Garay,Helvecia,,2702,1329,1373
v4_p08,55,Córdoba,Tercero Arriba,Hernando,,6453,3179,3274
v4_p08,136,Santa Fe,San Cristóbal,Hersilia,,3278,1595,1683
v4_p08,568,Santa Fe,Las Colonias,Hipatía,,536,305,231
v4_p08,175,Córdoba,Río Cuarto,Holmberg,,2439,1232,1207
v4_p08,494,Córdoba,Juárez Celman,Huanchilla,,722,395,327
v4_p08,288,Santa Fe,San Cristóbal,Huanqueros,,1469,831,638
v4_p08,151,Córdoba,Punilla,Huerta Grande,,3028,1432,1596
v4_p08,258,Santa Fe,General López,Hughes,,1594,816,778
v4_p08,73,Córdoba,General Roca,Huinca Renancó,,5302,2673,2629
v4_p08,92,Santa Fe,Castellanos,Humberto 1º,,4453,2163,2290
v4_p08,346,Santa Fe,Las Colonias,Humboldt,,1229,602,627
v4_p08,446,Santa Fe,Rosario,Ibarlucea,,873,494,379
v4_p08,262,Córdoba,Unión,Idiazábal,,1576,924,652
v4_p08,525,Córdoba,Cruz del Eje,Iglesias Viejas,,654,365,289
v4_p08,467,Santa Fe,General Obligado,Ingeniero Chanourdié,,803,412,391
v4_p08,130,Córdoba,Marcos Juárez,Irivilli,,3408,1794,1614
v4_p08,601,Santa Fe,General Obligado,Intiyaco,,479,233,246
v4_p08,343,Santa Fe,San Jerónimo,Irigoyen,,1236,652,584
v4_p08,123,Córdoba,Marcos Juárez,Isla Verde,,3603,1845,1758
v4_p08,421,Córdoba,General Roca,Italó,,959,523,436
v4_p08,624,Santa Fe,Las Colonias,Jacinto L. Arauz,,429,236,193
v4_p08,617,Córdoba,Ischilín,Jaime Peter,,449,223,226
v4_p08,120,Córdoba,Tercero Arriba,James Craik,,3628,1815,1813
v4_p08,775,Córdoba,San Justo,Jean Maire,,103,63,40
v4_p08,32,Córdoba,Colón,Jesús María,,9921,4716,5205
v4_p08,207,Santa Fe,San Lorenzo,Jesús María,,1855,972,883
v4_p08,34,Santa Fe,Vera,Jobson,,9754,4626,5128
v4_p08,504,Córdoba,Santa María,José de la Quintana,,698,477,221
v4_p08,426,Santa Fe,Castellanos,Josefina,,943,493,450
v4_p08,259,Córdoba,General Roca,Jovita,,1589,822,767
v4_p08,358,Santa Fe,Constitución,J. B. Molina,,1189,618,571
v4_p08,536,Córdoba,Colón,Juárez Celman,,628,330,298
v4_p08,186,Santa Fe,Constitución,Juncal,,1997,1015,982
v4_p08,110,Córdoba,Unión,Justiniano Posse,,3891,1972,1919
v4_p08,567,Córdoba,Colón,Kilómetro 711,,547,285,262
v4_p08,112,Córdoba,Unión,Laborde,,3875,1918,1957
v4_p08,305,Santa Fe,General López,Labordeboy,,1398,760,638
v4_p09,27,Córdoba,Pte. Roque Sáenz Peña,Laboulaye,,11265,5507,5758
v4_p09,492,Córdoba,Río Primero,La Buena Parada,,730,366,364
v4_p09,162,Córdoba,Colón,La Calera,,2818,1358,1460
v4_p09,53,Córdoba,Juárez Celman,La Carlota,,6532,3202,3330
v4_p09,377,Córdoba,Río Cuarto,La Cautiva,,1117,628,489
v4_p09,309,Córdoba,Pte. Roque Sáenz Peña,La Cesira,,1379,767,612
v4_p09,688,Córdoba,San Justo,La Cortadera,,288,148,140
v4_p09,306,Santa Fe,San Justo,La Criolla,,1396,704,692
v4_p09,561,Córdoba,Calamuchita,La Cruz,,575,267,308
v4_p09,85,Córdoba,Punilla,La Cumbre,,4768,2268,2500
v4_p09,486,Santa Fe,General López,La Chispa,,741,425,316
v4_p09,156,Córdoba,Punilla,La Falda,,2908,1363,1545
v4_p09,182,Córdoba,San Justo,La Francia,,2137,1048,1089
v4_p09,99,Santa Fe,Vera,La Gallareta,,4178,2131,2047
v4_p09,620,Córdoba,Río Cuarto,La Gilda,,444,245,199
v4_p09,338,Córdoba,Colón,La Granja,,1261,650,611
v4_p09,639,Córdoba,Pte. Roque Sáenz Peña,Laguna del Monte,,390,259,131
v4_p09,121,Córdoba,Río Segundo,Laguna Larga,,3609,1827,1782
v4_p09,496,Córdoba,Cruz del Eje,La Higuera,,719,360,359
v4_p09,660,Córdoba,Tulumba,La Isla de San Antonio,,335,190,145
v4_p09,295,Córdoba,General San Martín,La Laguna,,1456,761,695
v4_p09,526,Santa Fe,San Cristóbal,La Lucila,,651,359,292
v4_p09,753,Córdoba,General Roca,La Nacional,,154,83,71
v4_p09,231,Santa Fe,San Martín,Landeta,,1737,910,827
v4_p09,320,Santa Fe,General Obligado,Lanteri,,1326,668,658
v4_p09,479,Córdoba,General San Martín,La Palestina,,750,420,330
v4_p09,599,Córdoba,Totoral,La Pampa,,486,252,234
v4_p09,452,Córdoba,San Justo,La Paquita,,854,444,410
v4_p09,197,Córdoba,Río Primero,La Para,,1923,918,1005
v4_p09,506,Córdoba,San Javier,La Paz,,694,330,364
v4_p09,242,Santa Fe,Las Colonias,La Pelada,,1666,900,766
v4_p09,698,Córdoba,Minas,La Playa,,265,127,138
v4_p09,344,Córdoba,General San Martín,La Playosa,,1233,599,634
v4_p09,618,Córdoba,San Javier,La Población,,445,221,224
v4_p09,665,Córdoba,Río Primero,La Posta,,322,157,165
v4_p09,307,Córdoba,Río Primero,La Puerta,,1393,676,717
v4_p09,569,Córdoba,Colón,La Puerta,,535,296,239
v4_p09,508,Santa Fe,San Jerónimo,Larrechea,,690,358,332
v4_p09,490,Santa Fe,San Cristóbal,La Rubia,,736,372,364
v4_p09,449,Santa Fe,Constitución,La Vanguardia,,867,475,392
v4_p09,193,Córdoba,Río Cuarto,Las Acequias,,1945,1050,895
v4_p10,507,Córdoba,Tulumba,Las Arrias,,693,331,362
v4_p10,758,Córdoba,Río Primero,Las Averías,,131,64,67
v4_p10,673,Santa Fe,San Cristóbal,Las Avispas,,312,176,136
v4_p10,542,Córdoba,Calamuchita,Las Bajadas,,610,349,261
v4_p10,596,Santa Fe,San Martín,Las Bandurrias,,490,281,209
v4_p10,677,Córdoba,San Alberto,Las Calles,,306,154,152
v4_p10,515,Santa Fe,General Obligado,Las Garzas,,675,367,308
v4_p10,153,Córdoba,Río Cuarto,Las Higueras,,2990,1544,1446
v4_p10,575,Córdoba,Tercero Arriba,Las Isletillas,,523,274,249
v4_p10,363,Córdoba,Río Segundo,Las Junturas,,1183,579,604
v4_p10,752,Córdoba,Pocho,Las Palmas,,155,80,75
v4_p10,417,Santa Fe,San Cristóbal,Las Palmeras,,969,491,478
v4_p10,87,Santa Fe,Belgrano,Las Parejas,,4696,2531,2165
v4_p10,422,Córdoba,Totoral,Las Peñas,,958,465,493
v4_p10,142,Córdoba,Tercero Arriba,Las Perdices,,3207,1639,1568
v4_p10,429,Santa Fe,San Martín,Las Petacas,,938,505,433
v4_p10,544,Córdoba,San Alberto,Las Rabonas,,606,306,300
v4_p10,40,Santa Fe,Belgrano,Las Rosas,,9235,4731,4504
v4_p10,693,Córdoba,Río Primero,Las Saladas,,277,127,150
v4_p10,500,Córdoba,San Javier,Las Tapias,,712,352,360
v4_p10,628,Córdoba,Río Cuarto,Las Tapias,,424,228,196
v4_p10,81,Santa Fe,General Obligado,Las Toscas,,5055,2640,2415
v4_p10,477,Santa Fe,Las Colonias,Las Tunas,,763,394,369
v4_p10,255,Córdoba,San Justo,Las Varas,,1607,863,744
v4_p10,44,Córdoba,San Justo,Las Varillas,,7405,3528,3877
v4_p10,398,Córdoba,Río Cuarto,Las Vertientes,,1022,559,463
v4_p10,436,Santa Fe,General López,Lazzarino,,911,485,426
v4_p10,740,Córdoba,General Roca,Lecueder,,192,99,93
v4_p10,564,Córdoba,Pte. Roque Sáenz Peña,Leguizamón,,568,332,236
v4_p10,204,Santa Fe,Castellanos,Lehmann,,1873,941,932
v4_p10,46,Córdoba,Marcos Juárez,Leones,,7161,3627,3534
v4_p10,332,Santa Fe,9 de Julio,Logroño,,1277,722,555
v4_p10,583,Santa Fe,San Jerónimo,Loma Alta,,502,263,239
v4_p10,387,Santa Fe,San Jerónimo,López,,1059,537,522
v4_p10,764,Córdoba,Tulumba,Los Alamos,,121,67,54
v4_p10,711,Córdoba,General Roca,Los Alfalfares,,244,145,99
v4_p10,491,Santa Fe,General Obligado,Los Amores,,736,395,341
v4_p10,282,Santa Fe,San Martín,Los Cardos,,1502,802,700
v4_p10,470,Córdoba,San Javier,Los Cerrillos,,792,369,423
v4_p10,448,Córdoba,Juárez Celman,Los Cisnes,,869,455,414
v4_p10,458,Córdoba,Punilla,Los Cocos,,835,421,414
v4_p11,670,Córdoba,Totoral,Los Cometierra,,314,173,141
v4_p11,220,Córdoba,Calamuchita,Los Cóndores,,1777,949,828
v4_p11,659,Córdoba,Río Segundo,Los Chañaritos,,339,180,159
v4_p11,473,Córdoba,San Javier,Los Hornillos,,780,381,399
v4_p11,585,Córdoba,Río Seco,Los Hoyos,,500,253,247
v4_p11,582,Córdoba,Río Cuarto,Los Jagüeles,,503,294,209
v4_p11,754,Córdoba,Totoral,Los Mistoles,,152,88,64
v4_p11,203,Santa Fe,Caseros,Los Molinos,,1892,997,895
v4_p11,773,Córdoba,Ischilín,Los Pozos,,108,59,49
v4_p11,228,Santa Fe,Caseros,Los Quirquinchos,,1754,908,846
v4_p11,683,Córdoba,Calamuchita,Los Reartes,,298,156,142
v4_p11,198,Santa Fe,9 de Julio,Los Saladillos,,1920,989,931
v4_p11,674,Córdoba,Cruz del Eje,Los Sauces,,311,154,157
v4_p11,173,Córdoba,Marcos Juárez,Los Surgentes,,2483,1295,1188
v4_p11,437,Córdoba,Tercero Arriba,Los Zorros,,910,486,424
v4_p11,351,Córdoba,Santa María,Lozada,,1212,651,561
v4_p11,547,Córdoba,General San Martín,Luca,,600,312,288
v4_p11,388,Santa Fe,Iriondo,Lucio V. López,,1057,592,455
v4_p11,366,Córdoba,Tulumba,Lucio V. Mansilla,,1175,628,547
v4_p11,265,Santa Fe,San Lorenzo,Luis Palacios,,1564,863,701
v4_p11,178,Córdoba,Río Segundo,Luque,,2313,1183,1130
v4_p11,768,Córdoba,Calamuchita,Lutti,,114,56,58
v4_p11,537,Córdoba,San Justo,Luxardo,,628,339,289
v4_p11,464,Córdoba,San Javier,Luyaba,,809,410,399
v4_p11,215,Santa Fe,La Capital,Llambi Campbell,,1817,967,850
v4_p11,140,Santa Fe,San Jerónimo,Maciel,,3213,1606,1607
v4_p11,687,Córdoba,Totoral,Macha,,291,147,144
v4_p11,225,Santa Fe,General López,Maggiolo,,1763,918,845
v4_p11,119,Córdoba,Santa María,Malagueño,,3662,1954,1708
v4_p11,580,Córdoba,Río Cuarto,Malena,,506,288,218
v4_p11,739,Córdoba,Juárez Celman,Manantiales,,194,116,78
v4_p11,454,Córdoba,Río Segundo,Manfredi,,846,469,377
v4_p11,771,Córdoba,Río Primero,Maquinista Gallini,,110,53,57
v4_p11,298,Santa Fe,San Justo,Marcelino Escalada,,1444,746,698
v4_p11,22,Córdoba,Marcos Juárez,Marcos Juárez,,12897,6394,6503
v4_p11,276,Santa Fe,Vera,Margarita,,1520,767,753
v4_p11,513,Santa Fe,Castellanos,Margarita,,680,366,314
v4_p11,129,Santa Fe,Castellanos,María Juana,,3432,1806,1626
v4_p11,548,Santa Fe,Las Colonias,María Luisa,,600,319,281
v4_p11,250,Santa Fe,San Martín,María Susana,,1623,804,819
v4_p11,96,Santa Fe,General López,María Teresa,,4294,2360,1934
v4_p12,447,Santa Fe,Las Colonias,Mariano Saavedra,,871,452,419
v4_p12,652,Santa Fe,Castellanos,Marini,,367,202,165
v4_p12,201,Córdoba,San Justo,Marull,,1906,990,916
v4_p12,445,Córdoba,General Roca,Mattaldi,,876,471,405
v4_p12,356,Santa Fe,Las Colonias,Matilde,,1193,607,586
v4_p12,385,Córdoba,Río Segundo,Matorrales,,1067,558,509
v4_p12,115,Santa Fe,Constitución,Máximo Paz,,3782,1976,1806
v4_p12,317,Córdoba,Unión,Médanos de las Cañas,,1337,667,670
v4_p12,725,Córdoba,Cruz del Eje,Media Naranja,,216,128,88
v4_p12,166,Santa Fe,General López,Melincué,,2748,1430,1318
v4_p12,416,Córdoba,Pte. Roque Sáenz Peña,Melo,,970,507,463
v4_p12,731,Córdoba,Colón,Mendiolaza,,209,107,102
v4_p12,469,Santa Fe,General López,Miguel Torres,,796,423,373
v4_p12,170,Córdoba,San Alberto,Mina Clavero,,2560,1224,1336
v4_p12,367,Córdoba,San Justo,Miramar,,1175,548,627
v4_p12,734,Córdoba,General Roca,Modestino Pizarro,,204,112,92
v4_p12,139,Santa Fe,San Cristóbal,Moisés Ville,,3217,1576,1641
v4_p12,75,Córdoba,Río Cuarto,Moldes,,5230,2616,2614
v4_p12,657,Córdoba,Punilla,Molinari,,345,119,226
v4_p12,586,Córdoba,Calamuchita,Molinos,,498,255,243
v4_p12,401,Santa Fe,San Cristóbal,Monigotes,,1011,494,517
v4_p12,712,Córdoba,Calamuchita,Monsalvo,,240,126,114
v4_p12,180,Córdoba,Marcos Juárez,Monte Buey,,2244,1136,1108
v4_p12,621,Córdoba,Río Primero,Monte Cristo,,439,215,224
v4_p12,495,Córdoba,Río Cuarto,Monte de los Gauchos,,720,374,346
v4_p12,765,Córdoba,Río Primero,Monte del Rosario,,120,60,60
v4_p12,359,Santa Fe,9 de Julio,Montefiore,,1186,636,550
v4_p12,554,Córdoba,Unión,Monte Leña,,586,312,274
v4_p12,141,Córdoba,Unión,Monte Maíz,,3211,1607,1604
v4_p12,372,Córdoba,Santa María,Monte Ralo,,1153,656,497
v4_p12,283,Santa Fe,Belgrano,Montes de Oca,,1493,713,780
v4_p12,185,Santa Fe,La Capital,Monte Vera,,1998,1089,909
v4_p12,177,Córdoba,Unión,Morrison,,2319,1146,1173
v4_p12,45,Córdoba,San Justo,Morteros,,7351,3475,3876
v4_p12,410,Santa Fe,San Justo,Naré,,978,529,449
v4_p12,208,Santa Fe,La Capital,Nelson,,1854,943,911
v4_p12,531,Córdoba,General Roca,Nicolás Bruzone,,633,343,290
v4_p12,743,Córdoba,Minas,Ninalquín,,177,87,90
v4_p12,133,Córdoba,Unión,Noetinger,,3389,1679,1710
v4_p12,607,Córdoba,San Alberto,Nono,,469,228,241
v4_p12,662,Córdoba,Río Primero,Nueva Andalucía,,329,179,150
v4_p13,438,Santa Fe,Las Colonias,Nuevo Torino,,905,479,426
v4_p13,647,Santa Fe,San Cristóbal,Ñanducita,,375,187,188
v4_p13,326,Córdoba,Río Primero,Obispo Trejo,,1294,591,703
v4_p13,461,Córdoba,Juárez Celman,Olaeta,,822,446,376
v4_p13,29,Córdoba,Tercero Arriba,Oliva,,10194,4874,5320
v4_p13,235,Santa Fe,Iriondo,Oliveros,,1694,785,909
v4_p13,727,Córdoba,Juárez Celman,Olmos,,214,113,101
v4_p13,518,Córdoba,General Roca,Onagoity,,674,395,279
v4_p13,52,Córdoba,Río Segundo,Onativo,,6557,3245,3312
v4_p13,246,Córdoba,Unión,Ordóñez,,1642,814,828
v4_p13,685,Córdoba,Juárez Celman,Pacheco de Melo,,292,152,140
v4_p13,374,Santa Fe,San Cristóbal,Palacios,,1149,589,560
v4_p13,236,Córdoba,Tercero Arriba,Pampayasta Norte,,1691,918,773
v4_p13,274,Córdoba,Tercero Arriba,Pampayasta Sud,,1537,823,714
v4_p13,707,Córdoba,San Alberto,Panaholma,,253,134,119
v4_p13,227,Córdoba,Unión,Pascanas,,1760,874,886
v4_p13,327,Córdoba,General San Martín,Pasco,,1294,681,613
v4_p13,563,Córdoba,Cruz del Eje,Paso Viejo,,571,290,281
v4_p13,668,Córdoba,Río Cuarto,Paunero,,315,185,130
v4_p13,443,Santa Fe,Constitución,Pavón,,889,477,412
v4_p13,205,Santa Fe,Constitución,Pavón Arriba,,1859,1005,854
v4_p13,751,Córdoba,Juárez Celman,Pedro E. Funes,,159,93,66
v4_p13,389,Santa Fe,San Justo,Pedro Gómez Cello,,1053,580,473
v4_p13,49,Santa Fe,Rosario,Pérez,,6800,3466,3334
v4_p13,212,Santa Fe,Constitución,Peyrano,,1825,933,892
v4_p13,122,Santa Fe,San Martín,Piamonte,,3605,1871,1734
v4_p13,671,Córdoba,Cruz del Eje,Pichanas,,314,165,149
v4_p13,746,Córdoba,Minas,Piedrita Blanca,,174,90,84
v4_p13,109,Santa Fe,Las Colonias,Pilar,,3909,1963,1946
v4_p13,131,Córdoba,Río Segundo,Pilar,,3403,1720,1683
v4_p13,472,Córdoba,General Roca,Pinoén,,783,459,324
v4_p13,465,Santa Fe,Rosario,Piñero,,807,443,364
v4_p13,551,Córdoba,Río Primero,Piquillín,,593,324,269
v4_p13,675,Córdoba,Pocho,Pocho,,311,155,156
v4_p13,171,Córdoba,San Justo,Porteña,,2544,1260,1284
v4_p13,30,Santa Fe,Rosario,Posta de San Martín,,10152,5210,4942
v4_p13,433,Córdoba,Santa María,Potrero de Garay,,918,478,440
v4_p13,434,Santa Fe,Nueve de Julio,Pozo Borrado,,917,510,407
v4_p13,646,Córdoba,Río Primero,Pozo de la Loma,,377,201,176
v4_p13,761,Córdoba,San Javier,Pozo del Chañar,,127,62,65
v4_p13,172,Córdoba,Río Segundo,Pozo del Molle,,2499,1254,1245
v4_p14,345,Santa Fe,Castellanos,Presidente Roca,,1232,651,581
v4_p14,663,Córdoba,Río Cuarto,Pretot Freyre,,328,187,141
v4_p14,245,Santa Fe,Las Colonias,Progreso,,1643,842,801
v4_p14,361,Santa Fe,Las Colonias,Providencia,,1185,605,580
v4_p14,382,Santa Fe,Rosario,Pueblo Brito,,1085,580,505
v4_p14,534,Santa Fe,Rosario,Pueblo Esther,,630,340,290
v4_p14,397,Córdoba,Unión,Pueblo Italiano,,1027,545,482
v4_p14,460,Santa Fe,Rosario,Pueblo Muñoz,,828,438,390
v4_p14,56,Santa Fe,Rosario,Pueblo Nuevo,,6321,3291,3030
v4_p14,104,Santa Fe,San Lorenzo,Puerto San Martín,,4065,2114,1951
v4_p14,672,Córdoba,Río Seco,Puesto de Castro,,313,157,156
v4_p14,187,Santa Fe,San Lorenzo,Pujato,,1997,1078,919
v4_p14,631,Córdoba,Río Cuarto,Punta de Agua,,421,239,182
v4_p14,412,Córdoba,Tercero Arriba,Punta del Agua,,976,515,461
v4_p14,622,Córdoba,Río Primero,Punta del Agua,,437,222,215
v4_p14,641,Córdoba,San Javier,Quebrada de los Pozos,,380,208,172
v4_p14,527,Córdoba,San Justo,Quebracho Herrado,,651,365,286
v4_p14,157,Córdoba,Ischilín,Quilino,,2867,1355,1512
v4_p14,7,Santa Fe,Castellanos,Rafaela,,35653,17183,18470
v4_p14,605,Córdoba,Santa María,Rafael García,,473,247,226
v4_p14,497,Santa Fe,San Justo,Ramayón,,719,400,319
v4_p14,379,Santa Fe,Castellanos,Ramona,,1106,543,563
v4_p14,591,Córdoba,Unión,Ramón J. Cárcano,,493,287,206
v4_p14,704,Córdoba,Río Primero,Rangel,,258,134,124
v4_p14,635,Córdoba,General Roca,Ranqueles,,410,253,157
v4_p14,661,Córdoba,Río Seco,Rayo Cortado,,330,152,178
v4_p14,13,Santa Fe,General Obligado,Reconquista,,19000,9070,9930
v4_p14,380,Santa Fe,La Capital,Recreo,,1095,551,544
v4_p14,23,Santa Fe,La Capital,Reinaldo Cullen,,11881,5914,5967
v4_p14,509,Santa Fe,San Lorenzo,Ricardone,,690,401,289
v4_p14,535,Córdoba,Río Segundo,Rincón,,629,333,296
v4_p14,640,Córdoba,Pte. Roque Sáenz Peña,Río Bamba,,385,214,171
v4_p14,65,Córdoba,Colón,Río Ceballos,,5760,2746,3014
v4_p14,4,Córdoba,Río Cuarto,Río Cuarto,,65569,31138,34431
v4_p14,409,Córdoba,Calamuchita,Río de los Sauces,,984,508,476
v4_p14,209,Córdoba,Río Primero,Río Primero,,1845,912,933
v4_p14,43,Córdoba,Río Segundo,Río Segundo,,7572,3696,3876
v4_p14,15,Córdoba,Tercero Arriba,Río Tercero,,18512,9119,9393
v4_p14,71,Santa Fe,San Lorenzo,Roldán,,5376,2753,2623
v4_p14,126,Santa Fe,San Javier,Romang,,3514,1735,1779
v4_p14,375,Córdoba,Pte. Roque Sáenz Peña,Rosales,,1134,631,503
v4_p15,1,Santa Fe,Rosario,Rosario,,591428,286446,304982
v4_p15,373,Santa Fe,Constitución,Rueda,,1150,617,533
v4_p15,21,Santa Fe,General López,Rufino,,13771,6983,6788
v4_p15,728,Córdoba,Pte. Roque Sáenz Peña,Ruiz Díaz de Guzmán,,214,131,83
v4_p15,741,Córdoba,Minas,Rumiyaco,,187,95,92
v4_p15,193,Córdoba,San Justo,Sacanta,,1935,1037,898
v4_p15,487,Santa Fe,Castellanos,Saguier,,741,385,356
v4_p15,333,Córdoba,Marcos Juárez,Saira,,1275,721,554
v4_p15,560,Córdoba,Marcos Juárez,Saladillo,,577,311,266
v4_p15,325,Córdoba,Colón,Saldán,,1298,624,674
v4_p15,608,Córdoba,Pte. Roque Sáenz Peña,Salguero,,469,263,206
v4_p15,520,Córdoba,Pocho,Salsacate,,669,308,361
v4_p15,286,Córdoba,Colón,Salsipuedes,,1489,745,744
v4_p15,89,Córdoba,Río Cuarto,Sampacho,,4682,2385,2297
v4_p15,571,Córdoba,General San Martín,Sanabria,,529,307,222
v4_p15,210,Córdoba,Calamuchita,San Agustín,,1828,966,862
v4_p15,269,Santa Fe,Las Colonias,San Agustín,,1469,755,714
v4_p15,648,Córdoba,Río Cuarto,San Ambrosio,,375,283,92
v4_p15,654,Córdoba,San Justo,San Antonio,,358,183,175
v4_p15,724,Córdoba,Punilla,San Antonio de Arredondo,,222,120,102
v4_p15,352,Córdoba,Unión,San Antonio de Litín,,1212,635,577
v4_p15,311,Santa Fe,General Obligado,San Antonio de Obligado,,1375,690,685
v4_p15,321,Córdoba,San Justo,San Bartolomé,,1324,674,650
v4_p15,717,Córdoba,Río Cuarto,San Bartolomé,,234,128,106
v4_p15,214,Córdoba,Río Cuarto,San Basilio,,1819,980,839
v4_p15,770,Santa Fe,San Justo,San Bernardo,,113,65,48
v4_p15,521,Córdoba,Minas,San Carlos,,668,322,346
v4_p15,76,Santa Fe,Las Colonias,San Carlos Centro,,5212,2540,2672
v4_p15,440,Santa Fe,Las Colonias,San Carlos Norte,,901,475,426
v4_p15,253,Santa Fe,Las Colonias,San Carlos Sud,,1618,782,836
v4_p15,555,Córdoba,Santa María,San Clemente,,583,336,247
v4_p15,24,Santa Fe,San Cristóbal,San Cristóbal,,11825,5794,6031
v4_p15,95,Santa Fe,General López,Sancti Spíritu,,4402,2334,2068
v4_p15,314,Santa Fe,General López,San Eduardo,,1347,693,654
v4_p15,512,Córdoba,Punilla,San Esteban,,681,385,296
v4_p15,690,Santa Fe,San Jerónimo,San Eugenio,,283,153,130
v4_p15,427,Santa Fe,San Jerónimo,San Fabián,,942,502,440
v4_p15,213,Santa Fe,Caseros,Sanford,,1823,988,835
v4_p15,6,Córdoba,San Justo,San Francisco,,38000,18794,19206
v4_p15,310,Córdoba,Sobremonte,San Francisco del Chañar,,1376,688,688
v4_p15,302,Santa Fe,General López,San Francisco de Sta. Fe,,1414,764,650
v4_p16,263,Santa Fe,San Jerónimo,San Genaro,,1571,812,759
v4_p16,280,Santa Fe,San Jerónimo,San Genaro Norte,,1507,766,741
v4_p16,106,Santa Fe,General López,San Gregorio,,4003,2042,1961
v4_p16,206,Santa Fe,San Cristóbal,San Guillermo,,1856,907,949
v4_p16,713,Córdoba,Calamuchita,San Ignacio,,238,132,106
v4_p16,107,Santa Fe,San Javier,San Javier,,3970,1903,2067
v4_p16,478,Córdoba,San Javier,San Javier,,759,372,387
v4_p16,362,Santa Fe,Las Colonias,San Jerónimo del Sauce,,1185,613,572
v4_p16,102,Santa Fe,Las Colonias,San Jerónimo Norte,,4085,1967,2118
v4_p16,271,Santa Fe,San Lorenzo,San Jerónimo Sud,,1548,784,764
v4_p16,695,Córdoba,Pte. Roque Sáenz Peña,San Joaquín,,276,166,110
v4_p16,31,Santa Fe,San Martín,San Jorge,,10043,5114,4929
v4_p16,341,Córdoba,San Javier,San José,,1257,634,623
v4_p16,519,Córdoba,Tulumba,San José,,673,335,338
v4_p16,414,Córdoba,Tulumba,San José de la Dormida,,972,478,494
v4_p16,88,Santa Fe,Caseros,San José de la Esquina,,4684,2386,2298
v4_p16,322,Santa Fe,La Capital,San José del Rincón,,1307,618,689
v4_p16,304,Santa Fe,San Jerónimo,San Julián,,1405,704,701
v4_p16,39,Santa Fe,San Justo,San Justo,,9457,4582,4875
v4_p16,10,Santa Fe,San Lorenzo,San Lorenzo,,21908,11069,10839
v4_p16,216,Córdoba,Unión,San Marcos,,1801,854,947
v4_p16,411,Córdoba,Cruz del Eje,San Marcos Sierra,,978,507,471
v4_p16,275,Santa Fe,San Martín,S. Martín de las Escobas,,1521,762,759
v4_p16,481,Santa Fe,San Justo,San Martín Norte,,749,407,342
v4_p16,767,Córdoba,San Alberto,San Miguel,,115,66,49
v4_p16,230,Córdoba,San Alberto,San Pedro,,1737,863,874
v4_p16,750,Córdoba,Ischilín,San Pedro de Toyos,,164,85,79
v4_p16,696,Córdoba,Tulumba,San Pedro Norte,,271,144,127
v4_p16,576,Córdoba,Punilla,San Roque,,518,326,192
v4_p16,735,Córdoba,Unión,San Severo,,202,109,93
v4_p16,736,Córdoba,Totoral,Santa Catalina,,202,115,87
v4_p16,296,Santa Fe,Las Colonias,Sta. Clara de Buena Vista,,1456,735,721
v4_p16,287,Santa Fe,Castellanos,Santa Clara de Saguier,,1489,733,756
v4_p16,714,Córdoba,Tulumba,Santa Cruz,,238,115,123
v4_p16,196,Córdoba,Juárez Celman,Santa Eufemia,,1928,995,933
v4_p16,3,Santa Fe,La Capital,Santa Fe,,208900,99851,109049
v4_p16,101,Santa Fe,General López,Santa Isabel,,4094,2177,1917
v4_p16,184,Córdoba,Punilla,Santa María,,2070,1008,1062
v4_p16,588,Santa Fe,Las Colonias,Santa María Centro,,496,282,214
v4_p16,543,Santa Fe,Las Colonias,Santa María Norte,,607,314,293
v4_p16,699,Santa Fe,Garay,Santa Rosa,,265,136,129
v4_p17,181,Córdoba,Calamuchita,Sta. Rosa de Calamuchita,,2217,1094,1123
v4_p17,132,Córdoba,Río Primero,Sta. Rosa del Río Primero,,3390,1579,1811
v4_p17,57,Santa Fe,Iriondo,Santa Teresa,,6103,3187,2916
v4_p17,160,Santa Fe,Constitución,Santa Teresa,,2831,1506,1325
v4_p17,748,Córdoba,Colón,Santa Teresa,,168,98,70
v4_p17,653,Córdoba,General San Martín,Santa Victoria,,365,188,177
v4_p17,405,Córdoba,Río Segundo,Santiago Temple,,999,498,501
v4_p17,331,Santa Fe,Las Colonias,Santo Domingo,,1278,661,617
v4_p17,16,Santa Fe,La Capital,Santo Tomé,,17400,8924,8476
v4_p17,708,Santa Fe,San Cristóbal,Santurce,,253,125,128
v4_p17,118,Santa Fe,Castellanos,San Vicente,,3701,1950,1751
v4_p17,627,Córdoba,San Alberto,San Vicente,,425,214,211
v4_p17,368,Santa Fe,Las Colonias,Sa Pereyra,,1164,608,556
v4_p17,354,Santa Fe,Constitución,Sargento Cabral,,1198,634,564
v4_p17,303,Santa Fe,Las Colonias,Sarmiento,,1410,730,680
v4_p17,516,Córdoba,Totoral,Sarmiento,,675,341,334
v4_p17,86,Santa Fe,San Martín,Sastre,,4749,2327,2422
v4_p17,297,Córdoba,San Justo,Saturnino M. Laspiur,,1445,731,714
v4_p17,737,Santa Fe,La Capital,Sauce Viejo,,197,114,83
v4_p17,402,Córdoba,Río Seco,Sebastián el Cano,,1010,507,503
v4_p17,577,Córdoba,San Justo,Seeber,,516,271,245
v4_p17,134,Santa Fe,Iriondo,Serodino,,3306,1713,1593
v4_p17,261,Córdoba,Pte. Roque Sáenz Peña,Serrano,,1576,812,764
v4_p17,179,Córdoba,Cruz del Eje,Serrezuela,,2294,1091,1203
v4_p17,532,Córdoba,General San Martín,Silvio Pellico,,632,345,287
v4_p17,623,Córdoba,Totoral,Simbolar,,436,204,232
v4_p17,602,Córdoba,Totoral,Sinsacate,,479,274,205
v4_p17,226,Santa Fe,Rosario,Soldini,,1763,953,810
v4_p17,281,Santa Fe,San Cristóbal,Soledad,,1505,774,731
v4_p17,529,Santa Fe,Las Colonias,Soutomayor,,639,338,301
v4_p17,165,Santa Fe,San Cristóbal,Suardi,,2767,1364,1403
v4_p17,457,Córdoba,Río Cuarto,Suco,,838,460,378
v4_p17,41,Santa Fe,Castellanos,Sunchales,,7890,3946,3934
v4_p17,378,Santa Fe,Castellanos,Susana,,1112,570,542
v4_p17,159,Santa Fe,General Obligado,Tacuarendí,,2838,1515,1323
v4_p17,749,Córdoba,Pocho,Tala Cañada,,168,87,81
v4_p17,709,Córdoba,Calamuchita,Tala Cruz,,252,123,129
v4_p17,715,Córdoba,Minas,Talaini,,236,117,119
v4_p17,556,Córdoba,Río Primero,Tala Norte,,583,308,275
v4_p17,114,Córdoba,Tercero Arriba,Tancacha,,3816,1960,1856
v4_p17,323,Córdoba,Punilla,Tanti,,1307,641,666
v4_p18,578,Santa Fe,General Obligado,Tartagal,,514,276,238
v4_p18,760,Córdoba,Colón,Tejeda,,129,70,59
v4_p18,72,Santa Fe,General López,Teodolina,,5317,2844,2473
v4_p18,501,Santa Fe,Constitución,Theobald,,712,392,320
v4_p18,301,Córdoba,General San Martín,Ticino,,1415,766,649
v4_p18,658,Córdoba,Río Primero,Tinoco,,344,181,163
v4_p18,369,Córdoba,General San Martín,Tío Pujio,,1159,586,573
v4_p18,550,Córdoba,Santa María,Toledo,,595,296,299
v4_p18,247,Santa Fe,Belgrano,Tortugas,,1639,837,802
v4_p18,681,Córdoba,Minas,Toano,,301,159,142
v4_p18,502,Córdoba,Río Cuarto,Tosquita,,711,397,314
v4_p18,47,Santa Fe,9 de Julio,Tostado,,6854,3398,3456
v4_p18,755,Córdoba,Tulumba,Totoralejos,,146,78,68
v4_p18,606,Santa Fe,San Martín,Traill,,470,257,213
v4_p18,200,Córdoba,San Justo,Tránsito,,1914,913,1001
v4_p18,689,Córdoba,San Javier,Travesía,,287,150,137
v4_p18,714,Córdoba,Cruz del Eje,Tres Arboles,,233,129,104
v4_p18,528,Córdoba,Cruz del Eje,Tuclame,,650,346,304
v4_p18,100,Córdoba,Juárez Celman,Ucacha,,4101,2105,1996
v4_p18,94,Córdoba,Colón,Unquillo,,4405,2083,2322
v4_p18,169,Córdoba,Punilla,Valle Hermoso,,2593,1246,1347
v4_p18,8,Santa Fe,General López,Venado Tuerto,,26284,13194,13090
v4_p18,293,Santa Fe,San Justo,Vera y Pintado,,1462,762,700
v4_p18,336,Córdoba,Unión,Viamonte,,1264,632,632
v4_p18,128,Córdoba,Río Cuarto,Vicuña Mackenna,,3443,1747,1696
v4_p18,224,Santa Fe,San Justo,Videla,,1765,921,844
v4_p18,269,Santa Fe,Castellanos,Vila,,1551,798,753
v4_p18,69,Córdoba,Colón,Villa Allende,,5548,2643,2905
v4_p18,284,Santa Fe,Rosario,Villa Amelia,,1491,807,684
v4_p18,117,Santa Fe,General Obligado,Villa Ana,,3718,1753,1965
v4_p18,219,Córdoba,Tercero Arriba,Villa Ascasubi,,1782,914,868
v4_p18,573,Córdoba,Río Seco,Villa Candelaria,,525,264,261
v4_p18,42,Santa Fe,General López,Villa Cañás,,7669,4053,3616
v4_p18,59,Córdoba,Punilla,Villa Carlos Paz,,6102,2985,3117
v4_p18,14,Santa Fe,Constitución,Villa Constitución,,18720,9753,8967
v4_p18,260,Córdoba,San Alberto,Villa Cura Brochero,,1585,747,838
v4_p18,239,Santa Fe,Caseros,Villada,,1672,914,758
v4_p18,442,Córdoba,Calamuchita,Villa del Dique,,890,449,441
v4_p18,530,Córdoba,Punilla,Villa del Lago,,635,279,356
v4_p18,54,Córdoba,Río Segundo,Villa del Rosario,,6493,3117,3376
v4_p18,356,Córdoba,Río Seco,Villa de María,,1218,558,660
v4_p19,103,Córdoba,Cruz del Eje,Villa de Soto,,4066,1971,2095
v4_p19,48,Santa Fe,Rosario,Villa Diego,,6852,3520,3332
v4_p19,18,Córdoba,San Javier,Villa Dolores,,16730,7736,8994
v4_p19,223,Santa Fe,Iriondo,Villa Eloísa,,1768,920,848
v4_p19,579,Córdoba,Río Primero,Villa Fontana,,512,260,252
v4_p19,267,Córdoba,Calamuchita,Villa General Belgrano,,1553,772,781
v4_p19,217,Córdoba,Totoral,Villa General Mitre,,1797,826,971
v4_p19,273,Córdoba,Punilla,Villa Giardino,,1546,731,815
v4_p19,79,Santa Fe,Rosario,Villa Gobernador Gálvez,,5142,2667,2475
v4_p19,116,Santa Fe,General Obligado,Villa Guillermina,,3740,1802,1938
v4_p19,566,Córdoba,Punilla,Villa Independencia,,556,265,291
v4_p19,441,Córdoba,San Javier,Villa Las Rosas,,896,439,457
v4_p19,5,Córdoba,General San Martín,Villa María,,41472,19774,21698
v4_p19,270,Santa Fe,San Lorenzo,Villa Mugueta,,1551,791,760
v4_p19,51,Córdoba,General San Martín,Villa Nueva,,6611,3292,3319
v4_p19,33,Santa Fe,General Obligado,Villa Ocampo,,9909,4980,4929
v4_p19,451,Córdoba,Ischilín,Villa Quilino,,857,417,440
v4_p19,233,Córdoba,Juárez Celman,Villa Reducción,,1731,893,838
v4_p19,763,Córdoba,Calamuchita,Villa Río Grande,,123,66,57
v4_p19,633,Córdoba,Tulumba,V. Rosario del Saladillo,,416,186,230
v4_p19,383,Córdoba,Pte. Roque Sáenz Peña,Villa Rossi,,1082,600,482
v4_p19,604,Córdoba,Calamuchita,Villa Rumipal,,476,247,229
v4_p19,549,Santa Fe,Castellanos,Villa San José,,596,306,290
v4_p19,539,Santa Fe,San Cristóbal,Villa Saralegui,,622,369,253
v4_p19,769,Córdoba,General Roca,Villa Sarmiento,,114,60,54
v4_p19,308,Santa Fe,San Cristóbal,Villa Trinidad,,1387,722,665
v4_p19,376,Córdoba,Tulumba,Villa Tulumba,,1122,535,587
v4_p19,347,Córdoba,General Roca,Villa Valeria,,1228,619,609
v4_p19,645,Córdoba,Calamuchita,Villa Yacanto,,378,187,191
v4_p19,615,Santa Fe,Castellanos,Virginia,,457,243,214
v4_p19,742,Córdoba,Pte. Roque Sáenz Peña,Vivero,,184,107,77
v4_p19,424,Córdoba,Río Cuarto,Washington,,955,543,412
v4_p19,135,Santa Fe,General López,Wheelwright,,3281,1699,1582
v4_p19,592,Córdoba,San Javier,Yacanto,,492,224,268
v4_p19,454,Córdoba,Santa María,Yoscina,,745,437,308
v4_p19,150,Santa Fe,Rosario,Zavalla,,3040,1602,1438
v4_p19,243,Santa Fe,Castellanos,Zenón Pereyra,,1661,835,826
v5_p01,156,Corrientes,Monte Caseros,Acuña,,805,419,386
v5_p01,220,Misiones,25 de Mayo,Alba Posse,,481,227,254
v5_p01,246,Entre Ríos,La Paz,Alcaraz,,376,188,188
v5_p01,189,Entre Ríos,Gualeguay,Aldea Asunción,,616,298,318
v5_p01,239,Entre Ríos,Diamante,Aldea Brasilera,,391,189,202
v5_p01,226,Entre Ríos,Paraná,Aldea María Luisa,,451,211,240
v5_p01,219,Entre Ríos,Diamante,Aldea Protestante,,482,240,242
v5_p01,214,Entre Ríos,Gualeguaychú,Aldea San Antonio,,502,273,229
v5_p01,255,Entre Ríos,Paraná,Aldea Santa María,,340,167,173
v5_p01,101,Misiones,Leandro N. Alem,Almafuerte,,1351,708,643
v5_p01,192,Entre Ríos,Tala,Altamirano Sud,,607,324,283
v5_p01,30,Corrientes,General Alvear,Alvear,,4252,1983,2269
v5_p01,240,Entre Ríos,Victoria,Antelo,,389,191,198
v5_p01,290,Corrientes,Ituzaingó,Apipé,,209,108,101
v5_p01,27,Misiones,Apóstoles,Apóstoles,,6507,3120,3387
v5_p01,136,Entre Ríos,Victoria,Aranguren,,932,490,442
v5_p01,138,Misiones,Cainguás,Aristóbulo del Valle,,925,470,455
v5_p01,277,Entre Ríos,Colón,Arroyo Barú,,259,144,115
v5_p01,242,Entre Ríos,Tala,Arroyo Clé,,385,199,186
v5_p01,260,Entre Ríos,Colón,Arroyo Grande,,328,173,155
v5_p01,153,Misiones,Apóstoles,Azara,,838,464,374
v5_p01,245,Corrientes,Curuzú Cuatiá,Baibiene,,380,217,163
v5_p01,26,Entre Ríos,Uruguay,Basavilbaso,,6614,3216,3398
v5_p01,21,Corrientes,Bella Vista,Bella Vista,,8334,3923,4411
v5_p01,222,Entre Ríos,Colón,Berduc,,473,284,189
v5_p01,92,Misiones,General Belgrano,Bernardo de Irigoyen,,1400,722,678
v5_p01,161,Corrientes,Berón de Astrada,Berón de Astrada,,765,341,424
v5_p01,286,Entre Ríos,Nogoyá,Betbeder,,227,119,108
v5_p01,204,Corrientes,Paso de los Libres,Bonpland,,532,241,291
v5_p01,120,Misiones,Candelaria,Bonpland,,1132,545,587
v5_p01,70,Entre Ríos,La Paz,Bovril,,1955,958,997
v5_p01,193,Misiones,Leandro N. Alem,Caa-Yarí,,588,316,272
v5_p01,164,Entre Ríos,Concordia,Calabacillas,,737,386,351
v5_p01,97,Misiones,Cainguás,Campo Grande,,1362,717,645
v5_p01,95,Misiones,Oberá,Campo Ramón,,1372,677,695
v5_p01,105,Misiones,Oberá,Campo Viera,,1293,670,623
v5_p01,56,Misiones,Candelaria,Candelaria,,2429,1189,1240
v5_p01,248,Corrientes,Sauce,Cañaditas,,368,169,199
v5_p01,169,Misiones,Lib. Gral. San Martín,Capiovy,,701,346,355
v5_p01,177,Misiones,Montecarlo,Caraguatay,,664,349,315
v5_p01,249,Misiones,Iguazú,Cataratas del Iguazú,,357,191,166
v5_p02,303,Corrientes,Santo Tomé,Caza Pava,,119,62,57
v5_p02,175,Corrientes,Curuzú Cuatiá,Cazadores Correntinos,,672,333,339
v5_p02,203,Corrientes,General Paz,Cerrito,,541,265,276
v5_p02,77,Misiones,Leandro N. Alem,Cerro Azul,,1712,873,839
v5_p02,262,Misiones,Candelaria,Cerro Corá,,324,163,161
v5_p02,261,Entre Ríos,Concordia,Clodomiro Ledesma,,328,162,166
v5_p02,25,Entre Ríos,Colón,Colón,,6813,3318,3495
v5_p02,210,Corrientes,San Martín,Colonia Carlos Pellegrini,,515,244,271
v5_p02,233,Corrientes,Goya,Colonia Carolina,,416,210,206
v5_p02,145,Entre Ríos,Uruguay,Colonia Caseros,,885,462,423
v5_p02,94,Misiones,Eldorado,Colonia Delicia,,1389,720,669
v5_p02,141,Entre Ríos,Uruguay,Colonia Elía,,917,453,464
v5_p02,234,Entre Ríos,Colón,Colonia Hocker,,410,222,156
v5_p02,282,Entre Ríos,Colón,Colonia Hughes,,244,123,121
v5_p02,165,Corrientes,Monte Caseros,Colonia Libertad,,732,445,287
v5_p02,71,Corrientes,San Roque,Colonia Pando,,1876,979,897
v5_p02,185,Corrientes,Goya,Colonia Porvenir,,638,311,327
v5_p02,300,Entre Ríos,Colón,Colonia San Ernesto,,142,72,70
v5_p02,73,Misiones,Eldorado,Colonia Victoria,,1810,911,899
v5_p02,52,Corrientes,Concepción,Concepción,,2593,1226,1367
v5_p02,57,Misiones,Concepción,Concepción de la Sierra,,2313,1096,1217
v5_p02,5,Entre Ríos,Uruguay,Concepción del Uruguay,,36486,18046,18440
v5_p02,4,Entre Ríos,Concordia,Concordia,,56654,26720,29934
v5_p02,284,Entre Ríos,La Paz,Conscripto Bernardi,,234,119,115
v5_p02,91,Misiones,San Ignacio,Corpus,,1414,724,690
v5_p02,2,Corrientes,Capital,Corrientes,,97507,46001,51506
v5_p02,28,Entre Ríos,Paraná,Crespo,,5706,2761,2945
v5_p02,285,Corrientes,Santo Tomé,Cuay Grande,,232,128,104
v5_p02,266,Entre Ríos,Gualeguaychú,Cuchilla Redonda,,312,155,157
v5_p02,6,Corrientes,Curuzú Cuatiá,Curuzú-Cuatiá,,16567,8026,8541
v5_p02,20,Entre Ríos,Federación,Chajarí,,9075,4368,4707
v5_p02,126,Corrientes,San Roque,Chavarría,,993,439,554
v5_p02,143,Corrientes,Paso de los Libres,Desvío Parada Pucheta,,912,471,441
v5_p02,17,Entre Ríos,Diamante,Diamante,,10948,5403,5545
v5_p02,148,Entre Ríos,Nogoyá,Don Cristóbal,,852,442,410
v5_p02,76,Misiones,Leandro N. Alem,Dos Arroyos,,1739,892,847
v5_p02,114,Misiones,Lib. Gral. San Martín,Dos de Mayo,,1165,585,580
v5_p02,32,Entre Ríos,Tala,Durazno,,419,219,200
v5_p02,207,Entre Ríos,Tala,Echagüe,,523,271,252
v5_p02,47,Misiones,Eldorado,Eldorado,,2778,1434,1344
v5_p03,267,Entre Ríos,Paraná,El Pingo,,311,169,142
v5_p03,273,Entre Ríos,Concordia,El Redomón,,272,147,125
v5_p03,109,Misiones,Guaraní,El Soberbio,,1201,622,579
v5_p03,295,Corrientes,Curuzú Cuatiá,Emilio R. Coni,,184,104,80
v5_p03,35,Corrientes,Empedrado,Empedrado,,3735,1692,2043
v5_p03,131,Entre Ríos,Gualeguaychú,Enrique Carbó,,956,471,485
v5_p03,258,Corrientes,San Cosme,Ensenada Grande,,333,173,160
v5_p03,297,Entre Ríos,Gualeguaychú,Escriña,,183,95,88
v5_p03,23,Corrientes,Esquina,Esquina,,7619,3441,4178
v5_p03,124,Entre Ríos,Colón,Fábrica Colón,,1067,550,517
v5_p03,201,Misiones,Capital,Fachinal,,546,290,256
v5_p03,191,Entre Ríos,Gualeguaychú,Faustino M. Parera,,612,296,316
v5_p03,230,Entre Ríos,Nogoyá,Febre,,429,205,224
v5_p03,31,Entre Ríos,Federación,Federación,,4247,2083,2164
v5_p03,110,Misiones,San Javier,Florentino Ameghino,,1200,637,563
v5_p03,88,Misiones,Capital,Garupá,,1493,765,728
v5_p03,270,Corrientes,Santo Tomé,Garruchos,,289,131,158
v5_p03,257,Entre Ríos,Gualeguaychú,General Almada,,338,156,182
v5_p03,119,Misiones,Oberá,General Alvear,,1144,617,527
v5_p03,93,Entre Ríos,Concordia,General Campos,,1400,701,699
v5_p03,55,Entre Ríos,Gualeguay,General Galarza,,2435,1195,1240
v5_p03,79,Corrientes,General Paz,General Paz,,1689,749,940
v5_p03,217,Entre Ríos,Diamante,General Racedo,,490,239,251
v5_p03,116,Misiones,San Ignacio,General Urquiza,,1154,651,503
v5_p03,176,Entre Ríos,Gualeguaychú,Gilbert,,668,336,332
v5_p03,122,Misiones,Leandro N. Alem,Gobernador Gral. López,,1080,562,518
v5_p03,67,Corrientes,Santo Tomé,Gobernador Ingeniero Valentín Virasoro,,1993,998,995
v5_p03,89,Corrientes,Lavalle,Gobernador J.E. Martínez,,1434,683,751
v5_p03,133,Entre Ríos,Tala,Gobernador Mansilla,,947,443,504
v5_p03,117,Entre Ríos,Paraná,Gobernador Racedo,,1147,549,598
v5_p03,274,Entre Ríos,Gualeguay,González Calderón,,268,164,104
v5_p03,6,Corrientes,Goya,Goya,,30011,14543,15468
v5_p03,9,Entre Ríos,Gualeguay,Gualeguay,,16542,7436,9106
v5_p03,7,Entre Ríos,Gualeguaychú,Gualeguaychú,,29863,13956,15907
v5_p03,87,Misiones,Oberá,Guaraní,,1533,818,715
v5_p03,263,Entre Ríos,Tala,Guardamonte,,323,152,171
v5_p03,74,Entre Ríos,Paraná,Hasenkamp,,1789,877,912
v5_p03,206,Corrientes,San Luis del Palmar,Herlitzka,,527,251,276
v5_p03,272,Entre Ríos,Nogoyá,Hernándes,,283,134,149
v5_p03,162,Entre Ríos,Uruguay,Herrera,,762,384,378
v5_p04,41,Entre Ríos,Gualeguaychú,Ibicuy,,3356,1791,1565
v5_p04,188,Corrientes,Goya,Ifrán,,622,310,312
v5_p04,53,Misiones,Iguazú,Iguazú,,2547,1311,1236
v5_p04,199,Corrientes,San Cosme,Ingenio 1er. Correntino,,567,286,281
v5_p04,179,Misiones,San Javier,Invernada de Itacuararé,,661,321,340
v5_p04,160,Entre Ríos,Gualeguaychú,Irasusta,,773,391,382
v5_p04,181,Corrientes,Goya,Isabel Victoria,,654,340,314
v5_p04,231,Misiones,San Javier,Itacuararé,,422,236,186
v5_p04,100,Corrientes,General Paz,Itá-Ibaté,,1356,665,691
v5_p04,82,Corrientes,Itatí,Itatí,,1612,740,872
v5_p04,54,Corrientes,Ituzaingó,Ituzaingó,,2459,1199,1260
v5_p04,84,Misiones,San Ignacio,Jardín América,,1589,810,779
v5_p04,65,Entre Ríos,Federación,Juan B. Arruabarrena,,1997,947,1050
v5_p04,283,Entre Ríos,Colón,Juan Jorge,,236,132,104
v5_p04,187,Corrientes,Monte Caseros,Juan Pujol,,625,492,133
v5_p04,211,Entre Ríos,Villaguay,Jubileo,,509,260,249
v5_p04,213,Corrientes,Monte Caseros,Labougle,,503,238,265
v5_p04,209,Entre Ríos,Villaguay,La Capilla,,521,278,243
v5_p04,241,Entre Ríos,Colón,La Clarita,,389,206,183
v5_p04,183,Entre Ríos,Concordia,La Criolla,,645,336,309
v5_p04,37,Corrientes,San Martín,La Cruz,,3522,1654,1868
v5_p04,252,Entre Ríos,Feliciano,La Esmeralda,,348,179,169
v5_p04,190,Corrientes,Capital,Lagunas Bravas,,615,309,306
v5_p04,16,Entre Ríos,La Paz,La Paz,,11028,5088,5940
v5_p04,298,Entre Ríos,Paraná,La Picada,,182,88,94
v5_p04,243,Entre Ríos,Gualeguaychú,Las Mercedes,,385,180,205
v5_p04,85,Corrientes,Lavalle,Lavalle,,1571,793,778
v5_p04,224,Entre Ríos,Gualeguay,Laso,,455,244,211
v5_p04,32,Misiones,Leandro N. Alem,Leandro N. Alem,,4207,2070,2137
v5_p04,205,Entre Ríos,La Paz,Leguizamón,,531,298,233
v5_p04,278,Entre Ríos,Uruguay,Líbaros,,255,136,119
v5_p04,66,Misiones,Iguazú,Libertad,,1996,951,1045
v5_p04,98,Corrientes,Esquina,Libertador,,1360,678,682
v5_p04,155,Entre Ríos,Diamante,Lib. Gral. San Martín,,809,490,319
v5_p04,58,Misiones,Lib. Gral. San Martín,Lib. Gral. San Martín,,2267,1148,1119
v5_p04,296,Corrientes,San Luis del Palmar,Lomas de Galarza,,184,92,92
v5_p04,159,Corrientes,General Paz,Lomas de Vallejos,,790,394,396
v5_p04,140,Corrientes,San Miguel,Loreto,,918,459,459
v5_p04,113,Misiones,Candelaria,Loreto,,1186,634,552
v5_p04,125,Entre Ríos,Federación,Los Conquistadores,,1044,506,538
v5_p04,135,Entre Ríos,Concordia,Los Charrúas,,933,480,453
v5_p05,106,Misiones,Oberá,Los Helechos,,1284,679,605
v5_p05,118,Entre Ríos,Nogoyá,Lucas González,,1145,524,621
v5_p05,50,Entre Ríos,Tala,Maciá,,2674,1280,1394
v5_p05,304,Misiones,Concepción,Machadiño,,112,54,58
v5_p05,146,Corrientes,Esquina,Malvinas,,872,371,501
v5_p05,195,Corrientes,Mburucuyá,Manantiales,,586,280,306
v5_p05,198,Misiones,General Belgrano,Manuel Belgrano (San Antonio),,570,295,275
v5_p05,152,Corrientes,Empedrado,Manuel Derqui,,842,407,435
v5_p05,78,Corrientes,San Roque,Manuel F. Mantilla,,1697,814,883
v5_p05,45,Entre Ríos,Paraná,María Grande,,2819,1340,1479
v5_p05,166,Misiones,Candelaria,Mártires,,727,394,333
v5_p05,51,Corrientes,Mburucuyá,Mburucuyá,,2654,1206,1448
v5_p05,182,Entre Ríos,Gualeguaychú,Médanos,,647,337,310
v5_p05,12,Corrientes,Mercedes,Mercedes,,13368,5967,7401
v5_p05,80,Misiones,Capital,Miguel Lanús,,1681,877,804
v5_p05,291,Entre Ríos,Federación,Miñones,,204,116,88
v5_p05,130,Corrientes,Monte Caseros,Mocoretá,,960,489,471
v5_p05,107,Misiones,San Javier,Mojón Grande,,1223,627,596
v5_p05,163,Misiones,Guaraní,Monteagudo,,761,397,364
v5_p05,75,Misiones,Montecarlo,Montecarlo,,1764,934,830
v5_p05,13,Corrientes,Monte Caseros,Monte Caseros,,12930,6323,6607
v5_p05,18,Entre Ríos,Nogoyá,Nogoyá,,10911,5084,5827
v5_p05,221,Entre Ríos,Concordia,Nueva Vizcaya,,475,257,218
v5_p05,158,Corrientes,San Roque,Nueve de Julio,,794,368,426
v5_p05,139,Misiones,Eldorado,Nueve de Julio,,920,524,396
v5_p05,15,Misiones,Oberá,Oberá,,12322,6019,6303
v5_p05,276,Entre Ríos,Tala,Olegario V. Andrade,,262,138,124
v5_p05,228,Misiones,Leandro N. Alem,Olegario V. Andrade,,448,233,215
v5_p05,171,Corrientes,Paso de los Libres,Ombucito,,692,328,364
v5_p05,250,Corrientes,Saladas,Pago de los Deseos,,355,169,186
v5_p05,184,Corrientes,General Paz,Palmar Grande,,640,315,325
v5_p05,244,Corrientes,Goya,Paraje San Isidro,,384,197,187
v5_p05,1,Entre Ríos,Paraná,Paraná,,107551,50859,56692
v5_p05,147,Corrientes,San Cosme,Paso de la Patria,,858,437,421
v5_p05,11,Corrientes,Paso de los Libres,Paso de los Libres,,15054,7642,7412
v5_p05,293,Corrientes,General Paz,Paso Florentín,,202,110,92
v5_p05,301,Entre Ríos,Gualeguaychú,Pastor Britos,,135,72,63
v5_p05,279,Entre Ríos,Concordia,Pedernal,,250,137,113
v5_p05,221,Corrientes,Curuzú Cuatiá,Perugorría,,1110,495,615
v5_p05,275,Entre Ríos,La Paz,Piloto Avila,,266,132,134
v5_p06,197,Corrientes,Ituzaingó,Playadito,,571,298,273
v5_p06,3,Misiones,Capital,Posadas,,70691,33937,36754
v5_p06,281,Entre Ríos,Uruguay,Primero de Mayo,,246,121,125
v5_p06,288,Misiones,Candelaria,Profundidad,,218,119,99
v5_p06,174,Entre Ríos,Uruguay,Pronunciamiento,,676,339,337
v5_p06,218,Entre Ríos,Paraná,Pueblo Bellock,,484,240,244
v5_p06,149,Entre Ríos,Paraná,Pueblo Brugo,,845,429,416
v5_p06,260,Entre Ríos,Colón,Pueblo Cazés,,249,131,118
v5_p06,302,Entre Ríos,Paraná,Pueblo Moreno,,129,64,65
v5_p06,202,Entre Ríos,Paraná,Pueblo San Martín (Pto. Curtiembre),,544,282,262
v5_p06,96,Misiones,Iguazú,Puerto Esperanza,,1363,750,613
v5_p06,115,Misiones,San Ignacio,Puerto Gisela,,1161,601,560
v5_p06,229,Misiones,Lib. Gral. San Martín,Puerto Leoni,,962,533,429
v5_p06,254,Misiones,25 de Mayo,Puerto Londero,,343,177,166
v5_p06,167,Misiones,San Ignacio,Puerto Naranjito,,726,408,318
v5_p06,112,Misiones,Oberá,Puerto Panambí,,1190,623,567
v5_p06,69,Misiones,Montecarlo,Puerto Piray,,1957,1034,923
v5_p06,237,Misiones,San Javier,Puerto Rosario,,402,211,191
v5_p06,200,Misiones,Eldorado,Puerto Victoria,,549,308,241
v5_p06,238,Entre Ríos,Concordia,Puerto Yeruá,,399,219,180
v5_p06,269,Entre Ríos,Diamante,Puiggari,,290,152,138
v5_p06,227,Corrientes,Mburucuyá,Punta Grande,,450,219,231
v5_p06,225,Entre Ríos,Villaguay,Raíces,,452,251,201
v5_p06,178,Corrientes,Itatí,Ramada Paso,,664,354,310
v5_p06,268,Entre Ríos,Uruguay,Rocamora,,309,145,164
v5_p06,24,Entre Ríos,Tala,Rosario del Tala,,7350,3455,3895
v5_p06,83,Misiones,Lib. Gral. San Martín,Ruiz de Montoya,,1599,876,723
v5_p06,259,Corrientes,Monte Caseros,Saenz Valiente,,333,160,153
v5_p06,33,Corrientes,Saladas,Saladas,,3883,1697,2186
v5_p06,251,Corrientes,Paso de los Libres,San Antonio,,350,174,176
v5_p06,212,Entre Ríos,Paraná,San Benito,,509,248,261
v5_p06,72,Corrientes,Ituzaingó,San Carlos,,1858,931,927
v5_p06,216,Corrientes,San Cosme,San Cosme,,496,226,270
v5_p06,249,Entre Ríos,La Paz,San Gustavo,,145,76,69
v5_p06,63,Misiones,San Ignacio,San Ignacio,,2106,992,1114
v5_p06,64,Misiones,San Javier,San Javier,,2102,988,1114
v5_p06,59,Entre Ríos,Colón,San José,,2188,1021,1167
v5_p06,49,Misiones,Apóstoles,San José,,2691,1339,1352
v5_p06,36,Entre Ríos,Feliciano,San José de Feliciano,,3721,1723,1998
v5_p06,265,Entre Ríos,Uruguay,San Justo,,314,155,159
v5_p07,157,Corrientes,Saladas,San Lorenzo,,800,385,415
v5_p07,40,Corrientes,San Luis del Palmar,San Luis del Palmar,,3407,1617,1790
v5_p07,104,Corrientes,San Miguel,San Miguel,,1300,622,678
v5_p07,123,Misiones,San Pedro,San Pedro,,1069,557,512
v5_p07,44,Corrientes,San Roque,San Roque,,2918,1351,1567
v5_p07,253,Corrientes,Paso de los Libres,San Salvador,,345,165,180
v5_p07,62,Entre Ríos,Colón,San Salvador,,2108,1023,1085
v5_p07,166,Entre Ríos,Federación,Santa Ana,,638,340,298
v5_p07,170,Corrientes,San Cosme,Santa Ana,,698,361,337
v5_p07,61,Misiones,Candelaria,Santa Ana,,2136,1060,1076
v5_p07,137,Entre Ríos,Uruguay,Santa Anita,,927,436,491
v5_p07,22,Entre Ríos,La Paz,Santa Elena,,8174,3993,4181
v5_p07,43,Corrientes,Lavalle,Santa Lucía,,2930,1312,1618
v5_p07,287,Misiones,Concepción,Santa María,,227,116,111
v5_p07,180,Misiones,25 de Mayo,Santa Rita,,661,337,324
v5_p07,247,Corrientes,Concepción,Santa Rosa,,369,180,189
v5_p07,103,Misiones,Eldorado,Santiago de Liniers,,1327,748,579
v5_p07,151,Misiones,San Ignacio,Santo Pipó,,844,445,399
v5_p07,19,Corrientes,Santo Tomé,Santo Tomé,,10121,4663,5458
v5_p07,39,Corrientes,Sauce,Sauce,,3448,1507,1941
v5_p07,215,Entre Ríos,Villaguay,Sauce de Luna,,501,242,259
v5_p07,264,Entre Ríos,Paraná,Sauce Pintos,,322,156,166
v5_p07,60,Entre Ríos,Paraná,Seguí,,2161,1045,1116
v5_p07,235,Entre Ríos,Tala,Solá,,404,189,215
v5_p07,81,Corrientes,Mercedes,Solari,,1636,755,881
v5_p07,223,Entre Ríos,Paraná,Sosa,,458,217,241
v5_p07,99,Entre Ríos,Diamante,Strobel,,1358,695,663
v5_p07,194,Corrientes,Concepción,Tabay,,588,305,283
v5_p07,168,Entre Ríos,Paraná,Tabossi,,707,347,360
v5_p07,269,Corrientes,General Paz,Tacuaral,,218,109,109
v5_p07,236,Corrientes,Paso de los Libres,Tapebicuá,,404,200,204
v5_p07,208,Corrientes,General Alvear,Torrent,,523,273,250
v5_p07,256,Entre Ríos,Gualeguay,Tres Bocas,,339,178,161
v5_p07,144,Misiones,Apóstoles,Tres Capones,,903,481,422
v5_p07,229,Entre Ríos,Colón,Ubajay,,442,231,211
v5_p07,38,Entre Ríos,Gualeguaychú,Urdinarrain,,3484,1613,1871
v5_p07,172,Entre Ríos,Diamante,Valle María,,690,355,335
v5_p07,271,Entre Ríos,Nogoyá,Veinte de Setiembre,,289,144,145
v5_p07,134,Misiones,25 de Mayo,Veinticinco de Mayo,,935,469,466
v5_p07,34,Entre Ríos,Paraná,Viale,,3873,1879,1994
v5_p07,10,Entre Ríos,Victoria,Victoria,,15108,6998,8110
v5_p08,86,Entre Ríos,Villaguay,Villa Clara,,1557,788,769
v5_p08,108,Entre Ríos,Federación,Villa del Rosario,,1206,514,692
v5_p08,128,Entre Ríos,Villaguay,Villa Domínguez,,984,472,512
v5_p08,48,Entre Ríos,Colón,Villa Elisa,,2715,1373,1342
v5_p08,29,Entre Ríos,Concordia,Villa Federal,,5256,2476,2780
v5_p08,42,Entre Ríos,Diamante,Villa General Ramírez,,3203,1557,1646
v5_p08,14,Entre Ríos,Villaguay,Villaguay,,12463,5752,6711
v5_p08,46,Entre Ríos,Paraná,Villa Hernandarias,,2788,1303,1485
v5_p08,68,Entre Ríos,Gualeguaychú,Villa Larroque,,1993,967,1026
v5_p08,127,Entre Ríos,Uruguay,Villa Mantero,,989,484,505
v5_p08,111,Entre Ríos,La Paz,Villa Piedras Blancas,,1196,636,560
v5_p08,196,Entre Ríos,Uruguay,Villa San Marcial (Gob. Urquiza),,578,281,297
v5_p08,292,Entre Ríos,Paraná,Villa Urquiza,,204,105,99
v5_p08,132,Entre Ríos,Concordia,Villa Zorraquín,,952,491,461
v5_p08,102,Misiones,Iguazú,Wanda,,1331,742,589
v5_p08,173,Misiones,Oberá,Yabebiry,,689,373,316
v5_p08,90,Corrientes,San Martín,Yapeyú,,1431,769,662
v5_p08,150,Corrientes,Lavalle,Yataití Calle,,845,411,434
v5_p08,294,Entre Ríos,Concordia,Yeruá,,194,98,96
v5_p08,254,Corrientes,Mercedes,Yofré,,826,383,443
v5_p08,142,Entre Ríos,Concordia,Yuquerí,,914,532,382
v6_p01,260,Santiago del Estero,Banda,Abra Grande,,192,87,105
v6_p01,183,Santiago del Estero,Moreno,Aerolito,,440,234,206
v6_p01,278,Santiago del Estero,Alberdi,Agustina Libarona,,154,89,65
v6_p01,240,Santiago del Estero,Moreno,Alhuampa,,250,112,138
v6_p01,264,Formosa,Patiño,Alto Alegre,,188,98,90
v6_p01,284,Santiago del Estero,Moreno,Amamá,,106,58,48
v6_p01,9,Santiago del Estero,General Taboada,Añatuya,,11753,5572,6181
v6_p01,228,Santiago del Estero,Banda,Ardiles,,281,133,148
v6_p01,263,Santiago del Estero,Aguirre,Argentina,,188,103,85
v6_p01,157,Santiago del Estero,Silípica,Arraga,,546,283,263
v6_p01,217,Santiago del Estero,General Taboada,Averías,,332,182,150
v6_p01,118,Chaco,Independencia,Avia Terai,,818,421,397
v6_p01,272,Santiago del Estero,Ojo de Agua,Baez,,169,74,95
v6_p01,41,Santiago del Estero,Belgrano,Bandera,,2035,1004,1031
v6_p01,110,Santiago del Estero,Figueroa,Bandera Bajada,,893,453,440
v6_p01,243,Santiago del Estero,Salavina,Barrancas,,242,108,134
v6_p01,5,Chaco,San Fernando,Barranqueras,,19779,9852,9927
v6_p01,244,Santiago del Estero,Río Hondo,Barrialito,,241,109,132
v6_p01,92,Formosa,Patiño,Bartolomé de las Casas,,1269,660,609
v6_p01,137,Chaco,San Fernando,Basail,,659,332,327
v6_p01,204,Santiago del Estero,Quebrachos,Belgrano,,381,176,205
v6_p01,77,Santiago del Estero,Robles,Beltrán,,1472,740,732
v6_p01,82,Chaco,Primero de Mayo,Benítez,,1426,738,688
v6_p01,280,Santiago del Estero,Jiménez,Bobadal,,117,54,63
v6_p01,119,Santiago del Estero,San Martín,Brea Pozo,,815,401,414
v6_p01,68,Formosa,Pilagás,Buena Vista,,1511,795,716
v6_p01,38,Santiago del Estero,Alberdi,Campo Gallo,,2336,1152,1184
v6_p01,39,Chaco,Independencia,Campo Largo,,2059,1044,1015
v6_p01,117,Chaco,Sargento Cabral,Capitán Solari,,831,445,386
v6_p01,215,Santiago del Estero,Capital,Cardozo,,337,170,167
v6_p01,227,Santiago del Estero,Aguirre,Casares,,285,154,131
v6_p01,23,Chaco,General Güemes,Castelli,,4131,2024,2107
v6_p01,238,Santiago del Estero,Moreno,Cejolao,,258,126,132
v6_p01,18,Santiago del Estero,Banda,Clodomira,,4685,2291,2394
v6_p01,160,Chaco,Mayor Luis J. Fontana,Clodomiro Díaz,,540,279,261
v6_p01,10,Formosa,Pilcomayo,Clorinda,,10043,4716,5327
v6_p01,141,Chaco,San Fernando,Colonia Baranda,,622,356,266
v6_p01,35,Santiago del Estero,Avellaneda,Colonia Dora,,2548,1349,1199
v6_p01,86,Chaco,Sargento Cabral,Colonia Elisa,,1338,638,700
v6_p01,100,Chaco,Independencia,Colonia José Mármol,,1076,599,477
v6_p01,91,Chaco,Sargento Cabral,Colonias Unidas,,1273,626,647
v6_p02,42,Formosa,Pirané,Colonia Villafañe,,1966,998,968
v6_p02,271,Chaco,Lib. Gral. San Martín,Ciervo Petizo,,169,79,90
v6_p02,54,Formosa,Patiño,Comandante Fontana,,1686,794,892
v6_p02,103,Chaco,Almirante Brown,Concepción del Bermejo,,1037,512,525
v6_p02,81,Chaco,Mayor Luis J. Fontana,Coronel Du Graty,,1438,691,747
v6_p02,239,Santiago del Estero,Alberdi,Coronel Manuel L. Rico,,250,134,116
v6_p02,29,Chaco,General Belgrano,Corzuela,,3295,1639,1656
v6_p02,105,Chaco,Tapenagá,Cote Lai,,982,492,490
v6_p02,46,Chaco,Tapenagá,Charadai,,1872,937,935
v6_p02,11,Chaco,Chacabuco,Charata,,8953,4327,4626
v6_p02,248,Santiago del Estero,Banda,Chaupi Pozo,,231,91,140
v6_p02,200,Santiago del Estero,Salavina,Chilca Juliana,,394,179,215
v6_p02,147,Chaco,Fray J. Sta. María de Oro,Chorotis,,607,328,279
v6_p02,127,Santiago del Estero,Choya,Choya,,754,377,377
v6_p02,184,Formosa,Patiño,Desvío Bruchard,,432,237,195
v6_p02,128,Santiago del Estero,Alberdi,Donadeu,,754,356,398
v6_p02,230,Santiago del Estero,Guasayán,Doña Luisa,,276,124,152
v6_p02,133,Santiago del Estero,Copo,El Caburé,,703,375,328
v6_p02,242,Santiago del Estero,Ojo de Agua,El Cajón,,246,130,116
v6_p02,199,Santiago del Estero,Jiménez,El Charco,,398,192,206
v6_p02,206,Formosa,Ramón Lista,El Chorro,,377,189,188
v6_p02,26,Formosa,Pirané,El Colorado,,3755,1867,1888
v6_p02,162,Santiago del Estero,General Taboada,El Malacara,,527,264,263
v6_p02,249,Santiago del Estero,Pellegrini,El Mojón,,226,116,110
v6_p02,213,Santiago del Estero,Figueroa,El Negrito,,343,166,177
v6_p02,237,Santiago del Estero,Moreno,El Pértigo,,263,139,124
v6_p02,201,Chaco,General Güemes,El Pintado,,388,203,185
v6_p02,94,Chaco,Mayor Luis J. Fontana,Enrique Urien,,1254,684,570
v6_p02,84,Formosa,Pilagás,Espinillo,,1398,671,727
v6_p02,149,Santiago del Estero,Atamisqui,Estación Atamisqui,,590,267,323
v6_p02,171,Santiago del Estero,Copo,Estación Los Tigres,,490,320,170
v6_p02,143,Santiago del Estero,Atamisqui,Estación Medellín,,620,293,327
v6_p02,66,Formosa,Patiño,Estanislao del Campo,,1532,705,827
v6_p02,167,Santiago del Estero,Figueroa,Esteros,,508,236,272
v6_p02,30,Santiago del Estero,Robles,Fernández,,3115,1533,1582
v6_p02,49,Chaco,San Fernando,Fontana,,1737,880,857
v6_p02,3,Formosa,Formosa,Formosa,,36499,17574,18925
v6_p02,62,Santiago del Estero,Robles,Forres,,1634,824,810
v6_p02,214,Chaco,Presidencia de la Plaza,Fortín Aguilar,,338,181,157
v6_p02,275,Chaco,Libertad,Fortín Cardoso,,161,91,70
v6_p03,8,Santiago del Estero,Choya,Frías,,11862,5554,6308
v6_p03,67,Formosa,Pilcomayo,Frontera,,1514,773,741
v6_p03,125,Chaco,Doce de Octubre,Gancedo,,757,379,378
v6_p03,139,Santiago del Estero,Sarmiento,Garza,,632,310,322
v6_p03,166,Chaco,Doce de Octubre,General Capdevila,,510,282,228
v6_p03,14,Chaco,Lib. Gral. San Martín,Gral. José de San Martín,,5390,2522,2868
v6_p03,22,Chaco,Doce de Octubre,General Pinedo,,4308,2126,2182
v6_p03,115,Chaco,Bermejo,General Vedia,,851,430,421
v6_p03,159,Santiago del Estero,Moreno,Girardet,,542,299,243
v6_p03,112,Santiago del Estero,Jiménez,Gramilla,,888,424,464
v6_p03,170,Santiago del Estero,Moreno,Granadero Gatica,,491,254,237
v6_p03,79,Formosa,Formosa,Gran Guardia,,1450,770,680
v6_p03,134,Santiago del Estero,Belgrano,Guardia Escolta,,698,367,331
v6_p03,247,Santiago del Estero,Moreno,Haase,,234,134,100
v6_p03,188,Chaco,Tapenagá,Haumonia,,426,244,182
v6_p03,56,Formosa,Laishí,Herradura,,1679,845,834
v6_p03,55,Santiago del Estero,Avellaneda,Herrera,,1685,848,837
v6_p03,113,Chaco,Doce de Octubre,Hermoso Campo,,879,464,415
v6_p03,169,Chaco,Tapenagá,Horquilla,,506,264,242
v6_p03,150,Santiago del Estero,Atamisqui,Hoyón,,586,242,344
v6_p03,273,Santiago del Estero,Banda,Huayamampa,,165,87,78
v6_p03,20,Formosa,Patiño,Ibarreta,,4366,2220,2146
v6_p03,44,Santiago del Estero,Avellaneda,Icaño,,1926,979,947
v6_p03,221,Chaco,Sargento Cabral,Ingeniero Barbet,,311,160,151
v6_p03,258,Santiago del Estero,Capital,Ingeniero Ezcurra,,199,99,100
v6_p03,76,Formosa,Matacos,Ingeniero Juárez,,1478,746,732
v6_p03,255,Santiago del Estero,Jiménez,Isca Yacu,,206,101,105
v6_p03,158,Chaco,Doce de Octubre,Itín,,543,285,258
v6_p03,189,Formosa,Patiño,Juan G. Bazán,,426,213,213
v6_p03,185,Santiago del Estero,Figueroa,Juncal Grande,,431,209,222
v6_p03,132,Formosa,Laishí,Km. 100 Nav. Río Bermejo,,717,386,331
v6_p03,223,Formosa,Pirané,Kilómetro 213,,300,167,133
v6_p03,154,Santiago del Estero,Banda,La Aurora,,568,298,270
v6_p03,4,Santiago del Estero,Banda,La Banda,,23772,11177,12595
v6_p03,245,Santiago del Estero,Figueroa,La Brea,,237,111,126
v6_p03,172,Santiago del Estero,Figueroa,La Cañada,,487,237,250
v6_p03,73,Chaco,Cap. Gral. O'Higgins,La Clotilde,,1485,764,721
v6_p03,123,Chaco,Lib. Gral. San Martín,La Eduvigis,,768,420,348
v6_p03,40,Chaco,General Donovan,La Escondida,,2044,1059,985
v6_p03,135,Santiago del Estero,Pellegrini,La Fragua,,694,353,341
v6_p03,236,Chaco,Libertad,Laguna Blanca,,266,118,148
v6_p04,59,Formosa,Pilcomayo,Laguna Blanca,,1657,797,860
v6_p04,83,Chaco,Lib. Gral. San Martín,Laguna Limpia,,1423,728,695
v6_p04,80,Formosa,Pilcomayo,Laguna Naineck,,1445,779,666
v6_p04,121,Formosa,Bermejo,Laguna Yema,,801,417,384
v6_p04,65,Santiago del Estero,Banda,La Isla,,1562,764,798
v6_p04,36,Chaco,Bermejo,La Leonesa,,2464,1263,1201
v6_p04,144,Chaco,General Donovan,Lapachito,,618,304,314
v6_p04,129,Santiago del Estero,Choya,Laprida,,746,393,353
v6_p04,195,Chaco,Tapenagá,La Sabana,,406,216,190
v6_p04,282,Santiago del Estero,Mitre,Las Abras,,113,57,56
v6_p04,13,Chaco,Nueve de Julio,Las Breñas,,6768,3294,3474
v6_p04,64,Chaco,Sargento Cabral,Las Garcitas,,1592,827,765
v6_p04,60,Formosa,Patiño,Las Lomitas,,1650,743,907
v6_p04,27,Chaco,Bermejo,Las Palmas,,3590,1780,1810
v6_p04,12,Santiago del Estero,Río Hondo,Las Termas,,7412,3690,3722
v6_p04,136,Santiago del Estero,Moreno,Las Tinajas,,688,316,372
v6_p04,190,Santiago del Estero,Figueroa,La Tapa,,424,213,211
v6_p04,108,Chaco,Cap. Gral. O'Higgins,La Tigra,,910,483,427
v6_p04,96,Santiago del Estero,Guasayán,Lavalle,,1162,566,596
v6_p04,51,Chaco,General Donovan,La Verde,,1728,878,850
v6_p04,283,Chaco,Tapenagá,La Vicuña,,109,52,57
v6_p04,192,Santiago del Estero,Moreno,Lilo Viejo,,412,212,200
v6_p04,176,Formosa,Bermejo,Los Chiriguanos,,468,244,224
v6_p04,87,Chaco,Almirante Brown,Los Frentones,,1315,693,622
v6_p04,45,Santiago del Estero,General Taboada,Los Juríes,,1920,973,947
v6_p04,212,Santiago del Estero,General Taboada,Los Linares,,346,175,171
v6_p04,151,Formosa,Pirané,Los Matacos,,585,268,317
v6_p04,198,Santiago del Estero,Río Hondo,Los Núñez,,400,169,231
v6_p04,104,Santiago del Estero,Salavina,Los Telares,,1033,505,528
v6_p04,138,Santiago del Estero,Avellaneda,Lugones,,634,302,332
v6_p04,270,Santiago del Estero,Matará,Llajta Mauca,,170,86,84
v6_p04,17,Chaco,Veinticinco de Mayo,Machagai,,4716,2264,2452
v6_p04,222,Santiago del Estero,Avellaneda,Mailín,,307,154,153
v6_p04,78,Chaco,General Donovan,Makalle,,1462,702,760
v6_p04,181,Santiago del Estero,Aguirre,Malbrán,,442,220,222
v6_p04,262,Santiago del Estero,Salavina,Malota,,189,95,94
v6_p04,197,Santiago del Estero,Capital,Mal Paso,,401,209,192
v6_p04,52,Chaco,Primero de Mayo,Margarita Belén,,1711,858,853
v6_p04,168,Formosa,Formosa,Mariano Boedo,,506,266,240
v6_p04,175,Santiago del Estero,Matará,Matará,,475,214,261
v6_p04,276,Santiago del Estero,Matará,Melero,,159,82,77
v6_p05,120,Chaco,Doce de Octubre,Mesón de Pierro,,808,433,375
v6_p05,277,Santiago del Estero,General Taboada,Miel de Palo,,155,84,71
v6_p05,152,Formosa,Pilagás,Misión Fco. Tacaaglé,,570,328,242
v6_p05,43,Formosa,Laishí,Misión San Fco. de Laishí,,1944,1033,911
v6_p05,24,Santiago del Estero,Copo,Monte Quemado,,4083,2024,2059
v6_p05,253,Chaco,Veinticinco de Mayo,Napalpí,,207,104,103
v6_p05,88,Chaco,Independencia,Napenay,,1300,699,601
v6_p05,285,Santiago del Estero,Salavina,Navarro,,100,48,52
v6_p05,229,Santiago del Estero,Pellegrini,Nueva Esperanza,,281,132,149
v6_p05,90,Santiago del Estero,Silípica,Nueva Francia,,1275,642,633
v6_p05,268,Chaco,Tapenagá,Oetling,,173,100,73
v6_p05,124,Santiago del Estero,Moreno,Otumpa,,760,442,318
v6_p05,210,Santiago del Estero,Rivadavia,Palo Negro,,366,175,191
v6_p05,97,Formosa,Pirané,Palo Santo,,1123,523,600
v6_p05,102,Formosa,Pilcomayo,Palma Sola,,1067,587,480
v6_p05,85,Chaco,Lib. Gral. San Martín,Pampa Almirón,,1380,733,647
v6_p05,74,Chaco,Lib. Gral. San Martín,Pampa del Indio,,1484,753,731
v6_p05,93,Chaco,Almirante Brown,Pampa del Infierno,,1261,654,607
v6_p05,47,Santiago del Estero,Copo,Pampa de los Guanacos,,1791,957,834
v6_p05,209,Chaco,Maipú,Pampa Florida,,371,197,174
v6_p05,220,Santiago del Estero,Ojo de Agua,Pampa Grande,,317,151,166
v6_p05,187,Santiago del Estero,Moreno,Patay,,427,208,219
v6_p05,34,Santiago del Estero,Aguirre,Pinto,,2598,1321,1277
v6_p05,15,Formosa,Pirané,Pirané,,5285,2584,2701
v6_p05,235,Santiago del Estero,Pellegrini,Pozo Betbeder,,267,139,128
v6_p05,205,Chaco,Nueve de Julio,Pozo del Indio,,378,200,178
v6_p05,208,Formosa,Bermejo,Pozo del Mortero,,376,187,189
v6_p05,53,Formosa,Patiño,Pozo del Tigre,,1700,810,890
v6_p05,252,Santiago del Estero,Belgrano,Pozo Dulce,,211,118,93
v6_p05,130,Santiago del Estero,Avellaneda,Pozo Grande,,745,364,381
v6_p05,257,Santiago del Estero,General Taboada,Pozo Herrera,,199,110,89
v6_p05,114,Santiago del Estero,Jiménez,Pozo Hondo,,872,425,447
v6_p05,256,Santiago del Estero,Río Hondo,Pozuelos,,428,195,233
v6_p05,19,Chaco,Presidencia de la Plaza,Presidencia de la Plaza,,4568,2201,2367
v6_p05,48,Chaco,Lib. Gral. San Martín,Presidencia Roca,,1768,835,933
v6_p05,7,Chaco,Comandante Fernández,Pcia. Roque Saenz Peña,,14381,6893,7488
v6_p05,131,Formosa,Formosa,Presidente Irigoyen,,732,337,395
v6_p05,61,Chaco,Bermejo,Puerto Bermejo,,1646,776,870
v6_p05,211,Chaco,Bermejo,Puerto Las Palmas,,353,183,170
v6_p05,109,Formosa,Pilcomayo,Puerto Pilcomayo,,899,459,440
v6_p05,75,Chaco,Libertad,Puerto Tirol,,1480,685,795
v6_p06,246,Santiago del Estero,Moreno,Puna,,235,122,113
v6_p06,259,Santiago del Estero,Avellaneda,Punta Corral,,192,97,95
v6_p06,50,Formosa,Pilagás,Punta Pora,,1729,905,824
v6_p06,233,Santiago del Estero,Pellegrini,Quebracho Coto,,271,143,128
v6_p06,31,Santiago del Estero,Moreno,Quimilí,,2902,1371,1531
v6_p06,16,Chaco,Quitilipi,Quitilipi,,5217,2451,2766
v6_p06,161,Santiago del Estero,Quebrachos,Ramírez de Velasco,,540,258,282
v6_p06,218,Santiago del Estero,Pellegrini,Rapelli,,332,159,173
v6_p06,207,Santiago del Estero,Avellaneda,Real Sayana,,377,178,199
v6_p06,1,Chaco,San Fernando,Resistencia,,84036,40397,43639
v6_p06,57,Formosa,Pilcomayo,Riacho He He,,1677,849,828
v6_p06,163,Chaco,Almirante Brown,Río Muerto,,520,296,224
v6_p06,251,Chaco,Tapenagá,Río Tapenagá,,219,114,105
v6_p06,241,Santiago del Estero,San Martín,Robles,,249,125,124
v6_p06,142,Santiago del Estero,Moreno,Roversi,,621,347,274
v6_p06,219,Santiago del Estero,Salavina,Sabagasta,,331,151,180
v6_p06,153,Santiago del Estero,Alberdi,Sachayoj,,570,276,294
v6_p06,71,Chaco,San Lorenzo,Samuhú,,1497,800,697
v6_p06,164,Santiago del Estero,Avellaneda,San Antonio de Copo,,517,261,256
v6_p06,58,Chaco,Cap. Gral. O'Higgins,San Bernardo,,1673,827,846
v6_p06,286,Santiago del Estero,Quebrachos,San Francisco,,95,47,48
v6_p06,111,Formosa,Formosa,San Hilario,,890,475,415
v6_p06,216,Santiago del Estero,Avellaneda,San José,,337,161,176
v6_p06,126,Santiago del Estero,Guasayán,San Pedro,,757,329,428
v6_p06,267,Santiago del Estero,Matará,San Pedro,,175,108,67
v6_p06,99,Santiago del Estero,Banda,San Ramón,,1082,558,524
v6_p06,225,Santiago del Estero,Guasayán,Santa Catalina,,293,149,144
v6_p06,32,Chaco,Fray J. Sta. María de Oro,Santa Sylvina,,2858,1443,1415
v6_p06,2,Santiago del Estero,Capital,Santiago del Estero,,80395,36969,43426
v6_p06,194,Santiago del Estero,Ojo de Agua,Santo Domingo,,410,197,213
v6_p06,281,Santiago del Estero,Pellegrini,Santo Domingo,,114,60,54
v6_p06,269,Santiago del Estero,Loreto,San Vicente,,172,81,91
v6_p06,261,Santiago del Estero,Silípica,San Vicente,,190,94,96
v6_p06,101,Santiago del Estero,Rivadavia,Selva,,1070,541,529
v6_p06,63,Formosa,Pilcomayo,Siete Palmas,,1621,883,738
v6_p06,191,Santiago del Estero,Silípica,Simbol,,423,234,189
v6_p06,140,Santiago del Estero,Banda,Simbolar,,525,337,288
v6_p06,95,Santiago del Estero,Ojo de Agua,Sol de Julio,,1219,582,637
v6_p06,202,Santiago del Estero,Silípica,Sumamao,,305,157,228
v6_p06,37,Santiago del Estero,Quebrachos,Sumampa,,2401,1175,1226
v6_p06,33,Santiago del Estero,Matará,Suncho Corral,,2693,1240,1453
v6_p07,178,Santiago del Estero,San Martín,Taboada,,459,244,215
v6_p07,107,Santiago del Estero,General Taboada,Tacañitas,,914,439,475
v6_p07,155,Chaco,Almirante Brown,Taco Pozo,,561,290,271
v6_p07,234,Santiago del Estero,Quebrachos,Taco Pozo,,270,135,135
v6_p07,203,Santiago del Estero,Choya,Tapso,,381,193,188
v6_p07,250,Formosa,Patiño,Teniente Brown,,219,116,103
v6_p07,70,Santiago del Estero,Moreno,Tintina,,1500,689,811
v6_p07,256,Santiago del Estero,Capital,Tipiro,,203,91,112
v6_p07,279,Santiago del Estero,Matará,Tobas,,139,74,65
v6_p07,224,Santiago del Estero,General Taboada,Tomás Young,,294,150,144
v6_p07,21,Chaco,Maipú,Tres Isletas,,4318,2129,2189
v6_p07,274,Santiago del Estero,General Taboada,Tres Pozos,,163,78,85
v6_p07,193,Santiago del Estero,Copo,Urutaú,,411,217,194
v6_p07,182,Chaco,Bermejo,Velaz,,440,234,206
v6_p07,265,Chaco,Fray J. Sta. María de Oro,Venados Grandes,,184,103,81
v6_p07,180,Chaco,San Fernando,Vicentini,,447,213,234
v6_p07,72,Santiago del Estero,Matará,Vilelas,,1495,830,665
v6_p07,6,Chaco,Mayor Luis J. Fontana,Villa Angela,,18518,9053,9465
v6_p07,98,Santiago del Estero,Atamisqui,Villa Atamisqui,,1122,469,653
v6_p07,25,Chaco,San Lorenzo,Villa Berthet,,4070,1994,2076
v6_p07,196,Santiago del Estero,Moreno,Villa Brana,,403,204,199
v6_p07,122,Formosa,Laishí,Villa Escobar Navegación Río Bermejo,,775,376,399
v6_p07,232,Santiago del Estero,Figueroa,Villa Figueroa,,273,129,144
v6_p07,266,Santiago del Estero,Guasayán,Villa Guasayán,,178,81,97
v6_p07,173,Santiago del Estero,Río Hondo,Villa Jiménez,,478,214,264
v6_p07,165,Santiago del Estero,Choya,Villa La Punta,,515,258,257
v6_p07,254,Santiago del Estero,Copo,Villa Matoque,,206,119,87
v6_p07,231,Santiago del Estero,San Martín,Villa Nueva,,275,139,136
v6_p07,69,Santiago del Estero,Ojo de Agua,Villa Ojo de Agua,,1505,693,812
v6_p07,145,Santiago del Estero,Robles,Villa Robles,,616,307,309
v6_p07,106,Santiago del Estero,Salavina,Villa Salavina,,924,454,470
v6_p07,28,Santiago del Estero,Loreto,Villa San Martín,,3354,1542,1812
v6_p07,174,Santiago del Estero,Silípica,Villa Silípica,,475,220,255
v6_p07,146,Santiago del Estero,Mitre,Villa Unión,,615,324,291
v6_p07,179,Santiago del Estero,Robles,Vilmer,,451,225,226
v6_p07,226,Santiago del Estero,Río Hondo,Vinará,,289,125,164
v6_p07,177,Santiago del Estero,Capital,Vuelta de la Barranca,,460,232,228
v6_p07,116,Santiago del Estero,Moreno,Weisburd,,843,439,404
v6_p07,89,Santiago del Estero,Capital,Zanjón,,1300,680,620
v6_p07,156,Chaco,General Güemes,Zaparinqui,,555,319,236
v7_p01,376,Jujuy,Cochinoca,Abdón Castro Tolay,,203,98,105
v7_p01,107,Jujuy,Cochinoca,Abra Pampa,,1391,667,724
v7_p01,216,Salta,Gral. J. de San Martín,Acambuco,,612,306,306
v7_p01,64,Tucumán,Monteros,Acheral,,2207,1135,1072
v7_p01,302,Catamarca,Capayán,Adolfo E. Carranza,,379,219,160
v7_p01,334,Salta,Orán,Agua Blanca,,282,164,118
v7_p01,146,Tucumán,Leales,Agua Dulce,,984,545,439
v7_p01,34,Salta,Gral. J. de San Martín,Aguaray,,4428,2395,2033
v7_p01,362,La Rioja,General San Martín,Agunyo,,223,114,109
v7_p01,17,Tucumán,Río Chico,Aguilares,,9816,4767,5049
v7_p01,55,La Rioja,Arauco,Aimogasta,,2721,1368,1353
v7_p01,97,Tucumán,Cruz Alta,Alderetes,,1497,770,727
v7_p01,412,Salta,Guachipas,Alemania,,126,68,58
v7_p01,238,Catamarca,Santa Rosa,Alijilán,,563,295,268
v7_p01,323,Salta,Rosario de la Frontera,Almirante Brown,,320,171,149
v7_p01,139,Tucumán,Chicligasta,Alpachiri,,1078,583,495
v7_p01,315,La Rioja,San Blas de los Sauces,Alpasinche,,346,170,176
v7_p01,387,Salta,Rivadavia,Alto de la Sierra,,181,101,80
v7_p01,80,Tucumán,Chicligasta,Alto Verde,,1700,899,801
v7_p01,212,Tucumán,Tafí,Amaichá del Valle,,620,297,323
v7_p01,375,La Rioja,General Ocampo,Ambil,,203,102,101
v7_p01,263,La Rioja,Castro Barros,Aminga,,480,254,226
v7_p01,377,Salta,La Viña,Ampascachi,,202,109,93
v7_p01,401,Catamarca,Ancasti,Ancasti,,149,79,70
v7_p01,46,Catamarca,Andalgalá,Andalgalá,,3260,1531,1729
v7_p01,242,Salta,San Carlos,Angastaco,,541,295,246
v7_p01,141,La Rioja,Chilecito,Anguinán,,1017,518,499
v7_p01,385,Catamarca,Ancasti,Anquincila,,187,87,100
v7_p01,237,La Rioja,Castro Barros,Anillaco,,565,282,283
v7_p01,211,Salta,San Carlos,Animaná,,622,318,304
v7_p01,272,La Rioja,Castro Barros,Anjullón,,465,241,224
v7_p01,215,Salta,Rosario de la Frontera,Antilla,,613,316,297
v7_p01,273,Catamarca,Antofagasta de la Sierra,Antofagasta de la Sierra,,462,256,206
v7_p01,118,Salta,Anta,Apolinario Saravia,,1286,683,603
v7_p01,305,Tucumán,Leales,Arároz,,374,190,184
v7_p01,331,La Rioja,Arauco,Arauco,,302,154,148
v7_p01,69,Tucumán,Chicligasta,Arcadia,,1595,857,738
v7_p01,368,Salta,Rosario de la Frontera,Arenal,,211,112,99
v7_p01,247,Tucumán,Chicligasta,Atahona,,525,253,272
v7_p01,370,Salta,Metán,Bajo Grande,,210,120,90
v7_p02,425,Salta,Rosario de la Frontera,Balboa,,94,48,46
v7_p02,226,Catamarca,Paclín,Balcosna,,595,285,310
v7_p02,10,Tucumán,Cruz Alta,Banda del Río Salí,,14604,7414,7190
v7_p02,223,La Rioja,General Lavalle,Banda Florida,,599,303,296
v7_p02,379,Catamarca,Santa Rosa,Bañado de Ovanta,,198,101,97
v7_p02,29,Catamarca,Belén,Belén,,5469,2479,2990
v7_p02,405,La Rioja,General Gordillo,Bella Vista,,147,75,72
v7_p02,23,Tucumán,Famaillá,Bella Vista,,6816,3485,3331
v7_p02,232,Tucumán,Burruyacú,Benjamín Aráoz,,576,296,280
v7_p02,180,Tucumán,Trancas,Benjamín Paz,,760,398,362
v7_p02,198,Salta,General Martín Miguel de Güemes,Betania,,682,368,314
v7_p02,248,Tucumán,Burruyacú,Burruyacú,,524,267,257
v7_p02,258,Salta,Cachi,Cachi,,491,229,262
v7_p02,59,Salta,Cafayate,Cafayate,,2407,1122,1285
v7_p02,109,Jujuy,Ledesma,Caimancito,,1340,772,568
v7_p02,28,Jujuy,Ledesma,Calilegua,,5646,3075,2571
v7_p02,286,Salta,Gral. J. de San Martín,Campichuelo,,419,265,154
v7_p02,318,Salta,Gral. J. de San Martín,Campo Durán,,342,256,86
v7_p02,68,Salta,Rosario de Lerma,Campo Quijano,,2069,1018,1051
v7_p02,91,Salta,General Martín Miguel de Güemes,Campo Santo,,1573,800,773
v7_p02,317,Jujuy,Yaví,Cangrejilla,,343,159,184
v7_p02,187,Catamarca,Capayán,Capayán,,718,376,342
v7_p02,372,Salta,Rivadavia,Capitán J. Page,,207,113,94
v7_p02,428,Jujuy,Rinconada,Carahuasi,,90,38,52
v7_p02,222,La Rioja,Famatina,Carrizal,,600,297,303
v7_p02,336,Jujuy,Cochinoca,Casabindo,,280,132,148
v7_p02,332,Jujuy,Valle Grande,Caspalá,,288,118,170
v7_p02,358,La Rioja,General Belgrano,Castro Barros,,233,110,123
v7_p02,3,Catamarca,Capital,Catamarca,,45929,21102,24827
v7_p02,391,Jujuy,Susques,Catua,,174,86,88
v7_p02,341,La Rioja,Capital,Cebollar,,268,149,119
v7_p02,203,Salta,Anta,Ceibalito,,664,394,270
v7_p02,78,Salta,Cerrillos,Cerrillos,,1718,856,862
v7_p02,420,Catamarca,Tinogasta,Cerro Negro,,113,52,61
v7_p02,151,Tucumán,Cruz Alta,Cevil Pozo,,930,511,419
v7_p02,304,Tucumán,Tafí,Cevil Redondo,,377,214,163
v7_p02,350,Jujuy,Santa Catalina,Cienaguillas,,251,124,127
v7_p02,154,Salta,General Martín Miguel de Güemes,Cobos,,914,525,389
v7_p02,430,Salta,La Poma,Cobres,,84,43,41
v7_p03,280,Jujuy,Cochinoca,Cochinoca,,440,203,237
v7_p03,179,Tucumán,Tafí,Colalao del Valle,,764,360,404
v7_p03,281,Catamarca,Pomán,Colana,,439,238,201
v7_p03,83,Tucumán,Cruz Alta,Colombres,,1677,860,817
v7_p03,94,Salta,Orán,Colonia Santa Rosa,,1535,830,705
v7_p03,414,La Rioja,General Ocampo,Comandante Leal,,118,54,64
v7_p03,8,Tucumán,Chicligasta,Concepción,,15832,7574,8258
v7_p03,149,Catamarca,Tinogasta,Copacabana,,957,464,493
v7_p03,426,Salta,Rosario de la Frontera,Copo Quile,,93,46,47
v7_p03,311,Jujuy,Susques,Coranzuli,,351,162,189
v7_p03,148,Salta,Gral. J. de San Martín,Coronel Cornejo,,972,517,455
v7_p03,153,Salta,Rivadavia,Cnel. Juan Solá Morillo,,920,476,444
v7_p03,82,Salta,La Viña,Coronel Moldes,,1695,881,814
v7_p03,404,Salta,Anta,Coronel Mollinedo,,148,79,69
v7_p03,418,La Rioja,General San Martín,Corral de Isaac,,114,50,64
v7_p03,422,Jujuy,Rinconada,Crossmayo,,107,51,56
v7_p03,111,Jujuy,Ledesma,Chalicán,,1321,778,543
v7_p03,40,La Rioja,Gobernador Gordillo,Chamical,,3756,1818,1938
v7_p03,168,La Rioja,General Belgrano,Chañar,,829,392,437
v7_p03,164,Catamarca,Andalgalá,Chaquiago,,848,408,440
v7_p03,399,La Rioja,General Roca,Chelcos,,155,72,83
v7_p03,50,La Rioja,General Roca,Chepes,,2941,1479,1462
v7_p03,257,Tucumán,Chicligasta,Chicligasta,,498,213,285
v7_p03,137,Salta,Chicoana,Chicoana,,1093,540,553
v7_p03,18,La Rioja,Chilecito,Chilecito,,9809,4509,5300
v7_p03,189,Tucumán,Trancas,Choromoro,,716,372,344
v7_p03,65,Catamarca,Capayán,Chumbicha,,2188,1092,1097
v7_p03,335,La Rioja,Castro Barros,Chuquis,,280,143,137
v7_p03,60,Tucumán,Cruz Alta,Delfín Gallo,,2405,1257,1148
v7_p03,240,La Rioja,General Roca,Desiderio Tello,,556,278,278
v7_p03,293,Salta,Chicoana,Dr. Facundo Zuviría,,402,209,193
v7_p03,116,Tucumán,Río Chico,Donato Alvarez,,1304,699,605
v7_p03,246,Salta,Gral. J. de San Martín,Dragones,,525,271,254
v7_p03,35,Jujuy,Humahuaca,El Aguilar,,4257,2316,1941
v7_p03,102,Salta,General Martín Miguel de Güemes,El Bordo,,1453,767,686
v7_p03,241,Tucumán,Cruz Alta,El Bracho,,544,277,267
v7_p03,69,Jujuy,El Carmen,El Carmen,,2029,1031,998
v7_p03,101,Salta,Chicoana,El Carril,,1455,758,697
v7_p03,121,Tucumán,Burruyacú,El Chañar,,1229,674,555
v7_p04,76,Salta,Metán,El Galpón,,1821,899,922
v7_p04,181,Tucumán,Chicligasta,El Molino,,759,397,362
v7_p04,310,Jujuy,Tumbaya,El Morano,,358,159,199
v7_p04,178,Salta,Rosario de la Frontera,El Naranjo,,767,419,348
v7_p04,309,Catamarca,Pomán,El Pajonal,,359,190,169
v7_p04,44,Jujuy,Santa Bárbara,El Piquete,,3414,2036,1378
v7_p04,294,Catamarca,Valle Viejo,El Portezuelo,,401,192,209
v7_p04,359,La Rioja,Rivadavia,El Portezuelo,,231,118,113
v7_p04,288,Salta,Rosario de la Frontera,El Potrero,,415,230,185
v7_p04,184,Catamarca,Tinogasta,El Puesto,,723,341,382
v7_p04,123,Salta,Anta,El Quebrachal,,1212,600,612
v7_p04,188,Jujuy,San Pedro,El Quemado,,718,454,264
v7_p04,298,Catamarca,Santa María,El Recreo,,391,179,212
v7_p04,204,Catamarca,Ambato,El Rodeo,,648,315,333
v7_p04,408,Catamarca,Ancasti,El Taco,,136,63,73
v7_p04,386,Tucumán,Chicligasta,El Tobar,,184,107,77
v7_p04,303,Salta,Metán,El Tunal,,378,213,165
v7_p04,25,Salta,Gral. J. de San Martín,Embarcación,,6371,3277,3094
v7_p04,84,Tucumán,Leales,Esquina,,1292,660,632
v7_p04,231,Catamarca,La Paz,Esquiú,,584,284,300
v7_p04,183,La Rioja,Arauco,Estación Masán,,726,367,359
v7_p04,363,Salta,Orán,Esteban de Urizar,,221,138,83
v7_p04,27,Tucumán,Famaillá,Famaillá,,6233,3119,3114
v7_p04,110,La Rioja,Famatina,Famatina,,1330,643,687
v7_p04,103,Catamarca,Tinogasta,Fiambalá,,1450,706,744
v7_p04,84,Jujuy,Ledesma,Fraile Pintado,,1676,857,819
v7_p04,202,Catamarca,Santa María,Fuerte Quemado,,672,320,352
v7_p04,134,Salta,Anta,Gaona,,1100,579,521
v7_p04,96,Tucumán,Chicligasta,Gastona,,1506,800,706
v7_p04,398,Salta,Capital,General Alvarado,,159,82,77
v7_p04,171,Salta,Gral. J. de San Martín,General Ballivián,,795,428,367
v7_p04,19,Salta,General Martín Miguel de Güemes,General Martín Miguel de Güemes,,8748,4376,4372
v7_p04,201,Salta,Anta,General Pizarro,,673,352,321
v7_p04,182,Tucumán,Burruyacú,Gobernador Garmendia,,740,368,372
v7_p04,308,Tucumán,Burruyacú,Gobernador Piedrabuena,,363,171,192
v7_p04,279,Catamarca,Pomán,Golpes,,440,210,230
v7_p04,130,Tucumán,Graneros,Graneros,,1127,536,591
v7_p04,284,Salta,Guachipas,Guachipas,,433,206,227
v7_p04,120,La Rioja,General Lavalle,Guandacol,,1255,607,648
v7_p05,296,Salta,Gral. J. de San Martín,Hickman,,397,219,178
v7_p05,206,Jujuy,Tilcara,Huacalera,,641,315,326
v7_p05,152,Catamarca,Andalgalá,Huaco,,929,477,452
v7_p05,225,Catamarca,Belén,Hualfín,,595,310,285
v7_p05,402,Tucumán,Graneros,Huasa Pampa Sud,,149,65,84
v7_p05,157,Catamarca,Capayán,Huillapima,,902,456,446
v7_p05,57,Jujuy,Humahuaca,Humahuaca,,2530,1179,1351
v7_p05,343,Salta,Rosario de la Frontera,Horcones,,267,124,143
v7_p05,131,Catamarca,La Paz,Icaño,,1114,585,529
v7_p05,30,Jujuy,San Pedro,Ingenio La Esperanza,,5076,2580,2496
v7_p05,106,Tucumán,Famaillá,Ingenio Lules,,1427,752,675
v7_p05,14,Tucumán,Río Chico,Ingenio Santa Ana,,11771,6138,5633
v7_p05,410,Catamarca,Ancasti,Ipisca,,131,64,67
v7_p05,429,Salta,Iruya,Iruya,,85,48,37
v7_p05,321,Jujuy,Humahuaca,Iturbe,,326,146,180
v7_p05,227,La Rioja,General Sarmiento,Jagüé,,594,276,318
v7_p05,306,Salta,Orán,Jerónimo Matorras,,369,209,160
v7_p05,45,Salta,Anta,Joaquín V. González,,3274,1632,1642
v7_p05,228,Salta,La Caldera,La Caldera,,589,333,256
v7_p05,260,Salta,Candelaria,La Candelaria,,485,264,221
v7_p05,194,Catamarca,Fray Mamerto Esquiú,La Carrera,,696,328,368
v7_p05,259,Catamarca,Belén,La Ciénaga,,491,224,267
v7_p05,79,Tucumán,Graneros,La Cocha,,1709,843,866
v7_p05,360,Catamarca,La Paz,La Dorada,,229,112,117
v7_p05,77,Tucumán,Leales,La Encantada,,1793,949,844
v7_p05,287,Catamarca,Fray Mamerto Esquiú,La Falda,,417,212,205
v7_p05,119,Tucumán,Famaillá,La Fronterita,,1283,718,565
v7_p05,289,Catamarca,La Paz,La Guardia,,414,195,219
v7_p05,352,La Rioja,General Roca,La Jarilla,,249,126,123
v7_p05,67,Tucumán,Graneros,La Madrid,,2116,1059,1057
v7_p05,326,Catamarca,Ancasti,La Majada,,315,153,162
v7_p05,49,Jujuy,San Pedro,La Mendieta,,2991,1560,1431
v7_p05,159,Catamarca,Paclín,La Merced,,895,468,427
v7_p05,73,Salta,Cerrillos,La Merced,,1908,993,915
v7_p05,411,Salta,La Poma,La Poma,,129,77,52
v7_p05,354,Tucumán,Graneros,La Posta,,245,137,108
v7_p05,278,Catamarca,Ambato,La Puerta,,444,236,208
v7_p05,396,Catamarca,Belén,La Puerta de San José,,161,78,83
v7_p05,26,Jujuy,Yaví,La Quiaca,,6290,3029,3261
v7_p05,88,Tucumán,Burruyacú,La Ramada,,1609,846,763
v7_p06,191,Tucumán,Famaillá,La Reducción,,710,393,317
v7_p06,5,La Rioja,Capital,La Rioja,,35431,17073,18358
v7_p06,397,Catamarca,Santa Rosa,Las Cañas,,160,84,76
v7_p06,87,Tucumán,Cruz Alta,Las Cejas,,1613,774,839
v7_p06,316,Salta,Rosario de Lerma,La Silleta,,345,179,166
v7_p06,173,Salta,Anta,Las Lajitas,,783,398,385
v7_p06,100,Catamarca,Fray Mamerto Esquiú,Las Pirquitas,,1470,744,726
v7_p06,39,Tucumán,Cruz Alta,Lastenia,,3851,1998,1853
v7_p06,37,Tucumán,Chicligasta,La Trinidad,,4199,2182,2017
v7_p06,394,Salta,Rivadavia,La Unión,,163,86,77
v7_p06,235,Salta,La Viña,La Viña,,570,251,319
v7_p06,127,Tucumán,Leales,Leales,,1168,588,580
v7_p06,234,Tucumán,Trancas,Leocadio Paz,,573,300,273
v7_p06,261,Jujuy,Capital,León,,483,239,244
v7_p06,47,Tucumán,Monteros,León Rouges,,3196,1644,1552
v7_p06,31,Jujuy,Ledesma,Lib. Gral. San Martín,,5051,2727,2324
v7_p06,62,Catamarca,Belén,Londres,,2236,1089,1147
v7_p06,176,Catamarca,Santa María,Loro Huasi,,772,335,437
v7_p06,353,La Rioja,General Ocampo,Los Aguirres,,246,143,103
v7_p06,285,Catamarca,Santa Rosa,Los Altos,,422,208,214
v7_p06,299,Catamarca,Capayán,Los Angeles,,387,205,182
v7_p06,409,Salta,Rosario de la Frontera,Los Baños,,134,77,57
v7_p06,251,Salta,Rivadavia,Los Blancos,,520,280,240
v7_p06,384,Catamarca,Ambato,Los Castillos,,187,94,93
v7_p06,249,Tucumán,Leales,Los Gómez,,523,235,288
v7_p06,161,Jujuy,El Carmen,Los Lapachos,,874,492,382
v7_p06,190,La Rioja,General Lavalle,Los Palacios,,712,353,359
v7_p06,328,Tucumán,Leales,Los Puestos,,312,149,163
v7_p06,72,Tucumán,Cruz Alta,Los Ralos,,1909,1028,881
v7_p06,51,Tucumán,Río Chico,Los Sarmientos,,2874,1505,1369
v7_p06,392,Catamarca,Ambato,Los Varela,,173,96,77
v7_p06,186,Salta,Anta,Luis Burela,,720,425,295
v7_p06,406,Tucumán,Cruz Alta,Luisiana,,146,78,68
v7_p06,32,Tucumán,Famaillá,Lules,,4828,2397,2431
v7_p06,221,Salta,Metán,Lumbreras,,600,353,247
v7_p06,267,Salta,Anta,Macapillo,,472,226,246
v7_p06,208,Tucumán,Burruyacú,Maconitas,,632,363,269
v7_p06,217,La Rioja,Arauco,Machigasta,,609,318,291
v7_p06,115,Jujuy,Tilcara,Maimará,,1308,681,627
v7_p06,349,La Rioja,Rivadavia,Malanzán,,253,122,131
v7_p07,165,La Rioja,Chilecito,Malligasta,,847,431,416
v7_p07,155,Tucumán,Tafí,Manantial,,911,446,465
v7_p07,421,Salta,Orán,Manuel Elordi,,108,50,58
v7_p07,199,Tucumán,Famaillá,Manuel García Fernández,,681,361,320
v7_p07,213,Tucumán,Burruyacú,Mariño,,619,344,275
v7_p07,415,Salta,Orán,Martínez del Tineo,,116,60,56
v7_p07,342,La Rioja,General Roca,Maucasén,,268,127,141
v7_p07,132,Tucumán,Chicligasta,Medinas,,1110,553,557
v7_p07,12,Salta,Metán,Metán,,12849,6196,6653
v7_p07,192,Salta,Metán,Metán Viejo,,710,390,320
v7_p07,71,La Rioja,General Ocampo,Milagro,,1967,977,990
v7_p07,254,Jujuy,Rinconada,Mina Pirquita,,512,277,235
v7_p07,229,Catamarca,Capayán,Miraflores,,587,284,303
v7_p07,345,Tucumán,Leales,Mixta,,262,117,145
v7_p07,312,Salta,Caldera,Mojotoro,,350,198,152
v7_p07,390,Salta,Molinos,Molinos,,174,86,88
v7_p07,177,Tucumán,Chicligasta,Monteagudo,,771,381,390
v7_p07,125,Jujuy,El Carmen,Monte Rico,,1177,646,531
v7_p07,13,Tucumán,Monteros,Monteros,,11968,5682,6286
v7_p07,163,Catamarca,Pomán,Muñquín,,848,463,385
v7_p07,416,La Rioja,Rivadavia,Nacate,,116,55,61
v7_p07,313,Salta,Santa Victoria,Nasareno,,350,154,196
v7_p07,86,La Rioja,Chilecito,Nonogasta,,1671,839,832
v7_p07,169,Salta,Anta,Ntra.Sra. de Talavera,,827,443,384
v7_p07,144,Tucumán,Río Chico,Nueva Trinidad,,1000,565,435
v7_p07,382,La Rioja,General Roca,Noquebe,,192,90,102
v7_p07,423,La Rioja,General Ocampo,Olpas,,106,44,62
v7_p07,122,La Rioja,General Belgrano,Olta,,1226,589,637
v7_p07,339,Jujuy,Santa Catalina,Oratorio,,273,100,173
v7_p07,344,Salta,La Viña,Osma,,263,147,116
v7_p07,291,Tucumán,Famaillá,Padilla,,407,215,192
v7_p07,364,Salta,Gral. J. de San Martín,Padre Lozana,,221,113,108
v7_p07,195,La Rioja,General Lavalle,Pagancillo,,688,344,344
v7_p07,197,Jujuy,Santa Bárbara,Palma Sola,,682,393,289
v7_p07,275,Salta,General Martín Miguel de Güemes,Palomitas,,460,281,179
v7_p07,16,Jujuy,Capital,Palpalá,,10843,5734,5109
v7_p07,378,Jujuy,Humahuaca,Palta de Aparzo,,201,90,111
v7_p07,346,Jujuy,El Carmen,Pampa Blanca,,259,141,118
v7_p07,367,Salta,Guachipas,Pampa Grande,,215,119,96
v7_p08,365,Jujuy,Valle Grande,Pampichuela,,217,105,112
v7_p08,166,La Rioja,Independencia,Patquía,,839,425,414
v7_p08,324,Salta,Cachi,Payogasta,,319,159,160
v7_p08,58,Tucumán,Cruz Alta,Pedro G. Méndes,,2425,1315,1110
v7_p08,38,Jujuy,El Carmen,Perico,,4125,2018,2087
v7_p08,56,Salta,Orán,Pichanal,,2536,1271,1265
v7_p08,314,Salta,Anta,Piquete Cabado,,349,190,159
v7_p08,209,Salta,Gral. J. de San Martín,Piquirenda,,627,320,307
v7_p08,158,La Rioja,Famatina,Pituil,,897,446,451
v7_p08,338,Salta,Rivadavia,Pluma de Pato,,275,144,131
v7_p08,43,Salta,Gral. J. de San Martín,Pocitos,,3438,1737,1701
v7_p08,135,Catamarca,Pomán,Pomán,,1100,529,571
v7_p08,307,Catamarca,Fray Mamerto Esquiú,Pomancillo,,368,190,178
v7_p08,74,Tucumán,Cruz Alta,Poso del Alto,,1875,1021,854
v7_p08,22,Jujuy,Ledesma,Pueblo Ledesma,,6871,3664,3207
v7_p08,400,Salta,Rosario de la Frontera,Puente de Plata,,149,86,63
v7_p08,380,Salta,Rivadavia,Puerto La Paz,,198,88,110
v7_p08,337,Jujuy,Cochinoca,Puesto del Marquéz,,277,124,153
v7_p08,383,Jujuy,Santa Catalina,Puesto Grande,,188,78,110
v7_p08,292,Jujuy,Yaví,Pumahuasi,,407,166,241
v7_p08,252,La Rioja,Vélez Sarsfield,Punta de Los Llanos,,518,263,255
v7_p08,269,Jujuy,Tumbaya,Purmamarca,,472,217,255
v7_p08,167,Catamarca,La Paz,Quirós,,835,452,383
v7_p08,200,Tucumán,Tafí,Raco,,680,348,332
v7_p08,75,Tucumán,Cruz Alta,Ranchillos,,1870,997,873
v7_p08,52,Catamarca,La Paz,Recreo,,2834,1412,1422
v7_p08,355,Jujuy,Capital,Reyes,,243,128,115
v7_p08,256,Catamarca,Pomán,Rincón,,500,254,246
v7_p08,174,Jujuy,Rinconada,Rinconada,,782,366,416
v7_p08,348,Jujuy,Cochinoca,Rinconadillas,,258,120,138
v7_p08,105,Tucumán,Famaillá,Río Colorado,,1433,741,692
v7_p08,193,Tucumán,Río Chico,Río Chico,,704,377,327
v7_p08,213,Salta,Anta,Río del Valle,,575,329,246
v7_p08,300,Salta,Metán,Río Piedras,,380,178,202
v7_p08,63,Tucumán,Monteros,Río Seco,,2211,1187,1024
v7_p08,366,Salta,Rivadavia,Rivadavia,,215,103,112
v7_p08,21,Salta,Rosario de la Frontera,Rosario de la Frontera,,7134,3472,3662
v7_p08,389,Salta,Anta,Rosario del Dorado,,177,101,76
v7_p08,36,Salta,Rosario de Lerma,Rosario de Lerma,,4241,2123,2118
v7_p08,262,Tucumán,Graneros,Rumi-Punco,,481,250,231
v7_p09,265,Tucumán,Graneros,Sacrificio,,479,238,241
v7_p09,218,Catamarca,Tinogasta,Salado,,606,287,319
v7_p09,220,La Rioja,San Blas de los Sauces,Salinas,,602,311,291
v7_p09,2,Salta,Capital,Salta,,117400,55044,62356
v7_p09,92,Tucumán,Cruz Alta,San Andrés,,1564,848,716
v7_p09,114,Catamarca,Fray Mamerto Esquiú,San Antonio,,1312,662,650
v7_p09,356,Catamarca,Paclín,San Antonio,,242,120,122
v7_p09,253,Jujuy,San Antonio,San Antonio,,517,280,237
v7_p09,98,Catamarca,La Paz,San Antonio de la Paz,,1489,763,726
v7_p09,104,Salta,Los Andes,San Antonio de los Cobres,,1439,765,674
v7_p09,347,La Rioja,San Blas de los Sauces,San Blas de los Sauces,,259,121,138
v7_p09,210,Salta,San Carlos,San Carlos,,623,271,352
v7_p09,374,Catamarca,Belén,San Fernando,,204,102,102
v7_p09,124,Tucumán,Famaillá,San Gabriel,,1184,640,544
v7_p09,371,Tucumán,Graneros,San Ignacio,,207,123,84
v7_p09,61,Catamarca,Valle Viejo,San Isidro,,2271,1114,1157
v7_p09,268,Catamarca,Santa María,San José,,472,221,251
v7_p09,266,Catamarca,Tinogasta,San José,,477,218,259
v7_p09,407,Tucumán,Graneros,San José,,138,68,70
v7_p09,255,Salta,Cachi,San José de Escalchi,,508,251,257
v7_p09,140,Catamarca,Fray Mamerto Esquiú,San José de Fray Mamerto Esquiú,,1053,504,549
v7_p09,126,Jujuy,El Carmen,San Juancito,,1170,663,507
v7_p09,147,Salta,Capital,San Lorenzo,,978,530,448
v7_p09,351,Salta,Rosario de la Frontera,San Lorenzo,,250,145,105
v7_p09,373,Catamarca,Capayán,San Martín,,207,104,103
v7_p09,90,Tucumán,Cruz Alta,San Miguel,,1574,856,718
v7_p09,1,Tucumán,Capital,San Miguel de Tucumán,,271546,127683,143863
v7_p09,99,Tucumán,Famaillá,San Pablo,,1481,771,710
v7_p09,340,Catamarca,Capayán,San Pedro,,269,126,143
v7_p09,9,Jujuy,San Pedro,San Pedro,,15354,7505,7849
v7_p09,357,La Rioja,Castro Barros,San Pedro,,235,122,113
v7_p09,162,Tucumán,Trancas,San Pedro de Colalao,,853,456,397
v7_p09,185,Tucumán,Famaillá,San Rafael,,722,365,357
v7_p09,11,Salta,Orán,San Ramón de la Nueva Orán,,14286,7190,7096
v7_p09,4,Jujuy,Capital,San Salvador de Jujuy,,44188,21344,22844
v7_p09,327,La Rioja,General San Martín,San Solano,,314,160,154
v7_p09,322,Jujuy,Valle Grande,Santa Ana,,322,148,174
v7_p09,320,Jujuy,Santa Catalina,Santa Catalina,,331,136,195
v7_p09,93,Jujuy,Santa Bárbara,Santa Clara,,1535,1021,514
v7_p10,196,La Rioja,General Lavalle,Santa Clara,,684,339,345
v7_p10,142,Tucumán,Chicligasta,Santa Cruz,,1012,540,472
v7_p10,70,Tucumán,Monteros,Santa Lucía,,1972,1070,902
v7_p10,53,Catamarca,Santa María,Santa María,,2826,1235,1591
v7_p10,424,Salta,Rivadavia,Santa María,,105,58,47
v7_p10,205,La Rioja,General Ocampo,Santa Rita de Catuna,,641,322,319
v7_p10,143,Catamarca,Tinogasta,Santa Rosa,,1006,476,530
v7_p10,128,Catamarca,Valle Viejo,Santa Rosa,,1149,568,581
v7_p10,66,Tucumán,Leales,Santa Rosa de Leales,,2133,1117,1016
v7_p10,388,Salta,Rosario de Lerma,Santa Rosa de Tastil,,180,90,90
v7_p10,413,Salta,Rivadavia,Santa Victoria,,126,65,61
v7_p10,393,Salta,Santa Victoria,Santa Victoria,,165,88,77
v7_p10,95,La Rioja,Chilecito,Sañogasta,,1508,733,775
v7_p10,333,Salta,Orán,Saucelito,,287,168,119
v7_p10,172,Catamarca,Pomán,Saujil,,786,390,396
v7_p10,319,La Rioja,San Blas de los Sauces,Schaqui,,335,173,162
v7_p10,156,Salta,Molinos,Seclantas,,908,470,438
v7_p10,277,Jujuy,Humahuaca,Senador Péres,,450,204,246
v7_p10,325,Jujuy,Susques,Sey,,318,160,158
v7_p10,236,Tucumán,Burruyacú,Siete de Abril,,565,291,274
v7_p10,175,Catamarca,Pomán,Siján,,780,406,374
v7_p10,48,Tucumán,Monteros,Simoca,,3101,1487,1614
v7_p10,329,La Rioja,Rivadavia,Solca,,309,160,149
v7_p10,219,Catamarca,Valle Viejo,Sumalao,,604,307,297
v7_p10,243,Jujuy,Susques,Susques,,537,254,283
v7_p10,15,Salta,Orán,Tabacal,,11346,6409,4937
v7_p10,245,Tucumán,Graneros,Taco Ralo,,530,245,285
v7_p10,207,Tucumán,Tafí,Tafí del Valle,,640,289,351
v7_p10,6,Tucumán,Tafí,Tafí Viejo,,21197,10310,10887
v7_p10,136,Salta,Candelaria,Tala,,1099,536,563
v7_p10,330,Salta,La Viña,Tala Pampa,,304,164,140
v7_p10,290,La Rioja,Vélez Sarsfield,Tama,,411,192,219
v7_p10,255,Tucumán,Trancas,Tapia,,399,213,186
v7_p10,7,Salta,Gral. J. de San Martín,Tartagal,,16740,8557,8183
v7_p10,271,Tucumán,Burruyacú,Taruca Pampa,,470,254,216
v7_p10,419,Catamarca,Capayán,Telaritos,,113,67,46
v7_p10,381,Jujuy,Capital,Termas de Reyes,,196,111,85
v7_p10,85,Jujuy,Tilcara,Tilcara,,1675,860,815
v7_p10,42,Catamarca,Tinogasta,Tinogasta,,3557,1619,1938
v7_p11,301,Salta,Los Andes,Tolar Grande,,379,239,140
v7_p11,250,Salta,Anta,Toloche,,521,278,243
v7_p11,264,Salta,Cafayate,Tolombón,,480,234,246
v7_p11,129,Tucumán,Trancas,Trancas,,1135,577,558
v7_p11,274,Jujuy,Humahuaca,Tres Cruces,,462,220,242
v7_p11,403,La Rioja,Vélez Sarsfield,Tuisón,,148,83,65
v7_p11,283,Jujuy,Tumbaya,Tumbaya,,435,279,156
v7_p11,282,La Rioja,General San Martín,Ulapes,,438,219,219
v7_p11,54,Salta,Orán,Urundel,,2823,1580,1243
v7_p11,369,Jujuy,Valle Grande,Valle Grande,,211,107,104
v7_p11,170,Salta,Caldera,Vaqueros,,802,470,332
v7_p11,361,Jujuy,Ledesma,Veintitrés de Agosto,,228,136,92
v7_p11,24,Salta,Gral. J. de San Martín,Vespucio,,6809,3364,3445
v7_p11,133,La Rioja,Chilecito,Vichigasta,,1104,566,538
v7_p11,427,Catamarca,El Alto,Vilisman,,93,40,53
v7_p11,20,Tucumán,Río Chico,Villa Alberdi,,7266,3551,3715
v7_p11,145,Tucumán,Río Chico,Villa Belgrano,,1000,518,482
v7_p11,113,La Rioja,Sanagasta,Villa Bustos,,1314,635,679
v7_p11,224,La Rioja,General Lamadrid,Villa Castelli,,597,321,276
v7_p11,395,La Rioja,General Roca,Villa Chepes,,162,89,73
v7_p11,160,Tucumán,Río Chico,Villa Clodomiro Hileret,,875,461,414
v7_p11,108,Catamarca,Valle Viejo,Villa Dolores,,1355,600,755
v7_p11,244,Catamarca,El Alto,Villa El Alto,,530,286,244
v7_p11,150,La Rioja,Arauco,Villa Mazán,,951,517,434
v7_p11,138,Tucumán,Chicligasta,Villa Nva. de Monte Rico,,1092,526,566
v7_p11,41,Tucumán,Monteros,Villa Quinteros,,3723,1994,1729
v7_p11,81,La Rioja,General Lavalle,Villa Unión,,1696,844,852
v7_p11,297,La Rioja,General Sarmiento,Vinchina,,395,193,202
v7_p11,230,Tucumán,Trancas,Vipos,,584,292,292
v7_p11,112,Jujuy,Tumbaya,Volcán,,1319,685,634
v7_p11,214,Jujuy,Capital,Yala,,613,327,286
v7_p11,270,Jujuy,Yaví,Yaví,,472,197,275
v7_p11,33,Tucumán,Tafí,Yerba Buena,,4519,2274,2245
v7_p11,417,Jujuy,Santa Catalina,Yoscaba,,116,42,74
v7_p11,239,Salta,Orán,Yuchán,,562,321,241
v7_p11,276,Jujuy,Ledesma,Yuto,,451,234,217
v8_p01,200,Mendoza,Malargüe,Agua Escondida,,29,19,10
v8_p01,22,San Juan,Albardón,Albardón,,6985,3466,3519
v8_p01,47,Mendoza,Las Heras,Algarrobal,,2093,1082,1011
v8_p01,92,San Juan,Veinticinco de Mayo,Algarrobo Verde,,1279,665,614
v8_p01,44,San Juan,Santa Lucía,Alto de Sierra,,2468,1252,1216
v8_p01,192,San Luis,La Capital,Alto Pelado,,120,66,54
v8_p01,165,San Luis,La Capital,Alto Pencoso,,338,175,163
v8_p01,117,San Luis,Gobernador Dupuy,Anchorena,,862,436,426
v8_p01,100,Mendoza,Rivadavia,Andrade,,1191,645,546
v8_p01,169,San Juan,Iglesia,Angualasto,,312,186,126
v8_p01,101,San Luis,Gobernador Dupuy,Arizona,,1167,639,528
v8_p01,167,San Juan,Valle Fértil,Astica,,321,162,159
v8_p01,168,San Luis,Gobernador Dupuy,Bagual,,317,190,127
v8_p01,141,San Luis,La Capital,Balde,,521,281,240
v8_p01,75,San Juan,Calingasta,Barreal,,1790,967,823
v8_p01,148,San Luis,Gobernador Dupuy,Batavia,,457,258,199
v8_p01,110,San Luis,La Capital,Beazley,,1070,609,461
v8_p01,30,San Juan,Santa Lucía,Bermejito,,4403,2190,2213
v8_p01,138,San Juan,Caucete,Bermejo,,578,306,272
v8_p01,33,Mendoza,General Alvear,Bowen,,4058,2044,2014
v8_p01,104,San Luis,Gobernador Dupuy,Buena Esperanza,,1145,610,535
v8_p01,115,San Juan,Calingasta,Calingasta,,910,475,435
v8_p01,94,San Luis,Ayacucho,Candelaria,,1248,615,633
v8_p01,163,San Juan,Sarmiento,Cañada Honda,,345,185,160
v8_p01,58,Mendoza,San Rafael,Cañada Seca,,1986,1063,923
v8_p01,179,San Juan,Pocito,Carpintería,,219,122,97
v8_p01,53,Mendoza,Luján,Carrodilla,,2000,976,1024
v8_p01,13,San Juan,Caucete,Caucete,,11950,5864,6086
v8_p01,161,San Juan,Sarmiento,Cienegüita,,354,203,151
v8_p01,89,San Juan,Sarmiento,Cochagual,,1335,748,587
v8_p01,37,Mendoza,General Alvear,Colonia Alvear Oeste,,3665,1833,1832
v8_p01,74,San Luis,Chacabuco,Concarán,,1844,901,943
v8_p01,54,Mendoza,Maipú,Coquimbito,,1998,1023,975
v8_p01,50,Mendoza,Lavalle,Costa del Araujo,,2003,1039,964
v8_p01,67,Mendoza,San Rafael,Cuadro Nacional,,1879,917,962
v8_p01,63,Mendoza,Maipú,Cruz de Piedra,,1948,999,949
v8_p01,32,Mendoza,Luján,Chacras de Coria,,4109,2068,2041
v8_p01,78,Mendoza,San Carlos,Chilecito,,1584,831,753
v8_p01,15,San Juan,Chimbas,Chimbas,,11398,5854,5544
v8_p01,197,San Luis,La Capital,Chosmes,,90,52,38
v8_p01,191,San Juan,Valle Fértil,Chucuma,,129,63,66
v8_p02,109,San Juan,Veinticinco de Mayo,Divisoria,,1090,569,521
v8_p02,151,San Luis,Gobernador Dupuy,Dixonville,,441,242,199
v8_p02,154,San Luis,La Capital,El Chorrillo,,432,250,182
v8_p02,196,San Luis,Belgrano,El Gigante,,100,59,41
v8_p02,108,Mendoza,San Rafael,El Nihuil,,1103,660,443
v8_p02,48,Mendoza,Las Heras,El Resguardo,,2012,1018,994
v8_p02,153,San Luis,La Capital,El Volcán,,432,231,201
v8_p02,155,San Luis,Coronel Pringles,Embalse La Florida,,417,223,194
v8_p02,65,Mendoza,San Carlos,Eugenio Bustos,,1906,963,943
v8_p02,130,San Luis,Gobernador Dupuy,Fortuna,,709,405,304
v8_p02,135,San Luis,Coronel Pringles,Fraga,,618,337,281
v8_p02,55,Mendoza,Maipú,Fray Luis Beltrán,,1996,1013,983
v8_p02,12,Mendoza,General Alvear,General Alvear,,12325,5910,6415
v8_p02,16,Mendoza,Maipú,General Gutierrez,,10126,4952,5174
v8_p02,4,Mendoza,Godoy Cruz,Godoy Cruz,,80024,38037,41987
v8_p02,73,Mendoza,San Rafael,Goudge,,1852,994,858
v8_p02,174,San Juan,Sarmiento,Guanacache,,240,127,113
v8_p02,3,Mendoza,Guaymallén,Guaymallén,,85718,41403,44315
v8_p02,143,San Luis,Belgrano,Hipólito Irigoyen,,481,241,240
v8_p02,98,San Juan,Jáchal,Huaco,,1217,633,584
v8_p02,139,San Juan,Iglesias,Iglesia,,575,284,291
v8_p02,137,Mendoza,San Rafael,Ingeniero Balloffet,,578,270,308
v8_p02,64,Mendoza,Lavalle,Ingeniero Gustavo André,,1929,1021,908
v8_p02,24,San Juan,Jáchal,Jáchal,,6886,3299,3587
v8_p02,87,Mendoza,San Rafael,Jaime Prats,,1454,744,710
v8_p02,189,San Luis,La Capital,Jarrilla,,138,73,65
v8_p02,56,Mendoza,Lavalle,Jocolí,,1994,1094,900
v8_p02,140,San Luis,General Pedernera,Juan Jorba,,562,336,226
v8_p02,142,San Luis,General Pedernera,Juan Llerena,,488,275,213
v8_p02,26,San Luis,General Pedernera,Justo Daract,,5812,2917,2895
v8_p02,57,San Juan,Rivadavia,La Bebida,,1992,1038,954
v8_p02,194,San Luis,Ayacucho,La Botija,,112,68,44
v8_p02,118,San Juan,Albardón,La Cañada,,858,447,411
v8_p02,156,San Luis,Coronel Pringles,La Carolina,,397,213,184
v8_p02,195,San Juan,Jáchal,La Ciénaga,,101,52,49
v8_p02,34,Mendoza,Junín,La Colonia,,3899,1953,1946
v8_p02,20,Mendoza,San Carlos,La Consulta,,7556,3925,3631
v8_p02,62,Mendoza,Santa Rosa,La Dormida,,1952,1042,910
v8_p02,175,San Luis,Junín,Lafinur,,228,111,117
v8_p02,81,San Juan,Santa Lucía,La Legua,,1551,790,761
v8_p02,85,Mendoza,Luján,La Puntilla,,1491,719,772
v8_p03,36,San Juan,Veinticinco de Mayo,Las Casuarinas,,3691,1890,1801
v8_p03,95,Mendoza,Santa Rosa,Las Catitas,,1246,655,591
v8_p03,121,San Luis,Chacabuco,Las Cortaderas,,794,399,395
v8_p03,185,Mendoza,Las Heras,Las Cuevas,,163,123,40
v8_p03,157,San Luis,San Martín,Las Chacras,,385,192,193
v8_p03,131,San Juan,Iglesias,Las Flores,,670,347,323
v8_p03,7,Mendoza,Las Heras,Las Heras,,36494,17803,18691
v8_p03,71,Mendoza,San Rafael,Las Malvinas,,1858,964,894
v8_p03,45,San Luis,Coronel Pringles,La Toma,,2352,1180,1172
v8_p03,164,San Luis,General Pedernera,Lavaisse,,341,184,157
v8_p03,150,San Luis,Ayacucho,Leandro N. Alem,,455,230,225
v8_p03,88,Mendoza,Rivadavia,Los Arboles,,1356,695,661
v8_p03,129,San Juan,Sarmiento,Los Berros,,723,392,331
v8_p03,59,Mendoza,Rivadavia,Los Campamentos,,1978,1046,932
v8_p03,29,Mendoza,Luján,Luján,,4418,2187,2231
v8_p03,76,San Luis,Ayacucho,Luján,,1616,794,822
v8_p03,10,Mendoza,Maipú,Maipú,,14951,7389,7562
v8_p03,128,San Juan,Caucete,Marayes,,727,383,344
v8_p03,83,San Juan,Rivadavia,Marquesado,,1514,743,771
v8_p03,28,Mendoza,Luján,Mayor Drummond,,4422,2212,2210
v8_p03,102,San Juan,Rawson,Médano de Oro,,1163,608,555
v8_p03,40,San Juan,Sarmiento,Media Agua,,3098,1634,1464
v8_p03,111,Mendoza,Rivadavia,Medrano,,977,519,458
v8_p03,4,Mendoza,Capital,Mendoza,,109122,50871,58251
v8_p03,8,San Luis,General Pedernera,Mercedes,,35449,16764,18685
v8_p03,123,San Luis,Junín,Merlo,,785,377,408
v8_p03,158,San Juan,Jáchal,Mogna,,383,187,196
v8_p03,31,Mendoza,San Rafael,Monte Comán,,4278,2142,2136
v8_p03,193,San Luis,La Capital,Mosmota,,112,66,46
v8_p03,127,San Luis,Chacabuco,Naschel,,770,386,384
v8_p03,178,San Luis,Gobernador Dupuy,Navia,,226,133,93
v8_p03,90,San Juan,Jáchal,Niquivil,,1301,693,608
v8_p03,52,Mendoza,San Martín,Nueva California,,2000,1072,928
v8_p03,125,San Luis,Gobernador Dupuy,Nueva Galia,,781,455,326
v8_p03,126,San Juan,Nueve de Julio,Nueve de Julio,,776,408,368
v8_p03,19,Mendoza,San Martín,Palmira,,9645,4812,4833
v8_p03,82,San Juan,Jáchal,Pampa del Chañar,,1521,820,701
v8_p03,124,San Juan,Jáchal,Pampa Vieja,,782,414,368
v8_p03,172,San Luis,San Martín,Paso Grande,,261,122,139
v8_p03,113,Mendoza,Luján,Perdriel,,951,484,467
v8_p03,112,San Juan,Caucete,Pie de Palo,,975,525,450
v8_p04,122,San Luis,Junín,Piedra Blanca,,790,391,399
v8_p04,144,Mendoza,Las Heras,Polvaredas,,478,278,200
v8_p04,182,San Luis,San Martín,Potrerillo,,199,115,84
v8_p04,186,San Luis,La Capital,Potrero de los Funes,,151,90,61
v8_p04,184,San Luis,Belgrano,Pozo del Tala,,174,98,76
v8_p04,198,San Juan,Jáchal,Punta del Agua,,85,43,42
v8_p04,176,Mendoza,Las Heras,Punta de Vacas,,227,139,88
v8_p04,39,San Luis,Ayacucho,Quines,,3319,1651,1668
v8_p04,68,Mendoza,San Rafael,Real del Padre,,1877,951,926
v8_p04,171,San Luis,Chacabuco,Renca,,298,154,144
v8_p04,180,San Juan,Sarmiento,Retamito,,209,122,87
v8_p04,105,San Juan,Pocito,Rinconada,,1143,565,578
v8_p04,152,San Luis,Junín,Rincón del Este,,435,198,237
v8_p04,11,Mendoza,Rivadavia,Rivadavia,,14358,6934,7424
v8_p04,17,San Juan,Rivadavia,Rivadavia,,9896,4729,5167
v8_p04,119,San Juan,Iglesias,Rodeo,,832,404,428
v8_p04,23,Mendoza,Guaymallén,Rodeo de la Cruz,,6955,3481,3474
v8_p04,69,Mendoza,Maipú,Rodeo del Medio,,1965,1073,892
v8_p04,97,Mendoza,San Rafael,Rodolfo Iselin (La Llave),,1228,650,578
v8_p04,51,Mendoza,Maipú,Russell,,2002,1019,983
v8_p04,173,San Luis,Coronel Pringles,Saladillo,,250,123,127
v8_p04,181,San Luis,Belgrano,San Antonio,,201,125,76
v8_p04,69,San Luis,Ayacucho,San Francisco,,1864,876,988
v8_p04,66,San Juan,San Martín,San Isidro,,1881,1012,869
v8_p04,190,San Luis,La Capital,San Jerónimo,,137,71,66
v8_p04,103,Mendoza,San Rafael,Salto de las Rosas,,1158,591,567
v8_p04,183,San Luis,General Pedernera,San José del Morro,,194,98,96
v8_p04,2,San Juan,Capital,San Juan,,106564,49643,56921
v8_p04,6,San Luis,La Capital,San Luis,,40420,19128,21292
v8_p04,9,Mendoza,San Martín,San Martín,,20466,9842,10624
v8_p04,84,San Juan,San Martín,San Martín,,1494,775,719
v8_p04,159,San Luis,San Martín,San Martín,,382,203,179
v8_p04,147,San Luis,Chacabuco,San Pablo,,458,230,228
v8_p04,5,Mendoza,San Rafael,San Rafael,,46599,22267,24332
v8_p04,93,Mendoza,Maipú,San Roque,,1249,670,579
v8_p04,146,San Juan,Jáchal,San Roque,,465,267,198
v8_p04,14,San Juan,Santa Lucía,Santa Lucía,,11659,5640,6019
v8_p04,70,Mendoza,Rivadavia,Santa María de Oro,,1860,959,901
v8_p04,42,San Luis,Junín,Santa Rosa,,2880,1296,1584
v8_p04,199,San Juan,Ullún,Talacasto,,50,26,24
v8_p04,177,San Luis,Junín,Talita,,226,110,116
v8_p05,106,San Juan,Calingasta,Tamberías,,1129,602,527
v8_p05,72,San Luis,Chacabuco,Tilisarao,,1856,891,965
v8_p05,145,San Luis,Coronel Pringles,Trapiche,,466,242,224
v8_p05,79,Mendoza,Lavalle,Tres de Mayo,,1574,856,718
v8_p05,188,San Juan,Jáchal,Tucunuco,,138,89,49
v8_p05,132,San Juan,Iglesias,Tudcum,,638,319,319
v8_p05,18,Mendoza,Tunuyán,Tunuyán,,9781,4886,4895
v8_p05,41,San Juan,Ullún,Ullún,,2896,1510,1386
v8_p05,133,San Luis,Gobernador Dupuy,Unión,,630,311,319
v8_p05,38,Mendoza,Las Heras,Uspallata,,3525,2521,1004
v8_p05,160,San Luis,La Capital,Varela,,367,224,143
v8_p05,80,San Juan,Pocito,Villa Aberastain,,1569,766,803
v8_p05,25,Mendoza,San Rafael,Villa Atuel,,6072,3095,2977
v8_p05,170,San Luis,Belgrano,Villa de la Quebrada,,304,148,156
v8_p05,134,San Luis,Chacabuco,Villa del Carmen,,625,315,310
v8_p05,77,San Juan,Angaco,Villa del Salvador,,1592,851,741
v8_p05,166,San Luis,Belgrano,Villa General Roca,,325,160,165
v8_p05,96,San Juan,Caucete,Villa Independencia,,1232,665,567
v8_p05,60,Mendoza,Junín,Villa Junín,,1972,1022,950
v8_p05,21,San Juan,Rawson,Villa Krause,,7311,3570,3741
v8_p05,43,Mendoza,La Paz,Villa La Paz,,2502,1281,1221
v8_p05,149,San Luis,Chacabuco,Villa Larca,,456,240,216
v8_p05,27,Mendoza,Malargüe,Villa Malargüe,,4523,2312,2211
v8_p05,114,San Juan,Jáchal,Villa Mercedes,,928,477,451
v8_p05,162,San Luis,San Martín,Villa Praga,,345,179,166
v8_p05,116,San Luis,General Pedernera,Villa Reynolds,,865,741,124
v8_p05,91,San Juan,Valle Fértil,Villa San Agustín,,1293,611,682
v8_p05,120,Mendoza,San Carlos,Villa San Carlos,,809,421,388
v8_p05,136,Mendoza,Santa Rosa,Villa Santa Rosa,,607,284,323
v8_p05,99,San Juan,Veinticinco de Mayo,Villa Santa Rosa,,1205,620,585
v8_p05,49,Mendoza,Lavalle,Villa Tulumaya,,2004,1010,994
v8_p05,35,Mendoza,Tupungato,Villa Tupungato,,3716,1872,1844
v8_p05,86,Mendoza,San Rafael,Villa 25 de Mayo,,1460,858,602
v8_p05,107,Mendoza,Tunuyán,Vista Flores,,1126,602,524
v8_p05,187,San Luis,La Capital,Zanjitas,,150,78,72
v8_p05,46,San Juan,Venticinco de Mayo,Zonda,,2183,1250,933
v9_1_2_p01,127,Río Negro,Valcheta,Aguada Cecilio,,298,178,120
v9_1_2_p01,145,Río Negro,25 de Mayo,Aguada de Guerra,,153,77,76
v9_1_2_p01,131,Chubut,Río Senguerr,Aldea Apeleg,,277,178,99
v9_1_2_p01,51,Río Negro,General Roca,Alejandro Stefanelli,,1346,818,528
v9_1_2_p01,8,Río Negro,General Roca,Allen,,11389,6032,5357
v9_1_2_p01,62,Chubut,Río Senguerr,Alto Río Senguerr,,1110,562,548
v9_1_2_p01,82,Neuquén,Aluminé,Aluminé,,744,368,376
v9_1_2_p01,95,Neuquén,Minas,Andacollo,,587,289,298
v9_1_2_p01,160,Neuquén,Añelo,Añelo,,46,19,27
v9_1_2_p01,68,Chubut,Escalante,Astra,,1019,587,432
v9_1_2_p01,143,Neuquén,Añelo,Auca Mahuída,,167,116,51
v9_1_2_p01,153,Santa Cruz,Deseado,Bahía Laura,,115,76,39
v9_1_2_p01,99,Neuquén,Picunches,Bajada del Agrio,,560,289,271
v9_1_2_p01,65,Río Negro,General Roca,Barda del Medio,,1073,560,513
v9_1_2_p01,5,Río Negro,Bariloche,Bariloche,,15995,7876,8119
v9_1_2_p01,157,Chubut,Escalante,Barrio Laprida y Manantial Rosales,,81,66,15
v9_1_2_p01,158,Río Negro,Avellaneda,Benjamín Zorrilla,,73,47,26
v9_1_2_p01,123,Chubut,Sarmiento,Buen Pasto,,332,192,140
v9_1_2_p01,101,Neuquén,Pehuenches,Buta Ranquil,,527,249,278
v9_1_2_p01,25,Santa Cruz,Deseado,Caleta Olivia,,3639,2112,1527
v9_1_2_p01,103,Chubut,Florentino Ameghino,Camarones,,501,305,196
v9_1_2_p01,42,Santa Cruz,Deseado,Cañadón Seco,,1700,1617,83
v9_1_2_p01,19,Neuquén,Confluencia,Centenario,,4922,2691,2231
v9_1_2_p01,116,Chubut,Río Senguerr,Centro Río Mayo,,376,221,155
v9_1_2_p01,89,Río Negro,General Roca,Cervantes,,703,354,349
v9_1_2_p01,11,Río Negro,General Roca,Cinco Saltos,,10196,5306,4890
v9_1_2_p01,3,Río Negro,General Roca,Cipolletti,,19862,10312,9550
v9_1_2_p01,137,Río Negro,25 de Mayo,Clemente Onelli,,227,123,104
v9_1_2_p01,125,Chubut,Languiñeo,Colan-Conhué,,306,177,129
v9_1_2_p01,88,Río Negro,General Roca,Colonia Catriel,,707,432,275
v9_1_2_p01,38,Santa Cruz,Deseado,Colonia Las Heras,,1880,1022,858
v9_1_2_p01,74,Río Negro,Pilcaniyeu,Comallo,,901,457,444
v9_1_2_p01,50,Santa Cruz,Corpen Aike,Comandante Luis Piedrabuena,,1441,768,673
v9_1_2_p01,1,Chubut,Escalante,Comodoro Rivadavia,,35966,18747,17219
v9_1_2_p01,106,Río Negro,9 de Julio,Cona Niyeo,,446,243,203
v9_1_2_p01,63,Río Negro,General Roca,Contralmirante Cordero,,1106,609,497
v9_1_2_p01,91,Chubut,Futaleufú,El Corcovado,,641,345,296
v9_1_2_p01,76,Río Negro,Avellaneda,Coronel Belisle,,827,471,356
v9_1_2_p02,120,Río Negro,Pichi-Mahuida,Coronel Eugenio del Busto,,363,186,177
v9_1_2_p02,58,Río Negro,General Roca,Coronel Gómez,,1161,672,489
v9_1_2_p02,155,Río Negro,Adolfo Alsina,Cubanea,,99,64,35
v9_1_2_p02,10,Neuquén,Confluencia,Cutral-Có,,11292,5684,5608
v9_1_2_p02,129,Neuquén,Confluencia,Challacó,,287,178,109
v9_1_2_p02,115,Río Negro,Avellaneda,Chelforo,,384,206,178
v9_1_2_p02,37,Río Negro,General Roca,Chichinales,,1962,1076,886
v9_1_2_p02,64,Río Negro,Avellaneda,Chimpay,,1103,617,486
v9_1_2_p02,30,Río Negro,Avellaneda,Choele-Choel,,3079,1583,1496
v9_1_2_p02,49,Chubut,Cushamen,Cholita,,1458,731,727
v9_1_2_p02,31,Neuquén,Chos-Malal,Chos-Malal,,2874,1334,1540
v9_1_2_p02,83,Río Negro,Avellaneda,Darwin,,737,402,335
v9_1_2_p02,28,Santa Cruz,Deseado,Deseado,,3120,1645,1475
v9_1_2_p02,60,Chubut,Escalante,Diadema Argentina,,1139,630,509
v9_1_2_p02,59,Chubut,Gaiman,Dique Florentino Ameghino,,1160,707,453
v9_1_2_p02,53,Chubut,Gaiman,Dolavon,,1277,680,597
v9_1_2_p02,34,Río Negro,Bariloche,El Bolsón,,2607,1280,1327
v9_1_2_p02,98,Santa Cruz,Lago Argentino,El Calafate,,567,305,262
v9_1_2_p02,121,Río Negro,El Cuy,El Cuy,,355,213,142
v9_1_2_p02,90,Neuquén,Norquín,El Cholar,,672,337,335
v9_1_2_p02,126,Neuquén,Norquín,El Huecu,,298,136,162
v9_1_2_p02,35,Chubut,Cushamen,El Maitén,,2382,1171,1211
v9_1_2_p02,141,Chubut,Cushamen,El Mayoco,,178,98,80
v9_1_2_p02,94,Santa Cruz,Güer Aike,El Turbio,,593,470,123
v9_1_2_p02,70,Chubut,Cushamen,Epuyén,,957,501,456
v9_1_2_p02,12,Chubut,Futaleufú,Esquel,,9900,4879,5021
v9_1_2_p02,108,Chubut,Río Senguer,Facundo,,430,238,192
v9_1_2_p02,156,Santa Cruz,Deseado,Fitz Roy,,98,50,48
v9_1_2_p02,52,Chubut,Gaiman,Gaiman,,1286,646,640
v9_1_2_p02,130,Chubut,Telsen,Gan Gan,,281,131,150
v9_1_2_p02,159,Chubut,Gastre,Gastre,,67,34,33
v9_1_2_p02,78,Chubut,Tehuelches,Gobernador Costa,,803,383,420
v9_1_2_p02,79,Santa Cruz,Río Chico,Gobernador Gregores,,772,404,368
v9_1_2_p02,85,Río Negro,General Conesa,General Conesa,,716,343,373
v9_1_2_p02,36,Río Negro,General Roca,General Fernández Oro,,2079,1161,918
v9_1_2_p02,46,Río Negro,General Roca,General E. Godoy,,1591,928,663
v9_1_2_p02,128,Río Negro,Adolfo Alsina,General Lorenzo Vintter,,290,165,125
v9_1_2_p02,2,Río Negro,General Roca,General Roca,,21969,11218,10751
v9_1_2_p03,80,Río Negro,Adolfo Alsina,Guardia Mitre,,746,366,380
v9_1_2_p03,113,Chubut,Cushamen,Gualjaina,,389,205,184
v9_1_2_p03,29,Río Negro,General Roca,Ingeniero Huergo,,3083,1657,1426
v9_1_2_p03,33,Río Negro,25 de Mayo,Ingeniero Jacobacci,,2656,1332,1324
v9_1_2_p03,107,Santa Cruz,Deseado,Jaramillo,,437,264,173
v9_1_2_p03,61,Chubut,Tehuelches,José de San Martín,,1143,588,555
v9_1_2_p03,142,Río Negro,Pichi-Mahuida,Juan de Garay,,174,102,72
v9_1_2_p03,56,Neuquén,Huiliches,Junín de los Andes,,1183,552,631
v9_1_2_p03,32,Chubut,Escalante,Kilómetro 8 (Petroquímica),,2783,1545,1238
v9_1_2_p03,135,Chubut,Río Senguerr,Lago Blanco,,244,148,96
v9_1_2_p03,96,Chubut,Futaleufú,Lago Futalaufquen,,578,285,293
v9_1_2_p03,117,Río Negro,Bariloche,Llao-Llao,,376,215,161
v9_1_2_p03,55,Río Negro,Avellaneda,Lamarque,,1207,586,621
v9_1_2_p03,69,Neuquén,Catán-Lil,Las Coloradas,,975,503,472
v9_1_2_p03,40,Neuquén,Picunches,Las Lajas,,1805,1039,766
v9_1_2_p03,122,Neuquén,Minas,Las Ovejas,,341,161,180
v9_1_2_p03,139,Chubut,Mártires,Las Plumas,,182,93,89
v9_1_2_p03,111,Chubut,Cushamen,Leleque,,401,248,153
v9_1_2_p03,75,Neuquén,Loncopué,Loncopué,,856,405,451
v9_1_2_p03,86,Santa Cruz,Lago Buenos Aires,Los Antiguos,,709,392,317
v9_1_2_p03,41,Río Negro,25 de Mayo,Los Menucos,,1749,915,834
v9_1_2_p03,67,Río Negro,Avellaneda,Luis Beltrán,,1058,529,529
v9_1_2_p03,148,Río Negro,General Roca,Mainque,,126,61,65
v9_1_2_p03,109,Chubut,Escalante,Manantiales Behr,,426,303,123
v9_1_2_p03,152,Río Negro,San Antonio,Mancha Blanca,,116,70,46
v9_1_2_p03,39,Río Negro,25 de Mayo,Maquinchao,,1851,951,900
v9_1_2_p03,97,Neuquén,Zapala,Mariano Moreno,,568,283,285
v9_1_2_p03,138,Río Negro,El Cuy,Mencué,,208,103,105
v9_1_2_p03,87,Río Negro,9 de Julio,Ministro Ramos Mejía,,708,367,341
v9_1_2_p03,4,Neuquén,Confluencia,Neuquén,,16738,8306,8432
v9_1_2_p03,93,Río Negro,Norquincó,Norquincó,,602,299,303
v9_1_2_p03,133,Chubut,Escalante,Pampa del Castillo,,272,231,41
v9_1_2_p03,66,Chubut,Paso de Indios,Paso de Indios,,1067,593,474
v9_1_2_p03,47,Santa Cruz,Lago Buenos Aires,Perito Moreno,,1587,837,750
v9_1_2_p03,48,Santa Cruz,Deseado,Pico Truncado,,1527,1268,259
v9_1_2_p03,104,Neuquén,Picún-Leufú,Picún-Leufú,,495,261,234
v9_1_2_p03,151,Río Negro,Pichi-Mahuída,Pichi-Mahuída,,123,66,57
v9_1_2_p03,144,Neuquén,Collón-Curá,Piedra del Aguila,,155,75,80
v9_1_2_p03,112,Río Negro,Pilcaniyeu,Pilcaniyeu,,395,201,194
v9_1_2_p04,154,Río Negro,General Conesa,Planta Compresora Conesa,,101,47,54
v9_1_2_p04,54,Río Negro,Bariloche,Playa Bonita,,1249,786,463
v9_1_2_p04,20,Neuquén,Confluencia,Plaza Huincul,,4906,2556,2350
v9_1_2_p04,72,Neuquén,Confluencia,Plottier,,934,492,442
v9_1_2_p04,92,Río Negro,Avellaneda,Pomona,,607,326,281
v9_1_2_p04,134,Santa Cruz,Güer Aike,Puerto Coyle,,251,176,75
v9_1_2_p04,140,Chubut,Biedma,Puerto Lobos,,178,116,62
v9_1_2_p04,16,Chubut,Chubut,Puerto Madryn,,5586,2787,2799
v9_1_2_p04,110,Chubut,Biedma,Puerto Pirámides,,425,286,139
v9_1_2_p04,146,Neuquén,Picunches,Quili Malal,,136,72,64
v9_1_2_p04,22,Chubut,Rawson,Rawson,,4109,2204,1905
v9_1_2_p04,15,Río Negro,Pichi-Mahuída,Río Colorado,,5892,3077,2815
v9_1_2_p04,84,Río Negro,Norquincó,Río Chico,,719,372,347
v9_1_2_p04,6,Santa Cruz,Güer Aike,Río Gallegos,,14439,8471,5968
v9_1_2_p04,23,Tierra del Fuego,San Sebastián,Río Grande,,3666,2359,1307
v9_1_2_p04,71,Chubut,Río Senguerr,Río Mayo,,937,460,477
v9_1_2_p04,73,Chubut,Tehuelches,Río Pico,,915,462,453
v9_1_2_p04,149,Río Negro,Bariloche,Río Villegas,,125,88,37
v9_1_2_p04,17,Río Negro,San Antonio,San Antonio Oeste,,5278,2686,2592
v9_1_2_p04,119,Río Negro,Adolfo Alsina,San Javier,,370,221,149
v9_1_2_p04,24,Santa Cruz,Magallanes,San Julián,,3649,1967,1682
v9_1_2_p04,21,Neuquén,Lácar,San Martín de los Andes,,4567,2557,2010
v9_1_2_p04,132,Río Negro,Bariloche,San Pedro,,274,159,115
v9_1_2_p04,57,Santa Cruz,Corpen-Aike,Santa Cruz,,1178,608,570
v9_1_2_p04,18,Chubut,Sarmiento,Sarmiento,,4922,3102,1820
v9_1_2_p04,114,Neuquén,Confluencia,Senillosa,,389,224,165
v9_1_2_p04,100,Río Negro,9 de Julio,Sierra Colorada,,541,258,283
v9_1_2_p04,102,Río Negro,San Antonio,Sierra Grande,,512,284,228
v9_1_2_p04,81,Chubut,Languiñeo,Tecka,,745,430,315
v9_1_2_p04,150,Santa Cruz,Deseado,Tellier,,123,64,59
v9_1_2_p04,105,Chubut,Telsen,Telsen,,490,294,196
v9_1_2_p04,7,Chubut,Rawson,Trelew,,11852,5747,6105
v9_1_2_p04,136,Santa Cruz,Lago Argentino,Tres Lagos,,227,161,66
v9_1_2_p04,44,Chubut,Futaleufú,Trevelín,,1642,829,813
v9_1_2_p04,118,Neuquén,Chos-Malal,Tricao Malal,,370,195,175
v9_1_2_p04,27,Tierra del Fuego,Ushuaia,Ushuaia,,3398,2179,1219
v9_1_2_p04,43,Río Negro,Valcheta,Valcheta,,1697,778,919
v9_1_2_p04,14,Río Negro,Adolfo Alsina,Viedma,,7253,3585,3668
v9_1_2_p04,77,Neuquén,Los Lagos,Villa La Angostura,,804,431,373
v9_1_2_p05,124,Río Negro,Pilcaniyeu,Villa Llanquín,,324,153,171
v9_1_2_p05,9,Río Negro,General Roca,Villa Regina,,11360,5954,5406
v9_1_2_p05,45,Neuquén,Confluencia,Vista Alegre,,1606,874,732
v9_1_2_p05,26,Santa Cruz,Güer Aike,Yacimiento Río Turbio,,3506,2796,710
v9_1_2_p05,147,Chubut,Escalante,Yacimiento Petrolífero Solano,,127,73,54
v9_1_2_p05,13,Neuquén,Zapala,Zapala,,7497,4150,3347
